ticker,S,T,K,pdf,cdf
NVDA,201.67999267578125,0.16712328767123288,147.69151331675255,0.002303641319491583,0.0
NVDA,201.67999267578125,0.16712328767123288,147.94744997265775,0.002311398975668158,0.0005905789900054712
NVDA,201.67999267578125,0.16712328767123288,148.20338662856295,0.0023264513928124156,0.0011840769469542854
NVDA,201.67999267578125,0.16712328767123288,148.45932328446818,0.0023479539822498577,0.001782252786973723
NVDA,201.67999267578125,0.16712328767123288,148.7152599403734,0.0023748195943269746,0.002386618224866986
NVDA,201.67999267578125,0.16712328767123288,148.9711965962786,0.0024058781937967635,0.00299839612725988
NVDA,201.67999267578125,0.16712328767123288,149.2271332521838,0.0024400193412954805,0.0036185175322552663
NVDA,201.67999267578125,0.16712328767123288,149.483069908089,0.0024762913958662554,0.004247649596985274
NVDA,201.67999267578125,0.16712328767123288,149.73900656399422,0.002513948555743701,0.004886242259675141
NVDA,201.67999267578125,0.16712328767123288,149.99494321989943,0.0025524522785782093,0.005534581103180979
NVDA,201.67999267578125,0.16712328767123288,150.25087987580463,0.0025914425161677078,0.006192836719228702
NVDA,201.67999267578125,0.16712328767123288,150.50681653170983,0.0026306956762885587,0.006861105012054751
NVDA,201.67999267578125,0.16712328767123288,150.76275318761503,0.0026700825130039274,0.0075394367337861265
NVDA,201.67999267578125,0.16712328767123288,151.01868984352024,0.002709533449226237,0.008227857193499844
NVDA,201.67999267578125,0.16712328767123288,151.27462649942547,0.002749013744873506,0.008926378350979229
NVDA,201.67999267578125,0.16712328767123288,151.53056315533067,0.0027885076914747134,0.009635005710190396
NVDA,201.67999267578125,0.16712328767123288,151.78649981123587,0.0028280096521333233,0.010353742043568703
NVDA,201.67999267578125,0.16712328767123288,152.04243646714107,0.002867519204180004,0.01108258934811691
NVDA,201.67999267578125,0.16712328767123288,152.29837312304628,0.002907040329957634,0.011821550076363256
NVDA,201.67999267578125,0.16712328767123288,152.5543097789515,0.002946581676791765,0.01257062829703361
NVDA,201.67999267578125,0.16712328767123288,152.8102464348567,0.002986156503076984,0.013329830882091971
NVDA,201.67999267578125,0.16712328767123288,153.0661830907619,0.0030257839275124,0.014099168846745138
NVDA,201.67999267578125,0.16712328767123288,153.3221197466671,0.0030654898818383907,0.01487865897122923
NVDA,201.67999267578125,0.16712328767123288,153.57805640257232,0.0031053074542765737,0.015668325588466227
NVDA,201.67999267578125,0.16712328767123288,153.83399305847752,0.0031452763702421948,0.01646820234921747
NVDA,201.67999267578125,0.16712328767123288,154.08992971438275,0.003185441518285893,0.01727833373215212
NVDA,201.67999267578125,0.16712328767123288,154.34586637028795,0.003225850656448652,0.018098776071768494
NVDA,201.67999267578125,0.16712328767123288,154.60180302619315,0.003266551653945682,0.018929597939825262
NVDA,201.67999267578125,0.16712328767123288,154.85773968209836,0.0033075897540827807,0.019770879823534628
NVDA,201.67999267578125,0.16712328767123288,155.11367633800356,0.0033490053352957247,0.02062271316697989
NVDA,201.67999267578125,0.16712328767123288,155.3696129939088,0.0033908325023097804,0.021485198945730036
NVDA,201.67999267578125,0.16712328767123288,155.625549649814,0.0034330986159030485,0.022358446000991457
NVDA,201.67999267578125,0.16712328767123288,155.8814863057192,0.003475824649586449,0.023242569359228974
NVDA,201.67999267578125,0.16712328767123288,156.1374229616244,0.0035190261136182825,0.02413768871567426
NVDA,201.67999267578125,0.16712328767123288,156.3933596175296,0.0035627142407779777,0.02504392718782081
NVDA,201.67999267578125,0.16712328767123288,156.64929627343483,0.00360689717113394,0.025961410372273168
NVDA,201.67999267578125,0.16712328767123288,156.90523292934003,0.003651580965078197,0.026890265682844746
NVDA,201.67999267578125,0.16712328767123288,157.16116958524523,0.0036967703721594316,0.02783062191667931
NVDA,201.67999267578125,0.16712328767123288,157.41710624115044,0.0037424693583530287,0.02878260898623155
NVDA,201.67999267578125,0.16712328767123288,157.67304289705564,0.0037886814359957386,0.029746357760943264
NVDA,201.67999267578125,0.16712328767123288,157.92897955296087,0.0038354098530452704,0.030721999975359942
NVDA,201.67999267578125,0.16712328767123288,158.18491620886607,0.0038826576925842494,0.03170966817419939
NVDA,201.67999267578125,0.16712328767123288,158.44085286477127,0.0039304279203448604,0.03270949567623645
NVDA,201.67999267578125,0.16712328767123288,158.69678952067648,0.003978723401392624,0.0337216165464033
NVDA,201.67999267578125,0.16712328767123288,158.95272617658168,0.0040275469097080215,0.0347461655712514
NVDA,201.67999267578125,0.16712328767123288,159.20866283248688,0.004076901131015504,0.035783278236001526
NVDA,201.67999267578125,0.16712328767123288,159.4645994883921,0.004126788659070814,0.03683309070148082
NVDA,201.67999267578125,0.16712328767123288,159.7205361442973,0.0041772119918864125,0.03789573978010113
NVDA,201.67999267578125,0.16712328767123288,159.97647280020252,0.004228173527895914,0.03897136291086468
NVDA,201.67999267578125,0.16712328767123288,160.23240945610772,0.004279675562058491,0.040060098133379206
NVDA,201.67999267578125,0.16712328767123288,160.48834611201292,0.004331720281904333,0.04116208406086911
NVDA,201.67999267578125,0.16712328767123288,160.74428276791815,0.004384309763522337,0.04227745985216712
NVDA,201.67999267578125,0.16712328767123288,161.00021942382335,0.0044374459674913005,0.04340636518267121
NVDA,201.67999267578125,0.16712328767123288,161.25615607972856,0.00449113073475604,0.044548940214254346
NVDA,201.67999267578125,0.16712328767123288,161.51209273563376,0.004545365782449907,0.045705325564110694
NVDA,201.67999267578125,0.16712328767123288,161.76802939153896,0.004600152699665339,0.04687566227252659
NVDA,201.67999267578125,0.16712328767123288,162.02396604744416,0.004655492943174168,0.04806009176956254
NVDA,201.67999267578125,0.16712328767123288,162.2799027033494,0.004711387833099546,0.04925875584063378
NVDA,201.67999267578125,0.16712328767123288,162.5358393592546,0.004767838548541454,0.050471796590976566
NVDA,201.67999267578125,0.16712328767123288,162.7917760151598,0.004824846123157893,0.051699356408990475
NVDA,201.67999267578125,0.16712328767123288,163.047712671065,0.004882411440703991,0.052941577928443125
NVDA,201.67999267578125,0.16712328767123288,163.3036493269702,0.004940535230531351,0.05419860398952868
NVDA,201.67999267578125,0.16712328767123288,163.55958598287543,0.004999218063050153,0.05547057759876981
NVDA,201.67999267578125,0.16712328767123288,163.81552263878064,0.005058460345156608,0.05675764188775301
NVDA,201.67999267578125,0.16712328767123288,164.07145929468584,0.0051182623156285,0.05805994007069103
NVDA,201.67999267578125,0.16712328767123288,164.32739595059104,0.005178624040491723,0.059377615400801685
NVDA,201.67999267578125,0.16712328767123288,164.58333260649624,0.005239545408360818,0.06071081112549822
NVDA,201.67999267578125,0.16712328767123288,164.83926926240144,0.005301026125756665,0.06205967044038402
NVDA,201.67999267578125,0.16712328767123288,165.09520591830668,0.005363065712404637,0.06342433644204665
NVDA,201.67999267578125,0.16712328767123288,165.35114257421188,0.005425663496516664,0.06480495207964569
NVDA,201.67999267578125,0.16712328767123288,165.60707923011708,0.005488818610060752,0.06620166010529299
NVDA,201.67999267578125,0.16712328767123288,165.86301588602228,0.005552529984021737,0.06761460302321953
NVDA,201.67999267578125,0.16712328767123288,166.1189525419275,0.0056167963436570744,0.06904392303772972
NVDA,201.67999267578125,0.16712328767123288,166.37488919783272,0.005681616203751739,0.07048976199994031
NVDA,201.67999267578125,0.16712328767123288,166.63082585373792,0.005746987863876333,0.07195226135330697
NVDA,201.67999267578125,0.16712328767123288,166.88676250964312,0.005812909403652725,0.07343156207793651
NVDA,201.67999267578125,0.16712328767123288,167.14269916554832,0.005879378678031656,0.07492780463368978
NVDA,201.67999267578125,0.16712328767123288,167.39863582145352,0.005946393312586882,0.07644112890207794
NVDA,201.67999267578125,0.16712328767123288,167.65457247735876,0.006013950698830572,0.0779716741269571
NVDA,201.67999267578125,0.16712328767123288,167.91050913326396,0.006082047989554833,0.07951957885402665
NVDA,201.67999267578125,0.16712328767123288,168.16644578916916,0.006150682094204344,0.08108498086914079
NVDA,201.67999267578125,0.16712328767123288,168.42238244507436,0.006219849674285249,0.08266801713543893
NVDA,201.67999267578125,0.16712328767123288,168.67831910097956,0.006289547138815546,0.08426882372930704
NVDA,201.67999267578125,0.16712328767123288,168.9342557568848,0.006359770639822417,0.08588753577518063
NVDA,201.67999267578125,0.16712328767123288,169.19019241279,0.006430516067891979,0.08752428737920122
NVDA,201.67999267578125,0.16712328767123288,169.4461290686952,0.006501779047777136,0.08917921156174298
NVDA,201.67999267578125,0.16712328767123288,169.7020657246004,0.006573554934069302,0.0908524401888217
NVDA,201.67999267578125,0.16712328767123288,169.9580023805056,0.006645838806939874,0.09254410390240572
NVDA,201.67999267578125,0.16712328767123288,170.2139390364108,0.006718625467957485,0.0942543320496466
NVDA,201.67999267578125,0.16712328767123288,170.46987569231604,0.006791909435987134,0.09598325261104984
NVDA,201.67999267578125,0.16712328767123288,170.72581234822124,0.006865684943177412,0.09773099212760637
NVDA,201.67999267578125,0.16712328767123288,170.98174900412644,0.006939945931042181,0.09949767562691106
NVDA,201.67999267578125,0.16712328767123288,171.23768566003164,0.007014686046643071,0.10128342654828934
NVDA,201.67999267578125,0.16712328767123288,171.49362231593688,0.00708989863887934,0.10308836666696171
NVDA,201.67999267578125,0.16712328767123288,171.74955897184208,0.007165576754891659,0.10491261601727203
NVDA,201.67999267578125,0.16712328767123288,172.00549562774728,0.0072417131365865,0.10675629281501291
NVDA,201.67999267578125,0.16712328767123288,172.26143228365248,0.007318300217287834,0.10861951337887575
NVDA,201.67999267578125,0.16712328767123288,172.51736893955768,0.00739533011852295,0.11050239205106215
NVDA,201.67999267578125,0.16712328767123288,172.7733055954629,0.007472794646949225,0.11240504111709028
NVDA,201.67999267578125,0.16712328767123288,173.0292422513681,0.007550685291428744,0.11432757072483396
NVDA,201.67999267578125,0.16712328767123288,173.28517890727332,0.007628993220257668,0.11627008880283271
NVDA,201.67999267578125,0.16712328767123288,173.54111556317852,0.007707709278557328,0.11823270097791255
NVDA,201.67999267578125,0.16712328767123288,173.79705221908372,0.007786823985834014,0.12021551049216267
NVDA,201.67999267578125,0.16712328767123288,174.05298887498893,0.007866327533714395,0.122218618119308
NVDA,201.67999267578125,0.16712328767123288,174.30892553089416,0.007946209783863605,0.12424212208052679
NVDA,201.67999267578125,0.16712328767123288,174.56486218679936,0.008026460266092902,0.1262861179597583
NVDA,201.67999267578125,0.16712328767123288,174.82079884270456,0.008107068176663875,0.1283506986185536
NVDA,201.67999267578125,0.16712328767123288,175.07673549860976,0.00818802237679608,0.13043595411051612
NVDA,201.67999267578125,0.16712328767123288,175.33267215451497,0.008269311391384987,0.13254197159538814
NVDA,201.67999267578125,0.16712328767123288,175.58860881042017,0.008350923407937022,0.13466883525283702
NVDA,201.67999267578125,0.16712328767123288,175.8445454663254,0.00843284627572845,0.1368166261959975
NVDA,201.67999267578125,0.16712328767123288,176.1004821222306,0.008515067505194734,0.13898542238482708
NVDA,201.67999267578125,0.16712328767123288,176.3564187781358,0.008597574267556968,0.14117529853933797
NVDA,201.67999267578125,0.16712328767123288,176.612355434041,0.008680353394691776,0.14338632605276194
NVDA,201.67999267578125,0.16712328767123288,176.8682920899462,0.008763391379251063,0.14561857290471533
NVDA,201.67999267578125,0.16712328767123288,177.12422874585144,0.008846674375037805,0.1478721035744273
NVDA,201.67999267578125,0.16712328767123288,177.38016540175664,0.008930188197643922,0.15014697895409654
NVDA,201.67999267578125,0.16712328767123288,177.63610205766184,0.009013918325356118,0.15244325626244823
NVDA,201.67999267578125,0.16712328767123288,177.89203871356705,0.009097849900335466,0.15476098895855503
NVDA,201.67999267578125,0.16712328767123288,178.14797536947225,0.009181967730076212,0.15710022665599732
NVDA,201.67999267578125,0.16712328767123288,178.40391202537745,0.009266256289149177,0.15946101503743262
NVDA,201.67999267578125,0.16712328767123288,178.65984868128268,0.00935069972123485,0.16184339576964887
NVDA,201.67999267578125,0.16712328767123288,178.91578533718788,0.009435281841451109,0.16424740641917418
NVDA,201.67999267578125,0.16712328767123288,179.1717219930931,0.009519986138980162,0.16667308036852344
NVDA,201.67999267578125,0.16712328767123288,179.4276586489983,0.009604795779999167,0.16912044673315335
NVDA,201.67999267578125,0.16712328767123288,179.68359530490352,0.00968969361091863,0.1715895302792086
NVDA,201.67999267578125,0.16712328767123288,179.93953196080872,0.009774662161932407,0.1740803513421349
NVDA,201.67999267578125,0.16712328767123288,180.19546861671392,0.009859683650882918,0.17659292574624402
NVDA,201.67999267578125,0.16712328767123288,180.45140527261913,0.009944739987444745,0.1791272647253058
NVDA,201.67999267578125,0.16712328767123288,180.70734192852433,0.010029812777629581,0.18168337484425337
NVDA,201.67999267578125,0.16712328767123288,180.96327858442953,0.010114883328615074,0.18426125792208278
NVDA,201.67999267578125,0.16712328767123288,181.21921524033473,0.010199932653899837,0.18686091095603
NVDA,201.67999267578125,0.16712328767123288,181.47515189623996,0.010284941478786454,0.18948232604710966
NVDA,201.67999267578125,0.16712328767123288,181.73108855214517,0.010369890246194002,0.19212549032709775
NVDA,201.67999267578125,0.16712328767123288,181.98702520805037,0.01045475912280123,0.19479038588704725
NVDA,201.67999267578125,0.16712328767123288,182.24296186395557,0.010539528005521024,0.19747698970741548
NVDA,201.67999267578125,0.16712328767123288,182.4988985198608,0.010624176528306602,0.20018527358989258
NVDA,201.67999267578125,0.16712328767123288,182.754835175766,0.010708684069289204,0.20291520409101285
NVDA,201.67999267578125,0.16712328767123288,183.0107718316712,0.010793029758246817,0.20566674245763797
NVDA,201.67999267578125,0.16712328767123288,183.2667084875764,0.010877192484402984,0.20843984456439113
NVDA,201.67999267578125,0.16712328767123288,183.5226451434816,0.01096115090455419,0.21123446085313072
NVDA,201.67999267578125,0.16712328767123288,183.7785817993868,0.011044883451524093,0.21405053627454554
NVDA,201.67999267578125,0.16712328767123288,184.03451845529202,0.011128368342942124,0.2168880102319554
NVDA,201.67999267578125,0.16712328767123288,184.29045511119725,0.011211583590343837,0.21974681652739983
NVDA,201.67999267578125,0.16712328767123288,184.54639176710245,0.01129450700858956,0.2226268833100951
NVDA,201.67999267578125,0.16712328767123288,184.80232842300765,0.011377116225597778,0.2255281330273454
NVDA,201.67999267578125,0.16712328767123288,185.05826507891288,0.01145938869238888,0.22845048237798182
NVDA,201.67999267578125,0.16712328767123288,185.31420173481808,0.011541301693434692,0.23139384226841114
NVDA,201.67999267578125,0.16712328767123288,185.5701383907233,0.011622832357308484,0.23435811777135465
NVDA,201.67999267578125,0.16712328767123288,185.8260750466285,0.011703957667629845,0.23734320808734743
NVDA,201.67999267578125,0.16712328767123288,186.0820117025337,0.011784654474298198,0.24034900650907715
NVDA,201.67999267578125,0.16712328767123288,186.3379483584389,0.011864899505008355,0.24337540038863378
NVDA,201.67999267578125,0.16712328767123288,186.5938850143441,0.011944669377040848,0.2464222711077419
NVDA,201.67999267578125,0.16712328767123288,186.84982167024933,0.012023940609319486,0.24948949405104479
NVDA,201.67999267578125,0.16712328767123288,187.10575832615453,0.012102689634727963,0.2525769385825062
NVDA,201.67999267578125,0.16712328767123288,187.36169498205973,0.012180892812676909,0.2556844680249997
NVDA,201.67999267578125,0.16712328767123288,187.61763163796493,0.012258526441912292,0.2588119396431421
NVDA,201.67999267578125,0.16712328767123288,187.87356829387016,0.012335566773555606,0.2619592046294363
NVDA,201.67999267578125,0.16712328767123288,188.12950494977537,0.012411990024365853,0.26512610809377835
NVDA,201.67999267578125,0.16712328767123288,188.38544160568057,0.0124877723902128,0.268312489056389
NVDA,201.67999267578125,0.16712328767123288,188.64137826158577,0.012562890059750588,0.27151818044421583
NVDA,201.67999267578125,0.16712328767123288,188.89731491749097,0.012637319228280354,0.27474300909086075
NVDA,201.67999267578125,0.16712328767123288,189.15325157339618,0.012711036111790069,0.27798679574007795
NVDA,201.67999267578125,0.16712328767123288,189.40918822930138,0.012784016961159361,0.2812493550528861
NVDA,201.67999267578125,0.16712328767123288,189.6651248852066,0.012856238076516745,0.28453049561833615
NVDA,201.67999267578125,0.16712328767123288,189.9210615411118,0.01292767582173626,0.2878300199679694
NVDA,201.67999267578125,0.16712328767123288,190.176998197017,0.012998306639060146,0.291147724594006
NVDA,201.67999267578125,0.16712328767123288,190.43293485292222,0.013068107063833835,0.29448339997128614
NVDA,201.67999267578125,0.16712328767123288,190.68887150882745,0.01313705373933921,0.2978368305829976
NVDA,201.67999267578125,0.16712328767123288,190.94480816473265,0.013205123431711725,0.30120779495020816
NVDA,201.67999267578125,0.16712328767123288,191.20074482063785,0.013272293044926742,0.30459606566522823
NVDA,201.67999267578125,0.16712328767123288,191.45668147654305,0.013338539635840084,0.3080014094288124
NVDA,201.67999267578125,0.16712328767123288,191.71261813244826,0.013403840429267564,0.3114235870912172
NVDA,201.67999267578125,0.16712328767123288,191.96855478835346,0.013468172833088073,0.314862353697121
NVDA,201.67999267578125,0.16712328767123288,192.22449144425866,0.01353151445335448,0.3183174585344102
NVDA,201.67999267578125,0.16712328767123288,192.4804281001639,0.013593843109396467,0.32178864518683226
NVDA,201.67999267578125,0.16712328767123288,192.7363647560691,0.013655136848899269,0.3252756515905093
NVDA,201.67999267578125,0.16712328767123288,192.9923014119743,0.013715373962942071,0.32877821009430924
NVDA,201.67999267578125,0.16712328767123288,193.24823806787953,0.013774533000979734,0.3322960475240553
NVDA,201.67999267578125,0.16712328767123288,193.50417472378473,0.013832592785751436,0.3358288852505604
NVDA,201.67999267578125,0.16712328767123288,193.76011137968993,0.013889532428099679,0.3393764392614696
NVDA,201.67999267578125,0.16712328767123288,194.01604803559513,0.013945331341683158,0.34293842023687715
NVDA,201.67999267578125,0.16712328767123288,194.27198469150034,0.013999969257566856,0.346514533628696
NVDA,201.67999267578125,0.16712328767123288,194.52792134740554,0.014053426238672825,0.3501044797437428
NVDA,201.67999267578125,0.16712328767123288,194.78385800331074,0.01410568269407514,0.35370795383050174
NVDA,201.67999267578125,0.16712328767123288,195.03979465921597,0.014156719393122437,0.3573246461695249
NVDA,201.67999267578125,0.16712328767123288,195.29573131512117,0.01420651747937181,0.36095424216742156
NVDA,201.67999267578125,0.16712328767123288,195.55166797102638,0.014255058484317622,0.36459642245439083
NVDA,201.67999267578125,0.16712328767123288,195.80760462693158,0.014302324340899194,0.3682508629852362
NVDA,201.67999267578125,0.16712328767123288,196.0635412828368,0.014348297396771391,0.37191723514380876
NVDA,201.67999267578125,0.16712328767123288,196.319477938742,0.014392960427322299,0.37559520585081263
NVDA,201.67999267578125,0.16712328767123288,196.5754145946472,0.014436296648422475,0.3792844376749114
NVDA,201.67999267578125,0.16712328767123288,196.83135125055242,0.014478289728890507,0.38298458894705717
NVDA,201.67999267578125,0.16712328767123288,197.08728790645762,0.014518923802659803,0.3866953138779742
NVDA,201.67999267578125,0.16712328767123288,197.34322456236282,0.014558183480631946,0.39041626267871543
NVDA,201.67999267578125,0.16712328767123288,197.59916121826802,0.014596053862202255,0.3941470816842112
NVDA,201.67999267578125,0.16712328767123288,197.85509787417325,0.01463252054644347,0.3978874134797242
NVDA,201.67999267578125,0.16712328767123288,198.11103453007846,0.014667569642933944,0.40163689703011923
NVDA,201.67999267578125,0.16712328767123288,198.36697118598366,0.014701187782217186,0.40539516781186136
NVDA,201.67999267578125,0.16712328767123288,198.62290784188886,0.014733362125879796,0.40916185794763793
NVDA,201.67999267578125,0.16712328767123288,198.8788444977941,0.014764080376235568,0.41293659634351204
NVDA,201.67999267578125,0.16712328767123288,199.1347811536993,0.01479333078560383,0.41671900882850016
NVDA,201.67999267578125,0.16712328767123288,199.3907178096045,0.014821102165170656,0.4205087182964752
NVDA,201.67999267578125,0.16712328767123288,199.6466544655097,0.01484738389342204,0.4243053448502783
NVDA,201.67999267578125,0.16712328767123288,199.9025911214149,0.014872165924138762,0.4281085059479356
NVDA,201.67999267578125,0.16712328767123288,200.1585277773201,0.014895438793943134,0.4319178165508625
NVDA,201.67999267578125,0.16712328767123288,200.4144644332253,0.014917193629388422,0.4357328892739417
NVDA,201.67999267578125,0.16712328767123288,200.67040108913054,0.014937422153582328,0.4395533345373563
NVDA,201.67999267578125,0.16712328767123288,200.92633774503574,0.014956116692336555,0.44337876072005467
NVDA,201.67999267578125,0.16712328767123288,201.18227440094094,0.01497327017983497,0.447208774314733
NVDA,201.67999267578125,0.16712328767123288,201.43821105684617,0.014988876163813725,0.4510429800842013
NVDA,201.67999267578125,0.16712328767123288,201.69414771275137,0.015002928810247094,0.4548809812190124
NVDA,201.67999267578125,0.16712328767123288,201.95008436865658,0.015015422907533623,0.45872237949622985
NVDA,201.67999267578125,0.16712328767123288,202.20602102456178,0.015026353870177797,0.4625667754391989
NVDA,201.67999267578125,0.16712328767123288,202.46195768046698,0.015035717741963014,0.4664137684781959
NVDA,201.67999267578125,0.16712328767123288,202.71789433637218,0.015043511198612513,0.4702629571118248
NVDA,201.67999267578125,0.16712328767123288,202.97383099227739,0.015049731549935354,0.4741139390690282
NVDA,201.67999267578125,0.16712328767123288,203.22976764818262,0.015054376741455483,0.477966311471582
NVDA,201.67999267578125,0.16712328767123288,203.48570430408782,0.015057445355522382,0.4818196709969384
NVDA,201.67999267578125,0.16712328767123288,203.74164095999302,0.015058936611902623,0.48567361404129167
NVDA,201.67999267578125,0.16712328767123288,203.99757761589822,0.015058850367852344,0.48952773688272355
NVDA,201.67999267578125,0.16712328767123288,204.25351427180345,0.015057187117671258,0.4933816358443043
NVDA,201.67999267578125,0.16712328767123288,204.50945092770866,0.01505394799173955,0.49723490745701043
NVDA,201.67999267578125,0.16712328767123288,204.76538758361386,0.015049134755039741,0.5010871486223346
NVDA,201.67999267578125,0.16712328767123288,205.02132423951906,0.015042749805166199,0.5049379567744469
NVDA,201.67999267578125,0.16712328767123288,205.27726089542426,0.015034796169825665,0.5087869300417841
NVDA,201.67999267578125,0.16712328767123288,205.53319755132947,0.01502527750383288,0.5126336674079341
NVDA,201.67999267578125,0.16712328767123288,205.78913420723467,0.015014198085605971,0.5164777688716876
NVDA,201.67999267578125,0.16712328767123288,206.0450708631399,0.015001562813166948,0.5203188356061291
NVDA,201.67999267578125,0.16712328767123288,206.3010075190451,0.014987377199653313,0.5241564701166406
NVDA,201.67999267578125,0.16712328767123288,206.5569441749503,0.014971647368347295,0.5279902763976985
NVDA,201.67999267578125,0.16712328767123288,206.8128808308555,0.014954380047230018,0.5318198600883336
NVDA,201.67999267578125,0.16712328767123288,207.06881748676074,0.014935582563068255,0.5356448286261396
NVDA,201.67999267578125,0.16712328767123288,207.32475414266594,0.014915262835042263,0.5394647913997074
NVDA,201.67999267578125,0.16712328767123288,207.58069079857114,0.014893429367923478,0.5432793598993746
NVDA,201.67999267578125,0.16712328767123288,207.83662745447634,0.014870091244811654,0.5470881478661691
NVDA,201.67999267578125,0.16712328767123288,208.09256411038155,0.014845258119441316,0.5508907714388399
NVDA,201.67999267578125,0.16712328767123288,208.34850076628675,0.014818940208068083,0.5546868492988656
NVDA,201.67999267578125,0.16712328767123288,208.60443742219195,0.01479114828094573,0.5584760028133332
NVDA,201.67999267578125,0.16712328767123288,208.86037407809718,0.014761893653405515,0.5622578561755857
NVDA,201.67999267578125,0.16712328767123288,209.11631073400238,0.014731188176549531,0.5660320365435343
NVDA,201.67999267578125,0.16712328767123288,209.37224738990759,0.014699044227570384,0.569798174175546
NVDA,201.67999267578125,0.16712328767123288,209.62818404581282,0.014665474699709866,0.573555902563803
NVDA,201.67999267578125,0.16712328767123288,209.88412070171802,0.01463049299186962,0.5773048585650478
NVDA,201.67999267578125,0.16712328767123288,210.14005735762322,0.014594112997887243,0.5810446825286305
NVDA,201.67999267578125,0.16712328767123288,210.39599401352842,0.014556349095491389,0.5847750184217658
NVDA,201.67999267578125,0.16712328767123288,210.65193066943363,0.014517216134949969,0.5884955139519263
NVDA,201.67999267578125,0.16712328767123288,210.90786732533883,0.014476729427425693,0.5922058206862924
NVDA,201.67999267578125,0.16712328767123288,211.16380398124403,0.014434904733053363,0.5959055941681861
NVDA,201.67999267578125,0.16712328767123288,211.41974063714926,0.01439175824875376,0.5995944940304215
NVDA,201.67999267578125,0.16712328767123288,211.67567729305446,0.014347306595798921,0.6032721841055003
NVDA,201.67999267578125,0.16712328767123288,211.93161394895967,0.014301566807143987,0.6069383325326007
NVDA,201.67999267578125,0.16712328767123288,212.18755060486487,0.014254556314540751,0.6105926118612912
NVDA,201.67999267578125,0.16712328767123288,212.4434872607701,0.014206292935448306,0.6142346991519237
NVDA,201.67999267578125,0.16712328767123288,212.6994239166753,0.0141567948597562,0.6178642760726489
NVDA,201.67999267578125,0.16712328767123288,212.9553605725805,0.014106080636335585,0.6214810289930164
NVDA,201.67999267578125,0.16712328767123288,213.2112972284857,0.014054169159433886,0.6250846490741087
NVDA,201.67999267578125,0.16712328767123288,213.4672338843909,0.014001079654928573,0.6286748323551768
NVDA,201.67999267578125,0.16712328767123288,213.7231705402961,0.013946831666455536,0.6322512798367419
NVDA,201.67999267578125,0.16712328767123288,213.9791071962013,0.013891445041427591,0.6358136975601315
NVDA,201.67999267578125,0.16712328767123288,214.23504385210654,0.013834939916958564,0.6393617966834267
NVDA,201.67999267578125,0.16712328767123288,214.49098050801175,0.013777336705708314,0.6428952935537942
NVDA,201.67999267578125,0.16712328767123288,214.74691716391695,0.013718656081663989,0.646413909776191
NVDA,201.67999267578125,0.16712328767123288,215.00285381982218,0.013658918965872612,0.6499173722784215
NVDA,201.67999267578125,0.16712328767123288,215.25879047572738,0.013598146512140039,0.6534054133725373
NVDA,201.67999267578125,0.16712328767123288,215.51472713163258,0.013536360092711095,0.6568777708125789
NVDA,201.67999267578125,0.16712328767123288,215.77066378753779,0.01347358128394552,0.6603341878486474
NVDA,201.67999267578125,0.16712328767123288,216.026600443443,0.013409831852004218,0.6637744132773139
NVDA,201.67999267578125,0.16712328767123288,216.2825370993482,0.013345133738559915,0.6671982014883677
NVDA,201.67999267578125,0.16712328767123288,216.5384737552534,0.01327950904654629,0.670605312507913
NVDA,201.67999267578125,0.16712328767123288,216.7944104111586,0.013212980025959258,0.673995512037824
NVDA,201.67999267578125,0.16712328767123288,217.05034706706383,0.013145569059723763,0.6773685714915758
NVDA,201.67999267578125,0.16712328767123288,217.30628372296903,0.013077298649639319,0.6807242680264652
NVDA,201.67999267578125,0.16712328767123288,217.56222037887423,0.013008191402417055,0.6840623845722511
NVDA,201.67999267578125,0.16712328767123288,217.81815703477946,0.012938270015820789,0.6873827098562301
NVDA,201.67999267578125,0.16712328767123288,218.07409369068466,0.012867557264924263,0.6906850384247807
NVDA,201.67999267578125,0.16712328767123288,218.33003034658987,0.012796075988496457,0.6939691706614097
NVDA,201.67999267578125,0.16712328767123288,218.58596700249507,0.012723849075526285,0.6972349128013284
NVDA,201.67999267578125,0.16712328767123288,218.84190365840027,0.012650899451897929,0.7004820769426007
NVDA,201.67999267578125,0.16712328767123288,219.09784031430547,0.012577250067227395,0.7037104810539013
NVDA,201.67999267578125,0.16712328767123288,219.35377697021067,0.012502923881870676,0.7069199489789278
NVDA,201.67999267578125,0.16712328767123288,219.60971362611588,0.012427943854113443,0.7101103104375092
NVDA,201.67999267578125,0.16712328767123288,219.8656502820211,0.012352332927551762,0.7132814010234618
NVDA,201.67999267578125,0.16712328767123288,220.1215869379263,0.012276114018672974,0.7164330621992395
NVDA,201.67999267578125,0.16712328767123288,220.3775235938315,0.012199310004645431,0.7195651412874345
NVDA,201.67999267578125,0.16712328767123288,220.63346024973674,0.012121943711325366,0.7226774914591787
NVDA,201.67999267578125,0.16712328767123288,220.88939690564195,0.012044037901488749,0.7257699717195039
NVDA,201.67999267578125,0.16712328767123288,221.14533356154715,0.011965615263295582,0.7288424468897232
NVDA,201.67999267578125,0.16712328767123288,221.40127021745235,0.011886698398993615,0.7318947875868873
NVDA,201.67999267578125,0.16712328767123288,221.65720687335755,0.011807309813868077,0.7349268702003824
NVDA,201.67999267578125,0.16712328767123288,221.91314352926275,0.011727471905443558,0.7379385768657322
NVDA,201.67999267578125,0.16712328767123288,222.16908018516796,0.011647206952943783,0.7409297954356691
NVDA,201.67999267578125,0.16712328767123288,222.4250168410732,0.011566537107014531,0.7439004194485419
NVDA,201.67999267578125,0.16712328767123288,222.6809534969784,0.011485484379714627,0.7468503480941261
NVDA,201.67999267578125,0.16712328767123288,222.9368901528836,0.011404070634779388,0.7497794861769099
NVDA,201.67999267578125,0.16712328767123288,223.19282680878882,0.011322317578160606,0.7526877440769218
NVDA,201.67999267578125,0.16712328767123288,223.44876346469403,0.011240246748846631,0.755575037708172
NVDA,201.67999267578125,0.16712328767123288,223.70470012059923,0.011157879509965803,0.7584412884747835
NVDA,201.67999267578125,0.16712328767123288,223.96063677650443,0.01107523704017597,0.7612864232248805
NVDA,201.67999267578125,0.16712328767123288,224.21657343240963,0.01099234032534256,0.7641103742023105
NVDA,201.67999267578125,0.16712328767123288,224.47251008831483,0.01090921015050712,0.7669130789962745
NVDA,201.67999267578125,0.16712328767123288,224.72844674422004,0.010825867092148025,0.7696944804889377
NVDA,201.67999267578125,0.16712328767123288,224.98438340012524,0.010742331510734511,0.7724545268010983
NVDA,201.67999267578125,0.16712328767123288,225.24032005603047,0.010658623543574962,0.7751931712359873
NVDA,201.67999267578125,0.16712328767123288,225.49625671193567,0.010574763097959879,0.7779103722212756
NVDA,201.67999267578125,0.16712328767123288,225.75219336784087,0.010490769844599773,0.7806060932493654
NVDA,201.67999267578125,0.16712328767123288,226.0081300237461,0.010406663211357633,0.783280302816038
NVDA,201.67999267578125,0.16712328767123288,226.2640666796513,0.01032246237727559,0.7859329743575348
NVDA,201.67999267578125,0.16712328767123288,226.5200033355565,0.010238186266894779,0.7885640861861503
NVDA,201.67999267578125,0.16712328767123288,226.7759399914617,0.010153853544867279,0.7911736214244043
NVDA,201.67999267578125,0.16712328767123288,227.03187664736691,0.0100694826108586,0.7937615679378759
NVDA,201.67999267578125,0.16712328767123288,227.28781330327212,0.009985091594738973,0.7963279182667675
NVDA,201.67999267578125,0.16712328767123288,227.54374995917732,0.009900698352061308,0.7988726695562762
NVDA,201.67999267578125,0.16712328767123288,227.79968661508252,0.00981632045982348,0.8013958234858432
NVDA,201.67999267578125,0.16712328767123288,228.05562327098775,0.009731975212512343,0.8038973861973553
NVDA,201.67999267578125,0.16712328767123288,228.31155992689295,0.009647679618426587,0.806377368222369
NVDA,201.67999267578125,0.16712328767123288,228.56749658279816,0.009563450396275283,0.8088357844084305
NVDA,201.67999267578125,0.16712328767123288,228.8234332387034,0.00947930397204881,0.8112726538445573
NVDA,201.67999267578125,0.16712328767123288,229.0793698946086,0.009395256476158577,0.8136879997859546
NVDA,201.67999267578125,0.16712328767123288,229.3353065505138,0.009311323740841721,0.8160818495780353
NVDA,201.67999267578125,0.16712328767123288,229.591243206419,0.009227521297826858,0.8184542345798062
NVDA,201.67999267578125,0.16712328767123288,229.8471798623242,0.009143864376256656,0.820805190086691
NVDA,201.67999267578125,0.16712328767123288,230.1031165182294,0.009060367900862933,0.8231347552528547
NVDA,201.67999267578125,0.16712328767123288,230.3590531741346,0.008977046490389736,0.8254429730130916
NVDA,201.67999267578125,0.16712328767123288,230.61498983003983,0.008893914456259738,0.8277298900043407
NVDA,201.67999267578125,0.16712328767123288,230.87092648594503,0.00881098580147914,0.8299955564868912
NVDA,201.67999267578125,0.16712328767123288,231.12686314185024,0.008728274219776174,0.8322400262653371
NVDA,201.67999267578125,0.16712328767123288,231.38279979775547,0.008645793094968057,0.8344633566093411
NVDA,201.67999267578125,0.16712328767123288,231.63873645366067,0.008563555500551288,0.8366656081742632
NVDA,201.67999267578125,0.16712328767123288,231.89467310956587,0.008481574199510013,0.8388468449217152
NVDA,201.67999267578125,0.16712328767123288,232.15060976547107,0.008399861644337007,0.8410071340400914
NVDA,201.67999267578125,0.16712328767123288,232.40654642137628,0.008318429977261907,0.8431465458651314
NVDA,201.67999267578125,0.16712328767123288,232.66248307728148,0.008237291030681148,0.8452651538005677
NVDA,201.67999267578125,0.16712328767123288,232.91841973318668,0.008156456327783968,0.8473630342389078
NVDA,201.67999267578125,0.16712328767123288,233.17435638909188,0.008075937083368923,0.8494402664824019
NVDA,201.67999267578125,0.16712328767123288,233.43029304499711,0.007995744204845162,0.851496932664242
NVDA,201.67999267578125,0.16712328767123288,233.68622970090232,0.007915888293412792,0.8535331176700404
NVDA,201.67999267578125,0.16712328767123288,233.94216635680752,0.007836379645416528,0.8555489090596338
NVDA,201.67999267578125,0.16712328767123288,234.19810301271275,0.0077572282538669705,0.8575443969892538
NVDA,201.67999267578125,0.16712328767123288,234.45403966861795,0.007678443810123617,0.8595196741341073
NVDA,201.67999267578125,0.16712328767123288,234.70997632452315,0.007600035705733919,0.8614748356114097
NVDA,201.67999267578125,0.16712328767123288,234.96591298042836,0.0075220130344226,0.8634099789039053
NVDA,201.67999267578125,0.16712328767123288,235.22184963633356,0.0074443845942254545,0.8653252037839171
NVDA,201.67999267578125,0.16712328767123288,235.47778629223876,0.007367158889761922,0.8672206122379602
NVDA,201.67999267578125,0.16712328767123288,235.73372294814396,0.007290344134640711,0.8690963083919532
NVDA,201.67999267578125,0.16712328767123288,235.98965960404917,0.007213948253992825,0.8709523984370623
NVDA,201.67999267578125,0.16712328767123288,236.2455962599544,0.007137978887126305,0.8727889905562091
NVDA,201.67999267578125,0.16712328767123288,236.5015329158596,0.007062443390297159,0.8746061948512718
NVDA,201.67999267578125,0.16712328767123288,236.7574695717648,0.006987348839590887,0.8764041232710121
NVDA,201.67999267578125,0.16712328767123288,237.01340622767003,0.006912702033909154,0.8781828895397502
NVDA,201.67999267578125,0.16712328767123288,237.26934288357523,0.006838509498056172,0.8799426090868183
NVDA,201.67999267578125,0.16712328767123288,237.52527953948044,0.006764777485919432,0.881683398976817
NVDA,201.67999267578125,0.16712328767123288,237.78121619538564,0.00669151198373951,0.8834053778406955
NVDA,201.67999267578125,0.16712328767123288,238.03715285129084,0.006618718713463737,0.88510866580768
NVDA,201.67999267578125,0.16712328767123288,238.29308950719604,0.006546403136178583,0.886793384438071
NVDA,201.67999267578125,0.16712328767123288,238.54902616310125,0.006474570455615731,0.8884596566569278
NVDA,201.67999267578125,0.16712328767123288,238.80496281900648,0.00640322562172684,0.8901076066886601
NVDA,201.67999267578125,0.16712328767123288,239.06089947491168,0.006332373334322181,0.8917373599925406
NVDA,201.67999267578125,0.16712328767123288,239.31683613081688,0.006262018046768269,0.8933490431991593
NVDA,201.67999267578125,0.16712328767123288,239.5727727867221,0.006192163969739911,0.8949427840478293
NVDA,201.67999267578125,0.16712328767123288,239.82870944262731,0.00612281507502198,0.8965187113249589
NVDA,201.67999267578125,0.16712328767123288,240.08464609853252,0.006053975099356491,0.8980769548034038
NVDA,201.67999267578125,0.16712328767123288,240.34058275443772,0.005985647548330534,0.8996176451828085
NVDA,201.67999267578125,0.16712328767123288,240.59651941034292,0.005917835700300825,0.9011409140309476
NVDA,201.67999267578125,0.16712328767123288,240.85245606624812,0.00585054261035063,0.9026468937260754
NVDA,201.67999267578125,0.16712328767123288,241.10839272215333,0.0057837711142750435,0.9041357174002917
NVDA,201.67999267578125,0.16712328767123288,241.36432937805853,0.005717523832590608,0.9056075188839319
NVDA,201.67999267578125,0.16712328767123288,241.62026603396376,0.005651803174565404,0.9070624326509842
NVDA,201.67999267578125,0.16712328767123288,241.87620268986896,0.005586611342265892,0.9085005937655414
NVDA,201.67999267578125,0.16712328767123288,242.13213934577416,0.005521950334616822,0.9099221378292904
NVDA,201.67999267578125,0.16712328767123288,242.3880760016794,0.005457821951470689,0.9113272009300415
NVDA,201.67999267578125,0.16712328767123288,242.6440126575846,0.00539422779768329,0.9127159195912992
NVDA,201.67999267578125,0.16712328767123288,242.8999493134898,0.005331169287192094,0.9140884307228784
NVDA,201.67999267578125,0.16712328767123288,243.155885969395,0.0052686476470941756,0.9154448715725626
NVDA,201.67999267578125,0.16712328767123288,243.4118226253002,0.005206663921720633,0.9167853796788064
NVDA,201.67999267578125,0.16712328767123288,243.6677592812054,0.005145218976704499,0.918110092824479
NVDA,201.67999267578125,0.16712328767123288,243.9236959371106,0.0050843135030392535,0.9194191489916486
NVDA,201.67999267578125,0.16712328767123288,244.1796325930158,0.005023948021125153,0.9207126863174034
NVDA,201.67999267578125,0.16712328767123288,244.43556924892104,0.004964122884800733,0.9219908430507069
NVDA,201.67999267578125,0.16712328767123288,244.69150590482624,0.004904838285356892,0.9232537575102812
NVDA,201.67999267578125,0.16712328767123288,244.94744256073145,0.004846094255531107,0.9245015680435172
NVDA,201.67999267578125,0.16712328767123288,245.20337921663668,0.004787890673479437,0.9257344129864035
NVDA,201.67999267578125,0.16712328767123288,245.45931587254188,0.004730227266724044,0.926952430624467
NVDA,201.67999267578125,0.16712328767123288,245.71525252844708,0.004673103616074087,0.9281557591547237
NVDA,201.67999267578125,0.16712328767123288,245.97118918435228,0.0046165191595179365,0.9293445366486266
NVDA,201.67999267578125,0.16712328767123288,246.2271258402575,0.004560473196084749,0.9305189010160069
NVDA,201.67999267578125,0.16712328767123288,246.4830624961627,0.0045049648896735685,0.9316789899699992
NVDA,201.67999267578125,0.16712328767123288,246.7389991520679,0.004449993272848147,0.9328249409929426
NVDA,201.67999267578125,0.16712328767123288,246.99493580797312,0.0043955572505958666,0.9339568913032481
NVDA,201.67999267578125,0.16712328767123288,247.25087246387832,0.004341655604049146,0.935074977823223
NVDA,201.67999267578125,0.16712328767123288,247.50680911978353,0.004288286994167873,0.9361793371478437
NVDA,201.67999267578125,0.16712328767123288,247.76274577568876,0.004235449965381445,0.9372701055144652
NVDA,201.67999267578125,0.16712328767123288,248.01868243159396,0.004183142949189118,0.9383474187734564
NVDA,201.67999267578125,0.16712328767123288,248.27461908749916,0.004131364267717425,0.9394114123597538
NVDA,201.67999267578125,0.16712328767123288,248.53055574340436,0.004080112137233521,0.9404622212653176
NVDA,201.67999267578125,0.16712328767123288,248.78649239930957,0.004029384671613401,0.9414999800124827
NVDA,201.67999267578125,0.16712328767123288,249.04242905521477,0.003979179885763983,0.9425248226281907
NVDA,201.67999267578125,0.16712328767123288,249.29836571111997,0.003929495698998166,0.9435368826190923
NVDA,201.67999267578125,0.16712328767123288,249.55430236702517,0.0038803299383620067,0.9445362929475066
NVDA,201.67999267578125,0.16712328767123288,249.8102390229304,0.003831680341913276,0.9455231860082268
NVDA,201.67999267578125,0.16712328767123288,250.0661756788356,0.0037835445619506768,0.9464976936061573
NVDA,201.67999267578125,0.16712328767123288,250.3221123347408,0.0037359201681931202,0.9474599469347724
NVDA,201.67999267578125,0.16712328767123288,250.57804899064604,0.003688804650908485,0.9484100765553811
NVDA,201.67999267578125,0.16712328767123288,250.83398564655124,0.0036421954239913784,0.9493482123771865
NVDA,201.67999267578125,0.16712328767123288,251.08992230245644,0.0035960898279894632,0.9502744836381264
NVDA,201.67999267578125,0.16712328767123288,251.34585895836165,0.003550485133077972,0.9511890188864821
NVDA,201.67999267578125,0.16712328767123288,251.60179561426685,0.0035053785419821085,0.9520919459632411
NVDA,201.67999267578125,0.16712328767123288,251.85773227017205,0.003460767192847067,0.9529833919852013
NVDA,201.67999267578125,0.16712328767123288,252.11366892607725,0.003416648162055474,0.9538634833288038
NVDA,201.67999267578125,0.16712328767123288,252.36960558198246,0.0033730184669921058,0.9547323456146786
NVDA,201.67999267578125,0.16712328767123288,252.6255422378877,0.0033298750687557623,0.9555901036928927
NVDA,201.67999267578125,0.16712328767123288,252.8814788937929,0.0032872148748182752,0.9564368816288839
NVDA,201.67999267578125,0.16712328767123288,253.1374155496981,0.003245034741630618,0.9572728026900699
NVDA,201.67999267578125,0.16712328767123288,253.39335220560332,0.0032033314771761703,0.9580979893331167
NVDA,201.67999267578125,0.16712328767123288,253.64928886150852,0.0031621018434712287,0.9589125631918538
NVDA,201.67999267578125,0.16712328767123288,253.90522551741373,0.003121342559012858,0.9597166450658228
NVDA,201.67999267578125,0.16712328767123288,254.16116217331893,0.003081050301174284,0.960510354909446
NVDA,201.67999267578125,0.16712328767123288,254.41709882922413,0.0030412217085479883,0.9612938118218012
NVDA,201.67999267578125,0.16712328767123288,254.67303548512933,0.003001853383236777,0.9620671340369888
NVDA,201.67999267578125,0.16712328767123288,254.92897214103454,0.002962941893093069,0.9628304389150804
NVDA,201.67999267578125,0.16712328767123288,255.18490879693977,0.002924483773906715,0.9635838429336316
NVDA,201.67999267578125,0.16712328767123288,255.44084545284497,0.002886475531541678,0.9643274616797505
NVDA,201.67999267578125,0.16712328767123288,255.69678210875017,0.0028489136440219428,0.9650614098427048
NVDA,201.67999267578125,0.16712328767123288,255.9527187646554,0.002811794563567035,0.9657858012070576
NVDA,201.67999267578125,0.16712328767123288,256.2086554205606,0.002775114718577574,0.9665007486463165
NVDA,201.67999267578125,0.16712328767123288,256.4645920764658,0.0027388705155712996,0.9672063641170859
NVDA,201.67999267578125,0.16712328767123288,256.720528732371,0.0027030583410700233,0.9679027586537073
NVDA,201.67999267578125,0.16712328767123288,256.9764653882762,0.002667674563438012,0.9685900423633772
NVDA,201.67999267578125,0.16712328767123288,257.2324020441814,0.0026327155346722937,0.9692683244217289
NVDA,201.67999267578125,0.16712328767123288,257.4883387000866,0.00259817759214541,0.9699377130688666
NVDA,201.67999267578125,0.16712328767123288,257.7442753559918,0.002564057060301166,0.9705983156058391
NVDA,201.67999267578125,0.16712328767123288,258.000212011897,0.0025303502523039327,0.9712502383915427
NVDA,201.67999267578125,0.16712328767123288,258.2561486678022,0.0024970534716420726,0.9718935868400387
NVDA,201.67999267578125,0.16712328767123288,258.5120853237074,0.002464163013686088,0.972528465418277
NVDA,201.67999267578125,0.16712328767123288,258.7680219796127,0.00243167516720208,0.9731549776442119
NVDA,201.67999267578125,0.16712328767123288,259.0239586355179,0.00239958621582114,0.9737732260852994
NVDA,201.67999267578125,0.16712328767123288,259.2798952914231,0.002367892439465291,0.9743833123573661
NVDA,201.67999267578125,0.16712328767123288,259.5358319473283,0.0023365901157306294,0.9749853371238367
NVDA,201.67999267578125,0.16712328767123288,259.7917686032335,0.0023056755212282833,0.9755794000953102
NVDA,201.67999267578125,0.16712328767123288,260.0477052591387,0.0022751449328838593,0.976165600029474
NVDA,201.67999267578125,0.16712328767123288,260.3036419150439,0.002244994629196027,0.9767440347313457
NVDA,201.67999267578125,0.16712328767123288,260.5595785709491,0.0022152208914549038,0.9773148010538317
NVDA,201.67999267578125,0.16712328767123288,260.81551522685436,0.002185820004920905,0.9778779948985921
NVDA,201.67999267578125,0.16712328767123288,261.07145188275956,0.002156788259964743,0.9784337112172026
NVDA,201.67999267578125,0.16712328767123288,261.32738853866476,0.0021281219531692347,0.9789820440126044
NVDA,201.67999267578125,0.16712328767123288,261.58332519456997,0.00209981738839361,0.9795230863408292
NVDA,201.67999267578125,0.16712328767123288,261.83926185047517,0.0020718708778009955,0.9800569303129936
NVDA,201.67999267578125,0.16712328767123288,262.09519850638037,0.002044278742849751,0.980583667097551
NVDA,201.67999267578125,0.16712328767123288,262.3511351622856,0.0020170373152493507,0.981103386922793
NVDA,201.67999267578125,0.16712328767123288,262.6070718181908,0.0019901429378814854,0.9816161790795908
NVDA,201.67999267578125,0.16712328767123288,262.863008474096,0.001963591965687061,0.9821221319243683
NVDA,201.67999267578125,0.16712328767123288,263.1189451300012,0.0019373807665197874,0.9826213328822975
NVDA,201.67999267578125,0.16712328767123288,263.3748817859064,0.0019115057219670259,0.9831138684507085
NVDA,201.67999267578125,0.16712328767123288,263.6308184418116,0.00188596322813857,0.9835998242027054
NVDA,201.67999267578125,0.16712328767123288,263.8867550977168,0.0018607496964240398,0.9840792847909801
NVDA,201.67999267578125,0.16712328767123288,264.14269175362205,0.0018358615542195542,0.9845523339518159
NVDA,201.67999267578125,0.16712328767123288,264.39862840952725,0.0018112952456243478,0.9850190545092729
NVDA,201.67999267578125,0.16712328767123288,264.65456506543245,0.0017870472321079968,0.9854795283795491
NVDA,201.67999267578125,0.16712328767123288,264.91050172133765,0.001763113993148905,0.9859338365755074
NVDA,201.67999267578125,0.16712328767123288,265.16643837724286,0.0017394920236308733,0.9863820592109513
NVDA,201.67999267578125,0.16712328767123288,265.42237503314806,0.0017161778270731937,0.9868242755037021
NVDA,201.67999267578125,0.16712328767123288,265.67831168905326,0.0016931679056822288,0.9872605637765351
NVDA,201.67999267578125,0.16712328767123288,265.93424834495846,0.0016704587338070994,0.9876910014534475
NVDA,201.67999267578125,0.16712328767123288,266.1901850008637,0.0016480467036507093,0.9881156650455807
NVDA,201.67999267578125,0.16712328767123288,266.4461216567689,0.0016259280229064964,0.9885346301170973
NVDA,201.67999267578125,0.16712328767123288,266.7020583126741,0.0016040985367701131,0.9889479712151816
NVDA,201.67999267578125,0.16712328767123288,266.9579949685793,0.0015825534434314146,0.9893557617408548
NVDA,201.67999267578125,0.16712328767123288,267.21393162448453,0.0015612868785323205,0.9897580737302065
NVDA,201.67999267578125,0.16712328767123288,267.46986828038973,0.0015402913662451567,0.9901549775122048
NVDA,201.67999267578125,0.16712328767123288,267.72580493629494,0.0015195571751788746,0.9905465412138391
NVDA,201.67999267578125,0.16712328767123288,267.98174159220014,0.0014990716709161423,0.9909328300999833
NVDA,201.67999267578125,0.16712328767123288,268.23767824810534,0.0014788188078565087,0.9913139057653778
NVDA,201.67999267578125,0.16712328767123288,268.49361490401054,0.0014587789277125463,0.991689825235796
NVDA,201.67999267578125,0.16712328767123288,268.74955155991574,0.001438929008459595,0.9920606400752829
NVDA,201.67999267578125,0.16712328767123288,269.00548821582095,0.0014192434278829844,0.9924263956229619
NVDA,201.67999267578125,0.16712328767123288,269.26142487172615,0.0013996951855525048,0.9927871304839242
NVDA,201.67999267578125,0.16712328767123288,269.51736152763135,0.0013802574034708266,0.993142876368529
NVDA,201.67999267578125,0.16712328767123288,269.7732981835366,0.0013609048440284528,0.9934936583179884
NVDA,201.67999267578125,0.16712328767123288,270.0292348394418,0.0013416151765785495,0.9938394952862839
NVDA,201.67999267578125,0.16712328767123288,270.285171495347,0.0013223697942691803,0.9941804009886941
NVDA,201.67999267578125,0.16712328767123288,270.5411081512522,0.0013031541032901665,0.9945163848918643
NVDA,201.67999267578125,0.16712328767123288,270.7970448071574,0.0012839573327462451,0.994847453216561
NVDA,201.67999267578125,0.16712328767123288,271.0529814630626,0.001264772003989505,0.9951736098481868
NVDA,201.67999267578125,0.16712328767123288,271.3089181189678,0.001245593232649879,0.9954948570900699
NVDA,201.67999267578125,0.16712328767123288,271.5648547748731,0.0012264186599863667,0.9958111963186496
NVDA,201.67999267578125,0.16712328767123288,271.8207914307783,0.0012072482430098197,0.9961226286030196
NVDA,201.67999267578125,0.16712328767123288,272.0767280866835,0.0011880845818290021,0.9964291553395042
NVDA,201.67999267578125,0.16712328767123288,272.3326647425887,0.0011689352311765801,0.9967307792239256
NVDA,201.67999267578125,0.16712328767123288,272.5886013984939,0.0011498170197880603,0.9970275060724179
NVDA,201.67999267578125,0.16712328767123288,272.8445380543991,0.0011307637046271944,0.9973193481744822
NVDA,201.67999267578125,0.16712328767123288,273.1004747103043,0.001111838014502334,0.9976063301667428
NVDA,201.67999267578125,0.16712328767123288,273.3564113662095,0.0010931484774509047,0.9978884986012762
NVDA,201.67999267578125,0.16712328767123288,273.6123480221147,0.0010748698583208512,0.9981659362826755
NVDA,201.67999267578125,0.16712328767123288,273.8682846780199,0.0010572635631907496,0.9984387818315982
NVDA,201.67999267578125,0.16712328767123288,274.1242213339251,0.0010406916009444468,0.998707253646072
NVDA,201.67999267578125,0.16712328767123288,274.3801579898303,0.001025615893900454,0.9989716755612232
NVDA,201.67999267578125,0.16712328767123288,274.6360946457355,0.0010125754444228101,0.999232499498836
NVDA,201.67999267578125,0.16712328767123288,274.8920313016407,0.001002138182454142,0.9994903190329707
NVDA,201.67999267578125,0.16712328767123288,275.147967957546,0.0009948318056359749,0.9997458679433182
NVDA,201.67999267578125,0.16712328767123288,275.4039046134512,0.0009910662735816457,1.0
PLTR,146.38999938964844,0.16712328767123288,94.30446358178595,0.0034072201341165875,0.0
PLTR,146.38999938964844,0.16712328767123288,94.57087353185992,0.0034169397173168716,0.0009090120426585684
PLTR,146.38999938964844,0.16712328767123288,94.83728348193387,0.003435798921368834,0.0018218309219596106
PLTR,146.38999938964844,0.16712328767123288,95.10369343200783,0.003462739559404566,0.0027407505680826904
PLTR,146.38999938964844,0.16712328767123288,95.37010338208178,0.0034963995394122612,0.0036677425180194215
PLTR,146.38999938964844,0.16712328767123288,95.63651333215574,0.003535312921851465,0.004604401600889291
PLTR,146.38999938964844,0.16712328767123288,95.9029232822297,0.003578088434985053,0.005551942051054682
PLTR,146.38999938964844,0.16712328767123288,96.16933323230366,0.0036235337659228234,0.006511233956552391
PLTR,146.38999938964844,0.16712328767123288,96.4357431823776,0.0036707144981161944,0.007482864114477205
PLTR,146.38999938964844,0.16712328767123288,96.70215313245157,0.0037189558907601175,0.008467204974158999
PLTR,146.38999938964844,0.16712328767123288,96.96856308252552,0.003767806832575116,0.009464479015828623
PLTR,146.38999938964844,0.16712328767123288,97.23497303259948,0.003816987165528142,0.010474811311006617
PLTR,146.38999938964844,0.16712328767123288,97.50138298267343,0.003866334909792931,0.011498268036250798
PLTR,146.38999938964844,0.16712328767123288,97.7677929327474,0.003915762780773677,0.01253488216485808
PLTR,146.38999938964844,0.16712328767123288,98.03420288282135,0.003965227006574802,0.013584669212748486
PLTR,146.38999938964844,0.16712328767123288,98.30061283289531,0.004014707395195771,0.014647636175533088
PLTR,146.38999938964844,0.16712328767123288,98.56702278296926,0.004064195886893824,0.015723786285549966
PLTR,146.38999938964844,0.16712328767123288,98.83343273304322,0.004113690121622169,0.016813121387169623
PLTR,146.38999938964844,0.16712328767123288,99.09984268311717,0.004163191929559553,0.017915643254181268
PLTR,146.38999938964844,0.16712328767123288,99.36625263319114,0.004212707017011469,0.019031354664271544
PLTR,146.38999938964844,0.16712328767123288,99.6326625832651,0.004262244166790873,0.020160260325149577
PLTR,146.38999938964844,0.16712328767123288,99.89907253333905,0.004311816089110091,0.021302367807502384
PLTR,146.38999938964844,0.16712328767123288,100.165482483413,0.004361440078463254,0.02245768867879328
PLTR,146.38999938964844,0.16712328767123288,100.43189243348696,0.004411138260174314,0.023626239757401468
PLTR,146.38999938964844,0.16712328767123288,100.69830238356093,0.004460937246544396,0.024808044353800154
PLTR,146.38999938964844,0.16712328767123288,100.96471233363488,0.004510867130242093,0.02600313333184662
PLTR,146.38999938964844,0.16712328767123288,101.23112228370884,0.004560959899009489,0.027211545824817895
PLTR,146.38999938964844,0.16712328767123288,101.49753223378279,0.004611247511272548,0.02843332948393847
PLTR,146.38999938964844,0.16712328767123288,101.76394218385676,0.00466175996961876,0.029668540213948342
PLTR,146.38999938964844,0.16712328767123288,102.0303521339307,0.004712523730009674,0.03091724144014687
PLTR,146.38999938964844,0.16712328767123288,102.29676208400467,0.004763560688617442,0.03217950302857843
PLTR,146.38999938964844,0.16712328767123288,102.56317203407862,0.004814887833037197,0.03345540002479838
PLTR,146.38999938964844,0.16712328767123288,102.82958198415258,0.004866517487488289,0.03474501137884188
PLTR,146.38999938964844,0.16712328767123288,103.09599193422653,0.004918457972551997,0.036048418790733956
PLTR,146.38999938964844,0.16712328767123288,103.3624018843005,0.004970714462392311,0.03736570575806712
PLTR,146.38999938964844,0.16712328767123288,103.62881183437445,0.005023289849145603,0.038696956852904946
PLTR,146.38999938964844,0.16712328767123288,103.89522178444841,0.00507618548816642,0.04004225721309821
PLTR,146.38999938964844,0.16712328767123288,104.16163173452236,0.00512940176829381,0.04140169220883266
PLTR,146.38999938964844,0.16712328767123288,104.42804168459632,0.00518293850641663,0.04277534723769833
PLTR,146.38999938964844,0.16712328767123288,104.69445163467027,0.0052367951969865935,0.044163307605552087
PLTR,146.38999938964844,0.16712328767123288,104.96086158474424,0.005290971157234797,0.04556565845996133
PLTR,146.38999938964844,0.16712328767123288,105.22727153481819,0.005345465605347938,0.04698248475340353
PLTR,146.38999938964844,0.16712328767123288,105.49368148489215,0.0054002776995704825,0.048413871222089004
PLTR,146.38999938964844,0.16712328767123288,105.76009143496611,0.005455406554569553,0.04985990237217108
PLTR,146.38999938964844,0.16712328767123288,106.02650138504006,0.005510851250674512,0.05132066246936765
PLTR,146.38999938964844,0.16712328767123288,106.29291133511401,0.0055666108398276124,0.05279623553060602
PLTR,146.38999938964844,0.16712328767123288,106.55932128518798,0.005622684345931065,0.05428670531650643
PLTR,146.38999938964844,0.16712328767123288,106.82573123526194,0.005679070765215375,0.05579215532396077
PLTR,146.38999938964844,0.16712328767123288,107.09214118533589,0.005735769066629178,0.05731266877881269
PLTR,146.38999938964844,0.16712328767123288,107.35855113540985,0.005792778192250899,0.05884832862864448
PLTR,146.38999938964844,0.16712328767123288,107.6249610854838,0.005850097057722421,0.06039921753567579
PLTR,146.38999938964844,0.16712328767123288,107.89137103555777,0.005907724552704978,0.061965417869782054
PLTR,146.38999938964844,0.16712328767123288,108.15778098563172,0.00596565954135745,0.06354701170163606
PLTR,146.38999938964844,0.16712328767123288,108.42419093570568,0.006023900862837191,0.06514408079598119
PLTR,146.38999938964844,0.16712328767123288,108.69060088577963,0.006082447331823473,0.06675670660503989
PLTR,146.38999938964844,0.16712328767123288,108.9570108358536,0.006141297739063609,0.06838497026206583
PLTR,146.38999938964844,0.16712328767123288,109.22342078592754,0.006200450851941739,0.07002895257504332
PLTR,146.38999938964844,0.16712328767123288,109.48983073600151,0.006259905415070247,0.07168873402054256
PLTR,146.38999938964844,0.16712328767123288,109.75624068607546,0.006319660150903646,0.0733643947377341
PLTR,146.38999938964844,0.16712328767123288,110.02265063614942,0.006379713760374809,0.07505601452257124
PLTR,146.38999938964844,0.16712328767123288,110.28906058622337,0.006440064923553244,0.07676367282214341
PLTR,146.38999938964844,0.16712328767123288,110.55547053629734,0.0065007123003250865,0.07848744872920928
PLTR,146.38999938964844,0.16712328767123288,110.8218804863713,0.006561654531094409,0.0802274209769124
PLTR,146.38999938964844,0.16712328767123288,111.08829043644525,0.006622890237505295,0.08198366793368761
PLTR,146.38999938964844,0.16712328767123288,111.3547003865192,0.006684418023184079,0.08375626759836206
PLTR,146.38999938964844,0.16712328767123288,111.62111033659316,0.006746236474501003,0.08554529759545654
PLTR,146.38999938964844,0.16712328767123288,111.88752028666713,0.006808344161350438,0.08735083517069189
PLTR,146.38999938964844,0.16712328767123288,112.15393023674108,0.006870739637948668,0.08917295718670622
PLTR,146.38999938964844,0.16712328767123288,112.42034018681503,0.006933421443648084,0.09101174011898669
PLTR,146.38999938964844,0.16712328767123288,112.68675013688899,0.006996388103766523,0.09286726005201996
PLTR,146.38999938964844,0.16712328767123288,112.95316008696295,0.007059638130430242,0.09473959267566533
PLTR,146.38999938964844,0.16712328767123288,113.2195700370369,0.007123170023428881,0.09662881328175434
PLTR,146.38999938964844,0.16712328767123288,113.48597998711087,0.007186982271080576,0.09853499676091988
PLTR,146.38999938964844,0.16712328767123288,113.75238993718482,0.007251073351105113,0.10045821759965558
PLTR,146.38999938964844,0.16712328767123288,114.01879988725878,0.0073154417315028294,0.10239854987761018
PLTR,146.38999938964844,0.16712328767123288,114.28520983733273,0.007380085871436681,0.10435606726511491
PLTR,146.38999938964844,0.16712328767123288,114.5516197874067,0.007445004222114659,0.10633084302094743
PLTR,146.38999938964844,0.16712328767123288,114.81802973748064,0.007510195227669372,0.10832294999032889
PLTR,146.38999938964844,0.16712328767123288,115.0844396875546,0.007575657326031401,0.11033246060315618
PLTR,146.38999938964844,0.16712328767123288,115.35084963762856,0.007641388949792547,0.11235944687246381
PLTR,146.38999938964844,0.16712328767123288,115.61725958770252,0.007707388527054896,0.11440398039311546
PLTR,146.38999938964844,0.16712328767123288,115.88366953777648,0.007773654482261043,0.11646613234071783
PLTR,146.38999938964844,0.16712328767123288,116.15007948785043,0.007840185237000565,0.1185459734707534
PLTR,146.38999938964844,0.16712328767123288,116.41648943792438,0.007906979210787242,0.1206435741179241
PLTR,146.38999938964844,0.16712328767123288,116.68289938799835,0.00797403482180112,0.12275900419569699
PLTR,146.38999938964844,0.16712328767123288,116.94930933807231,0.008041350487588939,0.12489233319604194
PLTR,146.38999938964844,0.16712328767123288,117.21571928814626,0.008108924625715934,0.12704363018935
PLTR,146.38999938964844,0.16712328767123288,117.48212923822021,0.008176755654361337,0.12921296382451786
PLTR,146.38999938964844,0.16712328767123288,117.74853918829417,0.008244841992849396,0.13140040232918193
PLTR,146.38999938964844,0.16712328767123288,118.01494913836814,0.00831318206210687,0.13360601351008414
PLTR,146.38999938964844,0.16712328767123288,118.28135908844209,0.008381774285037419,0.13582986475354888
PLTR,146.38999938964844,0.16712328767123288,118.54776903851605,0.008450617086802378,0.1380720230260475
PLTR,146.38999938964844,0.16712328767123288,118.81417898859,0.00851970889499664,0.14033255487482238
PLTR,146.38999938964844,0.16712328767123288,119.08058893866396,0.008589048139707503,0.14261152642854394
PLTR,146.38999938964844,0.16712328767123288,119.34699888873791,0.008658633253443378,0.1449090033979643
PLTR,146.38999938964844,0.16712328767123288,119.61340883881188,0.008728462670918256,0.14722505107653452
PLTR,146.38999938964844,0.16712328767123288,119.87981878888583,0.008798534828676798,0.1495597343409412
PLTR,146.38999938964844,0.16712328767123288,120.14622873895979,0.008868848164543797,0.15191311765152193
PLTR,146.38999938964844,0.16712328767123288,120.41263868903374,0.008939401116880578,0.15428526505250628
PLTR,146.38999938964844,0.16712328767123288,120.6790486391077,0.00901019212362961,0.1566762401720324
PLTR,146.38999938964844,0.16712328767123288,120.94545858918165,0.009081219621127432,0.1590861062218764
PLTR,146.38999938964844,0.16712328767123288,121.21186853925562,0.009152482042664415,0.1615149259968336
PLTR,146.38999938964844,0.16712328767123288,121.47827848932957,0.009223977816768578,0.16396276187367734
PLTR,146.38999938964844,0.16712328767123288,121.74468843940353,0.009295705365189137,0.16642967580962284
PLTR,146.38999938964844,0.16712328767123288,122.0110983894775,0.009367663100553762,0.16891572934020813
PLTR,146.38999938964844,0.16712328767123288,122.27750833955145,0.009439849423671983,0.1714209835765052
PLTR,146.38999938964844,0.16712328767123288,122.5439182896254,0.009512262720455352,0.17394549920156163
PLTR,146.38999938964844,0.16712328767123288,122.81032823969936,0.0095849013584232,0.1764893364659658
PLTR,146.38999938964844,0.16712328767123288,123.07673818977332,0.009657763682760898,0.17905255518242172
PLTR,146.38999938964844,0.16712328767123288,123.34314813984727,0.009730848011895655,0.18163521471921004
PLTR,146.38999938964844,0.16712328767123288,123.60955808992122,0.009804152632552783,0.1842373739924011
PLTR,146.38999938964844,0.16712328767123288,123.87596803999519,0.009877675794253355,0.18685909145667595
PLTR,146.38999938964844,0.16712328767123288,124.14237799006915,0.009951415703212034,0.18950042509460188
PLTR,146.38999938964844,0.16712328767123288,124.4087879401431,0.010025370515591629,0.1921614324041966
PLTR,146.38999938964844,0.16712328767123288,124.67519789021706,0.010099538330068837,0.19484217038460436
PLTR,146.38999938964844,0.16712328767123288,124.94160784029101,0.010173917179663277,0.19754269551969145
PLTR,146.38999938964844,0.16712328767123288,125.20801779036498,0.01024850502277973,0.20026306375936256
PLTR,146.38999938964844,0.16712328767123288,125.47442774043893,0.010323299733411274,0.20300333049837652
PLTR,146.38999938964844,0.16712328767123288,125.74083769051289,0.010398299090448725,0.20576355055243514
PLTR,146.38999938964844,0.16712328767123288,126.00724764058684,0.010473500766039597,0.2085437781312954
PLTR,146.38999938964844,0.16712328767123288,126.2736575906608,0.010548902312937737,0.21134406680864795
PLTR,146.38999938964844,0.16712328767123288,126.54006754073475,0.010624501150782669,0.2141644694884806
PLTR,146.38999938964844,0.16712328767123288,126.80647749080872,0.010700294551245753,0.21700503836763804
PLTR,146.38999938964844,0.16712328767123288,127.07288744088268,0.010776279621978562,0.2198658248942623
PLTR,146.38999938964844,0.16712328767123288,127.33929739095663,0.010852453289297152,0.22274687972179016
PLTR,146.38999938964844,0.16712328767123288,127.60570734103058,0.01092881227953467,0.22564825265816013
PLTR,146.38999938964844,0.16712328767123288,127.87211729110454,0.011005353098993495,0.22856999260986402
PLTR,146.38999938964844,0.16712328767123288,128.1385272411785,0.01108207201242746,0.23151214752046206
PLTR,146.38999938964844,0.16712328767123288,128.40493719125246,0.01115896501998416,0.2344747643031609
PLTR,146.38999938964844,0.16712328767123288,128.6713471413264,0.011236027832537476,0.23745788876703428
PLTR,146.38999938964844,0.16712328767123288,128.93775709140039,0.011313255845340894,0.24046156553644804
PLTR,146.38999938964844,0.16712328767123288,129.20416704147434,0.011390644109933293,0.2434858379632323
PLTR,146.38999938964844,0.16712328767123288,129.47057699154828,0.011468187304230628,0.24653074803113043
PLTR,146.38999938964844,0.16712328767123288,129.73698694162223,0.011545879700739291,0.2495963362520267
PLTR,146.38999938964844,0.16712328767123288,130.00339689169618,0.011623715132830278,0.25268264155344916
PLTR,146.38999938964844,0.16712328767123288,130.26980684177016,0.01170168695901736,0.2557897011568215
PLTR,146.38999938964844,0.16712328767123288,130.5362167918441,0.01177978802518754,0.25891755044592385
PLTR,146.38999938964844,0.16712328767123288,130.80262674191806,0.0118580106247384,0.2620662228250163
PLTR,146.38999938964844,0.16712328767123288,131.06903669199204,0.01193634645658414,0.26523574956605506
PLTR,146.38999938964844,0.16712328767123288,131.335446642066,0.012014786581000992,0.26842615964443384
PLTR,146.38999938964844,0.16712328767123288,131.60185659213994,0.012093321373292509,0.2716374795626742
PLTR,146.38999938964844,0.16712328767123288,131.86826654221392,0.012171940475266953,0.27486973316147756
PLTR,146.38999938964844,0.16712328767123288,132.13467649228787,0.012250632744531977,0.27812294141755955
PLTR,146.38999938964844,0.16712328767123288,132.40108644236182,0.012329386201626725,0.281397122227691
PLTR,146.38999938964844,0.16712328767123288,132.66749639243577,0.012408187975027938,0.28469229017836756
PLTR,146.38999938964844,0.16712328767123288,132.93390634250972,0.01248702424408519,0.2880084563005547
PLTR,146.38999938964844,0.16712328767123288,133.2003162925837,0.012565880179960628,0.29134562780896384
PLTR,146.38999938964844,0.16712328767123288,133.46672624265764,0.012644739884671055,0.2947038078253398
PLTR,146.38999938964844,0.16712328767123288,133.7331361927316,0.012723586328354535,0.2980829950852757
PLTR,146.38999938964844,0.16712328767123288,133.99954614280557,0.012802401284910074,0.3014831836280951
PLTR,146.38999938964844,0.16712328767123288,134.26595609287952,0.012881165266187568,0.30490436246939456
PLTR,146.38999938964844,0.16712328767123288,134.53236604295347,0.012959857454935553,0.3083465152558917
PLTR,146.38999938964844,0.16712328767123288,134.79877599302742,0.013038455636746943,0.3118096199022727
PLTR,146.38999938964844,0.16712328767123288,135.06518594310137,0.013116936131277183,0.31529364820981465
PLTR,146.38999938964844,0.16712328767123288,135.33159589317535,0.013195273723045398,0.3187985654666277
PLTR,146.38999938964844,0.16712328767123288,135.5980058432493,0.013273441592166814,0.3223243300294514
PLTR,146.38999938964844,0.16712328767123288,135.86441579332325,0.013351411245403648,0.3258708928870431
PLTR,146.38999938964844,0.16712328767123288,136.13082574339722,0.013429152447961891,0.3294381972052943
PLTR,146.38999938964844,0.16712328767123288,136.39723569347117,0.013506633156502107,0.33302617785433825
PLTR,146.38999938964844,0.16712328767123288,136.66364564354512,0.013583819453873698,0.33663476091804373
PLTR,146.38999938964844,0.16712328767123288,136.9300555936191,0.01366067548612317,0.3402638631864214
PLTR,146.38999938964844,0.16712328767123288,137.19646554369305,0.013737163402367521,0.3439133916316298
PLTR,146.38999938964844,0.16712328767123288,137.462875493767,0.01381324329816345,0.34758324286843256
PLTR,146.38999938964844,0.16712328767123288,137.72928544384095,0.013888873163040757,0.35127330260011863
PLTR,146.38999938964844,0.16712328767123288,137.9956953939149,0.013964008832903748,0.35498344505109625
PLTR,146.38999938964844,0.16712328767123288,138.26210534398888,0.014038603948036852,0.35871353238755194
PLTR,146.38999938964844,0.16712328767123288,138.52851529406283,0.014112609917479108,0.3624634141277685
PLTR,146.38999938964844,0.16712328767123288,138.79492524413678,0.014185975890556066,0.36623292654390954
PLTR,146.38999938964844,0.16712328767123288,139.06133519421076,0.014258648736376237,0.3700218920572766
PLTR,146.38999938964844,0.16712328767123288,139.3277451442847,0.014330573032111287,0.3738301186292745
PLTR,146.38999938964844,0.16712328767123288,139.59415509435865,0.014401691060884588,0.37765739915053786
PLTR,146.38999938964844,0.16712328767123288,139.8605650444326,0.014471942820089758,0.3815035108308798
PLTR,146.38999938964844,0.16712328767123288,140.12697499450655,0.014541266040949637,0.3853682145929571
PLTR,146.38999938964844,0.16712328767123288,140.39338494458053,0.01460959622010528,0.38925125447274767
PLTR,146.38999938964844,0.16712328767123288,140.65979489465448,0.01467686666399369,0.39315235703014534
PLTR,146.38999938964844,0.16712328767123288,140.92620484472843,0.014743008546731353,0.3970712307731809
PLTR,146.38999938964844,0.16712328767123288,141.1926147948024,0.014807950982168114,0.40100756559954703
PLTR,146.38999938964844,0.16712328767123288,141.45902474487636,0.01487162111071149,0.40496103225928715
PLTR,146.38999938964844,0.16712328767123288,141.7254346949503,0.014933944201445544,0.4089312818426559
PLTR,146.38999938964844,0.16712328767123288,141.99184464502426,0.014994843769980669,0.41291794529727666
PLTR,146.38999938964844,0.16712328767123288,142.2582545950982,0.015054241712370945,0.41692063297883725
PLTR,146.38999938964844,0.16712328767123288,142.5246645451722,0.015112058455324824,0.42093893423963347
PLTR,146.38999938964844,0.16712328767123288,142.79107449524614,0.015168213122812997,0.42497241705931216
PLTR,146.38999938964844,0.16712328767123288,143.05748444532009,0.015222623719045104,0.42902062772218463
PLTR,146.38999938964844,0.16712328767123288,143.32389439539406,0.015275207327645682,0.43308309054544136
PLTR,146.38999938964844,0.16712328767123288,143.590304345468,0.015325880326710093,0.4371593076625441
PLTR,146.38999938964844,0.16712328767123288,143.85671429554196,0.015374558619264959,0.44124875886596693
PLTR,146.38999938964844,0.16712328767123288,144.12312424561594,0.015421157878495921,0.44535090151329737
PLTR,146.38999938964844,0.16712328767123288,144.3895341956899,0.015465593806940745,0.4494651705005292
PLTR,146.38999938964844,0.16712328767123288,144.65594414576384,0.015507782408678896,0.45359097830614165
PLTR,146.38999938964844,0.16712328767123288,144.9223540958378,0.015547640273382757,0.45772771510926835
PLTR,146.38999938964844,0.16712328767123288,145.18876404591174,0.01558508487093217,0.46187474898494985
PLTR,146.38999938964844,0.16712328767123288,145.45517399598572,0.015620034855135386,0.46603142617908694
PLTR,146.38999938964844,0.16712328767123288,145.72158394605967,0.015652410374948373,0.4701970714653054
PLTR,146.38999938964844,0.16712328767123288,145.98799389613362,0.015682133391442674,0.47437098858550253
PLTR,146.38999938964844,0.16712328767123288,146.2544038462076,0.01570912799864243,0.4785524607753484
PLTR,146.38999938964844,0.16712328767123288,146.52081379628154,0.015733320746235416,0.4827407513755112
PLTR,146.38999938964844,0.16712328767123288,146.7872237463555,0.015754640962064033,0.48693510452883043
PLTR,146.38999938964844,0.16712328767123288,147.05363369642944,0.015773021072220842,0.49113474596308154
PLTR,146.38999938964844,0.16712328767123288,147.3200436465034,0.015788396916512744,0.4953388838584023
PLTR,146.38999938964844,0.16712328767123288,147.58645359657737,0.015800708057018425,0.4995467097978423
PLTR,146.38999938964844,0.16712328767123288,147.85286354665132,0.01580989807744754,0.5037573997988876
PLTR,146.38999938964844,0.16712328767123288,148.11927349672527,0.01581591487101769,0.5079701154232119
PLTR,146.38999938964844,0.16712328767123288,148.38568344679925,0.01581871091459746,0.5121840049612892
PLTR,146.38999938964844,0.16712328767123288,148.6520933968732,0.015818243526921072,0.5163982046879176
PLTR,146.38999938964844,0.16712328767123288,148.91850334694715,0.015814475108762025,0.5206118401841354
PLTR,146.38999938964844,0.16712328767123288,149.18491329702113,0.01580737336305976,0.5248240277204479
PLTR,146.38999938964844,0.16712328767123288,149.45132324709508,0.015796911493123532,0.5290338756957772
PLTR,146.38999938964844,0.16712328767123288,149.71773319716903,0.015783068377190335,0.5332404861260706
PLTR,146.38999938964844,0.16712328767123288,149.98414314724297,0.015765828717787502,0.5374429561760512
PLTR,146.38999938964844,0.16712328767123288,150.25055309731692,0.01574518316454373,0.5416403797272269
PLTR,146.38999938964844,0.16712328767123288,150.5169630473909,0.01572112840930193,0.5458318489749271
PLTR,146.38999938964844,0.16712328767123288,150.78337299746485,0.015693667252612523,0.5500164560468641
PLTR,146.38999938964844,0.16712328767123288,151.0497829475388,0.015662808640921833,0.5541932946355098
PLTR,146.38999938964844,0.16712328767123288,151.31619289761278,0.01562856767401654,0.5583614616364142
PLTR,146.38999938964844,0.16712328767123288,151.58260284768673,0.01559096558253668,0.5625200587845194
PLTR,146.38999938964844,0.16712328767123288,151.84901279776068,0.01555002967562464,0.5666681942805093
PLTR,146.38999938964844,0.16712328767123288,152.11542274783463,0.015505793259032346,0.570804984399273
PLTR,146.38999938964844,0.16712328767123288,152.38183269790858,0.015458295524260016,0.574929555072694
PLTR,146.38999938964844,0.16712328767123288,152.64824264798256,0.015407581409544705,0.5790410434391563
PLTR,146.38999938964844,0.16712328767123288,152.9146525980565,0.015353701433752233,0.583138599352403
PLTR,146.38999938964844,0.16712328767123288,153.18106254813046,0.01529671150444893,0.5872213868427091
PLTR,146.38999938964844,0.16712328767123288,153.44747249820443,0.015236672701637397,0.5912885855236756
PLTR,146.38999938964844,0.16712328767123288,153.71388244827838,0.015173651038830983,0.595339391938391
PLTR,146.38999938964844,0.16712328767123288,153.98029239835233,0.015107717203312054,0.5993730208391711
PLTR,146.38999938964844,0.16712328767123288,154.2467023484263,0.015038946277568459,0.6033887063955903
PLTR,146.38999938964844,0.16712328767123288,154.51311229850026,0.014967417444028398,0.607385703326076
PLTR,146.38999938964844,0.16712328767123288,154.7795222485742,0.014893213675315839,0.6113632879489166
PLTR,146.38999938964844,0.16712328767123288,155.04593219864816,0.014816421412325259,0.6153207591491234
PLTR,146.38999938964844,0.16712328767123288,155.3123421487221,0.014737130232465923,0.6192574392582217
PLTR,146.38999938964844,0.16712328767123288,155.5787520987961,0.014655432510451481,0.6231726748446652
PLTR,146.38999938964844,0.16712328767123288,155.84516204887004,0.014571423074011615,0.6270658374132029
PLTR,146.38999938964844,0.16712328767123288,156.111571998944,0.014485198856878224,0.6309363240121658
PLTR,146.38999938964844,0.16712328767123288,156.37798194901796,0.01439685855135157,0.6347835577482459
PLTR,146.38999938964844,0.16712328767123288,156.64439189909191,0.014306502262682142,0.6386069882089566
PLTR,146.38999938964844,0.16712328767123288,156.91080184916586,0.014214231167413858,0.6424060917935487
PLTR,146.38999938964844,0.16712328767123288,157.1772117992398,0.014120147177725594,0.6461803719537011
PLTR,146.38999938964844,0.16712328767123288,157.44362174931376,0.014024352613682275,0.6499293593458437
PLTR,146.38999938964844,0.16712328767123288,157.71003169938774,0.013926949885167026,0.6536526118974543
PLTR,146.38999938964844,0.16712328767123288,157.9764416494617,0.013828041185113632,0.6573497147901225
PLTR,146.38999938964844,0.16712328767123288,158.24285159953564,0.013727728195496685,0.6610202803625913
PLTR,146.38999938964844,0.16712328767123288,158.50926154960962,0.013626111807367683,0.6646639479373386
PLTR,146.38999938964844,0.16712328767123288,158.77567149968357,0.013523291856051275,0.6682803835745931
PLTR,146.38999938964844,0.16712328767123288,159.04208144975752,0.01341936687243911,0.6718692797579514
PLTR,146.38999938964844,0.16712328767123288,159.3084913998315,0.013314433851142202,0.6754303550159799
PLTR,146.38999938964844,0.16712328767123288,159.57490134990542,0.013208588036087498,0.6789633534843731
PLTR,146.38999938964844,0.16712328767123288,159.8413112999794,0.013101922723973708,0.6824680444133775
PLTR,146.38999938964844,0.16712328767123288,160.10772125005334,0.012994529085836011,0.6859442216252568
PLTR,146.38999938964844,0.16712328767123288,160.3741312001273,0.012886496006811741,0.6893917029266543
PLTR,146.38999938964844,0.16712328767123288,160.64054115020127,0.012777909944050016,0.692810329480678
PLTR,146.38999938964844,0.16712328767123288,160.90695110027522,0.012668854802569718,0.6961999651435232
PLTR,146.38999938964844,0.16712328767123288,161.17336105034917,0.012559411828742153,0.6995604957703733
PLTR,146.38999938964844,0.16712328767123288,161.43977100042315,0.012449659520958934,0.7028918284952085
PLTR,146.38999938964844,0.16712328767123288,161.70618095049707,0.012339673556941882,0.7061938909890332
PLTR,146.38999938964844,0.16712328767123288,161.97259090057105,0.01222952673706071,0.7094666307008746
PLTR,146.38999938964844,0.16712328767123288,162.239000850645,0.012119288942946067,0.7127100140857098
PLTR,146.38999938964844,0.16712328767123288,162.50541080071895,0.012009027110619883,0.7159240258233093
PLTR,146.38999938964844,0.16712328767123288,162.77182075079293,0.011898805217311941,0.71910866803174
PLTR,146.38999938964844,0.16712328767123288,163.03823070086688,0.011788684281090459,0.7222639594790633
PLTR,146.38999938964844,0.16712328767123288,163.30464065094083,0.011678722372404927,0.7253899347965247
PLTR,146.38999938964844,0.16712328767123288,163.5710506010148,0.011568974636620844,0.7284866436962795
PLTR,146.38999938964844,0.16712328767123288,163.83746055108875,0.01145949332661732,0.7315541501964624
PLTR,146.38999938964844,0.16712328767123288,164.1038705011627,0.011350327844519493,0.7345925318561616
PLTR,146.38999938964844,0.16712328767123288,164.37028045123668,0.011241524791646732,0.7376018790226014
PLTR,146.38999938964844,0.16712328767123288,164.6366904013106,0.011133128025774677,0.7405822940926067
PLTR,146.38999938964844,0.16712328767123288,164.90310035138458,0.011025178724832541,0.7435338907901833
PLTR,146.38999938964844,0.16712328767123288,165.16951030145853,0.010917715456186463,0.7464567934618049
PLTR,146.38999938964844,0.16712328767123288,165.43592025153248,0.010810774250693813,0.7493511363908011
PLTR,146.38999938964844,0.16712328767123288,165.70233020160646,0.010704388680751747,0.7522170631320012
PLTR,146.38999938964844,0.16712328767123288,165.9687401516804,0.010598589941604479,0.7550547258676054
PLTR,146.38999938964844,0.16712328767123288,166.23515010175436,0.010493406935217785,0.7578642847850624
PLTR,146.38999938964844,0.16712328767123288,166.50156005182833,0.010388866356074774,0.7606459074775446
PLTR,146.38999938964844,0.16712328767123288,166.76797000190226,0.010284992778293481,0.7633997683674557
PLTR,146.38999938964844,0.16712328767123288,167.03437995197623,0.010181808743513996,0.7661260481532551
PLTR,146.38999938964844,0.16712328767123288,167.30078990205018,0.010079334849049725,0.7688249332797231
PLTR,146.38999938964844,0.16712328767123288,167.56719985212413,0.00997758983584378,0.7714966154316929
PLTR,146.38999938964844,0.16712328767123288,167.8336098021981,0.009876590675816855,0.7741412910511285
PLTR,146.38999938964844,0.16712328767123288,168.10001975227206,0.009776352658236991,0.7767591608773442
PLTR,146.38999938964844,0.16712328767123288,168.366429702346,0.00967688947478413,0.7793504295100615
PLTR,146.38999938964844,0.16712328767123288,168.63283965242,0.009578213303022703,0.7819153049949139
PLTR,146.38999938964844,0.16712328767123288,168.89924960249394,0.009480334888034177,0.7844539984309447
PLTR,146.38999938964844,0.16712328767123288,169.1656595525679,0.009383263621997668,0.786966723599581
PLTR,146.38999938964844,0.16712328767123288,169.43206950264187,0.009287007621540649,0.7894536966145103
PLTR,146.38999938964844,0.16712328767123288,169.6984794527158,0.00919157380271356,0.7919151355918465
PLTR,146.38999938964844,0.16712328767123288,169.96488940278977,0.009096967953471254,0.794351260339942
PLTR,146.38999938964844,0.16712328767123288,170.23129935286372,0.009003194803571155,0.796762292068159
PLTR,146.38999938964844,0.16712328767123288,170.49770930293766,0.008910258091822536,0.7991484531139159
PLTR,146.38999938964844,0.16712328767123288,170.76411925301164,0.008818160630643678,0.8015099666872874
PLTR,146.38999938964844,0.16712328767123288,171.0305292030856,0.008726904367903578,0.8038470566324409
PLTR,146.38999938964844,0.16712328767123288,171.29693915315954,0.008636490446043034,0.8061599472051898
PLTR,146.38999938964844,0.16712328767123288,171.56334910323352,0.008546919258485705,0.8084488628659319
PLTR,146.38999938964844,0.16712328767123288,171.82975905330744,0.008458190503363886,0.8107140280872598
PLTR,146.38999938964844,0.16712328767123288,172.09616900338142,0.008370303234595903,0.8129556671755348
PLTR,146.38999938964844,0.16712328767123288,172.36257895345537,0.008283255910362658,0.8151740041057158
PLTR,146.38999938964844,0.16712328767123288,172.62898890352932,0.008197046439039802,0.8173692623687698
PLTR,146.38999938964844,0.16712328767123288,172.8953988536033,0.008111672222649618,0.8195416648309855
PLTR,146.38999938964844,0.16712328767123288,173.16180880367725,0.008027130197902944,0.8216914336045418
PLTR,146.38999938964844,0.16712328767123288,173.4282187537512,0.007943416874906486,0.8238187899287022
PLTR,146.38999938964844,0.16712328767123288,173.69462870382517,0.007860528373614882,0.8259239540610174
PLTR,146.38999938964844,0.16712328767123288,173.96103865389912,0.007778460458109731,0.8280071451779508
PLTR,146.38999938964844,0.16712328767123288,174.22744860397307,0.007697208568790058,0.8300685812843595
PLTR,146.38999938964844,0.16712328767123288,174.49385855404705,0.007616767852559836,0.8321084791312824
PLTR,146.38999938964844,0.16712328767123288,174.76026850412097,0.007537133191098852,0.8341270541415156
PLTR,146.38999938964844,0.16712328767123288,175.02667845419495,0.007458299227303196,0.8361245203424776
PLTR,146.38999938964844,0.16712328767123288,175.2930884042689,0.007380260389981104,0.8381010903058826
PLTR,146.38999938964844,0.16712328767123288,175.55949835434285,0.007303010916888906,0.8400569750937754
PLTR,146.38999938964844,0.16712328767123288,175.82590830441683,0.007226544876190393,0.841992384210491
PLTR,146.38999938964844,0.16712328767123288,176.09231825449078,0.007150856186421232,0.8439075255601328
PLTR,146.38999938964844,0.16712328767123288,176.35872820456473,0.007075938635038056,0.8458026054091815
PLTR,146.38999938964844,0.16712328767123288,176.6251381546387,0.007001785895629611,0.8476778283538667
PLTR,146.38999938964844,0.16712328767123288,176.89154810471263,0.006928391543864928,0.849533397291955
PLTR,146.38999938964844,0.16712328767123288,177.1579580547866,0.00685574907225099,0.8513695133986311
PLTR,146.38999938964844,0.16712328767123288,177.42436800486055,0.006783851903769634,0.8531863761061562
PLTR,146.38999938964844,0.16712328767123288,177.6907779549345,0.006712693404460775,0.8549841830870244
PLTR,146.38999938964844,0.16712328767123288,177.95718790500848,0.006642266895016233,0.8567631302403362
PLTR,146.38999938964844,0.16712328767123288,178.22359785508243,0.0065725656614456385,0.8585234116811375
PLTR,146.38999938964844,0.16712328767123288,178.49000780515638,0.006503582964873148,0.8602652197324862
PLTR,146.38999938964844,0.16712328767123288,178.75641775523036,0.006435312050520904,0.861988744920018
PLTR,146.38999938964844,0.16712328767123288,179.02282770530428,0.006367746155932405,0.8636941759688054
PLTR,146.38999938964844,0.16712328767123288,179.28923765537826,0.0063008785184863565,0.8653816998023143
PLTR,146.38999938964844,0.16712328767123288,179.55564760545224,0.006234702382248835,0.8670515015432708
PLTR,146.38999938964844,0.16712328767123288,179.82205755552616,0.006169211004209124,0.8687037645162746
PLTR,146.38999938964844,0.16712328767123288,180.08846750560014,0.006104397659942027,0.8703386702519966
PLTR,146.38999938964844,0.16712328767123288,180.35487745567409,0.006040255648737136,0.8719563984928119
PLTR,146.38999938964844,0.16712328767123288,180.62128740574803,0.005976778298233117,0.8735571271997365
PLTR,146.38999938964844,0.16712328767123288,180.887697355822,0.0059139589685929415,0.8751410325605355
PLTR,146.38999938964844,0.16712328767123288,181.15410730589596,0.005851791056253765,0.8767082889988865
PLTR,146.38999938964844,0.16712328767123288,181.4205172559699,0.005790267997283158,0.8782590691844919
PLTR,146.38999938964844,0.16712328767123288,181.6869272060439,0.005729383270371419,0.8797935440440346
PLTR,146.38999938964844,0.16712328767123288,181.9533371561178,0.005669130399487835,0.8813118827728867
PLTR,146.38999938964844,0.16712328767123288,182.2197471061918,0.005609502956226951,0.882814252847486
PLTR,146.38999938964844,0.16712328767123288,182.48615705626574,0.005550494561869251,0.8843008200382968
PLTR,146.38999938964844,0.16712328767123288,182.7525670063397,0.005492098889179073,0.8857717484232871
PLTR,146.38999938964844,0.16712328767123288,183.01897695641367,0.005434309663960957,0.8872272004018521
PLTR,146.38999938964844,0.16712328767123288,183.28538690648762,0.00537712066639435,0.8886673367091211
PLTR,146.38999938964844,0.16712328767123288,183.55179685656157,0.005320525732165072,0.8900923164305956
PLTR,146.38999938964844,0.16712328767123288,183.81820680663554,0.005264518753410807,0.8915022970170622
PLTR,146.38999938964844,0.16712328767123288,184.08461675670947,0.005209093679496554,0.8928974342997344
PLTR,146.38999938964844,0.16712328767123288,184.35102670678344,0.005154244517634968,0.8942778825055833
PLTR,146.38999938964844,0.16712328767123288,184.6174366568574,0.0050999653333653255,0.8956437942728097
PLTR,146.38999938964844,0.16712328767123288,184.88384660693134,0.0050462502509039525,0.8969953206664321
PLTR,146.38999938964844,0.16712328767123288,185.15025655700532,0.004993093453377951,0.8983326111939487
PLTR,146.38999938964844,0.16712328767123288,185.41666650707927,0.004940489182953213,0.8996558138210489
PLTR,146.38999938964844,0.16712328767123288,185.68307645715322,0.0048884317408668596,0.9009650749873467
PLTR,146.38999938964844,0.16712328767123288,185.9494864072272,0.004836915487373497,0.9022605396221105
PLTR,146.38999938964844,0.16712328767123288,186.21589635730115,0.004785934841613969,0.9035423511599678
PLTR,146.38999938964844,0.16712328767123288,186.4823063073751,0.00473548428141454,0.9048106515565675
PLTR,146.38999938964844,0.16712328767123288,186.74871625744908,0.004685558343023948,0.9060655813041782
PLTR,146.38999938964844,0.16712328767123288,187.015126207523,0.004636151620795034,0.9073072794472106
PLTR,146.38999938964844,0.16712328767123288,187.28153615759697,0.004587258766817214,0.9085358835976484
PLTR,146.38999938964844,0.16712328767123288,187.54794610767092,0.004538874490505523,0.9097515299503741
PLTR,146.38999938964844,0.16712328767123288,187.81435605774487,0.004490993558151456,0.9109543532983826
PLTR,146.38999938964844,0.16712328767123288,188.08076600781885,0.00444361079244045,0.9121444870478685
PLTR,146.38999938964844,0.16712328767123288,188.3471759578928,0.0043967210719403895,0.913322063233182
PLTR,146.38999938964844,0.16712328767123288,188.61358590796675,0.004350319330565187,0.9144872125316451
PLTR,146.38999938964844,0.16712328767123288,188.87999585804073,0.004304400557017089,0.9156400642782226
PLTR,146.38999938964844,0.16712328767123288,189.14640580811465,0.004258959794211091,0.9167807464800405
PLTR,146.38999938964844,0.16712328767123288,189.41281575818863,0.004213992138684486,0.9179093858307514
PLTR,146.38999938964844,0.16712328767123288,189.67922570826258,0.004169492739994354,0.9190261077247387
PLTR,146.38999938964844,0.16712328767123288,189.94563565833653,0.004125456800105463,0.9201310362711607
PLTR,146.38999938964844,0.16712328767123288,190.2120456084105,0.00408187957277092,0.9212242943078298
PLTR,146.38999938964844,0.16712328767123288,190.47845555848446,0.004038756362907579,0.9223060034149262
PLTR,146.38999938964844,0.16712328767123288,190.7448655085584,0.003996082525968094,0.923376283928545
PLTR,146.38999938964844,0.16712328767123288,191.01127545863238,0.003953853467311292,0.9244352549540754
PLTR,146.38999938964844,0.16712328767123288,191.27768540870633,0.003912064641572338,0.9254830343794122
PLTR,146.38999938964844,0.16712328767123288,191.54409535878028,0.003870711552034067,0.9265197388879999
PLTR,146.38999938964844,0.16712328767123288,191.81050530885426,0.0038297897500006632,0.9275454839717097
PLTR,146.38999938964844,0.16712328767123288,192.07691525892818,0.003789294834174745,0.9285603839435492
PLTR,146.38999938964844,0.16712328767123288,192.34332520900216,0.0037492224500388156,0.9295645519502088
PLTR,146.38999938964844,0.16712328767123288,192.6097351590761,0.0037095682892418916,0.9305580999844407
PLTR,146.38999938964844,0.16712328767123288,192.87614510915006,0.0036703280889920464,0.9315411388972789
PLTR,146.38999938964844,0.16712328767123288,193.14255505922404,0.0036314976314555,0.9325137784100955
PLTR,146.38999938964844,0.16712328767123288,193.408965009298,0.003593072743162799,0.9334761271264994
PLTR,146.38999938964844,0.16712328767123288,193.67537495937194,0.0035550492944225586,0.9344282925440772
PLTR,146.38999938964844,0.16712328767123288,193.94178490944591,0.003517423198743167,0.9353703810659791
PLTR,146.38999938964844,0.16712328767123288,194.20819485951984,0.003480190412262783,0.9363024980123514
PLTR,146.38999938964844,0.16712328767123288,194.4746048095938,0.0034433469331878993,0.9372247476316199
PLTR,146.38999938964844,0.16712328767123288,194.74101475966776,0.003406888801240696,0.9381372331116219
PLTR,146.38999938964844,0.16712328767123288,195.0074247097417,0.0033708120971153587,0.9390400565905955
PLTR,146.38999938964844,0.16712328767123288,195.2738346598157,0.0033351129419434853,0.9399333191680233
PLTR,146.38999938964844,0.16712328767123288,195.54024460988964,0.0032997874967686824,0.9408171209153348
PLTR,146.38999938964844,0.16712328767123288,195.8066545599636,0.003264831962030387,0.9416915608864713
PLTR,146.38999938964844,0.16712328767123288,196.07306451003757,0.0032302425770569616,0.9425567371283138
PLTR,146.38999938964844,0.16712328767123288,196.3394744601115,0.0031960156195680336,0.9434127466909763
PLTR,146.38999938964844,0.16712328767123288,196.60588441018547,0.0031621474051860663,0.9442596856379698
PLTR,146.38999938964844,0.16712328767123288,196.87229436025945,0.003128634286957095,0.9450976490562348
PLTR,146.38999938964844,0.16712328767123288,197.13870431033337,0.0030954726548805688,0.9459267310660497
PLTR,146.38999938964844,0.16712328767123288,197.40511426040734,0.0030626589354481914,0.946747024830814
PLTR,146.38999938964844,0.16712328767123288,197.6715242104813,0.003030189591191673,0.9475586225667091
PLTR,146.38999938964844,0.16712328767123288,197.93793416055524,0.0029980611202392584,0.9483616155522419
PLTR,146.38999938964844,0.16712328767123288,198.20434411062922,0.002966270055880913,0.9491560941376693
PLTR,146.38999938964844,0.16712328767123288,198.47075406070317,0.0029348129661420173,0.949942147754309
PLTR,146.38999938964844,0.16712328767123288,198.73716401077712,0.002903686453365426,0.9507198649237378
PLTR,146.38999938964844,0.16712328767123288,199.0035739608511,0.002872887153801734,0.9514893332668799
PLTR,146.38999938964844,0.16712328767123288,199.26998391092502,0.0028424117372075866,0.9522506395129856
PLTR,146.38999938964844,0.16712328767123288,199.536393860999,0.002812256906451867,0.9530038695085067
PLTR,146.38999938964844,0.16712328767123288,199.80280381107295,0.0027824193971295926,0.9537491082258652
PLTR,146.38999938964844,0.16712328767123288,200.0692137611469,0.002752895977183348,0.9544864397721223
PLTR,146.38999938964844,0.16712328767123288,200.33562371122088,0.0027236834465320728,0.9552159473975464
PLTR,146.38999938964844,0.16712328767123288,200.60203366129483,0.002694778636707035,0.9559377135040831
PLTR,146.38999938964844,0.16712328767123288,200.86844361136878,0.0026661784104948143,0.9566518196537299
PLTR,146.38999938964844,0.16712328767123288,201.13485356144275,0.0026378796615871163,0.9573583465768163
PLTR,146.38999938964844,0.16712328767123288,201.40126351151667,0.002609879314237234,0.958057374180191
PLTR,146.38999938964844,0.16712328767123288,201.66767346159065,0.002582174322922999,0.9587489815553196
PLTR,146.38999938964844,0.16712328767123288,201.9340834116646,0.002554761672016034,0.9594332469862921
PLTR,146.38999938964844,0.16712328767123288,202.20049336173855,0.002527638375457136,0.9601102479577437
PLTR,146.38999938964844,0.16712328767123288,202.46690331181253,0.0025008014764376345,0.9607800611626903
PLTR,146.38999938964844,0.16712328767123288,202.73331326188648,0.0024742480470865374,0.961442762510279
PLTR,146.38999938964844,0.16712328767123288,202.99972321196043,0.002447975188163321,0.962098427133457
PLTR,146.38999938964844,0.16712328767123288,203.2661331620344,0.002421980028756186,0.9627471293965579
PLTR,146.38999938964844,0.16712328767123288,203.53254311210836,0.0023962597259856292,0.9633889429028105
PLTR,146.38999938964844,0.16712328767123288,203.7989530621823,0.0023708114647131833,0.964023940501767
PLTR,146.38999938964844,0.16712328767123288,204.06536301225628,0.0023456324572551537,0.9646521942966562
PLTR,146.38999938964844,0.16712328767123288,204.3317729623302,0.002320719943101226,0.9652737756516593
PLTR,146.38999938964844,0.16712328767123288,204.59818291240418,0.0022960711886377866,0.9658887551991135
PLTR,146.38999938964844,0.16712328767123288,204.86459286247813,0.0022716834868758166,0.9664972028466403
PLTR,146.38999938964844,0.16712328767123288,205.13100281255208,0.002247554157183231,0.9670991877842033
PLTR,146.38999938964844,0.16712328767123288,205.39741276262606,0.0022236805450215206,0.9676947784910951
PLTR,146.38999938964844,0.16712328767123288,205.6638227127,0.002200060021686567,0.9682840427428535
PLTR,146.38999938964844,0.16712328767123288,205.93023266277396,0.0021766899840535135,0.9688670476181112
PLTR,146.38999938964844,0.16712328767123288,206.19664261284794,0.0021535678543255616,0.9694438595053761
PLTR,146.38999938964844,0.16712328767123288,206.46305256292186,0.0021306910797865724,0.9700145441097464
PLTR,146.38999938964844,0.16712328767123288,206.72946251299584,0.002108057132557371,0.9705791664595598
PLTR,146.38999938964844,0.16712328767123288,206.9958724630698,0.0020856635093556273,0.9711377909129778
PLTR,146.38999938964844,0.16712328767123288,207.26228241314374,0.002063507731259214,0.9716904811645081
PLTR,146.38999938964844,0.16712328767123288,207.52869236321771,0.0020415873434729385,0.9722373002514623
PLTR,146.38999938964844,0.16712328767123288,207.79510231329166,0.002019899915098545,0.9727783105603532
PLTR,146.38999938964844,0.16712328767123288,208.06151226336561,0.0019984430389078855,0.9733135738332317
PLTR,146.38999938964844,0.16712328767123288,208.3279222134396,0.001977214331119179,0.9738431511739618
PLTR,146.38999938964844,0.16712328767123288,208.59433216351354,0.001956211431176254,0.9743671030544382
PLTR,146.38999938964844,0.16712328767123288,208.8607421135875,0.0019354320015306907,0.9748854893207447
PLTR,146.38999938964844,0.16712328767123288,209.12715206366147,0.0019148737274267847,0.9753983691992553
PLTR,146.38999938964844,0.16712328767123288,209.3935620137354,0.001894534316689245,0.9759058013026773
PLTR,146.38999938964844,0.16712328767123288,209.65997196380937,0.0018744114995135454,0.9764078436360404
PLTR,146.38999938964844,0.16712328767123288,209.92638191388332,0.0018545030282588637,0.9769045536026273
PLTR,146.38999938964844,0.16712328767123288,210.19279186395727,0.0018348066772435228,0.9773959880098524
PLTR,146.38999938964844,0.16712328767123288,210.45920181403125,0.0018153202425428788,0.9778822030750843
PLTR,146.38999938964844,0.16712328767123288,210.7256117641052,0.0017960415417895739,0.9783632544314158
PLTR,146.38999938964844,0.16712328767123288,210.99202171417915,0.001776968413976103,0.9788391971333804
PLTR,146.38999938964844,0.16712328767123288,211.25843166425312,0.0017580987192596222,0.9793100856626171
PLTR,146.38999938964844,0.16712328767123288,211.52484161432704,0.0017394303387689393,0.9797759739334828
PLTR,146.38999938964844,0.16712328767123288,211.79125156440102,0.0017209611744136418,0.9802369152986145
PLTR,146.38999938964844,0.16712328767123288,212.05766151447497,0.0017026891486952873,0.9806929625544395
PLTR,146.38999938964844,0.16712328767123288,212.32407146454892,0.0016846122045206208,0.9811441679466373
PLTR,146.38999938964844,0.16712328767123288,212.5904814146229,0.0016667283050167587,0.9815905831755507
PLTR,146.38999938964844,0.16712328767123288,212.85689136469685,0.001649035433348293,0.9820322594015481
PLTR,146.38999938964844,0.16712328767123288,213.1233013147708,0.0016315315925362693,0.9824692472503382
PLTR,146.38999938964844,0.16712328767123288,213.38971126484478,0.0016142148052789955,0.9829015968182356
PLTR,146.38999938964844,0.16712328767123288,213.6561212149187,0.0015970831137746345,0.9833293576773794
PLTR,146.38999938964844,0.16712328767123288,213.92253116499268,0.0015801345795455424,0.9837525788809052
PLTR,146.38999938964844,0.16712328767123288,214.18894111506665,0.0015633672832643134,0.9841713089680695
PLTR,146.38999938964844,0.16712328767123288,214.45535106514058,0.0015467793245814876,0.9845855959693288
PLTR,146.38999938964844,0.16712328767123288,214.72176101521455,0.0015303688219548946,0.9849954874113733
PLTR,146.38999938964844,0.16712328767123288,214.9881709652885,0.0015141339124805915,0.9854010303221138
PLTR,146.38999938964844,0.16712328767123288,215.25458091536245,0.0014980727517253645,0.9858022712356256
PLTR,146.38999938964844,0.16712328767123288,215.52099086543643,0.0014821835135607597,0.9861992561970468
PLTR,146.38999938964844,0.16712328767123288,215.78740081551038,0.0014664643899986178,0.9865920307674333
PLTR,146.38999938964844,0.16712328767123288,216.05381076558433,0.0014509135910280785,0.9869806400285693
PLTR,146.38999938964844,0.16712328767123288,216.3202207156583,0.001435529344454031,0.987365128587736
PLTR,146.38999938964844,0.16712328767123288,216.58663066573223,0.001420309893934561,0.9877455405821951
PLTR,146.38999938964844,0.16712328767123288,216.8530406158062,0.0014052534948833795,0.988121919682868
PLTR,146.38999938964844,0.16712328767123288,217.11945056588016,0.001390358408529372,0.9884943090966751
PLTR,146.38999938964844,0.16712328767123288,217.3858605159541,0.0013756228869778152,0.9888627515660959
PLTR,146.38999938964844,0.16712328767123288,217.65227046602809,0.00136104514316938,0.9892272893627362
PLTR,146.38999938964844,0.16712328767123288,217.91868041610203,0.001346623294692428,0.98958796426941
PLTR,146.38999938964844,0.16712328767123288,218.18509036617598,0.001332355266511097,0.9899448175417797
PLTR,146.38999938964844,0.16712328767123288,218.45150031624996,0.0013182386359061192,0.9902978898363843
PLTR,146.38999938964844,0.16712328767123288,218.71791026632388,0.0013042704064525127,0.9906472210879059
PLTR,146.38999938964844,0.16712328767123288,218.98432021639786,0.0012904467099406262,0.9909928503166231
PLTR,146.38999938964844,0.16712328767123288,219.2507301664718,0.0012767624571431184,0.9913348153496392
PLTR,146.38999938964844,0.16712328767123288,219.51714011654576,0.0012632109872907492,0.9916731524488995
PLTR,146.38999938964844,0.16712328767123288,219.78355006661974,0.0012497837934733443,0.9920078958559393
PLTR,146.38999938964844,0.16712328767123288,220.0499600166937,0.0012364704142471784,0.9923390772856143
PLTR,146.38999938964844,0.16712328767123288,220.31636996676764,0.0012232585686971983,0.9926667254233852
PLTR,146.38999938964844,0.16712328767123288,220.58277991684162,0.0012101345689602145,0.992990865495542
PLTR,146.38999938964844,0.16712328767123288,220.84918986691557,0.0011970839792574883,0.993311518982166
PLTR,146.38999938964844,0.16712328767123288,221.11559981698952,0.001184092424057439,0.9936287035255281
PLTR,146.38999938964844,0.16712328767123288,221.3820097670635,0.0011711464044256346,0.9939424330548824
PLTR,146.38999938964844,0.16712328767123288,221.64841971713741,0.0011582339781616214,0.9942527181105965
PLTR,146.38999938964844,0.16712328767123288,221.9148296672114,0.001145345197552641,0.9945595663171932
PLTR,146.38999938964844,0.16712328767123288,222.18123961728534,0.0011324722635558525,0.994862982935239
PLTR,146.38999938964844,0.16712328767123288,222.4476495673593,0.0011196094228914538,0.9951629714200635
PLTR,146.38999938964844,0.16712328767123288,222.71405951743327,0.0011067526829520841,0.9954595339287957
PLTR,146.38999938964844,0.16712328767123288,222.9804694675072,0.0010938994375966318,0.9957526717395785
PLTR,146.38999938964844,0.16712328767123288,223.24687941758117,0.0010810485168733957,0.9960423856275604
PLTR,146.38999938964844,0.16712328767123288,223.51328936765515,0.00106820012989517,0.9963286762399015
PLTR,146.38999938964844,0.16712328767123288,223.77969931772907,0.0010553561488636327,0.9966115445010032
PLTR,146.38999938964844,0.16712328767123288,224.04610926780305,0.0010425217034930236,0.996890992267957
PLTR,146.38999938964844,0.16712328767123288,224.31251921787702,0.0010297081048216289,0.9971670235878444
PLTR,146.38999938964844,0.16712328767123288,224.57892916795095,0.0010169379922314885,0.9974396470301118
PLTR,146.38999938964844,0.16712328767123288,224.84533911802492,0.001004253414626136,0.9977088797810072
PLTR,146.38999938964844,0.16712328767123288,225.1117490680989,0.0009917271132719794,0.9979747543174001
PLTR,146.38999938964844,0.16712328767123288,225.37815901817282,0.000979476221720688,0.9982373284084306
PLTR,146.38999938964844,0.16712328767123288,225.6445689682468,0.0009676759423492409,0.9984966987638387
PLTR,146.38999938964844,0.16712328767123288,225.91097891832072,0.0009565689046224277,0.9987530177506446
PLTR,146.38999938964844,0.16712328767123288,226.1773888683947,0.0009464647030555093,0.99900651129485
PLTR,146.38999938964844,0.16712328767123288,226.44379881846868,0.0009377245935760117,0.9992574946830727
PLTR,146.38999938964844,0.16712328767123288,226.7102087685426,0.0009307292202624805,0.9995063820267027
PLTR,146.38999938964844,0.16712328767123288,226.97661871861658,0.0009258322622704481,0.9997536852526382
PLTR,146.38999938964844,0.16712328767123288,227.24302866869056,0.0009233084871153185,1.0
MSFT,422.7900085449219,0.16712328767123288,327.1635859603395,0.001237160494088658,0.0
MSFT,422.7900085449219,0.16712328767123288,327.60287138589285,0.0012411833111528048,0.0005443501565765034
MSFT,422.7900085449219,0.16712328767123288,328.04215681144615,0.001248988905931215,0.001091298337617875
MSFT,422.7900085449219,0.16712328767123288,328.4814422369995,0.0012601393077721064,0.0016424100651801663
MSFT,422.7900085449219,0.16712328767123288,328.92072766255285,0.0012740707633873882,0.0021990308399556092
MSFT,422.7900085449219,0.16712328767123288,329.36001308810614,0.00129017653826213,0.0027622490735201063
MSFT,422.7900085449219,0.16712328767123288,329.7992985136595,0.001307880801975455,0.0033328934356792435
MSFT,422.7900085449219,0.16712328767123288,330.23858393921284,0.0013266900707491322,0.003911557729166885
MSFT,422.7900085449219,0.16712328767123288,330.67786936476614,0.0013462176009585425,0.00449864242118227
MSFT,422.7900085449219,0.16712328767123288,331.1171547903195,0.0013661841256054493,0.0050944016945449234
MSFT,422.7900085449219,0.16712328767123288,331.55644021587284,0.0013864029383171509,0.005698987384418867
MSFT,422.7900085449219,0.16712328767123288,331.99572564142613,0.0014067580941717107,0.006312484850816742
MSFT,422.7900085449219,0.16712328767123288,332.4350110669795,0.0014271825744107927,0.006934939267112348
MSFT,422.7900085449219,0.16712328767123288,332.87429649253284,0.0014476403063387762,0.00756637316339264
MSFT,422.7900085449219,0.16712328767123288,333.31358191808613,0.001468113290899959,0.008206797193278423
MSFT,422.7900085449219,0.16712328767123288,333.7528673436395,0.0014885934145394191,0.008856216274946115
MSFT,422.7900085449219,0.16712328767123288,334.1921527691928,0.001509077816025612,0.009514632916039928
MSFT,422.7900085449219,0.16712328767123288,334.6314381947461,0.0015295663876475807,0.010182048972097828
MSFT,422.7900085449219,0.16712328767123288,335.0707236202995,0.0015500613833886942,0.010858466770070622
MSFT,422.7900085449219,0.16712328767123288,335.51000904585277,0.001570567588511534,0.011543890183028187
MSFT,422.7900085449219,0.16712328767123288,335.9492944714061,0.0015910923300372676,0.01223832574441553
MSFT,422.7900085449219,0.16712328767123288,336.38857989695947,0.0016116461606380606,0.012941783914821734
MSFT,422.7900085449219,0.16712328767123288,336.82786532251276,0.0016322433786124329,0.0136542806131705
MSFT,422.7900085449219,0.16712328767123288,337.2671507480661,0.0016529022141743505,0.014375838903036528
MSFT,422.7900085449219,0.16712328767123288,337.70643617361947,0.0016736445459840427,0.015106490657616177
MSFT,422.7900085449219,0.16712328767123288,338.14572159917276,0.0016944951006385115,0.01584627798661093
MSFT,422.7900085449219,0.16712328767123288,338.5850070247261,0.0017154802113656963,0.016595254214641024
MSFT,422.7900085449219,0.16712328767123288,339.02429245027946,0.0017366263302854487,0.017353484260243388
MSFT,422.7900085449219,0.16712328767123288,339.46357787583275,0.0017579585575425202,0.018121044365034197
MSFT,422.7900085449219,0.16712328767123288,339.9028633013861,0.0017794994434719902,0.01889802123671058
MSFT,422.7900085449219,0.16712328767123288,340.34214872693946,0.0018012682399943722,0.01968451076453018
MSFT,422.7900085449219,0.16712328767123288,340.78143415249275,0.0018232806563271077,0.02048061651670983
MSFT,422.7900085449219,0.16712328767123288,341.2207195780461,0.0018455490561752237,0.021286448227479514
MSFT,422.7900085449219,0.16712328767123288,341.66000500359945,0.001868082955476052,0.022102120436772902
MSFT,422.7900085449219,0.16712328767123288,342.09929042915275,0.0018908896566762169,0.022927751378559146
MSFT,422.7900085449219,0.16712328767123288,342.5385758547061,0.0019139748796868263,0.023763462147073696
MSFT,422.7900085449219,0.16712328767123288,342.97786128025945,0.0019373432995191237,0.024609376119720618
MSFT,422.7900085449219,0.16712328767123288,343.41714670581274,0.001960998953136336,0.025465618587425687
MSFT,422.7900085449219,0.16712328767123288,343.8564321313661,0.001984945517811326,0.026332316535490754
MSFT,422.7900085449219,0.16712328767123288,344.29571755691944,0.002009186485015109,0.027209598523779688
MSFT,422.7900085449219,0.16712328767123288,344.73500298247274,0.002033725260119244,0.028097594626997565
MSFT,422.7900085449219,0.16712328767123288,345.1742884080261,0.0020585652149194673,0.028996436408405216
MSFT,422.7900085449219,0.16712328767123288,345.6135738335794,0.0020837097129098804,0.029906256910620342
MSFT,422.7900085449219,0.16712328767123288,346.05285925913273,0.0021091621182390613,0.030827190653938803
MSFT,422.7900085449219,0.16712328767123288,346.4921446846861,0.002134925801491587,0.03175937363789116
MSFT,422.7900085449219,0.16712328767123288,346.9314301102394,0.002161004141340214,0.03270294334443316
MSFT,422.7900085449219,0.16712328767123288,347.3707155357927,0.002187400522962225,0.033658038741151294
MSFT,422.7900085449219,0.16712328767123288,347.8100009613461,0.0022141183363715783,0.03462480028375307
MSFT,422.7900085449219,0.16712328767123288,348.24928638689937,0.00224116097466407,0.035603369917806604
MSFT,422.7900085449219,0.16712328767123288,348.6885718124527,0.0022685318321726666,0.03659389107968968
MSFT,422.7900085449219,0.16712328767123288,349.1278572380061,0.002296234302530133,0.0375965086967069
MSFT,422.7900085449219,0.16712328767123288,349.56714266355937,0.002324271776636031,0.038611369186335946
MSFT,422.7900085449219,0.16712328767123288,350.0064280891127,0.002352647640525156,0.03963862045455914
MSFT,422.7900085449219,0.16712328767123288,350.44571351466607,0.0023813652731344433,0.04067841189323515
MSFT,422.7900085449219,0.16712328767123288,350.88499894021936,0.002410428043965329,0.04173089437646795
MSFT,422.7900085449219,0.16712328767123288,351.3242843657727,0.0024398393106385774,0.042796220255925305
MSFT,422.7900085449219,0.16712328767123288,351.76356979132606,0.002469602416338542,0.04387454335505756
MSFT,422.7900085449219,0.16712328767123288,352.20285521687936,0.0024997206871438154,0.04496601896217009
MSFT,422.7900085449219,0.16712328767123288,352.6421406424327,0.0025301974292412537,0.04607080382229745
MSFT,422.7900085449219,0.16712328767123288,353.08142606798606,0.0025610359260203447,0.047189056127826215
MSFT,422.7900085449219,0.16712328767123288,353.52071149353935,0.0025922394350448943,0.04832093550781564
MSFT,422.7900085449219,0.16712328767123288,353.9599969190927,0.002623811184899049,0.049466603015960585
MSFT,422.7900085449219,0.16712328767123288,354.39928234464605,0.002655754371904692,0.050626221117139256
MSFT,422.7900085449219,0.16712328767123288,354.83856777019935,0.0026880721567072692,0.0517999536724914
MSFT,422.7900085449219,0.16712328767123288,355.2778531957527,0.0027207676607271854,0.0529879659229672
MSFT,422.7900085449219,0.16712328767123288,355.71713862130605,0.0027538439624739293,0.05419042447128581
MSFT,422.7900085449219,0.16712328767123288,356.15642404685934,0.002787304093720179,0.05540749726224533
MSFT,422.7900085449219,0.16712328767123288,356.5957094724127,0.002821151035533214,0.056639353561320806
MSFT,422.7900085449219,0.16712328767123288,357.03499489796604,0.00285538771416103,0.05788616393148557
MSFT,422.7900085449219,0.16712328767123288,357.47428032351934,0.0028900169967707003,0.05914810020819434
MSFT,422.7900085449219,0.16712328767123288,357.9135657490727,0.002925041687036585,0.06042533547246133
MSFT,422.7900085449219,0.16712328767123288,358.35285117462604,0.0029604645205761715,0.06171804402196536
MSFT,422.7900085449219,0.16712328767123288,358.79213660017933,0.002996288160231447,0.06302640134011751
MSFT,422.7900085449219,0.16712328767123288,359.2314220257327,0.003032515191193873,0.06435058406302169
MSFT,422.7900085449219,0.16712328767123288,359.67070745128603,0.003069148115971195,0.06569076994425732
MSFT,422.7900085449219,0.16712328767123288,360.1099928768393,0.0031061893491945453,0.06704713781741758
MSFT,422.7900085449219,0.16712328767123288,360.5492783023927,0.0031436412122644608,0.06841986755633102
MSFT,422.7900085449219,0.16712328767123288,360.98856372794603,0.0031815059278347186,0.06980914003289403
MSFT,422.7900085449219,0.16712328767123288,361.4278491534993,0.003219785614133091,0.07121513707244605
MSFT,422.7900085449219,0.16712328767123288,361.8671345790527,0.003258482279118423,0.07263804140661384
MSFT,422.7900085449219,0.16712328767123288,362.30642000460597,0.003297597814473706,0.07407803662355139
MSFT,422.7900085449219,0.16712328767123288,362.7457054301593,0.0033371339894351384,0.07553530711550761
MSFT,422.7900085449219,0.16712328767123288,363.18499085571267,0.0033770924444574838,0.07701003802364466
MSFT,422.7900085449219,0.16712328767123288,363.62427628126596,0.0034174746847163975,0.07850241518003945
MSFT,422.7900085449219,0.16712328767123288,364.0635617068193,0.003458282073448764,0.0800126250467954
MSFT,422.7900085449219,0.16712328767123288,364.50284713237266,0.0034995158251324918,0.08154085465219164
MSFT,422.7900085449219,0.16712328767123288,364.94213255792596,0.0035411769985076113,0.08308729152380302
MSFT,422.7900085449219,0.16712328767123288,365.3814179834793,0.0035832664894410063,0.08465212361852018
MSFT,422.7900085449219,0.16712328767123288,365.82070340903266,0.0036257850236375263,0.08623553924939954
MSFT,422.7900085449219,0.16712328767123288,366.25998883458595,0.0036687331492007776,0.0878377270092803
MSFT,422.7900085449219,0.16712328767123288,366.6992742601393,0.0037121112290473624,0.0894588756911012
MSFT,422.7900085449219,0.16712328767123288,367.13855968569266,0.0037559194331789067,0.09109917420485196
MSFT,422.7900085449219,0.16712328767123288,367.57784511124595,0.0038001577308167758,0.09275881149110164
MSFT,422.7900085449219,0.16712328767123288,368.0171305367993,0.0038448258824049686,0.0944379764310429
MSFT,422.7900085449219,0.16712328767123288,368.45641596235265,0.0038899234314873046,0.09613685775299373
MSFT,422.7900085449219,0.16712328767123288,368.89570138790594,0.003935449696465664,0.0978556439353068
MSFT,422.7900085449219,0.16712328767123288,369.3349868134593,0.003981403762246681,0.09959452310563378
MSFT,422.7900085449219,0.16712328767123288,369.7742722390126,0.0040277844717850194,0.10135368293649531
MSFT,422.7900085449219,0.16712328767123288,370.21355766456594,0.004074590417532034,0.10313331053711852
MSFT,422.7900085449219,0.16712328767123288,370.6528430901193,0.004121819932799385,0.10493359234149613
MSFT,422.7900085449219,0.16712328767123288,371.0921285156726,0.004169471083047901,0.10675471399263747
MSFT,422.7900085449219,0.16712328767123288,371.53141394122594,0.0042175416571127635,0.1085968602229789
MSFT,422.7900085449219,0.16712328767123288,371.9706993667793,0.004266029158376894,0.11046021473092608
MSFT,422.7900085449219,0.16712328767123288,372.4099847923326,0.004314930795905215,0.11234496005351238
MSFT,422.7900085449219,0.16712328767123288,372.84927021788593,0.0043642434755532655,0.11425127743515705
MSFT,422.7900085449219,0.16712328767123288,373.2885556434393,0.004413963791064509,0.1161793466925129
MSFT,422.7900085449219,0.16712328767123288,373.7278410689926,0.004464088015171514,0.11812934607540619
MSFT,422.7900085449219,0.16712328767123288,374.1671264945459,0.0045146120907170045,0.12010145212387177
MSFT,422.7900085449219,0.16712328767123288,374.6064119200993,0.004565531621811685,0.12209583952129364
MSFT,422.7900085449219,0.16712328767123288,375.04569734565257,0.004616841865046558,0.12411268094367554
MSFT,422.7900085449219,0.16712328767123288,375.4849827712059,0.004668537720778345,0.1261521469050673
MSFT,422.7900085449219,0.16712328767123288,375.9242681967593,0.004720613724507446,0.1282144055991809
MSFT,422.7900085449219,0.16712328767123288,376.36355362231257,0.004773064038368737,0.13029962273724635
MSFT,422.7900085449219,0.16712328767123288,376.8028390478659,0.004825882442756353,0.1324079613821588
MSFT,422.7900085449219,0.16712328767123288,377.24212447341927,0.004879062328104377,0.13453958177897846
MSFT,422.7900085449219,0.16712328767123288,377.68140989897256,0.0049325966868461885,0.13669464118186164
MSFT,422.7900085449219,0.16712328767123288,378.1206953245259,0.004986478105576038,0.138873293677504
MSFT,422.7900085449219,0.16712328767123288,378.55998075007926,0.005040698757437069,0.14107569000518771
MSFT,422.7900085449219,0.16712328767123288,378.99926617563256,0.005095250394760814,0.1433019773735426
MSFT,422.7900085449219,0.16712328767123288,379.4385516011859,0.005150124341983806,0.14555229927413482
MSFT,422.7900085449219,0.16712328767123288,379.87783702673926,0.005205311488867646,0.14782679529200782
MSFT,422.7900085449219,0.16712328767123288,380.31712245229255,0.005260802284049368,0.15012560091332033
MSFT,422.7900085449219,0.16712328767123288,380.7564078778459,0.005316586728949552,0.15244884733022962
MSFT,422.7900085449219,0.16712328767123288,381.19569330339925,0.005372654372066071,0.15479666124318062
MSFT,422.7900085449219,0.16712328767123288,381.63497872895255,0.005428994303681776,0.15716916466078215
MSFT,422.7900085449219,0.16712328767123288,382.0742641545059,0.005485595151014759,0.15956647469745538
MSFT,422.7900085449219,0.16712328767123288,382.51354958005925,0.005542445073840095,0.1619887033690528
MSFT,422.7900085449219,0.16712328767123288,382.95283500561254,0.005599531760612177,0.16443595738666644
MSFT,422.7900085449219,0.16712328767123288,383.3921204311659,0.005656842425116784,0.1669083379488493
MSFT,422.7900085449219,0.16712328767123288,383.83140585671924,0.00571436380368213,0.16940594053248573
MSFT,422.7900085449219,0.16712328767123288,384.27069128227254,0.005772082152977922,0.17192885468256888
MSFT,422.7900085449219,0.16712328767123288,384.7099767078259,0.0058299832484314,0.17447716380114683
MSFT,422.7900085449219,0.16712328767123288,385.14926213337924,0.005888052383288901,0.17705094493571163
MSFT,422.7900085449219,0.16712328767123288,385.58854755893253,0.005946274368351152,0.1796502685673271
MSFT,422.7900085449219,0.16712328767123288,386.0278329844859,0.006004633532409971,0.18227519839879447
MSFT,422.7900085449219,0.16712328767123288,386.46711841003923,0.006063113723413329,0.1849257911431668
MSFT,422.7900085449219,0.16712328767123288,386.9064038355925,0.006121698310385057,0.18760209631294383
MSFT,422.7900085449219,0.16712328767123288,387.3456892611459,0.006180370186124484,0.19030415601028167
MSFT,422.7900085449219,0.16712328767123288,387.7849746866992,0.006239111770710337,0.1930320047185615
MSFT,422.7900085449219,0.16712328767123288,388.2242601122525,0.00629790501583202,0.19578566909568437
MSFT,422.7900085449219,0.16712328767123288,388.6635455378059,0.006356731409970112,0.19856516776945007
MSFT,422.7900085449219,0.16712328767123288,389.10283096335917,0.006415571984446486,0.2013705111354061
MSFT,422.7900085449219,0.16712328767123288,389.5421163889125,0.006474407320362929,0.20420170115754965
MSFT,422.7900085449219,0.16712328767123288,389.98140181446587,0.006533217556445341,0.2070587311722732
MSFT,422.7900085449219,0.16712328767123288,390.42068724001916,0.006591982397808865,0.2099415856959615
MSFT,422.7900085449219,0.16712328767123288,390.8599726655725,0.00665068112565727,0.2128502402366443
MSFT,422.7900085449219,0.16712328767123288,391.29925809112586,0.006709292607927832,0.21578466111011407
MSFT,422.7900085449219,0.16712328767123288,391.73854351667916,0.006767795310890725,0.21874480526093276
MSFT,422.7900085449219,0.16712328767123288,392.1778289422325,0.0068261673117095975,0.22173062008874542
MSFT,422.7900085449219,0.16712328767123288,392.61711436778586,0.006884386311967565,0.22474204328031994
MSFT,422.7900085449219,0.16712328767123288,393.05639979333915,0.00694242965216021,0.22777900264774442
MSFT,422.7900085449219,0.16712328767123288,393.4956852188925,0.007000274327154616,0.2308414159732033
MSFT,422.7900085449219,0.16712328767123288,393.9349706444458,0.007057897002610548,0.23392919086075178
MSFT,422.7900085449219,0.16712328767123288,394.37425606999915,0.0071152740323571695,0.2370422245955199
MSFT,422.7900085449219,0.16712328767123288,394.8135414955525,0.007172381476715648,0.24018040401075127
MSFT,422.7900085449219,0.16712328767123288,395.2528269211058,0.00722919512175499,0.24334360536310004
MSFT,422.7900085449219,0.16712328767123288,395.69211234665914,0.007285690499465477,0.24653169421658805
MSFT,422.7900085449219,0.16712328767123288,396.1313977722125,0.007341842908830816,0.2497445253356177
MSFT,422.7900085449219,0.16712328767123288,396.5706831977658,0.00739762743777709,0.2529819425874376
MSFT,422.7900085449219,0.16712328767123288,397.00996862331914,0.007453018985973336,0.2562437788544374
MSFT,422.7900085449219,0.16712328767123288,397.4492540488725,0.007507992288455465,0.25952985595663536
MSFT,422.7900085449219,0.16712328767123288,397.8885394744258,0.007562521940042021,0.2628399845847216
MSFT,422.7900085449219,0.16712328767123288,398.32782489997913,0.007616582420507141,0.26617396424399287
MSFT,422.7900085449219,0.16712328767123288,398.7671103255325,0.007670148120472952,0.26953158320949977
MSFT,422.7900085449219,0.16712328767123288,399.2063957510858,0.007723193367980615,0.272912618492721
MSFT,422.7900085449219,0.16712328767123288,399.64568117663913,0.007775692455696168,0.27631683582004934
MSFT,422.7900085449219,0.16712328767123288,400.0849666021925,0.007827619668704445,0.2797439896233539
MSFT,422.7900085449219,0.16712328767123288,400.5242520277458,0.007878949312841535,0.2831938230428742
MSFT,422.7900085449219,0.16712328767123288,400.9635374532991,0.007929655743513519,0.2866660679426671
MSFT,422.7900085449219,0.16712328767123288,401.4028228788525,0.007979713394946646,0.290160444938804
MSFT,422.7900085449219,0.16712328767123288,401.84210830440577,0.00802909680981173,0.2936766634405036
MSFT,422.7900085449219,0.16712328767123288,402.2813937299591,0.008077780669163185,0.29721442170434714
MSFT,422.7900085449219,0.16712328767123288,402.72067915551247,0.008125739822631128,0.3007734069016973
MSFT,422.7900085449219,0.16712328767123288,403.15996458106576,0.008172949318802953,0.30435329519942517
MSFT,422.7900085449219,0.16712328767123288,403.5992500066191,0.008219384435729173,0.30795375185401125
MSFT,422.7900085449219,0.16712328767123288,404.03853543217247,0.008265020711486744,0.31157443131905554
MSFT,422.7900085449219,0.16712328767123288,404.47782085772576,0.00830983397473185,0.31521497736621534
MSFT,422.7900085449219,0.16712328767123288,404.9171062832791,0.008353800375173068,0.318875023219547
MSFT,422.7900085449219,0.16712328767123288,405.35639170883246,0.008396896413895011,0.3225541917031975
MSFT,422.7900085449219,0.16712328767123288,405.79567713438576,0.008439098973462048,0.3262520954023717
MSFT,422.7900085449219,0.16712328767123288,406.2349625599391,0.008480385347731316,0.3299683368374611
MSFT,422.7900085449219,0.16712328767123288,406.67424798549246,0.00852073327130427,0.3337025086511841
MSFT,422.7900085449219,0.16712328767123288,407.11353341104575,0.008560120948546234,0.3374541938085745
MSFT,422.7900085449219,0.16712328767123288,407.5528188365991,0.00859852708210387,0.34122296580960665
MSFT,422.7900085449219,0.16712328767123288,407.99210426215245,0.008635930900851288,0.34500838891421853
MSFT,422.7900085449219,0.16712328767123288,408.43138968770575,0.008672312187196555,0.348810018379475
MSFT,422.7900085449219,0.16712328767123288,408.8706751132591,0.008707651303681634,0.35262740070857107
MSFT,422.7900085449219,0.16712328767123288,409.30996053881245,0.008741929218810337,0.35646007391134626
MSFT,422.7900085449219,0.16712328767123288,409.74924596436574,0.008775127532040756,0.3603075677759657
MSFT,422.7900085449219,0.16712328767123288,410.1885313899191,0.008807228497880664,0.36416940415138294
MSFT,422.7900085449219,0.16712328767123288,410.62781681547244,0.008838215049026637,0.3680450972401733
MSFT,422.7900085449219,0.16712328767123288,411.06710224102574,0.008868070818490361,0.37193415390131357
MSFT,422.7900085449219,0.16712328767123288,411.5063876665791,0.008896780160658183,0.37583607396244717
MSFT,422.7900085449219,0.16712328767123288,411.94567309213244,0.008924328171233054,0.37975035054115075
MSFT,422.7900085449219,0.16712328767123288,412.38495851768573,0.008950700706011184,0.3836764703747096
MSFT,422.7900085449219,0.16712328767123288,412.8242439432391,0.008975884398449051,0.38761391415787516
MSFT,422.7900085449219,0.16712328767123288,413.26352936879243,0.00899986667598001,0.391562156888061
MSFT,422.7900085449219,0.16712328767123288,413.7028147943457,0.00902263577504339,0.39552066821742754
MSFT,422.7900085449219,0.16712328767123288,414.1421002198991,0.009044180754792816,0.39948891281127924
MSFT,422.7900085449219,0.16712328767123288,414.58138564545243,0.009064491509454405,0.40346635071218223
MSFT,422.7900085449219,0.16712328767123288,415.0206710710057,0.009083558779309591,0.40745243770921336
MSFT,422.7900085449219,0.16712328767123288,415.4599564965591,0.009101374160281367,0.411446625711727
MSFT,422.7900085449219,0.16712328767123288,415.89924192211237,0.009117930112107028,0.41544836312701755
MSFT,422.7900085449219,0.16712328767123288,416.3385273476657,0.009133219965084618,0.4194570952412662
MSFT,422.7900085449219,0.16712328767123288,416.77781277321907,0.00914723792538457,0.4234722646031286
MSFT,422.7900085449219,0.16712328767123288,417.21709819877236,0.009159979078922336,0.4274933114093453
MSFT,422.7900085449219,0.16712328767123288,417.6563836243257,0.009171439393791921,0.43151967389173673
MSFT,422.7900085449219,0.16712328767123288,418.09566904987906,0.00918161572126458,0.43555078870494757
MSFT,422.7900085449219,0.16712328767123288,418.53495447543236,0.009190505795360873,0.43958609131432136
MSFT,422.7900085449219,0.16712328767123288,418.9742399009857,0.009198108231008612,0.4436250163832764
MSFT,422.7900085449219,0.16712328767123288,419.413525326539,0.00920442252080294,0.44766699815955996
MSFT,422.7900085449219,0.16712328767123288,419.85281075209235,0.009209449030388823,0.45171147085978497
MSFT,422.7900085449219,0.16712328767123288,420.2920961776457,0.009213188992489966,0.4557578690516328
MSFT,422.7900085449219,0.16712328767123288,420.731381603199,0.009215644499611682,0.4598056280331471
MSFT,422.7900085449219,0.16712328767123288,421.17066702875235,0.009216818495448776,0.46385418420853786
MSFT,422.7900085449219,0.16712328767123288,421.6099524543057,0.009216714765032814,0.4679029754599291
MSFT,422.7900085449219,0.16712328767123288,422.049237879859,0.009215337923656159,0.47195144151451485
MSFT,422.7900085449219,0.16712328767123288,422.48852330541234,0.00921269340461317,0.47599902430658947
MSFT,422.7900085449219,0.16712328767123288,422.9278087309657,0.009208787445801664,0.4800451683339382
MSFT,422.7900085449219,0.16712328767123288,423.367094156519,0.009203627075230217,0.48408932100810576
MSFT,422.7900085449219,0.16712328767123288,423.80637958207234,0.009197220095479259,0.4881309329980694
MSFT,422.7900085449219,0.16712328767123288,424.2456650076257,0.009189575067165931,0.49216945856686184
MSFT,422.7900085449219,0.16712328767123288,424.684950433179,0.009180701291464595,0.49620435590072814
MSFT,422.7900085449219,0.16712328767123288,425.12423585873233,0.009170608791736477,0.5002350874304083
MSFT,422.7900085449219,0.16712328767123288,425.5635212842857,0.009159308294323406,0.504261120144162
MSFT,422.7900085449219,0.16712328767123288,426.002806709839,0.009146811208561713,0.5082819258921892
MSFT,422.7900085449219,0.16712328767123288,426.44209213539233,0.00913312960607333,0.5122969816821128
MSFT,422.7900085449219,0.16712328767123288,426.8813775609457,0.009118276199391965,0.5163057699652132
MSFT,422.7900085449219,0.16712328767123288,427.320662986499,0.009102264319982546,0.5203077789131454
MSFT,422.7900085449219,0.16712328767123288,427.7599484120523,0.00908510789571259,0.5243025026848798
MSFT,422.7900085449219,0.16712328767123288,428.1992338376057,0.009066821427834154,0.528289441683634
MSFT,422.7900085449219,0.16712328767123288,428.63851926315897,0.009047419967534907,0.5322681028036039
MSFT,422.7900085449219,0.16712328767123288,429.0778046887123,0.009026919092116508,0.5362379996663111
MSFT,422.7900085449219,0.16712328767123288,429.51709011426567,0.009005334880858034,0.5401986528464132
MSFT,422.7900085449219,0.16712328767123288,429.95637553981896,0.008982683890621389,0.5441495900868583
MSFT,422.7900085449219,0.16712328767123288,430.3956609653723,0.008958983131254858,0.5480903465032789
MSFT,422.7900085449219,0.16712328767123288,430.83494639092567,0.008934250040849826,0.5520204647775456
MSFT,422.7900085449219,0.16712328767123288,431.27423181647896,0.008908502460904567,0.5559394953404333
MSFT,422.7900085449219,0.16712328767123288,431.7135172420323,0.008881758611447601,0.55984699654337
MSFT,422.7900085449219,0.16712328767123288,432.15280266758566,0.008854037066171706,0.5637425348192552
MSFT,422.7900085449219,0.16712328767123288,432.59208809313895,0.008825356727628006,0.567625684832372
MSFT,422.7900085449219,0.16712328767123288,433.0313735186923,0.008795736802527925,0.571496029617427
MSFT,422.7900085449219,0.16712328767123288,433.47065894424566,0.00876519677719892,0.5753531607077692
MSFT,422.7900085449219,0.16712328767123288,433.90994436979895,0.008733756393238045,0.5791966782528755
MSFT,422.7900085449219,0.16712328767123288,434.3492297953523,0.008701435623405447,0.5830261911251933
MSFT,422.7900085449219,0.16712328767123288,434.78851522090565,0.008668254647797833,0.586841317016451
MSFT,422.7900085449219,0.16712328767123288,435.22780064645895,0.00863423383033981,0.5906416825235759
MSFT,422.7900085449219,0.16712328767123288,435.6670860720123,0.008599393695629008,0.5944269232243624
MSFT,422.7900085449219,0.16712328767123288,436.10637149756565,0.00856375490616854,0.5981966837430505
MSFT,422.7900085449219,0.16712328767123288,436.54565692311894,0.00852733824001835,0.6019506178059973
MSFT,422.7900085449219,0.16712328767123288,436.9849423486723,0.008490164568894622,0.6056883882876317
MSFT,422.7900085449219,0.16712328767123288,437.42422777422564,0.008452254836744378,0.6094096672468865
MSFT,422.7900085449219,0.16712328767123288,437.86351319977894,0.008413630038820062,0.6131141359543341
MSFT,422.7900085449219,0.16712328767123288,438.3027986253323,0.00837431120127679,0.6168014849102443
MSFT,422.7900085449219,0.16712328767123288,438.74208405088564,0.00833431936131278,0.6204714138537948
MSFT,422.7900085449219,0.16712328767123288,439.18136947643893,0.0082936755478713,0.6241236317636842
MSFT,422.7900085449219,0.16712328767123288,439.6206549019923,0.008252400762920414,0.6277578568503964
MSFT,422.7900085449219,0.16712328767123288,440.05994032754563,0.008210515963324696,0.6313738165403654
MSFT,422.7900085449219,0.16712328767123288,440.4992257530989,0.00816804204332116,0.6349712474523148
MSFT,422.7900085449219,0.16712328767123288,440.9385111786523,0.008124999817609597,0.6385498953660336
MSFT,422.7900085449219,0.16712328767123288,441.37779660420557,0.008081410005065681,0.6421095151838561
MSFT,422.7900085449219,0.16712328767123288,441.8170820297589,0.008037293213083352,0.6456498708851325
MSFT,422.7900085449219,0.16712328767123288,442.2563674553123,0.007992669922551213,0.6491707354739533
MSFT,422.7900085449219,0.16712328767123288,442.69565288086557,0.00794756047346599,0.6526718909204193
MSFT,422.7900085449219,0.16712328767123288,443.1349383064189,0.007901985051184442,0.656153128095731
MSFT,422.7900085449219,0.16712328767123288,443.57422373197227,0.007855963673313652,0.6596142467013755
MSFT,422.7900085449219,0.16712328767123288,444.01350915752556,0.007809516177238009,0.6630550551926986
MSFT,422.7900085449219,0.16712328767123288,444.4527945830789,0.007762662208279934,0.666475370697136
MSFT,422.7900085449219,0.16712328767123288,444.8920800086322,0.007715421208490009,0.6698750189273787
MSFT,422.7900085449219,0.16712328767123288,445.33136543418556,0.007667812406060931,0.6732538340897559
MSFT,422.7900085449219,0.16712328767123288,445.7706508597389,0.00761985480535859,0.6766116587880991
MSFT,422.7900085449219,0.16712328767123288,446.2099362852922,0.007571567177562444,0.6799483439233627
MSFT,422.7900085449219,0.16712328767123288,446.64922171084555,0.007522968051906401,0.6832637485892663
MSFT,422.7900085449219,0.16712328767123288,447.0885071363989,0.007474075707510456,0.6865577399642151
MSFT,422.7900085449219,0.16712328767123288,447.5277925619522,0.00742490816579251,0.6898301931997629
MSFT,422.7900085449219,0.16712328767123288,447.96707798750555,0.0073754831834489986,0.6930809913058668
MSFT,422.7900085449219,0.16712328767123288,448.4063634130589,0.007325818245992283,0.6963100250331768
MSFT,422.7900085449219,0.16712328767123288,448.8456488386122,0.007275930561832098,0.6995171927526106
MSFT,422.7900085449219,0.16712328767123288,449.28493426416554,0.0072258370568878075,0.7027024003324431
MSFT,422.7900085449219,0.16712328767123288,449.7242196897189,0.007175554369717714,0.7058655610131416
MSFT,422.7900085449219,0.16712328767123288,450.1635051152722,0.007125098847151248,0.7090065952801727
MSFT,422.7900085449219,0.16712328767123288,450.60279054082554,0.0070744865404094885,0.7121254307350006
MSFT,422.7900085449219,0.16712328767123288,451.0420759663789,0.007023733201699137,0.7152220019644789
MSFT,422.7900085449219,0.16712328767123288,451.4813613919322,0.0069728542812648965,0.7182962504088528
MSFT,422.7900085449219,0.16712328767123288,451.92064681748553,0.006921864924884866,0.7213481242285618
MSFT,422.7900085449219,0.16712328767123288,452.3599322430389,0.0068707799717935844,0.7243775781700336
MSFT,422.7900085449219,0.16712328767123288,452.7992176685922,0.006819613953017119,0.7273845734306599
MSFT,422.7900085449219,0.16712328767123288,453.2385030941455,0.006768381090104638,0.7303690775231272
MSFT,422.7900085449219,0.16712328767123288,453.6777885196989,0.006717095294240848,0.7333310641392706
MSFT,422.7900085449219,0.16712328767123288,454.1170739452522,0.00666577016572372,0.7362705130136221
MSFT,422.7900085449219,0.16712328767123288,454.5563593708055,0.006614418993792034,0.7391874097868055
MSFT,422.7900085449219,0.16712328767123288,454.9956447963589,0.0065630547567873225,0.7420817458689262
MSFT,422.7900085449219,0.16712328767123288,455.43493022191217,0.006511690122634977,0.7449535183031051
MSFT,422.7900085449219,0.16712328767123288,455.8742156474655,0.006460337449629443,0.7478027296292911
MSFT,422.7900085449219,0.16712328767123288,456.31350107301887,0.006409008787508592,0.7506293877484784
MSFT,422.7900085449219,0.16712328767123288,456.75278649857216,0.006357715878802654,0.7534335057874596
MSFT,422.7900085449219,0.16712328767123288,457.1920719241255,0.006306470160443261,0.756215101964228
MSFT,422.7900085449219,0.16712328767123288,457.63135734967886,0.006255282765618457,0.7589741994541386
MSFT,422.7900085449219,0.16712328767123288,458.07064277523216,0.006204164525859834,0.7617108262569365
MSFT,422.7900085449219,0.16712328767123288,458.5099282007855,0.006153125973348203,0.764425015064752
MSFT,422.7900085449219,0.16712328767123288,458.94921362633886,0.0061021773434245825,0.7671168031311489
MSFT,422.7900085449219,0.16712328767123288,459.38849905189215,0.006051328577293551,0.7697862321413225
MSFT,422.7900085449219,0.16712328767123288,459.8277844774455,0.006000589324906426,0.7724333480835235
MSFT,422.7900085449219,0.16712328767123288,460.26706990299886,0.005949968948011997,0.775058201121783
MSFT,422.7900085449219,0.16712328767123288,460.70635532855215,0.005899476523362971,0.7776608454700148
MSFT,422.7900085449219,0.16712328767123288,461.1456407541055,0.00584912084606659,0.7802413392675572
MSFT,422.7900085449219,0.16712328767123288,461.58492617965885,0.005798910433068288,0.782799744456214
MSFT,422.7900085449219,0.16712328767123288,462.02421160521214,0.005748853526757587,0.7853361266588545
MSFT,422.7900085449219,0.16712328767123288,462.4634970307655,0.005698958098685852,0.7878505550596233
MSFT,422.7900085449219,0.16712328767123288,462.90278245631885,0.005649231853385833,0.7903431022858014
MSFT,422.7900085449219,0.16712328767123288,463.34206788187214,0.005599682232283329,0.7928138442913693
MSFT,422.7900085449219,0.16712328767123288,463.7813533074255,0.005550316417691709,0.7952628602423061
MSFT,422.7900085449219,0.16712328767123288,464.22063873297884,0.005501141336880308,0.7976902324036571
MSFT,422.7900085449219,0.16712328767123288,464.65992415853214,0.005452163666208154,0.8000960460284054
MSFT,422.7900085449219,0.16712328767123288,465.0992095840855,0.005403389835314819,0.8024803892481723
MSFT,422.7900085449219,0.16712328767123288,465.53849500963884,0.005354826031360526,0.8048433529657659
MSFT,422.7900085449219,0.16712328767123288,465.97778043519213,0.005306478203308012,0.8071850307496057
MSFT,422.7900085449219,0.16712328767123288,466.4170658607454,0.0052583520662389804,0.8095055187300338
MSFT,422.7900085449219,0.16712328767123288,466.85635128629883,0.0052104531056983315,0.811804915497529
MSFT,422.7900085449219,0.16712328767123288,467.2956367118521,0.005162786582059652,0.8140833220028305
MSFT,422.7900085449219,0.16712328767123288,467.7349221374054,0.005115357534905819,0.8163408414589901
MSFT,422.7900085449219,0.16712328767123288,468.1742075629588,0.005068170787418847,0.8185775792453439
MSFT,422.7900085449219,0.16712328767123288,468.6134929885121,0.0050212309507734285,0.8207936428134138
MSFT,422.7900085449219,0.16712328767123288,469.0527784140654,0.0049745424285289426,0.8229891415947443
MSFT,422.7900085449219,0.16712328767123288,469.4920638396188,0.004928109421014945,0.8251641869106614
MSFT,422.7900085449219,0.16712328767123288,469.9313492651721,0.004881935929705496,0.8273188918839556
MSFT,422.7900085449219,0.16712328767123288,470.3706346907254,0.004836025761577907,0.8294533713524886
MSFT,422.7900085449219,0.16712328767123288,470.8099201162788,0.004790382533451791,0.8315677417847052
MSFT,422.7900085449219,0.16712328767123288,471.2492055418321,0.0047450096763045286,0.8336621211970453
MSFT,422.7900085449219,0.16712328767123288,471.6884909673854,0.00469991043955954,0.8357366290732524
MSFT,422.7900085449219,0.16712328767123288,472.12777639293876,0.0046550878953439566,0.8377913862855519
MSFT,422.7900085449219,0.16712328767123288,472.5670618184921,0.004610544942712573,0.8398265150176953
MSFT,422.7900085449219,0.16712328767123288,473.0063472440454,0.004566284311835097,0.8418421386898522
MSFT,422.7900085449219,0.16712328767123288,473.44563266959875,0.004522308568144049,0.8438383818853337
MSFT,422.7900085449219,0.16712328767123288,473.8849180951521,0.004478620116440731,0.8458153702791252
MSFT,422.7900085449219,0.16712328767123288,474.3242035207054,0.004435221204957004,0.8477732305682176
MSFT,422.7900085449219,0.16712328767123288,474.76348894625875,0.004392113929370727,0.8497120904037102
MSFT,422.7900085449219,0.16712328767123288,475.2027743718121,0.00434930023677292,0.8516320783246665
MSFT,422.7900085449219,0.16712328767123288,475.6420597973654,0.0043067819295848865,0.8535333236937028
MSFT,422.7900085449219,0.16712328767123288,476.08134522291874,0.004264560669423686,0.8554159566342874
MSFT,422.7900085449219,0.16712328767123288,476.5206306484721,0.004222637980914525,0.8572801079697222
MSFT,422.7900085449219,0.16712328767123288,476.9599160740254,0.0041810152554487565,0.8591259091637913
MSFT,422.7900085449219,0.16712328767123288,477.39920149957874,0.004139693754886359,0.8609534922630466
MSFT,422.7900085449219,0.16712328767123288,477.8384869251321,0.004098674615201854,0.8627629898407063
MSFT,422.7900085449219,0.16712328767123288,478.2777723506854,0.004057958850072821,0.8645545349421441
MSFT,422.7900085449219,0.16712328767123288,478.71705777623873,0.004017547354410199,0.8663282610319416
MSFT,422.7900085449219,0.16712328767123288,479.1563432017921,0.003977440907829777,0.8680843019424777
MSFT,422.7900085449219,0.16712328767123288,479.5956286273454,0.003937640178064311,0.8698227918240306
MSFT,422.7900085449219,0.16712328767123288,480.0349140528987,0.0038981457243158577,0.8715438650963666
MSFT,422.7900085449219,0.16712328767123288,480.4741994784521,0.00385895800054799,0.8732476564017858
MSFT,422.7900085449219,0.16712328767123288,480.9134849040054,0.0038200773587176544,0.8749343005596028
MSFT,422.7900085449219,0.16712328767123288,481.3527703295587,0.0037815040519465284,0.8766039325220337
MSFT,422.7900085449219,0.16712328767123288,481.7920557551121,0.003743238237631817,0.8782566873314621
MSFT,422.7900085449219,0.16712328767123288,482.23134118066537,0.0037052799804964827,0.8798927000790581
MSFT,422.7900085449219,0.16712328767123288,482.6706266062187,0.0036676292555790214,0.881512105864726
MSFT,422.7900085449219,0.16712328767123288,483.10991203177207,0.0036302859511629076,0.8831150397583489
MSFT,422.7900085449219,0.16712328767123288,483.54919745732536,0.0035932498716459474,0.88470163676231
MSFT,422.7900085449219,0.16712328767123288,483.9884828828787,0.0035565207403498076,0.8862720317752596
MSFT,422.7900085449219,0.16712328767123288,484.42776830843206,0.003520098202270051,0.8878263595571034
MSFT,422.7900085449219,0.16712328767123288,484.86705373398536,0.00348398182676706,0.8893647546951858
MSFT,422.7900085449219,0.16712328767123288,485.3063391595387,0.003448171110198287,0.8908873515716437
MSFT,422.7900085449219,0.16712328767123288,485.74562458509206,0.0034126654784922945,0.8923942843319012
MSFT,422.7900085449219,0.16712328767123288,486.18491001064535,0.0033774642896651054,0.8938856868542847
MSFT,422.7900085449219,0.16712328767123288,486.6241954361987,0.003342566836279426,0.8953616927207309
MSFT,422.7900085449219,0.16712328767123288,487.06348086175205,0.003307972347847303,0.89682243518856
MSFT,422.7900085449219,0.16712328767123288,487.50276628730535,0.0032736799931768687,0.8982680471632953
MSFT,422.7900085449219,0.16712328767123288,487.9420517128587,0.003239688882663782,0.8996986611725002
MSFT,422.7900085449219,0.16712328767123288,488.38133713841205,0.0032059980705280715,0.9011144093406085
MSFT,422.7900085449219,0.16712328767123288,488.82062256396534,0.0031726065569970536,0.9025154233647278
MSFT,422.7900085449219,0.16712328767123288,489.2599079895187,0.0031395132904350593,0.9039018344913893
MSFT,422.7900085449219,0.16712328767123288,489.69919341507205,0.003106717169420692,0.9052737734942203
MSFT,422.7900085449219,0.16712328767123288,490.13847884062534,0.0030742170447723744,0.9066313706525196
MSFT,422.7900085449219,0.16712328767123288,490.5777642661787,0.0030420117215229562,0.9079747557307115
MSFT,422.7900085449219,0.16712328767123288,491.01704969173204,0.003010099960844156,0.909304057958654
MSFT,422.7900085449219,0.16712328767123288,491.45633511728533,0.002978480481921626,0.9106194060127842
MSFT,422.7900085449219,0.16712328767123288,491.8956205428386,0.0029471519637814456,0.9119209279980758
MSFT,422.7900085449219,0.16712328767123288,492.33490596839204,0.002916113047068849,0.9132087514307877
MSFT,422.7900085449219,0.16712328767123288,492.77419139394533,0.0028853623357799935,0.9144830032219836
MSFT,422.7900085449219,0.16712328767123288,493.2134768194986,0.002854898398947595,0.9157438096618045
MSFT,422.7900085449219,0.16712328767123288,493.65276224505203,0.0028247197722812457,0.9169912964044691
MSFT,422.7900085449219,0.16712328767123288,494.0920476706053,0.0027948249597632407,0.918225588453985
MSFT,422.7900085449219,0.16712328767123288,494.5313330961586,0.00276521243520073,0.9194468101505545
MSFT,422.7900085449219,0.16712328767123288,494.970618521712,0.002735880643735027,0.9206550851576492
MSFT,422.7900085449219,0.16712328767123288,495.4099039472653,0.002706828003308891,0.9218505364497388
MSFT,422.7900085449219,0.16712328767123288,495.8491893728186,0.0026780529060926083,0.923033286300659
MSFT,422.7900085449219,0.16712328767123288,496.288474798372,0.002649553719869679,0.9242034562725925
MSFT,422.7900085449219,0.16712328767123288,496.7277602239253,0.002621328789382935,0.9253611672056518
MSFT,422.7900085449219,0.16712328767123288,497.1670456494786,0.0025933764376418816,0.926506539208046
MSFT,422.7900085449219,0.16712328767123288,497.60633107503196,0.0025656949671920897,0.9276396916468124
MSFT,422.7900085449219,0.16712328767123288,498.0456165005853,0.0025382826613474037,0.9287607431390963
MSFT,422.7900085449219,0.16712328767123288,498.4849019261386,0.002511137785385775,0.9298698115439666
MSFT,422.7900085449219,0.16712328767123288,498.92418735169196,0.0024842585877095104,0.930967013954748
MSFT,422.7900085449219,0.16712328767123288,499.3634727772453,0.002457643300970684,0.9320524666918539
MSFT,422.7900085449219,0.16712328767123288,499.8027582027986,0.002431290143162504,0.9331262852961079
MSFT,422.7900085449219,0.16712328767123288,500.24204362835195,0.0024051973186773835,0.9341885845225367
MSFT,422.7900085449219,0.16712328767123288,500.6813290539053,0.002379363019332465,0.9352394783346208
MSFT,422.7900085449219,0.16712328767123288,501.1206144794586,0.0023537854253633302,0.9362790798989884
MSFT,422.7900085449219,0.16712328767123288,501.55989990501195,0.002328462706386653,0.9373075015805394
MSFT,422.7900085449219,0.16712328767123288,501.9991853305653,0.00230339302233248,0.9383248549379855
MSFT,422.7900085449219,0.16712328767123288,502.4384707561186,0.0022785745243468756,0.9393312507197926
MSFT,422.7900085449219,0.16712328767123288,502.87775618167194,0.00225400535566562,0.9403267988605155
MSFT,422.7900085449219,0.16712328767123288,503.3170416072253,0.002229683652459659,0.9413116084775071
MSFT,422.7900085449219,0.16712328767123288,503.7563270327786,0.002205607544652967,0.9422857878679952
MSFT,422.7900085449219,0.16712328767123288,504.19561245833194,0.0021817751567135193,0.9432494445065128
MSFT,422.7900085449219,0.16712328767123288,504.6348978838853,0.0021581846084180014,0.9442026850426679
MSFT,422.7900085449219,0.16712328767123288,505.0741833094386,0.0021348340155909217,0.9451456152992459
MSFT,422.7900085449219,0.16712328767123288,505.51346873499193,0.002111721490818761,0.9460783402706304
MSFT,422.7900085449219,0.16712328767123288,505.9527541605453,0.002088845144139776,0.9470009641215319
MSFT,422.7900085449219,0.16712328767123288,506.3920395860986,0.002066203083710075,0.9479135901860146
MSFT,422.7900085449219,0.16712328767123288,506.8313250116519,0.002043793416446568,0.9488163209668117
MSFT,422.7900085449219,0.16712328767123288,507.2706104372053,0.002021614248647384,0.949709258134916
MSFT,422.7900085449219,0.16712328767123288,507.7098958627586,0.0019996636865903293,0.9505925025294405
MSFT,422.7900085449219,0.16712328767123288,508.1491812883119,0.0019779398371099653,0.951466154157736
MSFT,422.7900085449219,0.16712328767123288,508.5884667138653,0.0019564408081538527,0.9523303121957578
MSFT,422.7900085449219,0.16712328767123288,509.02775213941857,0.001935164709318525,0.953185074988672
MSFT,422.7900085449219,0.16712328767123288,509.4670375649719,0.0019141096523657062,0.9540305400516941
MSFT,422.7900085449219,0.16712328767123288,509.90632299052527,0.0018932737517193194,0.9548668040711482
MSFT,422.7900085449219,0.16712328767123288,510.34560841607856,0.0018726551249437847,0.9556939629057424
MSFT,422.7900085449219,0.16712328767123288,510.7848938416319,0.0018522518932041214,0.9565121115880493
MSFT,422.7900085449219,0.16712328767123288,511.22417926718526,0.0018320621817083406,0.9573213443261843
MSFT,422.7900085449219,0.16712328767123288,511.66346469273856,0.0018120841201326153,0.9581217545056756
MSFT,422.7900085449219,0.16712328767123288,512.1027501182919,0.0017923158430297,0.9589134346915166
MSFT,422.7900085449219,0.16712328767123288,512.5420355438453,0.0017727554902210604,0.9596964766303943
MSFT,422.7900085449219,0.16712328767123288,512.9813209693986,0.0017534012071731705,0.9604709712530854
MSFT,422.7900085449219,0.16712328767123288,513.4206063949518,0.0017342511453584091,0.9612370086770173
MSFT,422.7900085449219,0.16712328767123288,513.8598918205053,0.0017153034626010025,0.9619946782089809
MSFT,422.7900085449219,0.16712328767123288,514.2991772460585,0.0016965563234084221,0.9627440683479935
MSFT,422.7900085449219,0.16712328767123288,514.7384626716118,0.0016780078992886592,0.9634852667883057
MSFT,422.7900085449219,0.16712328767123288,515.1777480971652,0.001659656369053776,0.9642183604225423
MSFT,422.7900085449219,0.16712328767123288,515.6170335227185,0.0016414999191101307,0.9649434353449743
MSFT,422.7900085449219,0.16712328767123288,516.0563189482718,0.0016235367437356589,0.9656605768549169
MSFT,422.7900085449219,0.16712328767123288,516.4956043738252,0.0016057650453445878,0.9663698694602452
MSFT,422.7900085449219,0.16712328767123288,516.9348897993785,0.0015881830347399567,0.9670713968810227
MSFT,422.7900085449219,0.16712328767123288,517.3741752249318,0.0015707889313542906,0.967765242053241
MSFT,422.7900085449219,0.16712328767123288,517.8134606504852,0.0015535809634787897,0.96845148713266
MSFT,422.7900085449219,0.16712328767123288,518.2527460760385,0.0015365573684813683,0.9691302134987468
MSFT,422.7900085449219,0.16712328767123288,518.6920315015918,0.0015197163930138764,0.9698015017587097
MSFT,422.7900085449219,0.16712328767123288,519.1313169271452,0.0015030562932088374,0.970465431751619
MSFT,422.7900085449219,0.16712328767123288,519.5706023526985,0.0014865753348660058,0.9711220825526122
MSFT,422.7900085449219,0.16712328767123288,520.0098877782518,0.0014702717936290663,0.9717715324771807
MSFT,422.7900085449219,0.16712328767123288,520.4491732038052,0.0014541439551527709,0.9724138590855301
MSFT,422.7900085449219,0.16712328767123288,520.8884586293585,0.0014381901152608083,0.9730491391870121
MSFT,422.7900085449219,0.16712328767123288,521.3277440549118,0.0014224085800946917,0.9736774488446253
MSFT,422.7900085449219,0.16712328767123288,521.7670294804652,0.0014067976662539474,0.974298863379578
MSFT,422.7900085449219,0.16712328767123288,522.2063149060185,0.0013913557009278767,0.974913457375911
MSFT,422.7900085449219,0.16712328767123288,522.6456003315718,0.0013760810220191505,0.9755213046851767
MSFT,422.7900085449219,0.16712328767123288,523.0848857571252,0.0013609719782595048,0.9761224784311715
MSFT,422.7900085449219,0.16712328767123288,523.5241711826785,0.0013460269293177817,0.9767170510147152
MSFT,422.7900085449219,0.16712328767123288,523.9634566082318,0.001331244245900563,0.9773050941184789
MSFT,422.7900085449219,0.16712328767123288,524.4027420337852,0.001316622309845639,0.9778866787118536
MSFT,422.7900085449219,0.16712328767123288,524.8420274593385,0.0013021595142085388,0.9784618750558591
MSFT,422.7900085449219,0.16712328767123288,525.2813128848918,0.0012878542633423585,0.9790307527080893
MSFT,422.7900085449219,0.16712328767123288,525.7205983104452,0.0012737049729710976,0.9795933805276914
MSFT,422.7900085449219,0.16712328767123288,526.1598837359985,0.0012597100702567265,0.9801498266803751
MSFT,422.7900085449219,0.16712328767123288,526.5991691615518,0.001245867993860191,0.9807001586434514
MSFT,422.7900085449219,0.16712328767123288,527.0384545871052,0.0012321771939965574,0.9812444432108955
MSFT,422.7900085449219,0.16712328767123288,527.4777400126585,0.001218636132484495,0.981782746498433
MSFT,422.7900085449219,0.16712328767123288,527.9170254382118,0.001205243282790295,0.9823151339486474
MSFT,422.7900085449219,0.16712328767123288,528.3563108637652,0.0011919971300666026,0.9828416703361053
MSFT,422.7900085449219,0.16712328767123288,528.7955962893185,0.001178896169593959,0.9833624197721467
MSFT,422.7900085449219,0.16712328767123288,529.2348817148718,0.0011659389033309051,0.9838774457085777
MSFT,422.7900085449219,0.16712328767123288,529.6741671404252,0.0011531238348300723,0.9843868109394868
MSFT,422.7900085449219,0.16712328767123288,530.1134525659785,0.0011404494562011955,0.9848905775990809
MSFT,422.7900085449219,0.16712328767123288,530.5527379915318,0.001127914221730162,0.9853888071508657
MSFT,422.7900085449219,0.16712328767123288,530.9920234170852,0.0011155164983998938,0.9858815603601617
MSFT,422.7900085449219,0.16712328767123288,531.4313088426385,0.0011032544801207935,0.9863688972369141
MSFT,422.7900085449219,0.16712328767123288,531.8705942681918,0.0010911260509196207,0.9868508769296161
MSFT,422.7900085449219,0.16712328767123288,532.3098796937452,0.00107912858545157,0.9873275575453649
MSFT,422.7900085449219,0.16712328767123288,532.7491651192985,0.0010672586858722808,0.9877989958683078
MSFT,422.7900085449219,0.16712328767123288,533.1884505448518,0.001055511873534205,0.9882652469525782
MSFT,422.7900085449219,0.16712328767123288,533.6277359704052,0.0010438822795498313,0.9887263635795491
MSFT,422.7900085449219,0.16712328767123288,534.0670213959585,0.0010323624024224137,0.9891823955938855
MSFT,422.7900085449219,0.16712328767123288,534.5063068215118,0.0010209430124823904,0.9896333891653742
MSFT,422.7900085449219,0.16712328767123288,534.9455922470652,0.001009613271355024,0.9900793860560021
MSFT,422.7900085449219,0.16712328767123288,535.3848776726185,0.0009983610964908705,0.9905204229933418
MSFT,422.7900085449219,0.16712328767123288,535.8241630981718,0.0009871737434181684,0.9909565312518919
MSFT,422.7900085449219,0.16712328767123288,536.2634485237252,0.0009760385197062964,0.991387736519121
MSFT,422.7900085449219,0.16712328767123288,536.7027339492785,0.0009649435061541169,0.9918140590767317
MSFT,422.7900085449219,0.16712328767123288,537.1420193748318,0.0009538781576639595,0.9922355142723073
MSFT,422.7900085449219,0.16712328767123288,537.5813048003852,0.0009428336900281244,0.99265211320789
MSFT,422.7900085449219,0.16712328767123288,538.0205902259385,0.0009318032162474216,0.9930638635434557
MSFT,422.7900085449219,0.16712328767123288,538.4598756514918,0.000920781655768904,0.9934707703103943
MSFT,422.7900085449219,0.16712328767123288,538.8991610770452,0.0009097654827980174,0.9938728366497748
MSFT,422.7900085449219,0.16712328767123288,539.3384465025985,0.00089875239588281,0.9942700644227533
MSFT,422.7900085449219,0.16712328767123288,539.7777319281518,0.0008877413505534572,0.9946624547555791
MSFT,422.7900085449219,0.16712328767123288,540.2170173537052,0.0008767325017186481,0.9950500085791157
MSFT,422.7900085449219,0.16712328767123288,540.6563027792585,0.0008657274403556664,0.9954327272076976
MSFT,422.7900085449219,0.16712328767123288,541.0955882048117,0.0008547305550110742,0.9958106132690182
MSFT,422.7900085449219,0.16712328767123288,541.5348736303652,0.0008437515340455271,0.9961836724826613
MSFT,422.7900085449219,0.16712328767123288,541.9741590559184,0.0008328097740059968,0.996551916956498
MSFT,422.7900085449219,0.16712328767123288,542.4134444814717,0.0008219413028532584,0.9969153709719895
MSFT,422.7900085449219,0.16712328767123288,542.852729907025,0.0008112084469223436,0.9972740804134007
MSFT,422.7900085449219,0.16712328767123288,543.2920153325784,0.000800711569166673,0.9976281268985135
MSFT,422.7900085449219,0.16712328767123288,543.7313007581317,0.0007906007874716232,0.9979776470614006
MSFT,422.7900085449219,0.16712328767123288,544.170586183685,0.0007810839929789247,0.9983228561702086
MSFT,422.7900085449219,0.16712328767123288,544.6098716092384,0.0007724264542012329,0.9986640734191542
MSFT,422.7900085449219,0.16712328767123288,545.0491570347917,0.0007649377044728269,0.999001744253491
MSFT,422.7900085449219,0.16712328767123288,545.488442460345,0.0007589438893925136,0.999336453740718
MSFT,422.7900085449219,0.16712328767123288,545.9277278858984,0.0007547480503222052,0.9996689251446652
MSFT,422.7900085449219,0.16712328767123288,546.3670133114517,0.0007525856151087943,1.0
STX,547.75,0.16712328767123288,328.65,0.0014003801995482732,0.0
STX,547.75,0.16712328767123288,329.74769539078153,0.0014026845669704137,0.001538455637134865
STX,547.75,0.16712328767123288,330.8453907815631,0.0014071558014389421,0.003080630047752309
STX,547.75,0.16712328767123288,331.9430861723447,0.0014135430227160235,0.0046287640967813135
STX,547.75,0.16712328767123288,333.04078156312625,0.001421523299211559,0.006184783713851272
STX,547.75,0.16712328767123288,334.1384769539078,0.0014307490786437027,0.0077502468350639005
STX,547.75,0.16712328767123288,335.23617234468935,0.0014408905113470615,0.009326339606023243
STX,547.75,0.16712328767123288,336.3338677354709,0.001451664917815265,0.010913911987109065
STX,547.75,0.16712328767123288,337.4315631262525,0.0014628507618971343,0.012513537201099578
STX,547.75,0.16712328767123288,338.52925851703407,0.0014742880726661873,0.014125579081492408
STX,547.75,0.16712328767123288,339.6269539078156,0.001485869896431369,0.01575025496082424
STX,547.75,0.16712328767123288,340.72464929859717,0.0014975298054057363,0.017387687011607065
STX,547.75,0.16712328767123288,341.8223446893787,0.0015092293802248713,0.01903793986123547
STX,547.75,0.16712328767123288,342.9200400801603,0.001520947888378818,0.02070104567173412
STX,547.75,0.16712328767123288,344.0177354709419,0.0015326748665215558,0.02237701948335411
STX,547.75,0.16712328767123288,345.11543086172344,0.0015444053488193226,0.024065867868076504
STX,547.75,0.16712328767123288,346.213126252505,0.0015561370743891036,0.025767593431515783
STX,547.75,0.16712328767123288,347.31082164328654,0.0015678688387094312,0.02748219687730707
STX,547.75,0.16712328767123288,348.4085170340681,0.0015795999581727253,0.02920967787279022
STX,547.75,0.16712328767123288,349.5062124248497,0.0015913299649099307,0.030950035453319875
STX,547.75,0.16712328767123288,350.60390781563126,0.0016030581513609028,0.032703268009118804
STX,547.75,0.16712328767123288,351.7016032064128,0.0016147835104014438,0.034469372989309494
STX,547.75,0.16712328767123288,352.79929859719437,0.0016265046920030653,0.03624834654929652
STX,547.75,0.16712328767123288,353.8969939879759,0.0016382199904765946,0.03804018316736086
STX,547.75,0.16712328767123288,354.99468937875747,0.0016499273722905955,0.039844875269520894
STX,547.75,0.16712328767123288,356.0923847695391,0.0016616245460722857,0.041662412908081356
STX,547.75,0.16712328767123288,357.19008016032063,0.0016733090659818246,0.04349278353533849
STX,547.75,0.16712328767123288,358.2877755511022,0.0016849784508089,0.04533597189938869
STX,547.75,0.16712328767123288,359.38547094188374,0.0016966302972220265,0.047191960067458745
STX,547.75,0.16712328767123288,360.4831663326653,0.0017082623680733753,0.04906072755985908
STX,547.75,0.16712328767123288,361.5808617234469,0.0017198726443942557,0.05094225156094047
STX,547.75,0.16712328767123288,362.67855711422845,0.0017314593395935437,0.05283650716638065
STX,547.75,0.16712328767123288,363.77625250501,0.0017430208828497096,0.05474346762914946
STX,547.75,0.16712328767123288,364.87394789579156,0.0017545558833670471,0.05666310457673985
STX,547.75,0.16712328767123288,365.9716432865731,0.0017660630875584846,0.058595388185281365
STX,547.75,0.16712328767123288,367.0693386773547,0.001777541338468952,0.06054028730788318
STX,547.75,0.16712328767123288,368.1670340681363,0.0017889895427256443,0.06249776956256687
STX,547.75,0.16712328767123288,369.2647294589178,0.0018004066466227042,0.06446780138893514
STX,547.75,0.16712328767123288,370.3624248496994,0.0018117916204946946,0.06645034808313709
STX,547.75,0.16712328767123288,371.46012024048093,0.0018231434494205044,0.06844537381915515
STX,547.75,0.16712328767123288,372.55781563126254,0.0018344611281763499,0.07045284166222004
STX,547.75,0.16712328767123288,373.6555110220441,0.0018457436587486114,0.07247271357808992
STX,547.75,0.16712328767123288,374.75320641282565,0.0018569900492473948,0.07450495044036926
STX,547.75,0.16712328767123288,375.8509018036072,0.0018681993137719087,0.07654951203715664
STX,547.75,0.16712328767123288,376.94859719438875,0.0018793704719286513,0.0786063570773545
STX,547.75,0.16712328767123288,378.04629258517036,0.0018905025490308595,0.0806754431968241
STX,547.75,0.16712328767123288,379.1439879759519,0.001901594576255462,0.08275672696473549
STX,547.75,0.16712328767123288,380.24168336673347,0.0019126455907988635,0.08485016389009019
STX,547.75,0.16712328767123288,381.339378757515,0.0019236546360315238,0.08695570842841316
STX,547.75,0.16712328767123288,382.4370741482966,0.0019346207616513442,0.08907331398861433
STX,547.75,0.16712328767123288,383.5347695390781,0.0019455430238358217,0.09120293294001772
STX,547.75,0.16712328767123288,384.6324649298597,0.001956420485392969,0.09334451661955684
STX,547.75,0.16712328767123288,385.7301603206413,0.001967252215910984,0.09549801533913531
STX,547.75,0.16712328767123288,386.82785571142284,0.001978037291906653,0.09766337839315042
STX,547.75,0.16712328767123288,387.9255511022044,0.0019887747969724746,0.09984055406618
STX,547.75,0.16712328767123288,389.02324649298595,0.0019994638219224883,0.102029489640829
STX,547.75,0.16712328767123288,390.1209418837675,0.002010103464936799,0.10423013140573598
STX,547.75,0.16712328767123288,391.2186372745491,0.0020206928317047777,0.1064424246637375
STX,547.75,0.16712328767123288,392.31633266533066,0.0020312310355669306,0.10866631374018847
STX,547.75,0.16712328767123288,393.4140280561122,0.002041717197655419,0.11090174199143848
STX,547.75,0.16712328767123288,394.51172344689377,0.002052150447033219,0.1131486518134607
STX,547.75,0.16712328767123288,395.6094188376753,0.0020625299208319094,0.11540698465063313
STX,547.75,0.16712328767123288,396.70711422845693,0.0020728547643880666,0.11767668100467055
STX,547.75,0.16712328767123288,397.8048096192385,0.0020831241313782676,0.1199576804437046
STX,547.75,0.16712328767123288,398.90250501002004,0.0020933371839526693,0.12224992161151271
STX,547.75,0.16712328767123288,400.0002004008016,0.0021034930928671707,0.12455334223689152
STX,547.75,0.16712328767123288,401.09789579158314,0.002113591037614123,0.12686787914317518
STX,547.75,0.16712328767123288,402.19559118236475,0.002123630206551599,0.1291934682578965
STX,547.75,0.16712328767123288,403.2932865731463,0.0021336097970311822,0.13153004462258833
STX,547.75,0.16712328767123288,404.39098196392786,0.002143529015524283,0.13387754240272584
STX,547.75,0.16712328767123288,405.4886773547094,0.0021533870777469496,0.1362358948978053
STX,547.75,0.16712328767123288,406.58637274549096,0.002163183208783171,0.13860503455155965
STX,547.75,0.16712328767123288,407.6840681362726,0.0021729166432066546,0.14098489296230868
STX,547.75,0.16712328767123288,408.7817635270541,0.0021825866252010544,0.14337540089344125
STX,547.75,0.16712328767123288,409.8794589178357,0.0021921924086786447,0.14577648828403
STX,547.75,0.16712328767123288,410.97715430861723,0.0022017332573974094,0.1481880842595742
STX,547.75,0.16712328767123288,412.0748496993988,0.0022112084450765447,0.15061011714287087
STX,547.75,0.16712328767123288,413.1725450901804,0.00222061725551034,0.15304251446501171
STX,547.75,0.16712328767123288,414.2702404809619,0.0022299589826804325,0.15548520297650353
STX,547.75,0.16712328767123288,415.3679358717435,0.002239232930866397,0.15793810865851293
STX,547.75,0.16712328767123288,416.46563126252505,0.002248438414754673,0.16040115673422828
STX,547.75,0.16712328767123288,417.5633266533066,0.002257574759545782,0.16287427168034357
STX,547.75,0.16712328767123288,418.6610220440882,0.00226664130105983,0.16535737723865704
STX,547.75,0.16712328767123288,419.7587174348697,0.0022756373858402535,0.16785039642778465
STX,547.75,0.16712328767123288,420.8564128256513,0.0022845623712558,0.17035325155498854
STX,547.75,0.16712328767123288,421.95410821643287,0.0022934156256006998,0.1728658642281129
STX,547.75,0.16712328767123288,423.0518036072144,0.002302196528193003,0.17538815536763241
STX,547.75,0.16712328767123288,424.149498997996,0.002310904469471053,0.17792004521880522
STX,547.75,0.16712328767123288,425.24719438877753,0.002319538851088062,0.1804614533639317
STX,547.75,0.16712328767123288,426.34488977955914,0.0023280990860047464,0.18301229873471597
STX,547.75,0.16712328767123288,427.4425851703407,0.0023365845985799877,0.18557249962472727
STX,547.75,0.16712328767123288,428.54028056112224,0.0023449948246594848,0.18814197370196112
STX,547.75,0.16712328767123288,429.6379759519038,0.002353329211662337,0.19072063802149544
STX,547.75,0.16712328767123288,430.73567134268535,0.00236158721866553,0.193308409038241
STX,547.75,0.16712328767123288,431.83336673346696,0.0023697683164862647,0.19590520261978359
STX,547.75,0.16712328767123288,432.9310621242485,0.0023778719877620763,0.19851093405931466
STX,547.75,0.16712328767123288,434.02875751503007,0.0023858977270286973,0.20112551808864995
STX,547.75,0.16712328767123288,435.1264529058116,0.002393845040795588,0.20374886889133104
STX,547.75,0.16712328767123288,436.22414829659317,0.0024017134476190904,0.20638090011580912
STX,547.75,0.16712328767123288,437.3218436873748,0.002409502478173124,0.2090215248887077
STX,547.75,0.16712328767123288,438.41953907815633,0.002417211675317356,0.211670655828161
STX,547.75,0.16712328767123288,439.5172344689379,0.002424840594162774,0.21432820505722686
STX,547.75,0.16712328767123288,440.61492985971944,0.002432388802134568,0.216994084217369
STX,547.75,0.16712328767123288,441.712625250501,0.002439855879032255,0.21966820448200736
STX,547.75,0.16712328767123288,442.8103206412826,0.00244724141708693,0.22235047657013302
STX,547.75,0.16712328767123288,443.90801603206415,0.0024545450210155697,0.22504081075998333
STX,547.75,0.16712328767123288,445.0057114228457,0.002461766308072264,0.22773911690277676
STX,547.75,0.16712328767123288,446.10340681362726,0.0024689049080962844,0.23044530443650046
STX,547.75,0.16712328767123288,447.2011022044088,0.0024759604635568562,0.23315928239974995
STX,547.75,0.16712328767123288,448.2987975951904,0.0024829326295945212,0.23588095944561546
STX,547.75,0.16712328767123288,449.3964929859719,0.0024898210740589522,0.23861024385561147
STX,547.75,0.16712328767123288,450.4941883767535,0.002496625477543086,0.24134704355364767
STX,547.75,0.16712328767123288,451.5918837675351,0.0025033455334134225,0.24409126612003185
STX,547.75,0.16712328767123288,452.68957915831663,0.0025099809478363287,0.24684281880550732
STX,547.75,0.16712328767123288,453.78727454909824,0.0025165314398002004,0.24960160854531496
STX,547.75,0.16712328767123288,454.88496993987974,0.0025229967411332763,0.25236754197327704
STX,547.75,0.16712328767123288,455.98266533066135,0.002529376596516943,0.2551405254359003
STX,547.75,0.16712328767123288,457.0803607214429,0.0025356707634943314,0.25792046500648763
STX,547.75,0.16712328767123288,458.17805611222445,0.002541879012473973,0.2607072664992598
STX,547.75,0.16712328767123288,459.27575150300606,0.0025480011267283355,0.2635008354834764
STX,547.75,0.16712328767123288,460.37344689378756,0.0025540369023869637,0.2663010772975523
STX,547.75,0.16712328767123288,461.47114228456917,0.0025599861484240137,0.26910789706316535
STX,547.75,0.16712328767123288,462.5688376753507,0.002565848686639905,0.2719211996993439
STX,547.75,0.16712328767123288,463.6665330661323,0.0025716243516368184,0.27474088993653434
STX,547.75,0.16712328767123288,464.7642284569138,0.002577312990787758,0.2775668723306356
STX,547.75,0.16712328767123288,465.8619238476954,0.0025829144641988703,0.2803990512769972
STX,547.75,0.16712328767123288,466.959619238477,0.002588428644664701,0.2832373310243721
STX,547.75,0.16712328767123288,468.05731462925854,0.0025938554176160593,0.28608161568881524
STX,547.75,0.16712328767123288,469.1550100200401,0.0025991946810601315,0.2889318092675225
STX,547.75,0.16712328767123288,470.25270541082165,0.0026044463455124713,0.2917878156525977
STX,547.75,0.16712328767123288,471.3504008016032,0.002609610333920486,0.29464953864474136
STX,547.75,0.16712328767123288,472.4480961923848,0.002614686581578004,0.29751688196685
STX,547.75,0.16712328767123288,473.54579158316636,0.00261967503603049,0.3003897492775164
STX,547.75,0.16712328767123288,474.6434869739479,0.0026245756569704738,0.30326804418442144
STX,547.75,0.16712328767123288,475.74118236472947,0.002629388416122703,0.3061516702576046
STX,547.75,0.16712328767123288,476.838877755511,0.0026341132971185403,0.30904053104260243
STX,547.75,0.16712328767123288,477.93657314629263,0.0026387502953590836,0.31193453007344385
STX,547.75,0.16712328767123288,479.0342685370741,0.002643299417866474,0.3148335708854871
STX,547.75,0.16712328767123288,480.13196392785574,0.0026477606831228234,0.3177375570280893
STX,547.75,0.16712328767123288,481.2296593186373,0.002652134120896181,0.32064639207708867
STX,547.75,0.16712328767123288,482.32735470941884,0.002656419772052924,0.32355997964709154
STX,547.75,0.16712328767123288,483.42505010020045,0.002660617688355931,0.32647822340354354
STX,547.75,0.16712328767123288,484.52274549098195,0.0026647279322478882,0.32940102707457114
STX,547.75,0.16712328767123288,485.62044088176356,0.002668750576619019,0.3323282944625791
STX,547.75,0.16712328767123288,486.7181362725451,0.0026726857045585414,0.3352599294555801
STX,547.75,0.16712328767123288,487.81583166332666,0.0026765334090890947,0.3381958360382459
STX,547.75,0.16712328767123288,488.9135270541083,0.002680293792883378,0.3411359183026552
STX,547.75,0.16712328767123288,490.01122244488977,0.0026839669679621938,0.34408008045872035
STX,547.75,0.16712328767123288,491.1089178356714,0.0026875530553730842,0.3470282268442735
STX,547.75,0.16712328767123288,492.20661322645293,0.002691052184848702,0.349980261934786
STX,547.75,0.16712328767123288,493.3043086172345,0.002694464494444047,0.3529360903527044
STX,547.75,0.16712328767123288,494.4020040080161,0.002697790130151666,0.35589561687637417
STX,547.75,0.16712328767123288,495.4996993987976,0.002701029245493888,0.35885874644852817
STX,547.75,0.16712328767123288,496.5973947895792,0.0027041820010911535,0.3618253841843168
STX,547.75,0.16712328767123288,497.69509018036075,0.0027072485642054556,0.36479543537884707
STX,547.75,0.16712328767123288,498.7927855711423,0.0027102291082579206,0.3677688055142096
STX,547.75,0.16712328767123288,499.89048096192386,0.0027131238123194903,0.37074540026595937
STX,547.75,0.16712328767123288,500.9881763527054,0.002715932860573704,0.3737251255090227
STX,547.75,0.16712328767123288,502.085871743487,0.0027186564417505223,0.3767078873229988
STX,547.75,0.16712328767123288,503.18356713426857,0.00272129474853014,0.3796935919968227
STX,547.75,0.16712328767123288,504.2812625250501,0.002723847976915736,0.3826821460327575
STX,547.75,0.16712328767123288,505.3789579158317,0.0027263163255740732,0.3856734561496801
STX,547.75,0.16712328767123288,506.47665330661323,0.002728699995142898,0.3886674292856247
STX,547.75,0.16712328767123288,507.57434869739484,0.002730999187504059,0.39166397259954755
STX,547.75,0.16712328767123288,508.6720440881764,0.002733214105021297,0.39466299347227374
STX,547.75,0.16712328767123288,509.76973947895794,0.002735344949741648,0.3976643995065887
STX,547.75,0.16712328767123288,510.8674348697395,0.002737391922559461,0.4006680985264313
STX,547.75,0.16712328767123288,511.96513026052105,0.0027393552223419996,0.4036739985751485
STX,547.75,0.16712328767123288,513.0628256513027,0.002741235045015693,0.40668200791276904
STX,547.75,0.16712328767123288,514.1605210420842,0.002743031582612094,0.40969203501225093
STX,547.75,0.16712328767123288,515.2582164328658,0.0027447450222726952,0.4127039885546615
STX,547.75,0.16712328767123288,516.3559118236474,0.0027463755452117665,0.4157177774232384
STX,547.75,0.16712328767123288,517.4536072144289,0.0027479233256365006,0.41873331069629144
STX,547.75,0.16712328767123288,518.5513026052105,0.0027493885296237934,0.4217504976388956
STX,547.75,0.16712328767123288,519.648997995992,0.002750771313953103,0.4247692476933235
STX,547.75,0.16712328767123288,520.7466933867736,0.0027520718248949306,0.4277894704681774
STX,547.75,0.16712328767123288,521.8443887775552,0.002753290196954582,0.43081107572616156
STX,547.75,0.16712328767123288,522.9420841683367,0.002754426551571018,0.4338339733704549
STX,547.75,0.16712328767123288,524.0397795591183,0.002755480995770739,0.4368580734296298
STX,547.75,0.16712328767123288,525.1374749498998,0.002756453620776818,0.4398832860410664
STX,547.75,0.16712328767123288,526.2351703406814,0.0027573445005733914,0.44290952143281964
STX,547.75,0.16712328767123288,527.332865731463,0.0027581536904261058,0.44593668990388186
STX,547.75,0.16712328767123288,528.4305611222445,0.002758881225359248,0.44896470180280096
STX,547.75,0.16712328767123288,529.5282565130261,0.0027595271185905253,0.4519934675046032
STX,547.75,0.16712328767123288,530.6259519038076,0.002760091359924728,0.45502289738597246
STX,547.75,0.16712328767123288,531.7236472945892,0.002760573914107778,0.45805290179864927
STX,547.75,0.16712328767123288,532.8213426853708,0.002760974719142991,0.46108339104099716
STX,547.75,0.16712328767123288,533.9190380761523,0.0027612936845716903,0.4641142753277051
STX,547.75,0.16712328767123288,535.0167334669338,0.0027615306897206715,0.46714546475758334
STX,547.75,0.16712328767123288,536.1144288577154,0.0027616855819193797,0.470176869279418
STX,547.75,0.16712328767123288,537.212124248497,0.0027617581746900706,0.4732083986558538
STX,547.75,0.16712328767123288,538.3098196392787,0.002761748245914638,0.476239962425279
STX,547.75,0.16712328767123288,539.4075150300602,0.002761655535982231,0.4792714698616856
STX,547.75,0.16712328767123288,540.5052104208416,0.0027614797459222505,0.48230282993249024
STX,547.75,0.16712328767123288,541.6029058116233,0.0027612205355278057,0.48533395125429823
STX,547.75,0.16712328767123288,542.7006012024049,0.00276087752147521,0.4883647420466064
STX,547.75,0.16712328767123288,543.7982965931865,0.0027604502754456214,0.4913951100834436
STX,547.75,0.16712328767123288,544.895991983968,0.002759938322255486,0.4944249626429532
STX,547.75,0.16712328767123288,545.9936873747495,0.0027593411380029786,0.49745420645493355
STX,547.75,0.16712328767123288,547.0913827655311,0.0027586581482382396,0.5004827476463551
STX,547.75,0.16712328767123288,548.1890781563127,0.0027578887261657504,0.5035104916848872
STX,547.75,0.16712328767123288,549.2867735470942,0.0027570321908878146,0.5065373433204742
STX,547.75,0.16712328767123288,550.3844689378758,0.0027560878056986696,0.5095632065250136
STX,547.75,0.16712328767123288,551.4821643286573,0.0027550547764393788,0.5125879844301899
STX,547.75,0.16712328767123288,552.5798597194389,0.0027539322499242043,0.5156115792635474
STX,547.75,0.16712328767123288,553.6775551102205,0.0027527193124497816,0.5186338922828765
STX,547.75,0.16712328767123288,554.775250501002,0.0027514149883989185,0.5216548237090185
STX,547.75,0.16712328767123288,555.8729458917836,0.0027500182389514393,0.5246742726571961
STX,547.75,0.16712328767123288,556.9706412825651,0.0027485279609149637,0.5276921370669924
STX,547.75,0.16712328767123288,558.0683366733467,0.002746942985688996,0.530708313631123
STX,547.75,0.16712328767123288,559.1660320641283,0.0027452620783761533,0.5337226977231488
STX,547.75,0.16712328767123288,560.2637274549098,0.0027434839370547065,0.5367351833243033
STX,547.75,0.16712328767123288,561.3614228456914,0.0027416071922269653,0.539745662949618
STX,547.75,0.16712328767123288,562.4591182364729,0.002739630406458291,0.5427540275735455
STX,547.75,0.16712328767123288,563.5568136272545,0.002737552074221688,0.5457601665553016
STX,547.75,0.16712328767123288,564.6545090180362,0.002735370621963047,0.5487639675641546
STX,547.75,0.16712328767123288,565.7522044088176,0.0027330844084021222,0.5517653165049184
STX,547.75,0.16712328767123288,566.8498997995993,0.002730691725084204,0.5547640974439138
STX,547.75,0.16712328767123288,567.9475951903808,0.002728190797197306,0.5577601925356768
STX,547.75,0.16712328767123288,569.0452905811624,0.0027255797846693006,0.5607534819507244
STX,547.75,0.16712328767123288,570.142985971944,0.0027228567835590545,0.5637438438046795
STX,547.75,0.16712328767123288,571.2406813627255,0.0027200198277550105,0.5667311540890954
STX,547.75,0.16712328767123288,572.3383767535071,0.00271706689099395,0.5697152866043207
STX,547.75,0.16712328767123288,573.4360721442886,0.0027139958892118334,0.5726961128947591
STX,547.75,0.16712328767123288,574.5337675350702,0.002710804683237585,0.5756735021869026
STX,547.75,0.16712328767123288,575.6314629258518,0.002707491081839554,0.578647321330511
STX,547.75,0.16712328767123288,576.7291583166333,0.0027040528451330423,0.5816174347433357
STX,547.75,0.16712328767123288,577.8268537074149,0.002700487688355848,0.5845837043597871
STX,547.75,0.16712328767123288,578.9245490981964,0.002696793286017109,0.5875459895839481
STX,547.75,0.16712328767123288,580.022244488978,0.0026929672764229922,0.5905041472473516
STX,547.75,0.16712328767123288,581.1199398797596,0.0026890072665807963,0.5934580315719312
STX,547.75,0.16712328767123288,582.2176352705411,0.0026849108374810042,0.5964074941385642
STX,547.75,0.16712328767123288,583.3153306613227,0.0026806755497545617,0.5993523838616187
STX,547.75,0.16712328767123288,584.4130260521042,0.002676298949700361,0.6022925469699115
STX,547.75,0.16712328767123288,585.5107214428858,0.0026717785756754237,0.6052278269944854
STX,547.75,0.16712328767123288,586.6084168336674,0.0026671119648377334,0.6081580647635898
STX,547.75,0.16712328767123288,587.7061122244489,0.0026622966602290314,0.6110830984052533
STX,547.75,0.16712328767123288,588.8038076152304,0.0026573302181821606,0.614002763357808
STX,547.75,0.16712328767123288,589.901503006012,0.0026522102160348275,0.6169168923887123
STX,547.75,0.16712328767123288,590.9991983967936,0.002646934260128821,0.6198253156219976
STX,547.75,0.16712328767123288,592.0968937875753,0.002641499994070991,0.6227278605746409
STX,547.75,0.16712328767123288,593.1945891783568,0.0026359051072295226,0.6256243522021331
STX,547.75,0.16712328767123288,594.2922845691382,0.0026301473434362996,0.6285146129534879
STX,547.75,0.16712328767123288,595.3899799599199,0.002624224509863592,0.6313984628358978
STX,547.75,0.16712328767123288,596.4876753507015,0.0026181344860407075,0.6342757194892111
STX,547.75,0.16712328767123288,597.5853707414831,0.002611875232973902,0.6371461982703638
STX,547.75,0.16712328767123288,598.6830661322646,0.0026054448023306014,0.6400097123478566
STX,547.75,0.16712328767123288,599.7807615230461,0.002598841345646971,0.6428660728063281
STX,547.75,0.16712328767123288,600.8784569138277,0.0025920631235160003,0.6457150887612221
STX,547.75,0.16712328767123288,601.9761523046093,0.0025851085147117845,0.648556567483506
STX,547.75,0.16712328767123288,603.0738476953909,0.0025779760252042884,0.6513903145343468
STX,547.75,0.16712328767123288,604.1715430861724,0.002570664297017948,0.6542161339095943
STX,547.75,0.16712328767123288,605.2692384769539,0.002563172116886726,0.657033828193879
STX,547.75,0.16712328767123288,606.3669338677355,0.0025554984246579085,0.6598431987240706
STX,547.75,0.16712328767123288,607.4646292585171,0.002547642321396889,0.6626440457617977
STX,547.75,0.16712328767123288,608.5623246492987,0.0025396030771455743,0.6654361686746753
STX,547.75,0.16712328767123288,609.6600200400802,0.002531380138287744,0.668219366125831
STX,547.75,0.16712328767123288,610.7577154308617,0.002522973134475809,0.6709934362712779
STX,547.75,0.16712328767123288,611.8554108216433,0.0025143818850748845,0.6737581769646236
STX,547.75,0.16712328767123288,612.9531062124249,0.0025056064050819464,0.676513385968565
STX,547.75,0.16712328767123288,614.0508016032065,0.0024966469104800728,0.6792588611725723
STX,547.75,0.16712328767123288,615.148496993988,0.0024875038229903233,0.6819944008161176
STX,547.75,0.16712328767123288,616.2461923847695,0.002478177774186754,0.6847198037167725
STX,547.75,0.16712328767123288,617.3438877755511,0.0024686696089432953,0.6874348695024535
STX,547.75,0.16712328767123288,618.4415831663327,0.0024589803881847586,0.6901393988470698
STX,547.75,0.16712328767123288,619.5392785571144,0.0024491113909180517,0.6928331937087969
STX,547.75,0.16712328767123288,620.6369739478959,0.002439064115523754,0.695516057570173
STX,547.75,0.16712328767123288,621.7346693386773,0.002428840280292429,0.6981877956791992
STX,547.75,0.16712328767123288,622.832364729459,0.0024184418231945268,0.7008482152906071
STX,547.75,0.16712328767123288,623.9300601202406,0.0024078709008772767,0.7034971259064493
STX,547.75,0.16712328767123288,625.0277555110222,0.002397129886886634,0.7061343395151646
STX,547.75,0.16712328767123288,626.1254509018037,0.0023862213691170646,0.7087596708282666
STX,547.75,0.16712328767123288,627.2231462925852,0.0023751481464966617,0.711372937513815
STX,547.75,0.16712328767123288,628.3208416833668,0.002363913224919796,0.7139739604258325
STX,547.75,0.16712328767123288,629.4185370741484,0.002352519812444087,0.7165625638288547
STX,547.75,0.16712328767123288,630.51623246493,0.0023409713137729957,0.7191385756168162
STX,547.75,0.16712328767123288,631.6139278557115,0.002329271324049642,0.7217018275255007
STX,547.75,0.16712328767123288,632.711623246493,0.0023174236219916148,0.7242521553378193
STX,547.75,0.16712328767123288,633.8093186372746,0.002305432162400397,0.7267893990812069
STX,547.75,0.16712328767123288,634.9070140280562,0.0022933010680826846,0.7293134032164746
STX,547.75,0.16712328767123288,636.0047094188377,0.002281034621224171,0.7318240168174943
STX,547.75,0.16712328767123288,637.1024048096193,0.0022686372542593744,0.7343210937411379
STX,547.75,0.16712328767123288,638.2001002004008,0.0022561135402837163,0.7368044927869403
STX,547.75,0.16712328767123288,639.2977955911824,0.0022434681830563207,0.7392740778460181
STX,547.75,0.16712328767123288,640.395490981964,0.002230706006643876,0.741729718038812
STX,547.75,0.16712328767123288,641.4931863727455,0.0022178319447573756,0.7441712878412969
STX,547.75,0.16712328767123288,642.5908817635271,0.002204851029834622,0.7465986671993459
STX,547.75,0.16712328767123288,643.6885771543086,0.0021917683819220133,0.7490117416309987
STX,547.75,0.16712328767123288,644.7862725450902,0.002178589197409415,0.7514104023164484
STX,547.75,0.16712328767123288,645.8839679358719,0.0021653187376717213,0.7537945461756075
STX,547.75,0.16712328767123288,646.9816633266533,0.0021519623176702012,0.756164075933186
STX,547.75,0.16712328767123288,648.079358717435,0.0021385252945657794,0.7585189001712646
STX,547.75,0.16712328767123288,649.1770541082165,0.0021250130563951262,0.7608589333693995
STX,547.75,0.16712328767123288,650.2747494989981,0.0021114310108588125,0.7631840959323638
STX,547.75,0.16712328767123288,651.3724448897797,0.0020977845742688518,0.7654943142056642
STX,547.75,0.16712328767123288,652.4701402805612,0.0020840791607007205,0.7677895204790404
STX,547.75,0.16712328767123288,653.5678356713428,0.002070320171392484,0.7700696529781929
STX,547.75,0.16712328767123288,654.6655310621243,0.0020565129844309356,0.7723346558450287
STX,547.75,0.16712328767123288,655.7632264529059,0.0020426629447617504,0.7745844791067675
STX,547.75,0.16712328767123288,656.8609218436875,0.0020287753545575994,0.7768190786342748
STX,547.75,0.16712328767123288,657.958617234469,0.0020148554639749564,0.7790384160900374
STX,547.75,0.16712328767123288,659.0563126252505,0.00200090846232705,0.7812424588662216
STX,547.75,0.16712328767123288,660.1540080160321,0.0019869394696970244,0.7834311800132819
STX,547.75,0.16712328767123288,661.2517034068137,0.0019729535290120177,0.7856045581596176
STX,547.75,0.16712328767123288,662.3493987975953,0.0019589555985954255,0.787762577422791
STX,547.75,0.16712328767123288,663.4470941883768,0.0019449505452112815,0.7899052273128411
STX,547.75,0.16712328767123288,664.5447895791583,0.0019309431376113488,0.7920325026282379
STX,547.75,0.16712328767123288,665.6424849699399,0.0019169380405922882,0.7941444033450326
STX,547.75,0.16712328767123288,666.7401803607215,0.0019029398095671364,0.796240934499767
STX,547.75,0.16712328767123288,667.8378757515031,0.0018889528856523119,0.7983221060667074
STX,547.75,0.16712328767123288,668.9355711422846,0.0018749815912685079,0.8003879328299671
STX,547.75,0.16712328767123288,670.0332665330661,0.001861030126251123,0.8024384342510806
STX,547.75,0.16712328767123288,671.1309619238477,0.0018471025644633428,0.8044736343325826
STX,547.75,0.16712328767123288,672.2286573146293,0.001833202850902646,0.8064935614781404
STX,547.75,0.16712328767123288,673.326352705411,0.0018193347992893408,0.8084982483497765
STX,547.75,0.16712328767123288,674.4240480961925,0.0018055020901237935,0.8104877317226983
STX,547.75,0.16712328767123288,675.521743486974,0.0017917082691972439,0.8124620523382473
STX,547.75,0.16712328767123288,676.6194388777556,0.001777956746539559,0.8144212547554517
STX,547.75,0.16712328767123288,677.7171342685372,0.0017642507957859373,0.816365387201653
STX,547.75,0.16712328767123288,678.8148296593188,0.0017505935539434097,0.8182945014226594
STX,547.75,0.16712328767123288,679.9125250501003,0.0017369880215370589,0.820208652532849
STX,547.75,0.16712328767123288,681.0102204408818,0.0017234370631151101,0.8221078988656327
STX,547.75,0.16712328767123288,682.1079158316634,0.0017099434080914703,0.8239923018246542
STX,547.75,0.16712328767123288,683.205611222445,0.0016965096519039116,0.8258619257360896
STX,547.75,0.16712328767123288,684.3033066132266,0.0016831382574658364,0.8277168377023796
STX,547.75,0.16712328767123288,685.4010020040081,0.0016698315568895168,0.8295571074577033
STX,547.75,0.16712328767123288,686.4986973947896,0.0016565917534587474,0.831382807225482
STX,547.75,0.16712328767123288,687.5963927855712,0.0016434209238290608,0.8331940115781719
STX,547.75,0.16712328767123288,688.6940881763528,0.0016303210204339782,0.8349907972995848
STX,547.75,0.16712328767123288,689.7917835671344,0.0016172938740762045,0.8367732432499536
STX,547.75,0.16712328767123288,690.8894789579159,0.0016043411966832016,0.8385414302339299
STX,547.75,0.16712328767123288,691.9871743486974,0.0015914645842071919,0.8402954408716881
STX,547.75,0.16712328767123288,693.084869739479,0.0015786655196503416,0.8420353594732792
STX,547.75,0.16712328767123288,694.1825651302606,0.0015659453761966197,0.8437612719163656
STX,547.75,0.16712328767123288,695.2802605210422,0.0015533054204326404,0.8454732655274415
STX,547.75,0.16712328767123288,696.3779559118237,0.0015407468156406407,0.8471714289666289
STX,547.75,0.16712328767123288,697.4756513026052,0.0015282706251476335,0.8488558521161196
STX,547.75,0.16712328767123288,698.5733466933868,0.001515877815715671,0.8505266259723149
STX,547.75,0.16712328767123288,699.6710420841684,0.0015035692609590822,0.8521838425417023
STX,547.75,0.16712328767123288,700.7687374749501,0.0014913457447754618,0.8538275947404911
STX,547.75,0.16712328767123288,701.8664328657316,0.001479207964778131,0.855457976298014
STX,547.75,0.16712328767123288,702.964128256513,0.0014671565357186889,0.8570750816638928
STX,547.75,0.16712328767123288,704.0618236472947,0.0014551919928891934,0.858679005918948
STX,547.75,0.16712328767123288,705.1595190380763,0.0014433147954943974,0.8602698446898269
STX,547.75,0.16712328767123288,706.2572144288578,0.0014315253299853259,0.8618476940673133
STX,547.75,0.16712328767123288,707.3549098196394,0.0014198239133463271,0.8634126505282702
STX,547.75,0.16712328767123288,708.4526052104209,0.001408210796328537,0.8649648108611603
STX,547.75,0.16712328767123288,709.5503006012025,0.001396686166623479,0.8665042720950852
STX,547.75,0.16712328767123288,710.6479959919841,0.0013852501519712658,0.8680311314322698
STX,547.75,0.16712328767123288,711.7456913827656,0.0013739028231985763,0.8695454861839224
STX,547.75,0.16712328767123288,712.8433867735472,0.0013626441971822554,0.871047433709387
STX,547.75,0.16712328767123288,713.9410821643287,0.0013514742397350247,0.8725370713585066
STX,547.75,0.16712328767123288,715.0387775551103,0.001340392868410371,0.8740144964171105
STX,547.75,0.16712328767123288,716.1364729458919,0.0013293999552242656,0.8754798060555332
STX,547.75,0.16712328767123288,717.2341683366734,0.0013184953292918564,0.876933097280076
STX,547.75,0.16712328767123288,718.331863727455,0.0013076787793777822,0.8783744668873142
STX,547.75,0.16712328767123288,719.4295591182365,0.0012969500563591917,0.8798040114211567
STX,547.75,0.16712328767123288,720.5272545090181,0.0012863088756009586,0.8812218271325608
STX,547.75,0.16712328767123288,721.6249498997997,0.0012757549192429695,0.8826280099418051
STX,547.75,0.16712328767123288,722.7226452905812,0.0012652878383996862,0.8840226554032267
STX,547.75,0.16712328767123288,723.8203406813628,0.0012549072552725127,0.8854058586723239
STX,547.75,0.16712328767123288,724.9180360721443,0.0012446127651757522,0.88677771447513
STX,547.75,0.16712328767123288,726.0157314629259,0.0012344039384772072,0.8881383170797652
STX,547.75,0.16712328767123288,727.1134268537076,0.00122428032245469,0.8894877602700714
STX,547.75,0.16712328767123288,728.211122244489,0.0012142414430698978,0.8908261373212397
STX,547.75,0.16712328767123288,729.3088176352705,0.0012042868066612833,0.8921535409773421
STX,547.75,0.16712328767123288,730.4065130260522,0.0011944159015577042,0.8934700634306758
STX,547.75,0.16712328767123288,731.5042084168338,0.0011846281996147397,0.8947757963028374
STX,547.75,0.16712328767123288,732.6019038076154,0.001174923157675687,0.8960708306274425
STX,547.75,0.16712328767123288,733.6995991983969,0.0011653002189593287,0.8973552568344082
STX,547.75,0.16712328767123288,734.7972945891784,0.0011557588143766236,0.8986291647357205
STX,547.75,0.16712328767123288,735.89498997996,0.0011462983637785377,0.8998926435126089
STX,547.75,0.16712328767123288,736.9926853707416,0.0011369182771372671,0.9011457817040535
STX,547.75,0.16712328767123288,738.0903807615232,0.0011276179556631244,0.902388667196555
STX,547.75,0.16712328767123288,739.1880761523047,0.0011183967928593767,0.9036213872150952
STX,547.75,0.16712328767123288,740.2857715430862,0.0011092541755173357,0.9048440283152237
STX,547.75,0.16712328767123288,741.3834669338678,0.0011001894846539703,0.9060566763762046
STX,547.75,0.16712328767123288,742.4811623246494,0.0010912020963943236,0.9072594165951617
STX,547.75,0.16712328767123288,743.578857715431,0.0010822913828009717,0.908452333482165
STX,547.75,0.16712328767123288,744.6765531062125,0.0010734567126527434,0.9096355108561978
STX,547.75,0.16712328767123288,745.774248496994,0.0010646974521748775,0.9108090318419535
STX,547.75,0.16712328767123288,746.8719438877756,0.0010560129657227596,0.9119729788674079
STX,547.75,0.16712328767123288,747.9696392785572,0.0010474026164213283,0.9131274336621168
STX,547.75,0.16712328767123288,749.0673346693388,0.0010388657667621977,0.9142724772561938
STX,547.75,0.16712328767123288,750.1650300601203,0.0010304017791604842,0.9154081899799202
STX,547.75,0.16712328767123288,751.2627254509018,0.0010220100164732798,0.9165346514639466
STX,547.75,0.16712328767123288,752.3604208416834,0.0010136898424816484,0.9176519406400413
STX,547.75,0.16712328767123288,753.458116232465,0.0010054406223379698,0.9187601357423509
STX,547.75,0.16712328767123288,754.5558116232467,0.0009972617229803925,0.9198593143091327
STX,547.75,0.16712328767123288,755.6535070140282,0.0009891525135161015,0.9209495531849252
STX,547.75,0.16712328767123288,756.7512024048096,0.0009811123655750406,0.9220309285231237
STX,547.75,0.16712328767123288,757.8488977955913,0.0009731406536356719,0.923103515788928
STX,547.75,0.16712328767123288,758.9465931863729,0.0009652367553242967,0.9241673897626334
STX,547.75,0.16712328767123288,760.0442885771545,0.0009574000516893963,0.9252226245432363
STX,547.75,0.16712328767123288,761.141983967936,0.0009496299274524,0.9262692935523293
STX,547.75,0.16712328767123288,762.2396793587175,0.0009419257712362186,0.9273074695382578
STX,547.75,0.16712328767123288,763.3373747494991,0.0009342869757728367,0.9283372245805166
STX,547.75,0.16712328767123288,764.4350701402807,0.0009267129380911935,0.9293586300943634
STX,547.75,0.16712328767123288,765.5327655310623,0.0009192030596865227,0.9303717568356287
STX,547.75,0.16712328767123288,766.6304609218438,0.0009117567466722812,0.9313766749057018
STX,547.75,0.16712328767123288,767.7281563126253,0.0009043734099157309,0.9323734537566747
STX,547.75,0.16712328767123288,768.8258517034069,0.000897052465158197,0.9333621621966264
STX,547.75,0.16712328767123288,769.9235470941885,0.0008897933331209678,0.9343428683950307
STX,547.75,0.16712328767123288,771.0212424849701,0.0008825954395977654,0.9353156398882739
STX,547.75,0.16712328767123288,772.1189378757516,0.0008754582155346557,0.9362805435852667
STX,547.75,0.16712328767123288,773.2166332665331,0.0008683810970982365,0.9372376457731371
STX,547.75,0.16712328767123288,774.3143286573147,0.0008613635257328862,0.9381870121229926
STX,547.75,0.16712328767123288,775.4120240480963,0.0008544049482078278,0.9391287076957392
STX,547.75,0.16712328767123288,776.5097194388778,0.0008475048166547102,0.940062796947947
STX,547.75,0.16712328767123288,777.6074148296594,0.0008406625885963792,0.940989343737753
STX,547.75,0.16712328767123288,778.7051102204409,0.0008338777269674722,0.9419084113307891
STX,547.75,0.16712328767123288,779.8028056112225,0.0008271497001274347,0.942820062406131
STX,547.75,0.16712328767123288,780.9005010020041,0.0008204779818665215,0.9437243590622555
STX,547.75,0.16712328767123288,781.9981963927856,0.0008138620514053208,0.9446213628230016
STX,547.75,0.16712328767123288,783.0958917835673,0.0008073013933882975,0.9455111346435283
STX,547.75,0.16712328767123288,784.1935871743487,0.0008007954978718331,0.9463937349162614
STX,547.75,0.16712328767123288,785.2912825651304,0.0007943438603072073,0.9472692234768252
STX,547.75,0.16712328767123288,786.388977955912,0.0007879459815189387,0.9481376596099518
STX,547.75,0.16712328767123288,787.4866733466935,0.0007816013676788797,0.9489991020553656
STX,547.75,0.16712328767123288,788.5843687374751,0.0007753095302764359,0.9498536090136372
STX,547.75,0.16712328767123288,789.6820641282566,0.0007690699860852555,0.950701238152001
STX,547.75,0.16712328767123288,790.7797595190382,0.0007628822571267149,0.9515420466101366
STX,547.75,0.16712328767123288,791.8774549098198,0.0007567458706305084,0.9523760910059073
STX,547.75,0.16712328767123288,792.9751503006013,0.0007506603589926212,0.9532034274410536
STX,547.75,0.16712328767123288,794.0728456913829,0.0007446252597309584,0.9540241115068411
STX,547.75,0.16712328767123288,795.1705410821644,0.00073864011543888,0.9548381982896559
STX,547.75,0.16712328767123288,796.268236472946,0.0007327044737368683,0.9556457423765508
STX,547.75,0.16712328767123288,797.3659318637276,0.0007268178872225544,0.9564467978607347
STX,547.75,0.16712328767123288,798.4636272545091,0.0007209799134192983,0.9572414183470088
STX,547.75,0.16712328767123288,799.5613226452906,0.0007151901147235177,0.9580296569571443
STX,547.75,0.16712328767123288,800.6590180360722,0.0007094480583509373,0.9588115663352019
STX,547.75,0.16712328767123288,801.7567134268538,0.000703753316281922,0.9595871986527923
STX,547.75,0.16712328767123288,802.8544088176354,0.00069810546520605,0.9603566056142754
STX,547.75,0.16712328767123288,803.9521042084169,0.000692504086466059,0.961119838461899
STX,547.75,0.16712328767123288,805.0497995991984,0.0006869487660013015,0.9618769479808759
STX,547.75,0.16712328767123288,806.14749498998,0.0006814390942908286,0.9626279845043979
STX,547.75,0.16712328767123288,807.2451903807616,0.0006759746662962103,0.9633729979185879
STX,547.75,0.16712328767123288,808.3428857715433,0.0006705550814041981,0.9641120376673884
STX,547.75,0.16712328767123288,809.4405811623247,0.0006651799433693235,0.964845152757388
STX,547.75,0.16712328767123288,810.5382765531062,0.0006598488602565173,0.9655723917625845
STX,547.75,0.16712328767123288,811.6359719438879,0.0006545614443838327,0.9662938028290843
STX,547.75,0.16712328767123288,812.7336673346695,0.000649317312265343,0.9670094336797402
STX,547.75,0.16712328767123288,813.8313627254511,0.0006441160845542804,0.9677193316187261
STX,547.75,0.16712328767123288,814.9290581162326,0.0006389573859864776,0.9684235435360494
STX,547.75,0.16712328767123288,816.0267535070141,0.0006338408453241681,0.9691221159120017
STX,547.75,0.16712328767123288,817.1244488977957,0.0006287660953001933,0.9698150948215478
STX,547.75,0.16712328767123288,818.2221442885773,0.0006237327725626633,0.9705025259386539
STX,547.75,0.16712328767123288,819.3198396793589,0.0006187405176201127,0.9711844545405554
STX,547.75,0.16712328767123288,820.4175350701404,0.0006137889747871844,0.9718609255119642
STX,547.75,0.16712328767123288,821.5152304609219,0.0006088777921308811,0.9725319833492181
STX,547.75,0.16712328767123288,822.6129258517035,0.0006040066214174053,0.9731976721643695
STX,547.75,0.16712328767123288,823.7106212424851,0.00059917511805962,0.9738580356892177
STX,547.75,0.16712328767123288,824.8083166332667,0.00059438294106515,0.9745131172792835
STX,547.75,0.16712328767123288,825.9060120240482,0.000589629752985145,0.9751629599177264
STX,547.75,0.16712328767123288,827.0037074148297,0.0005849152198637171,0.9758076062192073
STX,547.75,0.16712328767123288,828.1014028056113,0.0005802390111880743,0.9764470984336949
STX,547.75,0.16712328767123288,829.1990981963929,0.0005756007998393548,0.9770814784502183
STX,547.75,0.16712328767123288,830.2967935871745,0.0005710002620441778,0.9777107878005658
STX,547.75,0.16712328767123288,831.394488977956,0.0005664370773269142,0.978335067662931
STX,547.75,0.16712328767123288,832.4921843687375,0.0005619109280160831,0.9789543588652623
STX,547.75,0.16712328767123288,833.5898797595191,0.0005574214982879543,0.9795687018878154
STX,547.75,0.16712328767123288,834.6875751503007,0.0005529684727266375,0.9801781368643918
STX,547.75,0.16712328767123288,835.7852705410824,0.0005485515327594006,0.9807827035808296
STX,547.75,0.16712328767123288,836.8829659318639,0.0005441703495079409,0.9813824414676151
STX,547.75,0.16712328767123288,837.9806613226453,0.0005398245704463853,0.9819773895812474
STX,547.75,0.16712328767123288,839.078356713427,0.0005355137963481947,0.9825675865656279
STX,547.75,0.16712328767123288,840.1760521042086,0.0005312375446059934,0.9831530705806657
STX,547.75,0.16712328767123288,841.2737474949901,0.0005269951958645434,0.9837338791814599
STX,547.75,0.16712328767123288,842.3714428857717,0.0005227859237764822,0.9843100491296397
STX,547.75,0.16712328767123288,843.4691382765532,0.0005186086128752115,0.9848816161210735
STX,547.75,0.16712328767123288,844.5668336673348,0.0005144617763448244,0.9854486144233734
STX,547.75,0.16712328767123288,845.6645290581164,0.0005103434918257621,0.9860110764330332
STX,547.75,0.16712328767123288,846.7622244488979,0.0005062513763571025,0.9865690321835814
STX,547.75,0.16712328767123288,847.8599198396795,0.0005021826183876489,0.9871225088575508
STX,547.75,0.16712328767123288,848.957615230461,0.0004981340745813703,0.9876715303691478
STX,547.75,0.16712328767123288,850.0553106212426,0.000494102423941748,0.9882161170846449
STX,547.75,0.16712328767123288,851.1530060120242,0.0004900843563435213,0.9887562857308385
STX,547.75,0.16712328767123288,852.2507014028057,0.0004860767625502861,0.9892920495112735
STX,547.75,0.16712328767123288,853.3483967935873,0.00048207689216910716,0.9898234184134505
STX,547.75,0.16712328767123288,854.4460921843688,0.0004780824550358241,0.9903503996583718
STX,547.75,0.16712328767123288,855.5437875751504,0.0004740916566984632,0.9908729982252079
STX,547.75,0.16712328767123288,856.641482965932,0.0004701031743594362,0.9913912173822339
STX,547.75,0.16712328767123288,857.7391783567135,0.0004661160907837485,0.9919050591682882
STX,547.75,0.16712328767123288,858.8368737474951,0.00046212980777986153,0.9924145247904708
STX,547.75,0.16712328767123288,859.9345691382766,0.0004581440918098966,0.9929196149993889
STX,547.75,0.16712328767123288,861.0322645290582,0.00045415908259730485,0.99342033049416
STX,547.75,0.16712328767123288,862.1299599198398,0.00045017540157575635,0.9939166723916608
STX,547.75,0.16712328767123288,863.2276553106213,0.0004461946606391536,0.9944086430345247
STX,547.75,0.16712328767123288,864.325350701403,0.00044222037807019283,0.9948962475810709
STX,547.75,0.16712328767123288,865.4230460921844,0.0004382595802732902,0.9953794969770454
STX,547.75,0.16712328767123288,866.5207414829661,0.0004343253111325749,0.9958584131837264
STX,547.75,0.16712328767123288,867.6184368737477,0.0004304401329668971,0.996333037704774
STX,547.75,0.16712328767123288,868.7161322645292,0.00042664037635722793,0.9968034443670809
STX,547.75,0.16712328767123288,869.8138276553108,0.0004229803823600669,0.9972697567624591
STX,547.75,0.16712328767123288,870.9115230460923,0.0004195354053280194,0.9977321696108621
STX,547.75,0.16712328767123288,872.0092184368739,0.000416401469603539,0.9981909716381605
STX,547.75,0.16712328767123288,873.1069138276554,0.0004136906229174093,0.9986465657701027
STX,547.75,0.16712328767123288,874.204609218437,0.0004115209264611223,0.999099481227189
STX,547.75,0.16712328767123288,875.3023046092186,0.0004100020779414375,0.9995503722348659
STX,547.75,0.16712328767123288,876.4000000000001,0.0004092192997014318,1.0
GOOGL,341.67999267578125,0.16712328767123288,261.25539074856084,0.001615714015723531,0.0
GOOGL,341.67999267578125,0.16712328767123288,261.6273487325778,0.0016203329504392043,0.00060183675285902
GOOGL,341.67999267578125,0.16712328767123288,261.99930671659473,0.001629295210498157,0.0012061993226324958
GOOGL,341.67999267578125,0.16712328767123288,262.3712647006116,0.0016420979249480933,0.001814609720426132
GOOGL,341.67999267578125,0.16712328767123288,262.74322268462856,0.0016580938012097288,0.0024283760510916638
GOOGL,341.67999267578125,0.16712328767123288,263.1151806686455,0.0016765861963411845,0.003048556475706997
GOOGL,341.67999267578125,0.16712328767123288,263.48713865266245,0.0016969139509909613,0.003675956632648262
GOOGL,341.67999267578125,0.16712328767123288,263.85909663667934,0.0017185104549159028,0.0043111538209398585
GOOGL,341.67999267578125,0.16712328767123288,264.2310546206963,0.0017409316552233888,0.004954537377495226
GOOGL,341.67999267578125,0.16712328767123288,264.60301260471323,0.0017638569019776847,0.005606354420566309
GOOGL,341.67999267578125,0.16712328767123288,264.9749705887302,0.0017870718207134994,0.006266752565106347
GOOGL,341.67999267578125,0.16712328767123288,265.34692857274706,0.0018104432818183051,0.006935814797610365
GOOGL,341.67999267578125,0.16712328767123288,265.718886556764,0.0018338943266681988,0.0076135850325752515
GOOGL,341.67999267578125,0.16712328767123288,266.09084454078095,0.0018573835166122278,0.008300085165091753
GOOGL,341.67999267578125,0.16712328767123288,266.4628025247979,0.001880890140064495,0.008995325531612315
GOOGL,341.67999267578125,0.16712328767123288,266.8347605088148,0.0019044047871128887,0.00969931086662344
GOOGL,341.67999267578125,0.16712328767123288,267.2067184928317,0.0019279239891818961,0.010412043509483807
GOOGL,341.67999267578125,0.16712328767123288,267.57867647684867,0.0019514472865470101,0.011133525068970489
GOOGL,341.67999267578125,0.16712328767123288,267.9506344608656,0.0019749766880355966,0.01186375744196126
GOOGL,341.67999267578125,0.16712328767123288,268.3225924448825,0.001998516749289026,0.01260274374618706
GOOGL,341.67999267578125,0.16712328767123288,268.69455042889945,0.0020220744518673495,0.013350489245056255
GOOGL,341.67999267578125,0.16712328767123288,269.0665084129164,0.002045659859104747,0.014107002371969123
GOOGL,341.67999267578125,0.16712328767123288,269.43846639693334,0.002069286616141938,0.014872295969604318
GOOGL,341.67999267578125,0.16712328767123288,269.8104243809502,0.0020929721306654947,0.015646388655813893
GOOGL,341.67999267578125,0.16712328767123288,270.18238236496717,0.002116737302435576,0.016429306172830588
GOOGL,341.67999267578125,0.16712328767123288,270.5543403489841,0.0021406057544515436,0.01722108254318472
GOOGL,341.67999267578125,0.16712328767123288,270.92629833300106,0.0021646026374172113,0.01802176086029089
GOOGL,341.67999267578125,0.16712328767123288,271.29825631701794,0.0021887531935737402,0.018831393589592668
GOOGL,341.67999267578125,0.16712328767123288,271.6702143010349,0.002213081333627511,0.019650042337949647
GOOGL,341.67999267578125,0.16712328767123288,272.04217228505183,0.002237608474960713,0.020477777142293267
GOOGL,341.67999267578125,0.16712328767123288,272.4141302690688,0.0022623528131083277,0.021314675406725492
GOOGL,341.67999267578125,0.16712328767123288,272.7860882530857,0.002287329081760295,0.022160820659492354
GOOGL,341.67999267578125,0.16712328767123288,273.1580462371026,0.0023125487420798795,0.023016301300532144
GOOGL,341.67999267578125,0.16712328767123288,273.53000422111955,0.0023380204656597457,0.023881209474053196
GOOGL,341.67999267578125,0.16712328767123288,273.9019622051365,0.0023637507521045136,0.02475564014578744
GOOGL,341.67999267578125,0.16712328767123288,274.27392018915344,0.0023897445449568705,0.02563969040965193
GOOGL,341.67999267578125,0.16712328767123288,274.64587817317033,0.002416005757753697,0.026533459006794314
GOOGL,341.67999267578125,0.16712328767123288,275.0178361571873,0.002442537673055856,0.02743704601668566
GOOGL,341.67999267578125,0.16712328767123288,275.3897941412042,0.002469343216170297,0.02835055267332962
GOOGL,341.67999267578125,0.16712328767123288,275.76175212522116,0.002496425126703435,0.02927408126428486
GOOGL,341.67999267578125,0.16712328767123288,276.13371010923805,0.0025237860573957788,0.030207735079973146
GOOGL,341.67999267578125,0.16712328767123288,276.505668093255,0.0025514286266238736,0.031151618391133718
GOOGL,341.67999267578125,0.16712328767123288,276.87762607727194,0.0025793554441039808,0.03210583644082081
GOOGL,341.67999267578125,0.16712328767123288,277.2495840612889,0.0026075691206458684,0.03307049544299697
GOOGL,341.67999267578125,0.16712328767123288,277.6215420453058,0.002636072274461429,0.034045702584112776
GOOGL,341.67999267578125,0.16712328767123288,277.9935000293227,0.002664867533785047,0.03503156602634804
GOOGL,341.67999267578125,0.16712328767123288,278.36545801333966,0.0026939575362050256,0.03602819491121453
GOOGL,341.67999267578125,0.16712328767123288,278.7374159973566,0.002723344927956575,0.037035699362904316
GOOGL,341.67999267578125,0.16712328767123288,279.10937398137355,0.0027530323631748494,0.038054190491367025
GOOGL,341.67999267578125,0.16712328767123288,279.48133196539044,0.002783022503106443,0.03908378039510146
GOOGL,341.67999267578125,0.16712328767123288,279.8532899494074,0.0028133180152777305,0.04012458216364672
GOOGL,341.67999267578125,0.16712328767123288,280.2252479334243,0.002843921572618373,0.04117670987975406
GOOGL,341.67999267578125,0.16712328767123288,280.5972059174412,0.0028748358525382657,0.042240278621225494
GOOGL,341.67999267578125,0.16712328767123288,280.96916390145816,0.002906063535956155,0.04331540446240008
GOOGL,341.67999267578125,0.16712328767123288,281.3411218854751,0.0029376073062780954,0.0444022044752681
GOOGL,341.67999267578125,0.16712328767123288,281.71307986949205,0.002969469848323872,0.04550079673019725
GOOGL,341.67999267578125,0.16712328767123288,282.085037853509,0.0030016538471994538,0.04661130029624858
GOOGL,341.67999267578125,0.16712328767123288,282.4569958375259,0.003034161987113499,0.0477338352410627
GOOGL,341.67999267578125,0.16712328767123288,282.8289538215428,0.0030669969501358712,0.04886852263029582
GOOGL,341.67999267578125,0.16712328767123288,283.20091180555977,0.0031001614148960734,0.050015484526581076
GOOGL,341.67999267578125,0.16712328767123288,283.5728697895767,0.0031336580552194684,0.051174843987995954
GOOGL,341.67999267578125,0.16712328767123288,283.9448277735936,0.0031674895386990622,0.052346725066009354
GOOGL,341.67999267578125,0.16712328767123288,284.31678575761055,0.0032016585252006256,0.053531252802886134
GOOGL,341.67999267578125,0.16712328767123288,284.6887437416275,0.003236167665298832,0.054728553228520965
GOOGL,341.67999267578125,0.16712328767123288,285.06070172564444,0.0032710195986420556,0.05593875335667906
GOOGL,341.67999267578125,0.16712328767123288,285.4326597096613,0.0033062169522434285,0.05716198118061384
GOOGL,341.67999267578125,0.16712328767123288,285.80461769367827,0.0033417623386956864,0.05839836566803589
GOOGL,341.67999267578125,0.16712328767123288,286.1765756776952,0.0033776583543072935,0.05964803675540146
GOOGL,341.67999267578125,0.16712328767123288,286.54853366171216,0.003413907577157289,0.06091112534149432
GOOGL,341.67999267578125,0.16712328767123288,286.92049164572904,0.0034505125650662366,0.06218776328026751
GOOGL,341.67999267578125,0.16712328767123288,287.292449629746,0.0034874758534806263,0.06347808337291531
GOOGL,341.67999267578125,0.16712328767123288,287.66440761376293,0.00352479995326804,0.06478221935913983
GOOGL,341.67999267578125,0.16712328767123288,288.0363655977799,0.0035624873484203052,0.06610030590758227
GOOGL,341.67999267578125,0.16712328767123288,288.40832358179676,0.0036005404936618962,0.06743247860538114
GOOGL,341.67999267578125,0.16712328767123288,288.7802815658137,0.003638961811960733,0.06877887394682385
GOOGL,341.67999267578125,0.16712328767123288,289.15223954983065,0.003677753691938534,0.07013962932105179
GOOGL,341.67999267578125,0.16712328767123288,289.5241975338476,0.003716918485177838,0.07151488299878499
GOOGL,341.67999267578125,0.16712328767123288,289.8961555178645,0.003756458503422791,0.07290477411802403
GOOGL,341.67999267578125,0.16712328767123288,290.26811350188143,0.003796376015670753,0.07430944266869184
GOOGL,341.67999267578125,0.16712328767123288,290.6400714858984,0.003836673245151776,0.07572902947617063
GOOGL,341.67999267578125,0.16712328767123288,291.0120294699153,0.003877352366193006,0.07716367618369607
GOOGL,341.67999267578125,0.16712328767123288,291.38398745393226,0.003918415500965008,0.07861352523356216
GOOGL,341.67999267578125,0.16712328767123288,291.75594543794915,0.003959864716107075,0.08007871984709329
GOOGL,341.67999267578125,0.16712328767123288,292.1279034219661,0.004001702019228538,0.08155940400333919
GOOGL,341.67999267578125,0.16712328767123288,292.49986140598304,0.004043929355283115,0.08305572241644261
GOOGL,341.67999267578125,0.16712328767123288,292.87181939,0.004086548602813391,0.0845678205116365
GOOGL,341.67999267578125,0.16712328767123288,293.2437773740169,0.004129561570062496,0.08609584439981828
GOOGL,341.67999267578125,0.16712328767123288,293.6157353580338,0.0041729699909501495,0.08763994085065394
GOOGL,341.67999267578125,0.16712328767123288,293.98769334205076,0.0042167755209102115,0.08920025726415733
GOOGL,341.67999267578125,0.16712328767123288,294.3596513260677,0.004260979732587012,0.09077694164069727
GOOGL,341.67999267578125,0.16712328767123288,294.7316093100846,0.004305584111387752,0.09237014254937569
GOOGL,341.67999267578125,0.16712328767123288,295.10356729410154,0.004350590050888364,0.09398000909472556
GOOGL,341.67999267578125,0.16712328767123288,295.4755252781185,0.0043959988480903244,0.09560669088167012
GOOGL,341.67999267578125,0.16712328767123288,295.8474832621354,0.004441811698525983,0.09725033797869166
GOOGL,341.67999267578125,0.16712328767123288,296.2194412461523,0.0044880296912101466,0.09891110087915007
GOOGL,341.67999267578125,0.16712328767123288,296.59139923016926,0.004534653803435733,0.1005891304606958
GOOGL,341.67999267578125,0.16712328767123288,296.9633572141862,0.0045816848954115105,0.10228457794271524
GOOGL,341.67999267578125,0.16712328767123288,297.33531519820315,0.004629123704740069,0.1039975948417544
GOOGL,341.67999267578125,0.16712328767123288,297.7072731822201,0.004676970840734385,0.10572833292485728
GOOGL,341.67999267578125,0.16712328767123288,298.079231166237,0.004725226778571512,0.10747694416075998
GOOGL,341.67999267578125,0.16712328767123288,298.4511891502539,0.004773891853282199,0.10924358066888103
GOOGL,341.67999267578125,0.16712328767123288,298.82314713427087,0.0048229662535754295,0.11102839466604274
GOOGL,341.67999267578125,0.16712328767123288,299.19510511828776,0.004872450015497183,0.11283153841086713
GOOGL,341.67999267578125,0.16712328767123288,299.5670631023047,0.004922343015922977,0.11465316414578226
GOOGL,341.67999267578125,0.16712328767123288,299.93902108632165,0.004972644965884082,0.11649342403657469
GOOGL,341.67999267578125,0.16712328767123288,300.3109790703386,0.00502335540372762,0.11835247010943138
GOOGL,341.67999267578125,0.16712328767123288,300.68293705435553,0.005074473688111125,0.12023045418540537
GOOGL,341.67999267578125,0.16712328767123288,301.0548950383724,0.005125998990832521,0.12212752781224498
GOOGL,341.67999267578125,0.16712328767123288,301.42685302238937,0.005177930289496897,0.12404384219352722
GOOGL,341.67999267578125,0.16712328767123288,301.7988110064063,0.005230266360021893,0.12597954811503068
GOOGL,341.67999267578125,0.16712328767123288,302.17076899042326,0.0052830057689839775,0.12793479586829395
GOOGL,341.67999267578125,0.16712328767123288,302.54272697444014,0.005336146865808395,0.12990973517129645
GOOGL,341.67999267578125,0.16712328767123288,302.9146849584571,0.005389687774806099,0.13190451508620749
GOOGL,341.67999267578125,0.16712328767123288,303.28664294247403,0.005443626387061523,0.13391928393414274
GOOGL,341.67999267578125,0.16712328767123288,303.658600926491,0.005497960352175668,0.13595418920687932
GOOGL,341.67999267578125,0.16712328767123288,304.03055891050786,0.005552687069869564,0.138009377475472
GOOGL,341.67999267578125,0.16712328767123288,304.4025168945248,0.005607803681453847,0.14008499429572302
GOOGL,341.67999267578125,0.16712328767123288,304.77447487854175,0.005663307061170869,0.14218118411045222
GOOGL,341.67999267578125,0.16712328767123288,305.1464328625587,0.005719193807416473,0.14429809014852765
GOOGL,341.67999267578125,0.16712328767123288,305.5183908465756,0.00577546023384933,0.14643585432060804
GOOGL,341.67999267578125,0.16712328767123288,305.89034883059253,0.005832102360396494,0.14859461711156113
GOOGL,341.67999267578125,0.16712328767123288,306.2623068146095,0.005889115904164674,0.1507745174695155
GOOGL,341.67999267578125,0.16712328767123288,306.6342647986264,0.005946496270267553,0.15297569269151962
GOOGL,341.67999267578125,0.16712328767123288,307.00622278264336,0.00600423854258038,0.15519827830577362
GOOGL,341.67999267578125,0.16712328767123288,307.37818076666025,0.006062337474433939,0.1574424079504112
GOOGL,341.67999267578125,0.16712328767123288,307.7501387506772,0.006120787479260985,0.15970821324881265
GOOGL,341.67999267578125,0.16712328767123288,308.12209673469414,0.006179582621209154,0.16199582368142923
GOOGL,341.67999267578125,0.16712328767123288,308.494054718711,0.006238716605735394,0.16430536645411561
GOOGL,341.67999267578125,0.16712328767123288,308.86601270272797,0.006298182770197963,0.16663696636296335
GOOGL,341.67999267578125,0.16712328767123288,309.2379706867449,0.006357974074463055,0.16899074565563454
GOOGL,341.67999267578125,0.16712328767123288,309.60992867076186,0.006418083091544247,0.1713668238892112
GOOGL,341.67999267578125,0.16712328767123288,309.9818866547788,0.006478501998293972,0.1737653177845708
GOOGL,341.67999267578125,0.16712328767123288,310.3538446387957,0.006539222566167372,0.17618634107731287
GOOGL,341.67999267578125,0.16712328767123288,310.72580262281264,0.006600236152079947,0.17863000436526943
GOOGL,341.67999267578125,0.16712328767123288,311.0977606068296,0.006661533689381584,0.18109641495263282
GOOGL,341.67999267578125,0.16712328767123288,311.4697185908465,0.00672310567897063,0.18358567669075587
GOOGL,341.67999267578125,0.16712328767123288,311.8416765748634,0.006784942180572829,0.18609788981567557
GOOGL,341.67999267578125,0.16712328767123288,312.21363455888036,0.006847032804211043,0.18863315078243037
GOOGL,341.67999267578125,0.16712328767123288,312.5855925428973,0.0069093667018927715,0.1911915520962414
GOOGL,341.67999267578125,0.16712328767123288,312.95755052691425,0.006971932559543646,0.19377318214065128
GOOGL,341.67999267578125,0.16712328767123288,313.32950851093113,0.007034718589216057,0.1963781250027115
GOOGL,341.67999267578125,0.16712328767123288,313.7014664949481,0.007097712521603192,0.19900646029533084
GOOGL,341.67999267578125,0.16712328767123288,314.073424478965,0.007160901598889773,0.2016582629768979
GOOGL,341.67999267578125,0.16712328767123288,314.44538246298197,0.00722427256797171,0.2043336031683171
GOOGL,341.67999267578125,0.16712328767123288,314.81734044699886,0.0072878116740778785,0.20703254596759513
GOOGL,341.67999267578125,0.16712328767123288,315.1892984310158,0.007351504654828084,0.20975515126213823
GOOGL,341.67999267578125,0.16712328767123288,315.56125641503274,0.007415336734762079,0.2125014735389232
GOOGL,341.67999267578125,0.16712328767123288,315.9332143990497,0.007479292620375276,0.21527156169273146
GOOGL,341.67999267578125,0.16712328767123288,316.30517238306663,0.007543356495697439,0.21806545883263562
GOOGL,341.67999267578125,0.16712328767123288,316.6771303670835,0.007607512018451258,0.22088320208694945
GOOGL,341.67999267578125,0.16712328767123288,317.04908835110047,0.007671742316828157,0.22372482240686578
GOOGL,341.67999267578125,0.16712328767123288,317.4210463351174,0.007736029986919127,0.22659034436901276
GOOGL,341.67999267578125,0.16712328767123288,317.7930043191343,0.007800357090838584,0.22947978597718716
GOOGL,341.67999267578125,0.16712328767123288,318.16496230315124,0.00786470515557948,0.23239315846352596
GOOGL,341.67999267578125,0.16712328767123288,318.5369202871682,0.007929055172637865,0.2353304660893912
GOOGL,341.67999267578125,0.16712328767123288,318.90887827118513,0.007993387598445012,0.23829170594626978
GOOGL,341.67999267578125,0.16712328767123288,319.2808362552021,0.00805768235564494,0.2412768677569889
GOOGL,341.67999267578125,0.16712328767123288,319.65279423921896,0.008121918835254788,0.24428593367757104
GOOGL,341.67999267578125,0.16712328767123288,320.0247522232359,0.008186075899744849,0.24731887810006575
GOOGL,341.67999267578125,0.16712328767123288,320.39671020725285,0.008250131887074416,0.2503756674567002
GOOGL,341.67999267578125,0.16712328767123288,320.76866819126974,0.008314064615718568,0.2534562600257194
GOOGL,341.67999267578125,0.16712328767123288,321.1406261752867,0.008377851390719962,0.25656060573928696
GOOGL,341.67999267578125,0.16712328767123288,321.51258415930363,0.008441469010798397,0.2596886459938289
GOOGL,341.67999267578125,0.16712328767123288,321.8845421433206,0.008504893776549375,0.2628403134632297
GOOGL,341.67999267578125,0.16712328767123288,322.2565001273375,0.008568101499761177,0.2660155319152834
GOOGL,341.67999267578125,0.16712328767123288,322.6284581113544,0.008631067513878142,0.2692142160318229
GOOGL,341.67999267578125,0.16712328767123288,323.00041609537135,0.008693766685635571,0.2724362712329624
GOOGL,341.67999267578125,0.16712328767123288,323.3723740793883,0.008756173427889466,0.27568159350588395
GOOGL,341.67999267578125,0.16712328767123288,323.74433206340524,0.008818261713661724,0.2789500692386279
GOOGL,341.67999267578125,0.16712328767123288,324.1162900474221,0.008880005091418614,0.2822415750593333
GOOGL,341.67999267578125,0.16712328767123288,324.48824803143907,0.008941376701597479,0.28555597768139657
GOOGL,341.67999267578125,0.16712328767123288,324.860206015456,0.009002349294393317,0.28889313375500714
GOOGL,341.67999267578125,0.16712328767123288,325.23216399947296,0.009062895248813613,0.2922528897255393
GOOGL,341.67999267578125,0.16712328767123288,325.6041219834899,0.009122986593006185,0.2956350816992661
GOOGL,341.67999267578125,0.16712328767123288,325.9760799675068,0.009182595025860973,0.29903953531687133
GOOGL,341.67999267578125,0.16712328767123288,326.34803795152374,0.009241691939882885,0.3024660656352352
GOOGL,341.67999267578125,0.16712328767123288,326.7199959355407,0.009300248445328549,0.305914477017958
GOOGL,341.67999267578125,0.16712328767123288,327.09195391955757,0.00935823539559563,0.3093845630350989
GOOGL,341.67999267578125,0.16712328767123288,327.4639119035745,0.00941562341384895,0.3128761063725888
GOOGL,341.67999267578125,0.16712328767123288,327.83586988759146,0.009472382920862978,0.31638887875176813
GOOGL,341.67999267578125,0.16712328767123288,328.2078278716084,0.00952848416405574,0.3199226408595083
GOOGL,341.67999267578125,0.16712328767123288,328.57978585562535,0.00958389724768435,0.32347714228934515
GOOGL,341.67999267578125,0.16712328767123288,328.95174383964223,0.009638592164167495,0.3270521214940543
GOOGL,341.67999267578125,0.16712328767123288,329.3237018236592,0.00969253882649536,0.33064730575008155
GOOGL,341.67999267578125,0.16712328767123288,329.6956598076761,0.009745707101682556,0.3342624111342169
GOOGL,341.67999267578125,0.16712328767123288,330.067617791693,0.009798066845214597,0.3378971425129017
GOOGL,341.67999267578125,0.16712328767123288,330.43957577570995,0.009849587936433691,0.34155119354452307
GOOGL,341.67999267578125,0.16712328767123288,330.8115337597269,0.009900240314804522,0.3452242466950288
GOOGL,341.67999267578125,0.16712328767123288,331.18349174374384,0.009949994016996134,0.3489159732671891
GOOGL,341.67999267578125,0.16712328767123288,331.5554497277608,0.0099988192147111,0.3526260334437873
GOOGL,341.67999267578125,0.16712328767123288,331.9274077117777,0.010046686253188695,0.35635407634500704
GOOGL,341.67999267578125,0.16712328767123288,332.2993656957946,0.010093565690304307,0.36009974010025453
GOOGL,341.67999267578125,0.16712328767123288,332.67132367981156,0.01013942833618308,0.3638626519346141
GOOGL,341.67999267578125,0.16712328767123288,333.0432816638285,0.010184245293241691,0.36764242827012367
GOOGL,341.67999267578125,0.16712328767123288,333.4152396478454,0.01022798799656845,0.37143867484200377
GOOGL,341.67999267578125,0.16712328767123288,333.78719763186234,0.010270628254548237,0.3752509868299549
GOOGL,341.67999267578125,0.16712328767123288,334.1591556158793,0.010312138289635652,0.37907894900458794
GOOGL,341.67999267578125,0.16712328767123288,334.53111359989623,0.010352490779176738,0.3829221358890346
GOOGL,341.67999267578125,0.16712328767123288,334.9030715839132,0.010391658896177089,0.3867801119357298
GOOGL,341.67999267578125,0.16712328767123288,335.27502956793006,0.010429616349911946,0.3906524317183278
GOOGL,341.67999267578125,0.16712328767123288,335.646987551947,0.010466337426271935,0.3945386401386781
GOOGL,341.67999267578125,0.16712328767123288,336.01894553596395,0.010501797027736851,0.39843827264873277
GOOGL,341.67999267578125,0.16712328767123288,336.39090351998084,0.01053597071286869,0.40235085548723837
GOOGL,341.67999267578125,0.16712328767123288,336.7628615039978,0.010568834735214763,0.4062759059310078
GOOGL,341.67999267578125,0.16712328767123288,337.1348194880147,0.010600366081511419,0.4102129325605275
GOOGL,341.67999267578125,0.16712328767123288,337.5067774720317,0.010630542509079454,0.4141614355396296
GOOGL,341.67999267578125,0.16712328767123288,337.8787354560486,0.010659342582302963,0.4181209069089011
GOOGL,341.67999267578125,0.16712328767123288,338.2506934400655,0.010686745708084774,0.4220908308924706
GOOGL,341.67999267578125,0.16712328767123288,338.62265142408245,0.010712732170173437,0.42607068421777666
GOOGL,341.67999267578125,0.16712328767123288,338.9946094080994,0.010737283162258868,0.4300599364478687
GOOGL,341.67999267578125,0.16712328767123288,339.3665673921163,0.010760380819736673,0.4340580503257765
GOOGL,341.67999267578125,0.16712328767123288,339.7385253761332,0.010782008250044255,0.4380644821304287
GOOGL,341.67999267578125,0.16712328767123288,340.11048336015017,0.010802149561475618,0.442078682043567
GOOGL,341.67999267578125,0.16712328767123288,340.4824413441671,0.010820789890385724,0.4461000945270844
GOOGL,341.67999267578125,0.16712328767123288,340.85439932818406,0.01083791542670004,0.45012815871016454
GOOGL,341.67999267578125,0.16712328767123288,341.22635731220095,0.010853513437649684,0.45416230878557917
GOOGL,341.67999267578125,0.16712328767123288,341.5983152962179,0.010867572289658036,0.45820197441447347
GOOGL,341.67999267578125,0.16712328767123288,341.97027328023484,0.010880081468310439,0.4622465811389297
GOOGL,341.67999267578125,0.16712328767123288,342.3422312642518,0.01089103159634448,0.4662955508015967
GOOGL,341.67999267578125,0.16712328767123288,342.71418924826867,0.010900414449605019,0.47034830197162875
GOOGL,341.67999267578125,0.16712328767123288,343.0861472322856,0.010908222970914443,0.47440425037617523
GOOGL,341.67999267578125,0.16712328767123288,343.45810521630256,0.010914451281815757,0.4784628093366272
GOOGL,341.67999267578125,0.16712328767123288,343.8300632003195,0.010919094692153068,0.48252339020883656
GOOGL,341.67999267578125,0.16712328767123288,344.20202118433645,0.010922149707461403,0.48658540282648755
GOOGL,341.67999267578125,0.16712328767123288,344.57397916835333,0.010923614034145011,0.4906482559468061
GOOGL,341.67999267578125,0.16712328767123288,344.9459371523703,0.010923486582430992,0.49471135769778457
GOOGL,341.67999267578125,0.16712328767123288,345.3178951363872,0.0109217674670925,0.49877411602608396
GOOGL,341.67999267578125,0.16712328767123288,345.6898531204041,0.010918458005943335,0.5028359391447963
GOOGL,341.67999267578125,0.16712328767123288,346.06181110442105,0.010913560716113309,0.5068962359802345
GOOGL,341.67999267578125,0.16712328767123288,346.433769088438,0.010907079308121173,0.5109544166169213
GOOGL,341.67999267578125,0.16712328767123288,346.80572707245494,0.010899018677769294,0.5150098927399752
GOOGL,341.67999267578125,0.16712328767123288,347.1776850564719,0.010889384895891412,0.5190620780740784
GOOGL,341.67999267578125,0.16712328767123288,347.5496430404888,0.01087818519599193,0.52311038881824
GOOGL,341.67999267578125,0.16712328767123288,347.9216010245057,0.010865427959821884,0.5271542440755804
GOOGL,341.67999267578125,0.16712328767123288,348.29355900852266,0.010851122700943397,0.5311930662773705
GOOGL,341.67999267578125,0.16712328767123288,348.66551699253955,0.01083528004634065,0.5352262816005996
GOOGL,341.67999267578125,0.16712328767123288,349.0374749765565,0.010817911716141364,0.5392533203783522
GOOGL,341.67999267578125,0.16712328767123288,349.40943296057344,0.01079903050151848,0.543273617502298
GOOGL,341.67999267578125,0.16712328767123288,349.7813909445904,0.010778650240846854,0.5472866128166437
GOOGL,341.67999267578125,0.16712328767123288,350.15334892860733,0.01075678579419479,0.5512917515029037
GOOGL,341.67999267578125,0.16712328767123288,350.5253069126242,0.0107334530162347,0.5552884844548881
GOOGL,341.67999267578125,0.16712328767123288,350.89726489664116,0.010708668727661047,0.5592762686433408
GOOGL,341.67999267578125,0.16712328767123288,351.2692228806581,0.010682450685207609,0.563254567469679
GOOGL,341.67999267578125,0.16712328767123288,351.641180864675,0.010654817550359024,0.5672228511083434
GOOGL,341.67999267578125,0.16712328767123288,352.01313884869194,0.010625788856854444,0.571180596837286
GOOGL,341.67999267578125,0.16712328767123288,352.3850968327089,0.010595384977083254,0.5751272893561582
GOOGL,341.67999267578125,0.16712328767123288,352.7570548167258,0.01056362708747473,0.5790624210918198
GOOGL,341.67999267578125,0.16712328767123288,353.12901280074277,0.01053053713298464,0.582985492490802
GOOGL,341.67999267578125,0.16712328767123288,353.5009707847597,0.010496137790782928,0.5868960122984141
GOOGL,341.67999267578125,0.16712328767123288,353.8729287687766,0.010460452433246751,0.5907934978242132
GOOGL,341.67999267578125,0.16712328767123288,354.24488675279355,0.01042350509036332,0.5946774751936019
GOOGL,341.67999267578125,0.16712328767123288,354.6168447368105,0.010385320411646488,0.5985474795853459
GOOGL,341.67999267578125,0.16712328767123288,354.9888027208274,0.010345923627670088,0.6024030554548591
GOOGL,341.67999267578125,0.16712328767123288,355.3607607048443,0.010305340511319885,0.6062437567431291
GOOGL,341.67999267578125,0.16712328767123288,355.73271868886127,0.010263597338864242,0.6100691470711913
GOOGL,341.67999267578125,0.16712328767123288,356.1046766728782,0.010220720850941646,0.6138787999201122
GOOGL,341.67999267578125,0.16712328767123288,356.47663465689516,0.01017673821356093,0.6176722987964625
GOOGL,341.67999267578125,0.16712328767123288,356.84859264091205,0.010131676979207228,0.6214492373833025
GOOGL,341.67999267578125,0.16712328767123288,357.220550624929,0.010085565048143917,0.6252092196767406
GOOGL,341.67999267578125,0.16712328767123288,357.59250860894593,0.010038430629997422,0.6289518601081442
GOOGL,341.67999267578125,0.16712328767123288,357.9644665929628,0.00999030220570837,0.6326767836521352
GOOGL,341.67999267578125,0.16712328767123288,358.33642457697977,0.009941208489928861,0.6363836259205159
GOOGL,341.67999267578125,0.16712328767123288,358.7083825609967,0.009891178393941751,0.6400720332423002
GOOGL,341.67999267578125,0.16712328767123288,359.08034054501366,0.009840240989173778,0.6437416627300685
GOOGL,341.67999267578125,0.16712328767123288,359.4522985290306,0.009788425471370212,0.647392182332871
GOOGL,341.67999267578125,0.16712328767123288,359.8242565130475,0.009735761125494381,0.6510232708759406
GOOGL,341.67999267578125,0.16712328767123288,360.19621449706443,0.009682277291411029,0.6546346180874985
GOOGL,341.67999267578125,0.16712328767123288,360.5681724810814,0.00962800333040805,0.658225924612945
GOOGL,341.67999267578125,0.16712328767123288,360.94013046509826,0.009572968592606642,0.6617969020167698
GOOGL,341.67999267578125,0.16712328767123288,361.3120884491152,0.009517202385305382,0.6653472727725113
GOOGL,341.67999267578125,0.16712328767123288,361.68404643313215,0.009460733942299288,0.6688767702411201
GOOGL,341.67999267578125,0.16712328767123288,362.0560044171491,0.009403592394210406,0.6723851386381031
GOOGL,341.67999267578125,0.16712328767123288,362.42796240116604,0.009345806739862093,0.6758721329898224
GOOGL,341.67999267578125,0.16712328767123288,362.799920385183,0.009287405818724774,0.679337519079348
GOOGL,341.67999267578125,0.16712328767123288,363.1718783691999,0.009228418284456658,0.6827810733822633
GOOGL,341.67999267578125,0.16712328767123288,363.5438363532168,0.009168872579558819,0.6862025829928396
GOOGL,341.67999267578125,0.16712328767123288,363.91579433723376,0.009108796911159876,0.6896018455409875
GOOGL,341.67999267578125,0.16712328767123288,364.28775232125065,0.009048219227941651,0.6929786691004186
GOOGL,341.67999267578125,0.16712328767123288,364.6597103052676,0.008987167198213379,0.6963328720884382
GOOGL,341.67999267578125,0.16712328767123288,365.03166828928454,0.008925668189138375,0.6996642831577916
GOOGL,341.67999267578125,0.16712328767123288,365.4036262733015,0.00886374924711364,0.7029727410810037
GOOGL,341.67999267578125,0.16712328767123288,365.7755842573184,0.008801437079299484,0.7062580946276319
GOOGL,341.67999267578125,0.16712328767123288,366.1475422413353,0.008738758036293195,0.7095202024348612
GOOGL,341.67999267578125,0.16712328767123288,366.51950022535226,0.008675738095937772,0.712758932871869
GOOGL,341.67999267578125,0.16712328767123288,366.8914582093692,0.008612402848253925,0.7159741638983701
GOOGL,341.67999267578125,0.16712328767123288,367.2634161933861,0.008548777481481029,0.7191657829177693
GOOGL,341.67999267578125,0.16712328767123288,367.63537417740304,0.008484886769210203,0.7223336866253236
GOOGL,341.67999267578125,0.16712328767123288,368.00733216142,0.00842075505859054,0.7254777808517142
GOOGL,341.67999267578125,0.16712328767123288,368.3792901454369,0.008356406259587423,0.7285979804024325
GOOGL,341.67999267578125,0.16712328767123288,368.75124812945387,0.008291863835269983,0.7316942088933589
GOOGL,341.67999267578125,0.16712328767123288,369.12320611347076,0.008227150793103152,0.7347663985829165
GOOGL,341.67999267578125,0.16712328767123288,369.4951640974877,0.008162289677218132,0.7378144902011697
GOOGL,341.67999267578125,0.16712328767123288,369.86712208150465,0.008097302561633895,0.7408384327762202
GOOGL,341.67999267578125,0.16712328767123288,370.23908006552153,0.008032211044401077,0.743838183458257
GOOGL,341.67999267578125,0.16712328767123288,370.6110380495385,0.007967036242638658,0.7468137073415949
GOOGL,341.67999267578125,0.16712328767123288,370.9829960335554,0.007901798788432975,0.7497649772850223
GOOGL,341.67999267578125,0.16712328767123288,371.35495401757237,0.007836518825567929,0.7526919737307833
GOOGL,341.67999267578125,0.16712328767123288,371.7269120015893,0.007771216007054651,0.75559468452249
GOOGL,341.67999267578125,0.16712328767123288,372.09886998560626,0.007705909493428545,0.7584731047222585
GOOGL,341.67999267578125,0.16712328767123288,372.47082796962314,0.007640617951781296,0.7613272364273486
GOOGL,341.67999267578125,0.16712328767123288,372.8427859536401,0.007575359555495283,0.7641570885865755
GOOGL,341.67999267578125,0.16712328767123288,373.21474393765703,0.007510151984647821,0.7669626768167435
GOOGL,341.67999267578125,0.16712328767123288,373.5867019216739,0.007445012427052663,0.7697440232193521
GOOGL,341.67999267578125,0.16712328767123288,373.95865990569087,0.007379957579906413,0.7725011561978021
GOOGL,341.67999267578125,0.16712328767123288,374.3306178897078,0.007315003652007752,0.7752341102753171
GOOGL,341.67999267578125,0.16712328767123288,374.70257587372475,0.007250166366517712,0.7779429259137944
GOOGL,341.67999267578125,0.16712328767123288,375.0745338577417,0.007185460964229636,0.7806276493337768
GOOGL,341.67999267578125,0.16712328767123288,375.4464918417586,0.007120902207318037,0.783288332335728
GOOGL,341.67999267578125,0.16712328767123288,375.81844982577553,0.007056504383536057,0.7859250321227893
GOOGL,341.67999267578125,0.16712328767123288,376.1904078097925,0.006992281310831875,0.7885378111251709
GOOGL,341.67999267578125,0.16712328767123288,376.56236579380936,0.006928246342355105,0.7911267368263363
GOOGL,341.67999267578125,0.16712328767123288,376.9343237778263,0.006864412371824929,0.7936918815911164
GOOGL,341.67999267578125,0.16712328767123288,377.30628176184325,0.006800791839232473,0.7962333224958787
GOOGL,341.67999267578125,0.16712328767123288,377.6782397458602,0.006737396736850731,0.7987511411608793
GOOGL,341.67999267578125,0.16712328767123288,378.05019772987714,0.0066742386155261785,0.8012454235848996
GOOGL,341.67999267578125,0.16712328767123288,378.422155713894,0.0066113285912270305,0.803716259982272
GOOGL,341.67999267578125,0.16712328767123288,378.794113697911,0.006548677351824038,0.8061637446223862
GOOGL,341.67999267578125,0.16712328767123288,379.1660716819279,0.006486295164080494,0.8085879756717522
GOOGL,341.67999267578125,0.16712328767123288,379.5380296659448,0.006424191880829129,0.8109890550387026
GOOGL,341.67999267578125,0.16712328767123288,379.90998764996175,0.006362376948314373,0.8133670882207936
GOOGL,341.67999267578125,0.16712328767123288,380.2819456339787,0.0063008594136794455,0.8157221841549622
GOOGL,341.67999267578125,0.16712328767123288,380.65390361799564,0.0062396479325785665,0.8180544550704941
GOOGL,341.67999267578125,0.16712328767123288,381.0258616020126,0.006178750776895518,0.8203640163448415
GOOGL,341.67999267578125,0.16712328767123288,381.3978195860295,0.006118175842550687,0.8226509863623283
GOOGL,341.67999267578125,0.16712328767123288,381.7697775700464,0.006057930657379545,0.8249154863757727
GOOGL,341.67999267578125,0.16712328767123288,382.14173555406336,0.005998022389066455,0.8271576403710522
GOOGL,341.67999267578125,0.16712328767123288,382.5136935380803,0.0059384578531184815,0.8293775749346228
GOOGL,341.67999267578125,0.16712328767123288,382.8856515220972,0.005879243520864809,0.831575419124013
GOOGL,341.67999267578125,0.16712328767123288,383.25760950611414,0.005820385527468075,0.833751304341295
GOOGL,341.67999267578125,0.16712328767123288,383.6295674901311,0.005761889679934841,0.8359053642095324
GOOGL,341.67999267578125,0.16712328767123288,384.001525474148,0.005703761465113131,0.8380377344522092
GOOGL,341.67999267578125,0.16712328767123288,384.37348345816497,0.005646006057665758,0.8401485527756261
GOOGL,341.67999267578125,0.16712328767123288,384.74544144218186,0.005588628328008894,0.8422379587542572
GOOGL,341.67999267578125,0.16712328767123288,385.1173994261988,0.005531632850206034,0.8443060937190526
GOOGL,341.67999267578125,0.16712328767123288,385.48935741021575,0.005475023909808233,0.8463531006486633
GOOGL,341.67999267578125,0.16712328767123288,385.86131539423263,0.00541880551163212,0.8483791240635747
GOOGL,341.67999267578125,0.16712328767123288,386.2332733782496,0.005362981387467879,0.8503843099231195
GOOGL,341.67999267578125,0.16712328767123288,386.6052313622665,0.005307555003709941,0.8523688055253406
GOOGL,341.67999267578125,0.16712328767123288,386.97718934628347,0.005252529568903806,0.8543327594096795
GOOGL,341.67999267578125,0.16712328767123288,387.3491473303004,0.005197908041202931,0.8562763212624546
GOOGL,341.67999267578125,0.16712328767123288,387.7211053143173,0.005143693135730133,0.8581996418250939
GOOGL,341.67999267578125,0.16712328767123288,388.09306329833424,0.005089887331838593,0.8601028728050899
GOOGL,341.67999267578125,0.16712328767123288,388.4650212823512,0.00503649288026788,0.861986166789632
GOOGL,341.67999267578125,0.16712328767123288,388.8369792663681,0.0049835118101910466,0.8638496771618834
GOOGL,341.67999267578125,0.16712328767123288,389.208937250385,0.004930945936149173,0.8656935580198584
GOOGL,341.67999267578125,0.16712328767123288,389.58089523440196,0.004878796864870223,0.8675179640978543
GOOGL,341.67999267578125,0.16712328767123288,389.9528532184189,0.004827066001969489,0.8693230506904016
GOOGL,341.67999267578125,0.16712328767123288,390.32481120243585,0.004775754558529225,0.8711089735786814
GOOGL,341.67999267578125,0.16712328767123288,390.6967691864528,0.004724863557555487,0.8728758889593683
GOOGL,341.67999267578125,0.16712328767123288,391.0687271704697,0.004674393840310524,0.8746239533758513
GOOGL,341.67999267578125,0.16712328767123288,391.44068515448663,0.00462434607251935,0.8763533236517883
GOOGL,341.67999267578125,0.16712328767123288,391.8126431385035,0.0045747207504494725,0.8780641568269424
GOOGL,341.67999267578125,0.16712328767123288,392.18460112252046,0.004525518206863021,0.8797566100952596
GOOGL,341.67999267578125,0.16712328767123288,392.5565591065374,0.004476738616840739,0.8814308407451334
GOOGL,341.67999267578125,0.16712328767123288,392.92851709055435,0.004428382003477653,0.8830870061018141
GOOGL,341.67999267578125,0.16712328767123288,393.3004750745713,0.004380448243450315,0.8847252634719115
GOOGL,341.67999267578125,0.16712328767123288,393.67243305858824,0.004332937072455874,0.8863457700899452
GOOGL,341.67999267578125,0.16712328767123288,394.0443910426051,0.004285848090523341,0.8879486830668935
GOOGL,341.67999267578125,0.16712328767123288,394.4163490266221,0.004239180767197597,0.8895341593406956
GOOGL,341.67999267578125,0.16712328767123288,394.788307010639,0.004192934446596929,0.8911023556286564
GOOGL,341.67999267578125,0.16712328767123288,395.1602649946559,0.004147108352344945,0.8926534283817108
GOOGL,341.67999267578125,0.16712328767123288,395.53222297867285,0.00410170159237794,0.8941875337404999
GOOGL,341.67999267578125,0.16712328767123288,395.9041809626898,0.004056713163628864,0.895704827493209
GOOGL,341.67999267578125,0.16712328767123288,396.27613894670674,0.004012141956589186,0.8972054650351295
GOOGL,341.67999267578125,0.16712328767123288,396.6480969307237,0.003967986759750046,0.8986896013298922
GOOGL,341.67999267578125,0.16712328767123288,397.0200549147406,0.003924246263924207,0.900157390872331
GOOGL,341.67999267578125,0.16712328767123288,397.3920128987575,0.003880919066450364,0.9016089876529334
GOOGL,341.67999267578125,0.16712328767123288,397.76397088277446,0.003838003675281488,0.9030445451238319
GOOGL,341.67999267578125,0.16712328767123288,398.13592886679135,0.0037954985129589345,0.9044642161662951
GOOGL,341.67999267578125,0.16712328767123288,398.5078868508083,0.0037534019204741058,0.9058681530596773
GOOGL,341.67999267578125,0.16712328767123288,398.87984483482524,0.003711712161019512,0.9072565074517817
GOOGL,341.67999267578125,0.16712328767123288,399.2518028188422,0.003670427423631134,0.9086294303306008
GOOGL,341.67999267578125,0.16712328767123288,399.6237608028591,0.003629545826724004,0.9099870719973907
GOOGL,341.67999267578125,0.16712328767123288,399.99571878687607,0.0035890654215229947,0.9113295820410408
GOOGL,341.67999267578125,0.16712328767123288,400.36767677089296,0.0035489841953907815,0.9126571093137006
GOOGL,341.67999267578125,0.16712328767123288,400.7396347549099,0.003509300075055018,0.9139698019076273
GOOGL,341.67999267578125,0.16712328767123288,401.1115927389268,0.00347001092973675,0.915267807133212
GOOGL,341.67999267578125,0.16712328767123288,401.48355072294373,0.003431114574182102,0.9165512714981547
GOOGL,341.67999267578125,0.16712328767123288,401.8555087069607,0.003392608771599298,0.9178203406877479
GOOGL,341.67999267578125,0.16712328767123288,402.2274666909776,0.0033544912365030743,0.9190751595462351
GOOGL,341.67999267578125,0.16712328767123288,402.59942467499457,0.0033167596374685227,0.920315872059212
GOOGL,341.67999267578125,0.16712328767123288,402.9713826590115,0.003279411599796426,0.9215426213370338
GOOGL,341.67999267578125,0.16712328767123288,403.3433406430284,0.003242444708092127,0.9227555495991988
GOOGL,341.67999267578125,0.16712328767123288,403.71529862704534,0.003205856508759954,0.923954798159676
GOOGL,341.67999267578125,0.16712328767123288,404.0872566110623,0.0031696445124152275,0.9251405074131431
GOOGL,341.67999267578125,0.16712328767123288,404.4592145950792,0.003133806196215852,0.9263128168221092
GOOGL,341.67999267578125,0.16712328767123288,404.8311725790961,0.0030983390061154635,0.9274718649048892
GOOGL,341.67999267578125,0.16712328767123288,405.20313056311306,0.0030632403590401145,0.9286177892244011
GOOGL,341.67999267578125,0.16712328767123288,405.57508854713,0.0030285076449904254,0.9297507263777604
GOOGL,341.67999267578125,0.16712328767123288,405.94704653114695,0.002994138229071122,0.9308708119866423
GOOGL,341.67999267578125,0.16712328767123288,406.3190045151639,0.0029601294534498503,0.9319781806883862
GOOGL,341.67999267578125,0.16712328767123288,406.6909624991808,0.0029264786392471454,0.9330729661278148
GOOGL,341.67999267578125,0.16712328767123288,407.06292048319773,0.002893183088359374,0.9341553009497453
GOOGL,341.67999267578125,0.16712328767123288,407.4348784672146,0.002860240085216477,0.9352253167921649
GOOGL,341.67999267578125,0.16712328767123288,407.80683645123156,0.0028276468984762804,0.9362831442800502
GOOGL,341.67999267578125,0.16712328767123288,408.1787944352485,0.002795400782657131,0.937328913019803
GOOGL,341.67999267578125,0.16712328767123288,408.55075241926545,0.0027634989797105697,0.9383627515942843
GOOGL,341.67999267578125,0.16712328767123288,408.9227104032824,0.002731938720535733,0.9393847875584215
GOOGL,341.67999267578125,0.16712328767123288,409.29466838729934,0.002700717226437129,0.9403951474353683
GOOGL,341.67999267578125,0.16712328767123288,409.6666263713162,0.002669831710527423,0.941393956713197
GOOGL,341.67999267578125,0.16712328767123288,410.03858435533317,0.002639279379076805,0.9423813398421026
GOOGL,341.67999267578125,0.16712328767123288,410.41054233935006,0.0026090574328105133,0.9433574202320982
GOOGL,341.67999267578125,0.16712328767123288,410.782500323367,0.0025791630681560175,0.9443223202511857
GOOGL,341.67999267578125,0.16712328767123288,411.15445830738395,0.0025495934784413687,0.9452761612239787
GOOGL,341.67999267578125,0.16712328767123288,411.5264162914009,0.0025203458550461626,0.9462190634307649
GOOGL,341.67999267578125,0.16712328767123288,411.89837427541784,0.0024914173885065482,0.9471511461069859
GOOGL,341.67999267578125,0.16712328767123288,412.2703322594348,0.0024628052695756584,0.9480725274431215
GOOGL,341.67999267578125,0.16712328767123288,412.64229024345167,0.0024345066902408488,0.9489833245849592
GOOGL,341.67999267578125,0.16712328767123288,413.0142482274686,0.0024065188446990393,0.9498836536342345
GOOGL,341.67999267578125,0.16712328767123288,413.3862062114855,0.0023788389302914735,0.9507736296496271
GOOGL,341.67999267578125,0.16712328767123288,413.75816419550245,0.0023514641483991594,0.9516533666480965
GOOGL,341.67999267578125,0.16712328767123288,414.1301221795194,0.0023243917053002053,0.9525229776065445
GOOGL,341.67999267578125,0.16712328767123288,414.50208016353633,0.0022976188129902727,0.9533825744637887
GOOGL,341.67999267578125,0.16712328767123288,414.8740381475533,0.002271142689967301,0.9542322681228359
GOOGL,341.67999267578125,0.16712328767123288,415.2459961315702,0.002244960561981652,0.9550721684534396
GOOGL,341.67999267578125,0.16712328767123288,415.61795411558717,0.002219069662752778,0.955902384294931
GOOGL,341.67999267578125,0.16712328767123288,415.98991209960406,0.0021934672346535003,0.9567230234593107
GOOGL,341.67999267578125,0.16712328767123288,416.361870083621,0.002168150529362946,0.9575341927345887
GOOGL,341.67999267578125,0.16712328767123288,416.7338280676379,0.002143116808489164,0.9583359978883614
GOOGL,341.67999267578125,0.16712328767123288,417.10578605165483,0.0021183633441624254,0.9591285436716157
GOOGL,341.67999267578125,0.16712328767123288,417.4777440356718,0.0020938874196001645,0.9599119338227472
GOOGL,341.67999267578125,0.16712328767123288,417.8497020196887,0.002069686329644515,0.9606862710717846
GOOGL,341.67999267578125,0.16712328767123288,418.22166000370567,0.0020457573812733454,0.9614516571448087
GOOGL,341.67999267578125,0.16712328767123288,418.5936179877226,0.00202209789408569,0.9622081927685564
GOOGL,341.67999267578125,0.16712328767123288,418.9655759717395,0.001998705200762443,0.9629559776752007
GOOGL,341.67999267578125,0.16712328767123288,419.33753395575644,0.001975576647503144,0.9636951106072987
GOOGL,341.67999267578125,0.16712328767123288,419.70949193977333,0.0019527095944396856,0.9644256893228959
GOOGL,341.67999267578125,0.16712328767123288,420.0814499237903,0.0019301014160277225,0.965147810600782
GOOGL,341.67999267578125,0.16712328767123288,420.4534079078072,0.001907749501416561,0.9658615702458871
GOOGL,341.67999267578125,0.16712328767123288,420.82536589182416,0.0018856512547982692,0.9665670630948121
GOOGL,341.67999267578125,0.16712328767123288,421.1973238758411,0.0018638040957367362,0.9672643830214854
GOOGL,341.67999267578125,0.16712328767123288,421.56928185985805,0.0018422054594773825,0.967953622942938
GOOGL,341.67999267578125,0.16712328767123288,421.94123984387494,0.001820852797238206,0.9686348748251902
GOOGL,341.67999267578125,0.16712328767123288,422.3131978278919,0.0017997435764828232,0.9693082296892443
GOOGL,341.67999267578125,0.16712328767123288,422.68515581190877,0.0017788752811761488,0.9699737776171742
GOOGL,341.67999267578125,0.16712328767123288,423.0571137959257,0.0017582454120233357,0.9706316077583077
GOOGL,341.67999267578125,0.16712328767123288,423.42907177994266,0.0017378514866925783,0.9712818083354948
GOOGL,341.67999267578125,0.16712328767123288,423.8010297639596,0.0017176910400223714,0.9719244666514557
GOOGL,341.67999267578125,0.16712328767123288,424.17298774797655,0.0016977616242137765,0.972559669095203
GOOGL,341.67999267578125,0.16712328767123288,424.5449457319935,0.0016780608090082652,0.9731875011485331
GOOGL,341.67999267578125,0.16712328767123288,424.91690371601044,0.0016585861818516558,0.9738080473925814
GOOGL,341.67999267578125,0.16712328767123288,425.2888617000273,0.0016393353480446706,0.9744213915144345
GOOGL,341.67999267578125,0.16712328767123288,425.66081968404427,0.001620305930880609,0.9750276163137983
GOOGL,341.67999267578125,0.16712328767123288,426.03277766806116,0.001601495571770621,0.9756268037097127
GOOGL,341.67999267578125,0.16712328767123288,426.4047356520781,0.001582901930357053,0.9762190347473126
GOOGL,341.67999267578125,0.16712328767123288,426.77669363609505,0.0015645226846153178,0.9768043896046279
GOOGL,341.67999267578125,0.16712328767123288,427.148651620112,0.0015463555309447297,0.9773829475994189
GOOGL,341.67999267578125,0.16712328767123288,427.52060960412894,0.001528398184248729,0.9779547871960449
GOOGL,341.67999267578125,0.16712328767123288,427.8925675881459,0.0015106483780049145,0.9785199860123597
GOOGL,341.67999267578125,0.16712328767123288,428.26452557216277,0.0014931038643252717,0.9790786208266313
GOOGL,341.67999267578125,0.16712328767123288,428.6364835561797,0.001475762414006996,0.9796307675844835
GOOGL,341.67999267578125,0.16712328767123288,429.0084415401966,0.0014586218165742748,0.9801765014058526
GOOGL,341.67999267578125,0.16712328767123288,429.38039952421354,0.0014416798803113986,0.9807158965919598
GOOGL,341.67999267578125,0.16712328767123288,429.7523575082305,0.001424934432287541,0.981249026632294
GOOGL,341.67999267578125,0.16712328767123288,430.12431549224743,0.0014083833183735582,0.9817759642116016
GOOGL,341.67999267578125,0.16712328767123288,430.4962734762644,0.0013920244032511256,0.9822967812168821
GOOGL,341.67999267578125,0.16712328767123288,430.8682314602813,0.001375855570414532,0.9828115487443849
GOOGL,341.67999267578125,0.16712328767123288,431.2401894442982,0.0013598747221654378,0.9833203371066059
GOOGL,341.67999267578125,0.16712328767123288,431.61214742831515,0.0013440797796008949,0.9838232158392812
GOOGL,341.67999267578125,0.16712328767123288,431.98410541233204,0.001328468680648085,0.984320253708012
GOOGL,341.67999267578125,0.16712328767123288,432.356063396349,0.0013130393756816006,0.9848115187137104
GOOGL,341.67999267578125,0.16712328767123288,432.72802138036593,0.0012977898211857773,0.98529707809605
GOOGL,341.67999267578125,0.16712328767123288,433.0999793643829,0.0012827179635261515,0.9857769983327208
GOOGL,341.67999267578125,0.16712328767123288,433.4719373483998,0.0012678217061537031,0.9862513451295655
GOOGL,341.67999267578125,0.16712328767123288,433.84389533241676,0.001253098848112124,0.9867201833931812
GOOGL,341.67999267578125,0.16712328767123288,434.2158533164337,0.0012385469774252407,0.9871835771722568
GOOGL,341.67999267578125,0.16712328767123288,434.5878113004506,0.0012241633009727841,0.9876415895474421
GOOGL,341.67999267578125,0.16712328767123288,434.95976928446754,0.001209944396300525,0.988094282443421
GOOGL,341.67999267578125,0.16712328767123288,435.3317272684844,0.0011958858840571498,0.9885417163339053
GOOGL,341.67999267578125,0.16712328767123288,435.7036852525014,0.0011819820439268466,0.9889839498142811
GOOGL,341.67999267578125,0.16712328767123288,436.0756432365183,0.001168225428822097,0.9894210390310737
GOOGL,341.67999267578125,0.16712328767123288,436.44760122053526,0.001154606562306078,0.9898530369833888
GOOGL,341.67999267578125,0.16712328767123288,436.8195592045522,0.001141113818758982,0.9902799927457926
GOOGL,341.67999267578125,0.16712328767123288,437.19151718856915,0.0011277335716301583,0.9907019506964783
GOOGL,341.67999267578125,0.16712328767123288,437.56347517258604,0.0011144506476107117,0.99111894985747
GOOGL,341.67999267578125,0.16712328767123288,437.935433156603,0.0011012490529900706,0.9915310234543812
GOOGL,341.67999267578125,0.16712328767123288,438.30739114061987,0.0010881128650974453,0.9919381987770487
GOOGL,341.67999267578125,0.16712328767123288,438.6793491246368,0.0010750271334393619,0.9923404973735498
GOOGL,341.67999267578125,0.16712328767123288,439.05130710865376,0.001061978631047871,0.9927379355515454
GOOGL,341.67999267578125,0.16712328767123288,439.4232650926707,0.001048956338525016,0.993130525109382
GOOGL,341.67999267578125,0.16712328767123288,439.79522307668765,0.0010359516149180434,0.9935182741889939
GOOGL,341.67999267578125,0.16712328767123288,440.1671810607046,0.0010229580843450696,0.9939011881394992
GOOGL,341.67999267578125,0.16712328767123288,440.5391390447215,0.0010099713209359683,0.9942792703011177
GOOGL,341.67999267578125,0.16712328767123288,440.9110970287384,0.0009969884349036364,0.9946525226535103
GOOGL,341.67999267578125,0.16712328767123288,441.2830550127553,0.0009840080859570555,0.9950209463896322
GOOGL,341.67999267578125,0.16712328767123288,441.65501299677226,0.0009710303934526754,0.9953845424753707
GOOGL,341.67999267578125,0.16712328767123288,442.0269709807892,0.00095805719838409,0.9957433122411965
GOOGL,341.67999267578125,0.16712328767123288,442.39892896480615,0.0009450936564307307,0.996097258318815
GOOGL,341.67999267578125,0.16712328767123288,442.7708869488231,0.0009321511800531757,0.9964463864212574
GOOGL,341.67999267578125,0.16712328767123288,443.14284493284003,0.0009192526307454622,0.9967907086357903
GOOGL,341.67999267578125,0.16712328767123288,443.514802916857,0.0009064404779437527,0.9971302491998612
GOOGL,341.67999267578125,0.16712328767123288,443.88676090087387,0.0008937881935616076,0.9974650539135724
GOOGL,341.67999267578125,0.16712328767123288,444.2587188848908,0.0008814140889109694,0.9977952042446778
GOOGL,341.67999267578125,0.16712328767123288,444.6306768689077,0.0008694951284632579,0.9981208365760234
GOOGL,341.67999267578125,0.16712328767123288,445.00263485292464,0.0008582763819243023,0.9984421657799462
GOOGL,341.67999267578125,0.16712328767123288,445.3745928369416,0.0008480705575500745,0.9987595104637663
GOOGL,341.67999267578125,0.16712328767123288,445.74655082095853,0.0008392425445924431,0.9990733152537055
GOOGL,341.67999267578125,0.16712328767123288,446.1185088049755,0.0008321768154502414,0.9993841641415097
GOOGL,341.67999267578125,0.16712328767123288,446.4904667889924,0.0008272306064001091,0.9996927790611567
GOOGL,341.67999267578125,0.16712328767123288,446.8624247730093,0.0008246814484262996,1.0
