NVDA,PLTR,MSFT,STX,GOOGL
163.86493983158547,130.10628218523303,425.20934513509326,588.1308477428344,267.3304864273237
228.92964028171735,167.93823007308038,401.04640115213,476.07527083145163,363.5465331775297
212.1612047215391,114.09767349511637,383.5647461064442,462.02407755435513,350.3708289713919
190.07475162038685,127.81307937935475,404.6117091576623,574.4058373512102,325.2312109193274
225.9846890899133,138.09370501179342,416.86094220601024,429.92603978100726,358.581972820789
220.48833061909386,150.87451681105807,420.5836592827551,488.5022460349663,266.75987856714113
237.394865436983,147.4527831343824,443.13419075103326,805.4219311482183,342.49894119802224
231.92623474690464,187.2578085973014,541.9095473490804,868.187028052103,410.98891641808876
240.28163374351448,124.63772937654882,398.1338494927879,441.3540414803109,337.14960528014944
182.30657521062187,159.22045084227193,424.237481195866,466.62553129371753,268.1911234208206
215.8317073997982,163.36764279346238,434.631271230611,646.2215467113557,380.2187661174579
239.06996267612263,211.93526728697535,536.1388667258385,873.6525723815364,369.9578866311098
191.96112033505344,102.1523779790373,396.66152740350725,377.8942688696217,374.40235846536706
249.8751277986327,154.99881497484893,461.4393212464747,520.2279110805117,384.94474117461334
247.7619360842234,168.61980392948036,495.3782972309269,693.5166984416896,379.5323477119305
205.33862929887405,175.78965243152084,483.99613742747044,522.2779229136862,361.5231678363382
206.764375040933,160.15962812032754,395.69608214927337,695.6287326354794,370.14994723866334
208.0646524386185,110.92060680672809,433.1403973656883,594.3232211160895,373.5771432630682
267.24438898973773,138.25683098930887,431.8026461609981,430.64931588222834,350.4743056154913
225.39832727739454,171.6158223785991,459.9807587298628,735.9543415218785,390.50116249154854
200.46623322123145,127.42718564659029,506.8569716814885,551.3280092784395,340.4850534118873
225.55225752173217,147.17445881268318,382.7621191706101,390.80595776733435,280.4415345284079
173.61361452940355,149.02564222323284,329.441972242604,332.1472245412768,266.9074508063368
196.9532058366756,191.18243685124492,390.1099722839874,423.97949393405185,348.01004087413094
214.1551119438185,194.061866006641,477.8333139827619,754.4975094106799,407.29343505439715
219.31917502375694,171.26014699551416,460.99711371603865,518.0018791695666,363.62045858702544
168.37040189251073,121.01036449469692,441.220820067122,704.4787635079666,329.97449483997224
165.22247698263837,167.93852438477506,411.0862956925838,435.5455005898006,299.73841077519273
200.6874891029109,139.52620181527652,417.2697164767742,480.8635325072441,378.4956065527944
197.631388271013,131.49396274947117,462.7958679311343,590.5555084675709,317.26261354334724
184.54618508009077,116.88954236208325,364.44928058421,391.7148371211596,271.2345896723962
218.50212835157535,199.76086168012176,511.00039592423167,601.1333594465348,374.32598306081724
185.75515576974604,107.01401179837902,379.6994301190662,378.43280711159207,355.4156060571102
235.48738351474108,169.53615191037622,460.5528028048962,604.0279033238172,378.74812310129755
181.68545679401217,144.07987865268547,327.2603327092268,414.313424640594,343.6998077777809
185.5899717880288,117.88011243574401,462.1216807316509,357.35251382677234,357.12557574418275
184.67687927766752,153.72793239268142,441.00258728895477,646.182588649179,377.0783400343633
152.19075210960347,147.07354806761805,418.43733263266785,493.10951430874456,337.80970300648386
182.00225987553796,125.52223910461736,355.6883691059257,411.3246969136787,303.45242237418836
199.81031030552455,155.61506226406692,420.447399713647,575.1436308734226,279.5354775713508
210.5535846072444,97.53477007391041,407.8637210970021,340.4793238727166,358.758559307275
221.599066525945,133.81290822518068,509.8522994739855,387.19700082233754,312.80646164145764
191.23142567988498,97.55075661557395,451.52405511849787,376.33800701597426,331.5675708968536
186.27894060167176,165.92241437432352,427.9892551096235,447.11620110823884,348.7357893280068
172.33039617335055,152.97812228163613,419.5306305098466,472.80408361162876,407.16872795102427
181.5205243519557,129.72754380653078,415.3634256563578,361.52935642515337,323.0766355488546
198.83698469093957,129.82514162441706,388.9219883726719,617.2371184647063,338.77064764546805
193.35577918163165,189.6463441121124,447.03744176349693,613.8727013692892,317.13612652524813
198.01112558009288,146.82315651792544,377.67618815712905,384.14583585267144,281.24512716306697
221.82910454614367,163.9161501071736,421.805413892473,739.7954443074452,369.33616250490513
212.48617200515713,147.57307927498593,389.85118371726145,635.688181007674,301.20887660689283
226.5223937747143,211.12131575321615,459.218177489272,745.145192419164,440.9340125293978
219.88289136337804,151.12206983880117,395.24420560034457,417.91188332931586,381.98541120738827
267.3026038649513,154.42420381661657,508.3216845305869,627.1871925463381,430.3832009504608
267.176149754209,145.4717296711161,437.54000516275124,395.2200191206229,372.3108326839421
226.81186595360046,156.4454193853005,463.95938343018435,842.5193410203883,372.48403931969153
234.1177582328702,160.52218316445226,440.4096012387412,578.1246062725381,383.08164276680037
180.48473052181404,108.82130401031557,367.6353216413984,354.1069017426598,352.5813636428999
234.7513420231292,117.32745767104208,395.2381019614109,478.31918389239684,360.65669206456863
219.04679354472313,163.32561367320673,457.7756380620212,631.4171442825539,384.4716117921712
154.55318679901362,131.30621663523837,445.9959562638943,579.4169017264682,314.27369918967844
180.0991874557123,102.0302375677075,417.40053772746086,446.7627094289298,379.9332468577514
197.21505235533024,155.0011818126352,447.446628219019,574.6709519380266,296.745910750821
199.21773342576356,163.93348663041527,467.15994194186084,687.1302933848214,436.37357249221446
215.62134379613983,160.82552687307995,382.62025396582163,343.85416024661964,295.60112667771944
177.61349413564307,102.62572014364909,397.11703914775916,608.8407394742866,339.4212073695742
177.16033653925362,163.39846361372676,371.30733965431557,358.66045867695067,277.4954351439904
182.22818673871987,132.3642109760571,443.3418577485019,366.66657714093805,328.78560629153327
267.1050972700039,160.03978515057844,502.0577554909194,710.238698638069,383.555977889864
213.1576170249315,218.73318979481397,520.9987407470782,652.2753640928513,368.3578995619663
202.66480349982507,142.52754017696083,463.9422437898255,543.6839596937151,334.7905535196102
165.0580071155029,115.83326246763747,437.81133780368623,655.7235775807123,291.1675625973245
213.97975261678013,134.18267812611847,434.7233351364318,444.7897824066136,332.7052741258241
161.48058357941477,137.53405592655432,368.5333120667794,463.63467518741135,275.82537040503104
216.85166941972952,143.2064635618111,368.08756747424553,534.6902497193117,369.22234470131133
169.68592322448092,128.4174469518971,398.8142713635188,375.5998672454455,301.16812929885646
212.8206992166547,121.21364498521982,347.4391079757107,345.47773876179036,331.2687620018261
221.15145852921927,222.25044840672768,446.742498304606,785.9527758842844,331.90547720495823
157.21581295192516,133.27243718895576,444.7300734494027,439.1786892510624,393.2055835959199
179.17097656724957,173.54830574930128,403.4593667873479,610.7713876249394,281.55903227796415
256.31465605047146,177.34845990121798,457.36301503676617,584.1207869628956,366.4550166026462
217.26375974568975,206.91212786281673,503.30798769428526,615.5745302665351,335.2549613332201
224.4722637012532,149.3048099245923,447.091150182424,709.7188473079153,393.3802068691146
187.27574255768303,100.98799978153812,448.30831227984265,550.7770326151178,350.57232311171043
245.39263268671144,150.74325059258555,514.0911321686649,772.494990750845,392.3350323185583
200.24970214605113,153.57669032700701,365.06520857839,640.6467768240157,329.5641742800924
267.42940373822694,146.1441131962347,505.19868209050094,675.8601629662078,367.24756217128333
196.7744393763753,202.43380257210643,420.7584631374748,529.3049418622581,340.40898415554244
213.44270019662932,160.3249356289726,403.39976558627444,625.3926662179452,359.5677012555939
169.47957162307284,135.6912212042648,377.1033821248601,629.960373970544,342.7637337395933
234.81502783376382,140.2072441554973,393.1691998006384,644.3076398274842,379.0915971660165
200.27162165038732,140.99942242410773,411.79695647914633,470.78763548047476,334.553410742335
175.90222010933556,113.90692753640182,401.6393626413726,466.97393826058595,327.53713920077263
196.11660382191567,135.98183710970997,450.63065080594004,625.8772450145774,327.1753673006794
241.17733930149186,149.32573770724179,429.6302892269753,540.6210141673333,332.02244426748575
162.8241806559686,140.36123571166746,410.6006990352277,381.98506563609266,302.1556595950202
225.31678597449925,115.45970227707521,363.7190202517133,614.0718874424562,372.7853263976669
159.59690717385615,135.9952863352679,405.77337245450207,484.6298337893804,350.4711478984057
205.1072663504745,129.8882082714141,449.5571501158796,763.7055868547001,313.4234250795813
157.9153053422166,100.81939474837931,428.44206653354735,496.9920539396889,317.5229969063001
256.0351485169029,172.43170380713642,541.2516787224081,803.7110568596428,425.59980740999646
258.5430751160695,155.29290089161157,475.1135941162892,678.4871306746023,369.18238911205987
252.92860442832554,120.56853920065242,483.32751601645856,751.707722354882,413.00093012580464
193.81287215876398,183.88865280585745,430.9295333188963,745.5358788452073,343.45822105089644
239.36882895138038,183.10561601699635,405.3137754255377,529.3417062564156,315.1244616239039
183.94368997233937,116.99223075867076,420.0881114469926,441.68212941312476,408.797379349378
197.58137467359063,161.33931173356365,430.8468696460728,606.2397205184418,276.3841282919952
181.35606959640512,128.38087105612144,360.2271092512262,496.0095147765149,308.42494986360043
224.65603708522755,161.95679978526664,394.6993843699003,485.36070628126606,353.9455754829437
199.53090950371458,168.86222736914567,532.046457390621,483.99782738936324,407.2241706259316
169.30948579770137,200.43564875967078,408.44396707141385,801.0055572633272,404.9192330387154
207.15751320441228,119.22150977020527,468.31567745248697,552.668064545006,375.1624912042565
161.02543828475032,132.4472263216745,349.80771737794333,398.67507533619835,306.0237544321256
258.88286950213217,155.10112929045945,436.58081688607916,874.678942869264,346.27295354410364
223.65480600248827,154.30210332892224,437.0139320829291,494.6481343163742,379.61117655992973
205.71559451189103,172.855069501195,421.6878521692715,572.4935033707605,376.1920621740214
189.13181073703973,195.87326322035833,465.56501189970584,682.3206954496441,328.06850097225345
245.64653654211585,144.78384733717286,456.5623228586242,502.505143788642,331.0006384681957
188.70993103150872,150.06080107970902,413.6839590180677,480.25551946245247,356.7785975082514
226.40248366505753,126.95024557302251,483.95579299065815,447.8505715039043,374.8948733871601
224.49768447836118,140.96326514558146,444.4921476680665,634.1561283802937,335.4987619343701
252.92913011681944,131.2729280238727,390.50546488249967,609.4663828872297,367.6193493912311
195.53487349328628,158.9329000389701,371.7055215896914,796.7309588826654,356.6696863251621
216.983236342962,161.65107384174422,402.3370328105964,453.98743385984955,329.3492792173948
209.4029195763285,185.79656994821914,500.0984237291409,621.4308266793067,394.57828974508743
214.5184782209714,167.61142457536545,514.2045343480482,647.3267610655375,422.4271493405615
224.0485522927913,143.97473373105018,440.51087418588287,681.8527428428316,326.90826291792104
226.16058801302944,143.05108246129518,411.0840700599431,608.7924399613737,364.1912359021147
211.6945418981017,209.0294536344111,409.14505454942764,420.8054622768214,340.80978913169076
193.3817807465335,131.82490964501207,328.82595472934133,480.5593913538193,321.6296080433362
172.85696754903057,141.41914540724935,405.57626965064617,646.2305210851773,334.7420190187111
251.15348965716544,160.6195111940476,453.45851808502,585.8561088010573,353.80927853325295
231.9037218303095,147.61333486262004,497.5338452073955,590.6232661359336,351.2729837164906
234.09146467528214,135.0404408359425,442.54655579071965,533.2663392686567,346.08842094102926
210.0750054150402,140.2105562290205,487.11429109178044,396.15937271502384,429.59466685063813
223.65426894328286,212.01464418523506,408.7468122540004,601.9673124979771,387.6972222398682
195.68981150541234,128.91919107524265,416.0205057472042,557.6271666857599,365.5511189866147
216.74431940294053,140.02865273940068,451.70273082562125,425.18833363259745,286.64764675896146
252.77673574162816,181.28423030292242,394.42393622603095,596.38087896828,328.1941837563388
155.26882913266482,99.27151709681439,332.7240314082118,483.7341414724126,317.702655952101
199.86422444459757,99.84146629710249,367.8958712969755,490.2903609143711,365.41720580681005
184.96863051487742,170.72674006378537,414.247855733627,450.8611764593046,368.71992877734914
185.33621446434452,128.76974632496044,378.157278882528,618.9911338147172,327.23734019253544
210.11482139183437,169.16021806666103,397.2158515299138,409.5949159502083,310.1576181827736
233.91930597152313,152.37426900644482,495.8015559592543,763.4909845186365,386.9437542774954
271.29914311884227,150.74575982168386,437.8475779804937,857.6319909368665,420.20463708713845
201.87057916108085,169.410762493561,438.9042894497757,638.9680699871922,362.79388313140157
206.53670353582163,151.38601000739783,367.4202675125046,598.3061445107944,341.59846820252835
226.3870963501797,189.9187352639803,492.30075205835243,815.1830600863357,383.4666825472973
181.9547121148343,122.0714489727794,461.63872089244444,547.3705486157018,366.30783185726824
202.06421748903972,135.87093346027143,425.19601151227357,697.2089346146053,365.23256124912075
228.87853923564447,149.88050180974685,492.42881547333934,665.9534523537425,391.4260436719133
257.2892316386172,148.31200442339,461.64183962173973,645.281812519959,348.707029870672
181.83887582283418,138.53094170500387,398.8525393392325,624.758711439239,374.9603581180008
195.98250929467275,128.2890943570875,357.3877007228853,724.9142318049061,306.7038918498937
218.28258715546775,163.6025774794673,526.3308718424364,817.7539814661684,375.90758641012496
152.84703779605113,169.03912506648717,421.6562731585174,371.5532234171862,330.6598860082672
174.358908018472,136.1205517596004,408.5664850885403,698.8090664722217,335.17172061425174
168.7332816119788,164.79116023999006,381.65756946652095,558.4752678905571,305.7616558903874
149.52710334033955,129.78728058875757,439.93251798560976,389.3105713861839,323.2928674689985
195.19495909280212,219.0938612079533,507.2794898306662,737.4788674226207,384.1832570421119
218.21247752635435,173.07755487683306,464.3052882696951,599.4227741757701,325.4554984586343
220.15059442888722,101.86977885277432,350.7489743781216,369.94942477341056,342.1071353578451
216.7850774621385,173.34759830660997,451.92282845338354,578.3394625249858,355.4130755790586
207.64555384171146,146.87911481199524,413.3925138073147,475.8989038936339,362.68990848742936
192.80737605523575,113.19545675660959,341.23181233603475,471.0471876949575,357.0604848816263
197.09625447633954,105.82181302185006,358.00809070904336,395.0041735295376,385.03159638997
203.4072889699269,116.66023452514952,468.1969407312992,420.24436448513063,385.65270729532995
191.01362487762273,158.94131873723316,425.3170458267544,448.41997807562507,323.78823688991775
184.11976648500772,137.8574964430119,393.6347452055786,447.99684313160094,313.19453624958965
165.75210677827587,94.4049264234759,385.4063420608362,372.67355307401834,354.53596639243165
196.52312924010025,119.25319277292067,425.76368721034197,578.4761123053486,335.54855676200253
258.11938753007115,152.1831199922396,451.7271816586313,754.6660498104741,319.2076748663025
222.99717648708634,220.13503998221105,468.0025357463327,875.07702229218,346.73926805387316
206.59011518493546,126.76651707997215,462.9125665633045,496.4251126804683,340.5164502078715
184.4680072813085,114.18252579481076,355.30289585423986,472.50345273185206,282.6708337539317
245.11845759879995,184.00067590908643,477.5642982484314,591.8871176334385,382.4579372110616
242.665784245313,224.8871709037591,538.8171380920377,688.1021824423349,371.1854730953302
161.70854552406968,101.43134474932423,327.60076290828704,399.698813453947,287.28166594075134
222.7881485001924,128.64892089917524,426.26764444469063,423.83469625416876,333.8138070046638
181.35099979578615,134.72763460329614,362.7760913657872,443.09937438941415,367.2548156667826
211.1770630304804,144.24515040419206,438.49869812420815,571.2152489836885,355.42714862875056
208.74933069296065,135.95237506252022,419.05672957622596,633.3747387356167,283.6244050037708
207.13228620245047,181.14856071012525,463.73984584908925,706.146281660526,372.48369088233295
186.88459281614573,101.53514122390544,411.83935780323355,413.16817508630135,371.0843937367841
228.59402758369114,151.8197078784315,385.9724164493394,503.4378903971889,333.3923321890744
181.8353574036057,170.85149605419178,484.49205839896933,624.9809263441867,423.33851649380324
219.94881774452784,149.11390711205644,401.49803874509564,693.1043389616309,283.3305645006105
239.3597249475542,122.02214019831139,428.545034501749,441.4857575190409,350.316269368289
172.446138772475,146.91683767050336,375.4591949848022,494.18065846750113,267.43666266708453
211.88566794378937,147.8960664521205,471.7619302371463,615.4963712528784,352.32590703507486
250.4635828401077,175.20684045419443,423.60971636980923,430.10416528306064,338.7523954114724
209.06513024283777,149.10766560890553,411.54403598339184,377.7123431214705,343.5114528577462
211.13634435970673,169.8326723561992,425.5799588364822,422.3514646319264,339.75417014143596
194.50010918597067,170.68712860369178,389.42341479656994,562.9343769375477,341.3571359026436
200.11410604327213,166.24684170358853,372.1725881877944,455.2681374000769,296.37548847598885
185.3267438130587,134.75388834317266,372.12749928373216,441.9798020021316,282.62189090385
159.23476152503278,156.20918173736783,449.41179023456476,556.2253405786752,344.4920906645125
194.2800906681169,149.62464061748332,363.4490566172523,709.8050483515917,355.6248665337226
217.38859730569789,212.2747291886743,499.899342641879,358.47838585573044,363.29528829490346
199.41911566857195,167.93058188765056,475.44442233479083,496.714999793979,327.7611265553504
202.7633955273807,176.8179173191397,444.3090209602242,571.8132391416264,339.98094847033104
148.6004138545203,168.49302812672775,439.30332633516076,475.21068103077823,342.43997290474846
160.33067147403054,209.41642675611325,425.57304044893294,486.46565454584265,342.1522658845296
179.18878156654156,158.61368231479082,412.19842247856724,419.88695751767517,288.19427964747734
199.28178565765785,113.6941366594999,415.2316236695292,335.55480152609795,351.5784553444822
237.6850155205974,153.38380915095618,448.18246802120933,601.992610935384,355.3854911925761
194.90023467439056,172.86018468080053,432.5766460346442,377.29824674797294,351.7372650740231
187.5343318253058,133.87931204105055,387.20470068506995,418.122434874423,401.5890930198803
172.42784508558034,161.93283659711463,461.0588624430089,378.023637281989,263.802628037829
217.53042771038977,226.27007797479104,521.2675068547609,658.9853978480515,327.9483095707007
175.23617360053436,173.69208362030926,401.59701925183566,418.7962598650552,306.7936678711685
158.7263332480342,129.83292700757673,418.5215789730754,401.5749465070644,368.74417831756807
196.35910253571643,128.39923010581532,371.0329995676884,648.5564483264266,334.7925781167991
188.45794915990808,161.81589650335695,416.11031462569974,581.6841084497079,364.6234789404802
191.28076796150933,166.2799446629707,391.66500341521777,438.290101171561,328.060989464252
222.3152039054327,192.73082247229956,513.6049226295067,788.1693354055384,371.07512663674123
233.14531530261445,150.83421502155633,453.64614284237877,576.9183308483904,347.34145294327146
150.50570248474415,122.80181939119923,445.5106715045059,505.0194134552145,290.6066901588645
231.90332473545715,175.3191266496431,393.42893047816807,701.6161230679259,330.57977761170736
258.33248006429585,162.41861718020553,539.3327473832998,567.1189395489419,372.26257611825804
201.97280486065281,125.62210204976542,386.487210541195,591.2222464070825,399.1451338185446
186.19340529082893,186.62152932057552,448.59744385891486,654.4573623341827,319.7466571181247
220.68449434782673,144.81931273727062,419.17603570578797,502.0394115756538,276.8699646355737
209.66084664347628,205.66811519545664,422.03308458020393,619.5364202115783,341.8292475316029
185.54583328025248,133.78684590053496,426.7300150410305,659.4372075430005,270.8886147406971
232.22278599054533,130.57847733833654,355.4436903866202,484.86512692898765,342.15574077991613
203.9346933879894,126.65735511883636,390.401248042065,485.50480922076366,344.665642755597
234.99883256761152,150.82347333635886,449.9466060773132,564.4412142791808,412.0223175554459
216.76617445834094,157.48105787028655,451.93696977584244,501.58111177701466,369.48699840535164
209.28640283392997,142.32209857317093,424.8317644781269,403.9186667647024,339.7513315883637
217.683748573379,129.5668805853943,431.7578267597534,547.4703559634847,320.48025458409234
176.37591691176777,126.86369680611705,377.65440978632284,465.1758590940552,318.4136425340083
198.643615202691,143.48993801847118,448.5501096284071,543.9596788728335,340.0726106278222
228.5924139609076,152.47768290656919,465.505063945673,648.7078333149274,300.9455482555329
191.5513139094792,150.54385426566805,419.8377439580125,483.94163816361726,366.87977369501266
200.11569889336687,107.68709099641643,493.48783005125875,503.85647105635593,406.77554908448815
253.73960756142316,162.1839019972876,510.7078267582701,622.3352853115763,398.69264635697664
174.80743921214938,182.175765167243,392.364169330373,560.792673689614,299.19932023152154
166.18069065230577,119.45073667907002,410.39199055970755,381.07261665466416,363.9991902940991
208.596582557286,178.1551437323042,381.82791923167304,542.5339183297745,261.8380249943206
240.3571146779769,144.36391647924518,435.4919329667337,503.2872320023619,374.1491459478132
232.8951253901077,187.09720331149512,501.6901930647912,506.9774344496276,348.225959558204
231.16265304161718,139.76388097443328,455.4496093107753,537.6045537725545,343.141129683624
191.5380712586405,148.42756462420823,478.1045123233952,558.1615424496941,343.9631796870942
204.9626200227776,144.08713574583007,401.7419622491036,465.4297638047452,310.1419483536343
200.26721461417765,160.01604674208414,434.6743578353872,694.8818072320563,404.89824704237435
204.57451352458534,133.09847102192444,501.26505357777927,650.1249519590821,406.2693429958426
256.9335718214236,186.36655460841786,437.79862469184496,590.9734270765869,342.6940211177665
211.1432286252746,168.30960373632587,451.49764013406036,645.1371582164272,395.44030586373384
186.55091512581143,130.48353773529598,435.12443190447016,410.33100623437895,340.9689027227847
202.3206878610715,159.33723676578037,397.90567522142544,525.3454070155292,337.5668754955014
161.6282709568533,150.72870627822493,370.39550008529113,374.5891157183744,265.8797160385627
151.6924747158428,135.14164887528884,426.68610675863505,585.4945459765436,319.47564790135266
209.8549914750945,179.8230480448882,409.60527501929414,749.5158958950482,314.31242875637804
203.64882619325883,161.98248629635984,414.8058371300611,579.7057392930928,305.3737475168762
187.11170097911173,162.96591812754346,424.56125296930503,680.0444277421755,329.3169905732467
208.16356335354544,153.0178612327651,427.3310184765627,399.3865974689858,333.51698410713726
237.9933143086896,139.37393546448146,422.8721237836457,562.838387602674,346.93661670034385
209.54821231398546,155.29367726438545,453.9258097462939,644.3320946831589,308.40954585392154
223.3886689126987,182.27899938444017,427.7752285905689,833.7361574982965,364.56885041682455
215.39944935883696,152.11831410913146,402.40504637720585,663.5717840517335,387.36547987702215
259.3405759937026,114.93712645841356,394.9466575889013,454.621975574658,341.9837824231178
214.05795640536817,172.78145811340156,414.19686255310376,637.4164900857115,382.95761869563495
175.7675660096001,176.87609683777436,448.2060491674804,607.2583150424284,409.3849426901447
187.89565352187682,133.31792609060886,448.021518990597,594.3713094634824,331.98072680577474
189.59701968229086,96.83556288885282,391.4801599844992,452.9258983370815,358.0327238334739
241.50407005050783,114.14775098298468,443.1837187864884,642.6273338415905,308.78462860783384
199.64650403688046,104.67706531357004,359.205716177795,460.1181366135246,289.7542629348424
153.63864105782613,100.22619719043699,402.48513809055714,420.8351288720324,306.9970749270371
210.51794520715487,135.73246058029997,441.46013872316894,478.2736361492524,329.19993859941184
199.11476531910316,136.46628322495818,440.8663641355646,494.32893162868237,348.6750422173851
261.32292162938484,172.04074365202902,429.01858000765804,548.7879477993097,283.206389075163
241.46410963963433,144.215535534267,465.2354402089935,569.7125177074079,413.39384335189806
234.28319736355954,171.82490374892606,463.7953830206329,697.4856814032378,427.65061941045775
209.2460251880817,165.5174305119156,480.2485136787139,693.4677356368853,343.2779841580753
176.16088177155407,108.81790050841582,423.6371252503052,524.1433825660844,295.4546359626235
195.08027448843112,126.65821345687196,385.53433653313147,449.0387660865948,347.2824777110723
165.52056800455367,166.5580314327425,450.1428034136279,614.3635758600116,344.6579512650368
200.11837674179955,137.63347996436016,402.8931700446838,479.9014700602747,329.708202874084
216.6682379958432,197.9439187627596,488.27214484190023,678.7723090531988,400.80743981111357
203.95231536249386,108.42164101365783,426.7216527131562,524.0328924093075,308.482359663938
203.3758894372749,153.76137742344298,396.4351069635914,505.2590096667853,384.3940082256421
223.5748635388318,124.03843293233373,448.89870011132103,588.0678398384225,419.68855126790135
189.8804979630239,139.61371592653384,428.66866893725233,650.6288096099561,360.5395698395336
185.44425913985773,112.46574393763422,392.3533608940449,373.09764619202485,319.76012070405676
149.44358016502278,158.29630434403572,356.0269594867502,336.27857494789345,261.7486737945628
203.43714760747588,107.80715543322043,409.0510802812837,476.097085785277,357.13983830652796
207.5459178042434,182.88580247774448,450.3863782007934,407.970659913636,353.7183456537583
202.1278712893726,110.17853348899338,399.923474647196,385.76468347334014,370.7168856197164
204.04137887911028,110.79561543822484,405.7452019959861,468.2721125376446,331.59261029668727
173.6415751866238,153.94353849557723,367.45668398259454,379.0546041682493,281.03882116685236
187.29730752519916,195.7714213309224,434.2643480599304,682.0130453440527,343.8100513155106
177.93271948717882,166.05345653930803,493.7671361490154,758.0945336247157,368.09673307191036
193.55903899524512,129.6433754948909,450.2539153733893,445.4164308981099,337.2055343044684
258.71278870566186,140.6297571147357,503.2814988700687,724.8221769003221,444.3297363564465
241.4089261885653,148.48375841357668,421.85352777467773,411.0552646760591,364.92135295111115
163.29480451944568,120.48269716545997,385.1723218658061,585.2962254335,293.77026047516785
240.99368425249028,159.92637060063606,469.14030907886035,796.9148531073921,403.11278452591034
222.95030524659043,123.26248634471035,389.9710871541144,520.2053878256916,294.6488622467697
224.2764849429041,148.71205279084785,447.4410317706067,543.7820420950043,420.40025866109073
178.87356067634755,148.74803500452683,398.48628634542973,393.78350151792654,346.34731343543734
199.47115219415136,155.77046508550026,488.7863774776811,673.4057098778959,376.82664157433317
215.83434879482525,139.5687483064942,486.9199366336203,453.2481153350087,406.98015256837846
216.62271051784563,113.88386315890735,369.5437933963499,470.4224868574219,370.66016084232217
215.0667364437267,158.53541530049833,482.22883488289017,595.5879702925172,374.8058057884011
219.54211671992024,156.8197411804029,482.0151033798302,592.6650020118929,428.69135839094224
224.20204364792195,136.86060777986145,381.6397834619284,622.8282883538487,330.2377515833378
258.4023319259562,175.2226347767724,462.4097739857927,657.4130413833996,409.6150629028023
223.42283013571713,152.13056752484914,406.16592423428386,360.9858873799512,334.0111807053192
205.06890148256545,109.97103014096906,457.98562341382006,562.2491005357102,272.70087095811743
211.4317282719653,167.63598500009644,460.7085509544717,446.01323335917607,320.6784163743699
218.81709440680532,138.62963695840187,521.6462959088078,479.47849560586076,378.36113536487204
208.1108925845401,127.01499603602814,449.3950915726579,695.1852852603135,299.2883334964904
254.02327944978447,180.6656803916187,440.61106081428954,516.2462113844783,389.01607559951134
233.19082318326184,138.11678171019304,447.93080207435304,403.80173935907686,304.9383433022337
195.06490093395433,194.02079346623378,488.1332210703805,762.1075496205522,368.73769442684625
236.9044481905749,102.6361255987565,409.4819796881921,394.6805600285864,373.80318076330417
219.04091606330297,129.93945407143008,364.1671923559287,465.31556883419125,342.4722777125303
176.42111174847494,141.7423682047925,414.02175572694983,524.5867431759617,334.849245979288
210.86255922769186,159.30068148571573,425.5366666416841,528.5505771112463,313.2307846813754
259.9365473406678,141.89733632835794,482.5287758887543,721.686014092055,355.73634310645735
209.49989120054866,164.2792735204936,425.57209148092915,507.8493729441738,363.17145376238045
230.69993885211633,213.55839544276827,442.4078179831779,493.3579442331504,406.6882434660771
158.07347863389415,139.2704216809147,354.15253680462786,355.33887931626407,288.24123657053764
199.47562098852046,96.26319641983501,394.3532513826179,587.96171493448,314.10965393426096
214.38926441808363,175.7619110865206,474.9692204280953,668.8955116450428,398.0440220650665
173.62822736406818,140.65075221814985,422.21477694372385,466.1469921233551,312.8211834416126
210.75524472703538,168.26728746368488,493.7250112971843,502.7346060217062,334.4534355394297
240.83650081085548,144.7319186001877,448.26223823917445,661.7591312768202,400.46271476276695
179.86173649455688,124.73368566808858,401.3825420774554,404.27582568065367,405.03417627866867
197.3080305020178,109.81526945553577,381.6086658204813,518.172376242031,331.8301884023431
201.70800105041252,115.53718617721253,388.3780835494742,659.0442150734804,323.62233182223804
221.23220787482947,136.79600175796773,459.38520114067325,608.050571924314,382.1956103130477
194.18064811603924,116.13303825065587,332.9065324473067,411.5462735268775,301.6945062294271
228.65785344016314,145.72597905729688,425.523307761523,561.6326632918592,318.16430470465446
190.08114547177433,140.4330710633216,429.9409094567337,594.0114161735443,331.41933022844654
191.24865870878804,140.10126694093796,442.51556893736847,737.9649389979455,358.17232372277414
192.09394916527052,168.62092184003126,492.1265106925451,589.8259538817996,431.58062647922003
204.96782968008253,123.12576751620043,435.36625526010255,750.8178459409241,396.5971929424361
207.9902111656357,137.1614658023893,440.96993443592254,345.16735689311884,336.7813299791239
204.09071718375182,105.53610763886408,412.78159233717093,424.6033460475395,309.0687821518123
263.5510760387114,162.6437286481228,481.6191660329731,765.0994389031398,357.1215066188157
183.37441014675753,183.83776636629426,452.8890896791847,648.2506399276429,355.7056479559095
192.88004145353617,145.77843722102696,455.90349845703577,522.4947130841394,312.40925627301243
185.47457065929197,125.17378288046955,354.9130417811122,688.8258129886914,276.8231483927634
184.06938566933925,144.8992752570886,357.3389312500163,450.40383804743215,315.8253806148883
231.77215847438976,186.9661123829593,481.4957809956142,651.4450760942883,359.2528279349935
176.6986577555003,158.55374178976493,455.71549073322427,557.1382401382382,376.3879140293927
162.70412797744703,176.92691245405993,406.05081244091224,588.1795684027248,302.38860646377805
222.94809922567418,187.45642309336154,418.8280473184746,789.2490005159906,330.2317961346998
195.19447286413913,156.4918118967055,507.9963858572806,784.0118941924214,397.49874971097177
194.05033242570946,144.07157172508104,404.74618383912934,518.0542124483635,332.1286790372116
201.27669393836834,145.3723611806962,437.6942653984832,367.1592639081438,338.72731341973883
216.89565822482888,154.7570214197295,427.9925156970004,803.111917261223,347.80685571417337
205.29981733181202,190.0268120622476,500.2261867912132,681.9531601930082,333.0525294252685
190.2927520216847,196.89458467701536,446.69392117594913,488.70464861832784,348.5852156061505
218.93891395055277,148.5562983579165,404.8088030073455,371.8290596657024,267.64355554924134
229.9277942285769,138.13864166933044,453.431112464292,598.0844885018703,393.8723996958618
181.36178675461377,151.40598483539873,403.52375985257294,347.14230872762903,326.3540519822439
154.59714187353794,150.35963608406377,327.7032515503449,347.14105933165257,261.4665918736141
206.68613226073924,159.06776649285806,389.84756469037825,712.3158563449334,414.33795583541945
198.06482839866246,144.22716713133116,382.6966555045677,596.994645536261,318.0499542846401
207.81967711033175,160.49022718492378,499.99072135915657,615.9230282095244,326.02986252236104
199.01596302992363,153.39189159134853,409.9454695505304,532.1114824901936,364.10497879155656
160.5632972882757,118.31429317253183,329.5188468158339,439.52003869431064,278.5424445798221
201.89795105042566,127.44432267437165,406.1557502764931,400.1070909946537,333.70938607154676
191.04854167072335,186.56802914395197,419.59612929913084,540.331889106147,284.65258008235975
179.25963032444898,95.29496050495894,357.2755219302495,571.4060578000447,356.3036682506736
220.9694275702527,163.65262107230765,420.63550131316947,548.1992184201389,324.1978680473906
176.79045342476428,132.21522536104763,447.91445048884117,432.7876987358606,299.3625413709408
183.52612867374987,123.45303859533837,366.83393546862237,493.2969037317572,325.66650419843364
224.83994906125744,137.92392779349507,434.9708906958929,502.98940222317714,364.1166040133879
191.58380852057067,144.29133832387024,450.1268013456323,587.0111594619405,365.6809617458288
257.77365391609146,95.95939416046268,406.1718766955175,523.9061196046347,414.3469951426461
165.5402754497694,151.9901195454602,453.64525812297626,734.3063417470391,355.9733942323741
218.57049732697567,160.30266023595632,478.9692440287673,473.3777835293827,333.00019255541423
188.60332076604632,159.72080148778795,446.3590181399878,570.4558068853673,342.8081129091515
180.24417995244121,138.58204534119338,383.5031843066642,421.8055689678651,322.36718123853325
215.59163840485155,168.62799729944513,393.76539807533516,531.5549345141079,284.78491287925493
243.46194225262607,164.22014673402285,421.90239200292797,545.0236819771212,365.80105263524433
178.28332207452752,150.3854662144081,416.2182972632561,728.3714311006388,362.65780933558347
194.16503152605304,136.9751233942499,430.88251614056935,396.02796576213206,339.635799373686
249.09410553179643,155.19453883606582,433.0947216416877,677.9776171317185,399.58258667293177
190.37475827899482,128.50018993692612,347.6335044252323,401.25926383005003,324.1627667522992
178.69061885353977,115.16710275046216,384.1392917758942,476.8531707773277,306.81049441540495
176.77487436710294,140.28396467818084,358.78944264611914,662.1518554183488,289.71338892523966
220.2073290151277,102.98314119988422,494.5996382305083,715.0020269535025,359.1207502191313
228.32391622035482,100.316066197206,385.05774415314835,425.32447416699944,391.77878689712423
211.04095321303862,172.59158760981256,481.7636453495949,424.24242911935994,381.86088673581116
265.1375980037963,177.63617111217323,449.77921333920585,579.9604233198991,357.62214505748443
196.28332180690356,149.82058762174935,475.03104344049973,684.4491901693742,337.18219406669357
204.73402630148453,158.28227182289334,417.29852411122965,437.91328284190166,321.5828989600831
189.4499841282782,168.44245394901998,491.06901940742034,624.2142756289692,330.05770404684205
176.42707394063203,151.4068583913002,416.44505750071596,331.9175244113601,348.7578854350677
240.15262980772812,161.89959611913278,442.63208708014383,368.4687039366234,354.77629903041986
173.0161649097198,170.36164644819044,414.86511137457734,772.7637138586356,343.90894939738916
215.66287194070603,124.44946451372361,461.9276101094773,518.3241366552792,383.424358544629
188.60218478975793,135.5257692154237,421.38388201076356,448.015456692151,281.7341487898259
200.4035742563908,142.7647023828975,410.7734666503861,589.2050102737293,364.6269574665738
216.5147321706,194.38746391399215,432.5622303003712,608.0161249881199,408.6326479004247
200.32824831891523,142.14672078114873,404.26730284126995,411.33747421934163,352.7948202571438
245.9173498879363,148.5525126182122,480.80612588911833,597.5022090543886,368.88451219744064
208.69482635456168,194.0076221480184,456.513099846474,751.3256214090079,342.23368469972615
196.3414124296468,145.08489118383386,471.4048257181644,394.1757928473308,347.5221740625853
208.11404535729542,133.4924159539014,411.8509464562376,586.5175143467435,406.1923204405686
224.95293711792064,217.92553411321273,365.33664373108286,534.2581640696447,320.099468714559
201.56255466991556,129.8052437827325,398.785309574998,403.95907723534276,282.3889888956592
177.74581245518624,143.75826392574288,457.4778553211549,360.8567558273977,292.23684877269403
212.56032542359756,168.79135297454246,535.3829241429447,678.5795518279851,369.2314490549253
189.96921422004831,138.7304011892175,393.16652411383893,693.3498520807818,362.9971188387338
163.65902459484687,114.37509367961245,394.2044065137147,524.9623694843958,283.19334149143515
232.59802771755204,162.80702957261636,485.2795310794074,644.8347220373936,365.477781884092
165.93897476539917,125.00456911556914,427.2799238421046,504.02228074051425,297.47658272351816
194.76479177147755,126.30176305363784,409.6633312502014,537.5366158137126,366.4756213336686
186.9592156778866,105.02976960176251,328.56977708795324,339.66073973968764,308.5500814827098
206.38776833300173,120.8300644685635,382.24671294241614,549.2631829519498,278.50901681259467
226.432619937911,149.1200264930403,487.27062103569676,766.2601235208966,376.9019300867886
269.74510440965486,113.28226493588505,467.2674516976964,432.2344255036758,323.06706772074233
247.60155854421228,202.76407221782335,460.50747887843664,752.4460751963182,413.26924213702927
216.07595628289445,167.35648501092845,431.9787715376304,547.7590368849636,348.2513874750401
181.50398896962415,136.74954977135872,414.0542296571613,704.2807225610795,346.59143069383913
224.06798964458835,104.02834392713761,377.80057497391255,471.6193849388987,319.8258061528902
179.71006354392915,99.97178452257306,367.29553480342184,373.89923129662856,274.8070452557883
182.11154461972157,143.47830668479733,425.71504598962264,568.9781945271008,333.4038883626293
177.73822945636817,108.31875930511679,400.01610771086,742.605852668735,290.6929924797881
177.44822016385325,130.88216905156327,394.1294805475393,631.0103956775052,367.53234175465246
219.321357334266,184.90575676213527,450.67886595884477,669.7711460898809,295.2688297294448
200.21006874318408,193.50133273503752,445.6983167401483,528.1514890278397,369.5731467348344
221.5896296492175,151.19061632837037,395.9423647172697,504.2451709457317,407.575075259839
210.78218359465262,154.20461798797757,449.12443082273137,617.9007498020538,367.78817991610026
214.31189699936843,146.89229977601448,498.46915996833786,548.0542610466781,341.73096521268513
223.16818668668205,201.3279478347087,482.5242009558545,547.2569470839039,363.6300622542166
200.31754454104706,102.93646547165915,389.03888635710797,354.39053648494047,323.7292294697648
189.54544214408318,173.99517296314497,403.76946044490546,549.9554165936834,346.36279988743973
197.37797944867532,148.2223339936839,451.24064804884057,333.8930142444047,376.260166992725
202.8634801115718,156.32889592376665,507.64218475715126,601.5044239716755,354.36917893260227
165.161879036021,107.15105701344243,380.3815235010358,337.90575034365196,329.5642903209415
203.3938457299302,164.1464446966928,441.638178174866,551.8387342144557,365.73168746902127
189.94831095554073,202.93625221817837,402.15909089739847,573.5800505572383,320.0217324527718
189.4943181812051,159.8970449170108,447.03566371307835,637.8285590594385,392.133921059236
224.92310549512322,126.45234966099979,394.2387825384369,440.79416344114713,370.7336319251164
234.1580045011386,166.63645371873568,452.7635343624139,756.1910560609145,417.4948784078242
188.02274415206625,115.50759448286952,411.52386996943557,542.70400957707,298.7215656161237
220.22684027931356,150.70802167696445,470.3176120621599,632.7176679595965,407.75425451561387
183.55709840973097,149.13570376968153,454.9268648919101,713.6827199887169,299.7465671975349
186.13109955581461,150.56106578306375,433.1225668772898,472.38157421116154,350.0060581100668
247.4942833301548,170.80975860447646,379.36537862665455,709.9696690904009,343.26239246881653
244.31282913384962,122.32494057367498,454.0458154141232,482.71226882255695,315.4666887055326
190.25032906424462,186.6498421726279,432.0011783928454,553.8269813317548,317.11340623203466
209.0928844153832,141.66546630017515,420.971718082718,682.9150235793601,419.79032465900605
206.05754817581663,122.00756752354685,472.64747729864877,586.4782930419833,370.909483921793
217.95214122130497,127.39065618511663,368.270412637486,464.2593101080057,280.1798773138121
214.71602875920948,138.35904987209202,410.97486371382973,832.6493594446023,327.85597950904236
194.4968497570335,154.50585443222053,405.7384322040822,488.6058034880758,332.9702215881168
186.14170828749133,109.39184479344804,447.37641550492816,584.5418840248365,382.3685342582641
183.67791847775518,112.22386680010844,328.6042045896382,569.5426931431799,293.69461745696367
175.3829788640282,94.54343389639038,425.7899132576954,451.05948429186253,334.4682898803435
167.30379770812792,106.08134079135374,421.71600286323263,410.0183614954556,318.8184762569992
202.53920066845984,155.18677385939395,369.7994110961176,548.8098907840717,316.76000700241536
203.37123594500082,107.32924843500598,430.2975152395532,432.3475555836505,351.91215388481754
248.6482957265007,158.98021529759478,398.9369108677261,345.2493098204033,352.90993084787164
230.83999057165738,150.9189118025051,431.8897115373972,540.529625825858,422.4255371887285
206.1034318674205,131.14216903639195,427.18759526235374,424.49479349454873,285.8563692651826
193.2279688284987,136.7085797788183,447.45232517514444,477.5119885731567,346.6287821038115
198.28810221768782,113.73545829185036,462.44741005615475,717.2196115502916,351.55442293692613
188.4674221364733,147.17243833289777,393.89678292378665,643.8256632243911,377.1344436240623
226.8514018328305,144.6233231132334,396.8325247837141,440.1312278290657,365.3468232636189
192.22170641385281,134.2619216311089,417.59323995802293,517.3912708897542,315.58783662168645
155.39272912666192,158.0091197799162,416.7812296852584,580.1412876579088,335.99880885512994
200.04249773497432,143.54569976939297,452.2575395378524,817.4966179770307,340.21290622791594
179.8005916668992,141.5014214931528,457.83601549995785,575.6228722636373,379.3909421899589
200.13447627697198,126.56118099453428,405.06438540305635,453.3382911626882,297.3093478000591
233.00387091132944,112.30566464773814,401.288355904314,428.2194145083095,351.763450934589
191.16639819130455,166.85528694414143,438.3476441543308,624.4182788226464,355.82372308960817
219.53348484191926,119.34709126179234,415.13752629973897,711.4828614994327,314.3457382375018
202.00689570479136,173.31514892236234,351.312847092955,402.5033090462437,288.83171461362207
162.99677121919225,132.90397962364648,368.58442563700703,524.2453331935454,329.83001854475606
218.37322471649094,140.3714777063459,413.3155933185346,540.5011930964915,313.88060648025896
156.9567869808407,123.43044597372274,394.7494669782623,542.4478370712038,283.06937515716135
188.47706251467497,122.31890606236018,414.6932627325196,523.7805554508262,302.05672122633104
175.10479963332767,104.14682879533218,375.34706546097806,493.57403462437367,323.7276512255127
197.17881246262613,186.07575451477499,513.9077063700585,643.4253472879232,363.4142576286423
241.57520957527285,205.24527923663584,459.3460063869458,679.7492006911091,357.03725396599555
193.65807705227073,118.00674518066238,370.93247058856826,406.2627205060834,314.42718544987605
199.48140642402265,158.5860441175418,449.39945958723484,534.2983852477269,370.33760800695876
190.97642399097867,157.95971514498925,446.5250798629763,507.3193393548953,289.78167527309415
269.4055833474919,162.37341272977415,496.23650777506674,760.4639132033668,387.93675411561105
225.53796816879205,161.8242613525504,466.831624182006,643.4092169994952,324.95834836120895
218.7541586510608,175.44254242262102,449.9583174927563,742.9146043742297,290.3674154857856
215.58377271712985,149.56556454878552,456.9408634453296,369.1457658511102,372.4515074813802
263.45108881482196,115.09684904552515,440.6349264740135,573.3276449640597,443.0538987910452
226.92384913013547,179.9232021682495,492.75963284282807,654.9980554657143,343.88404968382133
190.59414644890154,158.5187523179024,402.20536478222544,538.0267329745332,298.4761684594161
225.84279450942827,130.46071818273884,357.85031176049375,568.0311638641073,388.8603907216741
192.66319881578258,158.7595500709635,361.40098480635714,548.0404435215038,299.510694464542
202.13922935110506,138.18422761372105,396.6867841259706,367.6193326022267,328.78068046359584
212.1294611518172,146.24438494244671,354.5512961260181,433.7885092210461,332.9770830378374
181.3719290307244,125.81373906886542,402.19147148148807,433.37716987929036,301.72895975484926
212.43640960162176,100.40796090275386,394.1483748549515,406.2342840113075,390.9918127375236
183.61543758883573,132.95842110920807,375.89286278973753,403.38481441025573,349.1003861218783
216.43888085343877,127.52769636426771,383.2981372518201,415.99040139010924,277.5039259532831
212.8228226314026,151.48622600444273,413.82317501731154,339.16673214734726,332.23826880916766
227.75287138227168,172.0311774552018,505.5505346088053,502.6903204093108,382.2060613767456
211.444815738276,192.5781588314952,453.817453843869,562.6425880705508,357.91368471022315
204.62805847877905,137.8413177999772,423.0980183042191,566.3614240423256,272.180928961182
183.5685968031532,158.56431515100994,431.0225389834002,572.8247350591226,324.57744320132895
180.37413099609057,147.60935079849156,421.03258876651,349.50404534138573,345.12222967235743
195.4763460129522,154.73568545398456,411.2552706679773,446.9467375935643,299.20511719931835
191.42566602309662,158.2064575974191,453.9772795438731,451.56757926468856,323.0814030032394
234.37905078350803,155.33707521396983,484.9505929716975,840.7232054371007,390.48722861232636
234.15173390069506,181.29920579946787,430.09785928863243,488.7972641654285,400.35097060898545
231.48515637153156,197.58082390480777,461.4059083340403,533.9363663492783,379.428679126126
211.60430208790726,174.44304561088686,494.6856213125552,718.59455943814,372.7312454074143
229.38491659361964,157.0912484758935,531.6932557529396,585.1069517667856,359.2559266795578
215.95680679098987,144.83001136343847,433.95587128629677,722.0416310954607,417.69092934466846
195.60492006573483,201.2794481289398,423.47486863980987,544.1728539846588,286.83174491953156
160.65219112680614,107.06671200362433,347.2327990697865,369.28869159615857,302.21030377737986
165.57897301510425,144.89184336000682,401.3737856143807,398.8581085778136,330.4385541483651
207.9447204020611,106.53863131299948,401.4344347130543,467.7080728032722,272.1309682137628
203.62576254710163,147.74539692744412,470.34885058576754,613.8744701978599,289.451009444078
195.7617461761908,145.76716802483546,428.91102048428513,533.9071081440235,381.825307167877
193.323507356987,135.34494491506035,425.17794632942326,419.257206412762,353.04883028230375
156.023028044595,144.66510817842868,374.669024272362,396.21893859337706,330.6246334597803
262.5234438124415,210.1556112076944,498.3614812969511,580.3888472036936,335.8991770663756
186.9584311756509,147.33846006810518,394.45438998297993,635.7069204953683,395.05078590051045
223.77254216556764,163.92892465217366,518.9865901383681,743.6404743284907,445.84799719989303
166.4162876598134,161.05825288254462,368.4094781162189,360.9328770213126,322.2055958829878
228.53600612108318,149.46828915790962,456.9195532198645,539.2170050449886,330.0563144122707
221.13544220378097,154.02864917947238,424.486507501366,766.2017114306935,350.9117401920164
225.44561080541214,218.4479195328,376.27460013889396,707.6103204401112,281.73676334311403
201.6105184504704,103.43738450841714,452.4630497198077,475.8296045527236,343.1948773702907
241.63712390212334,132.41131364747866,431.66262861275465,614.2193997141736,334.8330344942941
180.96611651962428,161.63145612970402,392.05937826146965,537.7575626955288,324.6357310791574
153.45843602067114,121.54887634999481,348.78763822159357,407.4859113664039,350.6981347872543
210.10501520852614,145.48355777007748,440.7061530672896,412.6095757590919,317.6172447330286
203.73334061060393,148.50946576630423,405.75833392821136,840.4505233631783,284.15230549689375
219.61442174899884,193.66975692665542,420.6439921221138,545.6726252303072,342.671936032316
209.20072716092474,140.05590766951235,491.57349714295674,578.7069584252978,358.8187828498369
167.0336740418338,167.40594016717193,393.1206048402483,349.2331810947391,328.8634601038007
228.61251626025407,177.3910057670744,467.7428916365939,356.959985430696,322.372724785162
209.3861815133875,191.58967041951144,405.2198066491104,506.71766843890987,309.31677495282213
192.81803797548145,106.11026429952912,442.3506203271092,473.65327098542974,363.42972372131123
244.98098757540544,159.28167438529886,454.095270844784,673.7275182992387,361.46422323502384
187.94805361453768,141.66260728842389,489.6460954586151,402.01103685985555,330.3388517914593
240.85117733828383,138.23559824780622,473.08164865552646,516.3192968985634,380.7112566013088
177.47366117673997,136.87405809015704,408.4592071914798,398.958104639111,384.30848135355797
225.07804911538616,120.38827255392235,400.00898987229897,387.4334974102388,397.391281571027
210.57341137247886,132.3764394843969,433.4697479983394,602.7809816371215,341.04262564322613
168.0659840663434,174.81606620459766,457.47026378207363,523.8569925498754,356.7500945954896
246.8637674018477,131.68033615289065,497.12207595557095,402.8355380691334,399.4155698381986
197.86406991762234,209.6799475652244,377.04842111730045,545.4404023621912,329.975394825549
221.5431518033443,204.02697745912937,452.4097178037575,725.0401399854311,376.87581997247656
244.91719139790038,138.30343977973732,390.0943158009339,395.99396977178395,376.7059957371065
232.6427225073259,204.35332801214153,503.52806928525723,628.8817988943321,403.72946621226345
209.18711347883198,102.62084090631394,422.52346627461213,564.4953982712165,297.98224213514663
183.24526713055835,191.91333891153877,493.5986605971073,461.07196333004384,332.8797492097249
197.90567531752015,147.42798165455426,494.6840534074977,589.9283581932549,273.76195191546424
182.02195117146482,157.5776716968451,361.0058662808797,455.8242749004542,332.4567537819369
185.82376508037788,164.24672661434872,484.6239479247526,493.14133084908184,318.4264368250039
222.08124222470556,139.1536561932561,501.84974420883185,866.1127177218325,347.13654031572037
233.48394355155853,120.5034159681497,340.3305117062777,495.0026878241443,295.20932613360935
198.3148433769708,155.38051143281265,460.31490013350475,461.33481869086563,429.0095108132674
275.375569356513,147.19295168686014,533.0384962099882,843.1620745239564,409.6472707672199
185.68531929635407,136.30555816986313,407.86836138952214,663.7403108721387,351.7113615146275
182.4781903453852,148.45943905130994,490.8419217387365,394.1128837186378,345.3649233590238
185.21933376604412,134.4309272562305,420.88120911353184,702.7424172776255,310.5534789830935
222.32426704676817,133.66739679809498,444.44641122539457,504.81572796885854,443.8780396274725
187.92828244997668,119.96024457683478,420.02577710482063,606.702407406823,368.01422671484386
156.57547379476117,160.3366507681022,382.3844164561402,400.1170261731276,347.31229945454396
181.42615030947002,106.4908359993354,478.10679809834994,378.78659034017244,378.16285593999436
230.02373172407783,144.2164025674258,395.3500274282815,606.1001720889681,405.7665235901274
199.3402347758773,153.26899285298802,418.50190001912847,351.22742820021733,370.11883065658026
189.29060390016912,156.6404419413384,408.7132790450616,638.6647753358449,342.3260618817975
206.59175635565768,138.83218554274706,395.10384358055126,387.29579269740094,329.0227110170402
188.73758314763094,172.2039616897015,421.0944855138317,605.7525633998897,345.3925559013776
206.20545457067198,164.60640668059992,412.0594818205002,470.57979792309317,289.3223414466593
203.46631079653528,143.19385442545808,410.4135131375629,396.27646177479494,328.13724460345935
150.04721012456554,117.8202262441945,432.36959947513685,398.48211963929606,360.66608108499724
164.97025685915975,127.729200249331,465.67616832737014,670.712490813464,374.82739137535367
194.61238929287947,97.93434843279616,398.90797387958514,626.513005476404,349.18693968774755
202.12868668721322,147.32975669868108,467.490863019856,470.6707527681149,357.0698800875084
205.15364756355584,159.28512176934592,431.9903200457569,471.13045237796985,349.9750561521435
214.3649995328779,163.2151171022378,340.2106497811523,357.76888827938325,309.4847108843965
242.84594030809794,141.4838574762489,534.2100071302775,752.0573108033524,419.1094686575988
226.8198093598143,174.51898155293796,443.0400047063366,580.2571819623,411.0945200255136
208.917859438627,117.96090018241185,405.51148356687924,505.3810713859234,339.8467861288766
243.7794888483492,124.92120228629008,431.3057202082135,722.6646664909102,337.86800555945393
237.2453327889237,200.04203743049072,442.0298525546357,443.18296008843873,377.00629710703134
229.7498302517421,161.8922169734772,436.05359641087233,613.8584788519195,428.85339628619045
195.81464964091992,119.84564484174548,375.1545665366397,329.9274837964399,324.77109872599476
223.0513262235217,155.26175429664568,441.6860719136866,478.3309484473398,295.22362915467835
164.99364811386565,132.68033413324744,384.9468812176208,556.0122884489928,356.68174218184714
183.5362694797033,152.68925263855667,438.8934250527461,508.877571173268,308.0472967604201
155.792849199225,96.84022869202937,387.678832528317,402.9714210644341,310.10649165589814
157.85770959541034,152.3777925377989,364.69794820173934,363.6605095839732,304.69737671177205
230.08657485119136,107.5146065224448,500.5685298675842,577.8120071173254,358.46616236411984
216.91765018289507,167.02472501293522,417.48349117086076,467.3417153062251,318.28278896690983
195.03088015702895,216.55769372724376,527.2556689905862,701.3897236474899,352.7800484326396
219.50916930596333,122.63248610250395,441.4940239195595,662.3265860861176,365.0575922089504
198.08818712672735,144.2057466716065,448.21805450290543,619.7321985161018,325.63294672478
185.30763235660967,143.0193234315756,375.0695549530223,390.46927820856433,345.9262805265387
197.73611359469507,128.6762342409549,420.29835256288976,390.59949158443317,373.5247923692435
170.01214693868113,160.11374834401533,410.82554820292864,416.1850211822762,335.2300947886487
195.7872162322852,108.63552818325614,445.2875671802787,417.88427143950514,359.2010261979857
177.74086061478346,113.75067529212252,417.05400408133136,382.7495729317357,334.9658943901738
208.31011293859572,156.83018102339273,489.15823996638284,467.6018026457511,357.15351906275515
202.6077622786534,154.02736142396697,482.51208905338643,459.5092274168126,301.4569350480342
211.7001276174634,125.5175145498029,389.0002770905673,650.2142794853644,293.1307408384537
173.66474257972538,122.91319482190733,432.6929560418027,439.65193617121525,327.4989076513216
219.39913928543257,139.40049372242436,447.88563585567823,480.57588719719917,330.7799364071757
171.40684636223156,132.7318141650102,375.6358350453552,329.9407891117547,298.4932374024974
192.25009417889197,176.46545006675683,425.8829990732241,500.65148920166274,274.9346359656754
200.9581147837526,129.8865320608437,367.2869279967646,398.22959598703744,313.5668220054433
214.80785303471183,175.5298464557273,399.7649152571036,577.7047669943523,384.71072916548434
186.99708053694718,154.40170121797044,414.32023629943956,717.3332321696272,308.1301499524162
206.40995668700694,176.3467905596324,427.4220294100773,479.4849195125275,390.07207470823084
233.77579955343566,126.40057698068885,430.2612070649053,577.8687152253927,318.08887443613105
154.37049968758475,99.96511831158966,384.4173307246906,499.78389892230274,294.67418956463376
147.85197182510862,164.72669075778086,402.09706737768767,347.85408123650416,340.0788054643667
149.61230995917973,98.99491834668233,330.3354973406979,424.5594085821414,267.4231504183347
200.70512982671278,188.92919946234292,520.6793710710933,651.1465111542318,341.9431428784321
186.8886981335141,112.44838715946126,415.3711837828784,408.3345542631193,339.6413582056187
210.67383874086565,158.816661238437,450.76155983843574,510.5054504079055,294.96037107515696
262.3550669889166,179.28571470601858,415.48736153612145,473.5170566733924,342.80338760880136
206.21603340861648,155.36286375942223,471.2987370675437,703.2780042800678,330.76362260987304
260.93210107667727,164.06426874563948,469.0426154820941,784.7873445422578,413.8762489142082
159.1255359184991,186.76263721044066,390.1522262263007,456.5278573696996,304.6425140985716
195.93748952779222,139.1876713313603,354.78392598390053,339.540560849561,308.6153562384542
195.70309039436185,181.29764915185953,447.516581846931,589.3783976975465,341.6837393295903
248.0047817775265,153.24832387296658,438.6446818285254,494.49521968517195,413.7611359438291
241.59045109611708,103.71828624705195,400.59294657868134,511.0837281228029,286.7200602599368
221.41895482444352,177.87143539375919,462.4492256808034,792.7706316740235,359.3358871319243
163.30048747042548,153.24092371162826,480.2407621655584,823.2453632167679,388.5777745926074
171.39111507263536,117.99386021235443,397.53131563964587,700.960850503433,340.43743546511627
197.1167127078991,163.25294908262845,426.82466505166667,756.1224139399555,386.2831806505093
217.59564730472962,121.13111759101314,399.4022631825291,465.4394770429688,330.73051149437646
210.73415175121207,137.27200949556354,501.55694396340147,559.6145068171106,309.735543886624
163.52775515584634,119.02854362594952,378.6031625214137,465.8774433849418,262.51054936100485
264.4282198024936,138.94438526409849,443.5405298310028,695.0160117191425,373.52470171357083
168.21697751114615,164.5134567161725,390.6468085323474,361.588065342218,411.9979149709928
191.77178628282013,118.9120342677629,374.34427682781575,469.1490303139607,329.4576338465767
184.81109049272882,104.78101580061946,460.1154734175102,543.694250267656,329.81514487309005
217.963432214484,147.1624904652576,376.0881361479537,460.5320305098701,341.64698825362854
204.8449469211928,95.07282005862302,402.45745248559587,388.3737848411738,301.5175409795278
166.5150706660192,164.38727093608344,406.2775365531653,554.2448688028545,423.0714724553361
178.5413568125942,161.6195785285563,534.4005939213291,640.1208106457644,343.80755618114915
213.0056340651842,156.4008762032679,389.3117481134292,458.33279661308853,333.6054129922189
180.6587230727099,134.32389498504588,416.604485562062,417.5582919107114,326.27682319988713
234.57612822456133,131.47306342914112,462.897058035433,729.2800957622185,355.66813689584967
190.66525204481505,165.44460619137877,399.25415919255835,597.0800363550558,348.1044263221213
252.40882794437482,161.31614088345054,544.9580368957097,719.8822569468372,371.47610433000176
153.7335402761483,173.16039029347644,386.24080596321244,542.3877291421383,282.37841450544454
220.84527914034894,184.66702091985246,473.9790217134673,756.7328360386235,393.7074923750446
182.765779047388,138.8283179595566,439.22566072805984,638.6427505291051,397.65699465472187
212.0569499386772,172.8774967074589,470.8215894327002,390.27109038472685,404.90732288278355
192.96509809466315,128.32409391393426,425.45772536168494,434.77581904217936,339.033091645695
194.11196416896536,159.70224699078443,419.79235761173993,453.52040524478537,328.6821777231563
260.3761598468372,156.125115220806,369.13794782842695,598.4577389020228,292.1054267473038
195.4129886758753,153.03172815996692,440.28681719080737,713.7406101359134,323.6781533996842
194.06914455562327,161.59396952697986,519.6237656327078,567.3768824811813,375.21681861726535
169.60128465419385,123.66837785606596,437.48526745700303,352.49307976379635,347.6095272773819
211.025198770106,146.7189978617873,385.2992562550138,445.6633800439727,322.8746131241254
190.56352093150244,132.20812966470078,474.2461808014659,780.3814046221158,342.5970452928863
198.88085412156724,166.84498126497814,417.1939645773378,420.51345628518885,321.3383388642798
190.92597077819408,185.09971845213593,407.76672424427295,712.2083706507103,348.63591278022585
168.34461537334508,113.10107320385178,410.51877872791175,504.0121318448043,279.669290515783
232.75124886964215,143.21704291097953,414.0697175228845,377.53905405215824,318.3362419824966
233.91772837927465,155.71295365061638,440.43934255292,591.7325622893383,374.63656545876506
205.59778794759328,149.1692721459137,438.3300805112704,649.4634450406184,322.8236402236313
214.96427655446539,173.01845570394684,454.782670975047,638.0957199215586,331.9251551458985
195.39211033818768,191.15740291520729,479.3525926855417,540.53631855482,406.9094733974651
213.43945226300056,214.44828747966514,497.41990202737975,875.4566585127188,363.5481816509518
163.25178392568083,172.80421375217372,436.6507115647682,773.3505973851942,271.20070549851255
215.01843584640767,122.28056980019946,439.2804829647024,582.3731266038542,385.107207737593
211.4255838700869,168.42442430279758,494.616322780826,475.3147378705533,337.6242854544582
181.54784705700885,106.444322118085,327.8641984018423,334.81798806587517,335.74586306719544
156.69701839123204,119.95360722434268,374.7026774144604,342.273423265689,319.8925483062903
258.3619312668374,171.70481029086002,454.4739591445559,654.828247588872,316.55318383937373
217.2305082715602,121.3839082915422,427.08887775334347,444.57195749227543,329.90733177725866
207.17833916327876,136.28824647303273,336.84870623947853,497.55037242801393,328.355229357793
192.04338116985383,156.60593705976513,434.4422267404626,540.2945524646857,322.0532979470747
208.4503764684513,171.76542920395062,430.09672362161433,447.7087419894957,362.6772902721021
165.03495535563934,125.57531361362979,434.1749641494123,614.8204735066003,365.01671520471257
222.69787789591783,104.25183833756807,398.736370744109,591.2080896116303,298.8788635822581
179.18793170434395,101.94693947002432,368.2824906228244,338.00073237889757,329.0664713371889
226.52497676586037,205.59473794558653,524.1980659666236,751.2008853341381,424.2617167469513
212.5848317611013,111.22830510512264,333.45735621841885,349.4973100569054,344.2872192021033
168.5125712717747,146.2063597718806,353.9543351012202,467.747899238498,334.3111784505497
155.61057684712213,163.53062920443173,437.8733579741862,472.5579658529222,325.25632303712655
179.50432393728138,154.77040379167278,447.2278632802723,541.3643829967491,327.4688478387636
207.06970795462152,144.0573789643452,412.1162703657493,659.6697925608726,440.5040773838499
240.81755133362978,147.69466977652667,443.37272963665464,540.6528411805914,331.8822255124293
214.50860692457744,130.53445184603802,445.3847216005454,757.6085287813548,366.8315450185987
191.15411726577412,121.51328747459962,436.2941513399009,394.2033456615825,400.49498045681764
226.36425774869093,122.7219759022625,388.3265684042196,492.36986462327343,338.67444762664525
163.36517637320298,162.63450157945266,445.5960710935026,685.3730985323642,367.80240074000073
214.353579135183,191.94437718723168,465.01936128344676,688.925680531147,366.39110357528017
167.20622180851723,109.13562178923966,423.8914815762111,599.9385427190721,296.42346499331353
210.1845564649165,162.58961574957254,415.4074956348493,769.8836137297462,380.76515474032846
189.7501120231206,159.8967775102812,429.4776722766052,575.3233531119992,406.4141792313983
217.95028777583633,158.51575868398433,453.49083487606157,793.2304164232694,303.30285767012276
248.51426410559878,214.64913247400048,485.5948823566377,630.3601501363878,422.62628846126756
172.59984365991943,145.0009709166,416.5873994922066,355.0959256954357,313.69653410491475
232.4964167310471,117.16874633634897,372.17962597652127,616.0935362030241,418.1934775055733
215.953816231003,112.29448434879,352.8545904360969,432.6153164483927,319.97246389069517
198.4433879870273,162.3112278468611,481.77489154314355,735.0884062728952,375.66807424030276
175.17026742538883,206.86547542986327,469.66892670886574,682.8302318644813,327.29419158248686
178.6287744701559,137.2253678741894,427.1430093140456,649.6686387871624,361.24399037248565
182.71719868263838,156.49530391082257,363.702310508612,527.8074279135616,271.2584474295379
232.51921717103647,150.01096644656815,432.20360386828713,740.3643809267498,384.765406815528
191.07651722937135,154.1368638783054,428.9855826050431,548.0630710087428,286.56110314750674
172.66209093413548,123.26792722495189,412.98081577194404,451.10471797341035,344.0529931980389
235.62438329128477,144.52686735407923,381.5001793240306,470.8253774896978,346.05388122829544
208.57638105055295,123.69639948922229,456.48377836314967,470.21668869198146,393.9147998453827
175.74460049552826,171.54445477033747,405.4329187247648,672.4129034202505,290.854599471185
235.44156955613414,201.40779187929573,446.800363319445,769.4706463299774,363.15165713220864
193.14593879174703,167.3981358683567,396.9802598087635,540.5132019922532,345.8237977371148
155.24683418985992,106.97583353827861,358.8689110473409,423.71767129192585,337.5532955206889
189.02780853029512,145.53605963916755,478.31978891626017,386.85464676298847,365.720732806594
198.10031277564977,136.3710310271564,405.9625605996958,456.5969737319386,321.1352492062754
260.94097815904354,110.81664002248134,452.94081565208177,373.4913482123476,375.565102716314
221.24936085920217,131.78048843275747,488.403093208926,399.1300733943301,313.51238133546383
226.8289967290181,131.9417951220466,414.6631014367749,607.4545964315936,334.64482585214853
176.86053439284237,160.2883421530899,395.5790294486898,528.6600779226419,328.39399905151754
196.1592194057902,129.74183866739415,394.2639976786872,647.3406859387785,344.76849354187055
150.1044483289732,126.23418931635129,364.09319588103733,466.80777431248913,274.5772887294345
176.2462138205182,152.7532721899737,426.944503191571,481.40566742786314,342.47475433117353
209.6541436775393,135.33032570437695,342.5758101180227,392.61049420112766,303.5438088143239
188.14593264797722,142.63007968607195,480.2943273939468,353.59305230203387,373.84788522875476
221.47935757270315,161.7054379285548,438.3306891821433,509.6004257204884,334.49418978903475
219.4045003922573,134.02124006728496,412.9452698737281,736.0405711749893,308.39482549621727
236.07497829816174,221.48051379155086,498.40856357967544,660.4873622066767,369.5379796944256
214.314029542812,101.64154804389682,381.1136604371801,658.135024666506,320.2633594397079
189.53504865662106,145.08366589949765,491.0076125148136,774.685406153578,355.5763191144529
156.5115310783537,120.85886921283205,354.50015063956573,411.03494795517884,326.43718170476455
239.41177659575155,181.9082527749656,473.357343264109,618.3777669905292,400.69336408780333
200.3195954945227,147.10668787159977,374.7939667051459,487.2840675684993,300.45039718830276
213.98863593019863,156.63776577062697,455.9431826681671,541.6830261779016,339.6904658033116
175.46481405649672,116.35175308178448,482.74257985639343,612.2041768608198,337.1425669658228
227.67881781902702,171.6709631212919,482.32236918743297,536.4280842905471,330.35790713294955
237.83138079342922,103.62185150810804,415.87418772349235,500.9373440095763,346.6557573003569
207.65715549062557,165.11568408050138,474.6419585983758,723.5331595682225,345.4047647943429
238.07741608743316,112.66829736425062,349.85034277061675,528.4314505801533,326.04981614166945
195.1732061211469,122.16106490405323,442.7113605470685,611.4009312225106,389.3986255150465
190.81046721581257,107.14637094739108,328.28698819751753,461.70552118353294,279.8484816878184
173.2367817582955,115.50029930564897,384.3968936980478,554.3812326280747,320.26220297710375
169.39772628496365,138.42125471914557,404.6144073903365,499.96858046395835,321.4536012276561
259.86481456208816,153.11687472197778,388.65100544749754,452.83567294338593,345.29442073257457
243.81492681569702,129.58573701216653,440.4479944535076,689.7979433382612,348.5124624035907
202.53607250593055,183.58861960169963,421.1042804234785,733.9852842878403,322.18168612408834
192.9788872919852,136.75680564839374,415.42262261301937,539.527433631852,348.4519404115501
192.65622760752862,130.94065899384384,426.68326817176177,457.9219625097038,326.72677262321
164.64505157736593,147.8206734237299,425.49358746416584,368.89201030682005,305.60454149195357
191.33785382868223,105.9259597505277,368.81495365985245,355.6838991267024,315.50372596852213
243.40866336320406,175.21043151260375,436.5309292445979,709.6043061811689,341.3092534465169
216.86971196971507,179.6133372453883,404.8604255924668,652.4174213994559,303.47464753042834
228.1099358200328,113.3013869943035,423.2850985586622,533.2928803674281,389.9664817314305
190.4156425292247,158.57686707632215,432.29005828644773,498.6057082326756,278.4421155084323
215.87951749945077,150.09295341132815,386.1080849671184,380.9212931687449,289.6511789749867
246.65714980117846,162.16624373708214,452.0996784144457,813.1456609172029,346.3550301329594
159.2819683712284,134.27872666049782,431.33232441270223,386.8264525567007,293.6884881229615
210.79673669444298,164.8448773244487,391.66417067624957,536.2781573713219,382.6657083034789
231.36426452413596,131.5933493654833,363.34915594177806,453.72848918489575,372.5975221380457
225.62736895558194,94.34807815238304,362.90132039052355,467.98235417417214,324.6749285350516
216.7618299577082,153.56139903107595,401.7324696275931,549.8899427890678,404.1177752020136
217.06467918336656,159.004805448971,471.2367799177591,636.1533478535559,363.8274818796809
205.40645606984106,163.48740304408923,426.56907120351997,718.3378065824987,316.70645188472537
214.1840043042448,154.9930742305318,391.477997913289,574.8407953949156,361.0269634089486
221.2221992029284,138.7415879421837,457.48337408573536,678.2491316270048,367.7970499678006
244.49245085779395,166.24835166505545,485.1114473141004,874.1337873976375,336.5179522046586
172.8688058997267,140.81461904980506,356.534344012841,458.65789704786556,331.04840807726157
190.57127846583595,162.11864137911616,492.6298502013074,511.4415295488507,350.9517023463069
227.90998081592633,178.77108481699642,454.13742314977856,636.5486660181411,319.8464397652211
207.73027455668938,176.4662998869318,422.30480514691544,510.5161550981368,396.8180759833494
217.69262136501317,97.37707773694548,412.6538887508173,451.34585328659045,417.3846232464113
175.78895031787658,164.96113237429003,379.910915550227,451.67002325650407,356.42000983295753
171.12190405150702,159.80125600693736,409.1270937455208,711.1310816345872,302.06720069639215
176.69260198421924,138.61555879779854,361.2293608491376,336.49301657371143,347.534103805981
214.15544612915582,194.10384657835962,538.815254939762,873.2070193951687,394.34088175470254
200.17218113416638,155.2448934414936,436.88716431176334,360.07870958766733,358.27757169285627
209.65803537479633,163.35326409479373,435.77680351951716,613.6060791413227,299.6906664435695
197.5119997982765,184.57339461513374,432.5538647204013,630.9799955807393,293.21206125006915
178.38120494278323,104.66406406701512,367.6741257388577,652.8269114803359,354.679135669129
197.89326539402336,140.01937159374955,407.41880121816973,510.85519217005896,346.78677225481977
241.14554927851157,152.43935886414198,493.66596476429453,701.1022786385278,361.7089727413566
175.34698720664332,158.528490498923,418.94490981213187,399.7993984114973,321.1240246693244
183.12459880326492,148.8651957870109,402.41086021054366,414.0278807507266,367.21452056823694
224.2506349969517,176.6318417121858,454.7911720424352,634.4781431664135,370.774219226789
234.81569070542187,161.38613545383168,412.1614347500411,545.2001059663486,289.08891734721067
157.9230944899889,151.25930580404432,434.34098312837045,565.0990155290363,271.82213273843973
196.99230017499843,174.80175489679982,430.88073915238056,531.7764610649975,379.0764327441098
233.0151852960808,131.0786800777295,441.78967909980713,479.37742475787144,319.88878706178906
248.05640803774676,137.5798580921047,448.03068121109465,775.4685668254858,273.7655597150031
187.98331465134837,142.1313505182493,384.3249695985615,443.45278051976953,313.29534758317294
204.44419852063345,153.01282579285746,483.8285406025539,682.8137530763307,419.889139971203
234.29075225011934,136.13361707114055,419.25689402977747,336.8478622551942,334.0156139320313
242.6004385084841,153.57728299102763,430.24074111349495,601.8026635887272,359.76634832275965
211.1425682130826,207.02910880209797,529.3872296722625,558.1887742927328,349.65874504229686
223.75699106408317,125.40316461986575,457.869780535627,402.1308119069109,389.54881263400546
176.27588198886355,164.1477917347838,406.97085437387796,693.2978089449251,285.7372325999486
172.17441870592643,108.6858994142993,426.7157934848858,404.07111748826054,332.5001533977583
254.88495402197512,199.75992327146832,481.67815417988754,634.5682051776303,416.1796431053146
208.9763202029966,189.93100866716733,419.43707385452154,681.2808751914146,322.8403741090501
182.1169667125554,99.21410831531514,329.50274658609754,363.80367958443827,264.4427933235542
204.44896069063327,153.33304904316515,490.04127487522055,602.911869778077,393.7350184827829
232.56322198644204,137.63715522920728,412.6477913028756,417.2023414584843,321.3407692837295
243.91970188336407,206.68262475741324,494.2200078576229,759.0693704730826,438.6820338014621
241.62054892389034,181.07757327354446,542.4367467187159,806.7576539512787,426.90940724548915
231.01094557014557,139.54179750667004,426.0995759445784,428.4181916898762,331.8595178973482
226.66997794888465,147.52166189757415,411.6998047154154,638.6878068804683,336.576531921856
220.09968224538645,150.34006335406232,385.12907309638547,568.2193206984905,371.1583722755998
184.29043743487784,159.41890353433865,427.5195017538846,429.8788572229745,398.49845170630175
227.7328792581262,148.91086403276262,464.98184352835096,455.1587933203482,298.53597527649634
198.4564477596955,132.8650813282084,374.6413905060689,617.7986666299862,364.89249111011986
170.59664599481462,136.20729814765414,456.03640130259805,484.1437686951041,341.6317113886517
178.61009513601516,214.2482153442303,520.2955079575397,756.8539571229965,380.8134329839588
164.03826295034574,144.84161034984572,439.7876515872306,678.7486604666375,340.97051515019524
189.08384443456845,114.6478668629535,431.6344396000197,405.73176479023743,327.4996305345343
198.76506180001522,148.61765165591555,358.7142372097235,510.43649390199994,321.54539840818035
188.73290489144165,123.57122093090344,443.6321343591646,767.9688842785215,341.0434007777454
238.1658907210475,190.84894476143384,467.00949954888756,519.4513949285123,358.0460682477275
207.65847848959012,125.4356040062457,404.89240303968705,712.1409221098961,374.0015459819119
227.4916816016468,163.63741089258545,496.11140302121254,585.4874630299739,434.18839437187376
212.9584568226624,154.961898977932,447.86288951469913,850.7210629093337,329.3540670982235
205.17501945209045,163.7059053804346,457.9296668355405,510.2056932080881,314.25125221265256
214.4279886898939,97.93774059145754,337.6326936502955,512.2871235692488,304.2727245802507
178.95902108333183,151.65788252241288,461.83760857238,597.1488826215464,381.63967924576576
238.1591456131682,164.7894795485301,459.3748484208084,541.8560580616827,412.33515392721233
222.22919118226497,100.3131008861498,399.24044172766895,439.5968771658753,297.79605967706044
232.22928725494302,216.03026548528203,484.71764045064003,644.9525524793308,349.9166721703142
161.24752983071033,172.08957748111672,422.56009907215827,419.04369245104846,356.98118550338995
239.4001097095415,131.6365368918463,452.31973700812534,415.4647395018265,357.4638348039237
210.68811866711854,142.28685417513992,450.0409241410842,576.4917600527285,415.4848988746552
241.61330890697354,191.55500640873922,437.919172371882,433.8735838112368,372.40590119159134
183.16119184226986,144.36325292153447,397.94474487543476,362.6102434551907,352.98864734793386
210.60169255925157,126.20424289818418,458.9704282466534,507.6508872200051,374.7826591454802
215.22101607078622,104.11928219673487,501.39492628680404,495.6675855431955,374.65627225958775
235.31210645019544,143.25826913331014,452.5167450813362,455.367832507921,376.1983232571571
199.63239353536628,152.2159473126761,409.8109106779001,637.4062028874107,341.0600950068549
196.17061597651036,147.70449652648858,439.43394691177826,466.60718630285186,369.0288841939737
233.94620095763585,151.76556740705323,466.1420067986475,689.9209751971572,414.75500120635473
197.3114383581968,150.70943461193704,434.05510316582877,371.48919422613324,295.6558975631085
225.5449792637453,147.56596016727696,445.3528260486771,619.8015921144499,304.30710154949753
238.04727293324802,105.26111732183583,412.00751536396115,690.6352033282934,336.3720735816331
215.11697330409677,159.51390459356932,447.7290249087284,704.4437407024154,306.80199732115886
208.67231838991222,217.20960409191738,507.9487383756141,423.140335023292,336.11447783690977
202.88748464702138,146.67588757457094,391.76984478997565,676.420781475596,418.3279533695242
196.89978942595755,116.89432303639576,380.31473986055636,482.94321425251127,313.8530229074047
263.9873518180162,198.52284546950239,512.5877920469543,588.0506867500682,384.8487239021912
216.95153490098335,132.2158284833358,403.96722567814606,418.37327489446494,382.99055778980727
222.56795782156001,212.6517322096304,432.39766180991325,520.3457889995226,442.16788444093584
215.35661309530903,130.98927948009782,421.05677030799666,730.2955654053133,409.0002656111449
203.7456795877775,105.08841276045091,438.222893197263,455.9456412705183,305.85684882475636
187.87656399467954,144.6838088275374,463.97040413464623,521.2139414227676,332.0323570310129
213.29444406553267,117.97544591769419,403.89465082019575,658.65833614444,362.20494339830407
226.53291622248403,174.53741162276046,464.0816813818673,794.2814791235671,381.98917124419717
240.6275110300489,108.74731108940861,447.50744592255336,526.7298746637472,352.3248747359445
198.09741389527767,143.5722151803126,419.43998029634645,559.8016238396015,298.49512753151316
193.30107253320696,214.5113341463553,486.6353428707987,736.0967236062437,294.2553240553673
217.03269987608363,192.19000766895144,468.61478894033854,530.1799563432431,320.14605945052955
214.29414017588465,163.48519870942872,467.06958716137143,659.337505033732,312.48443699608515
226.4408899711168,140.29506302404656,453.37684869225274,651.5961904484741,296.40401463610186
212.98491559078343,143.4696963404977,379.6185091758509,550.4889278698406,309.29765301293
172.04579258625222,136.5886602540377,362.6942259472221,330.1744165126749,350.49346322157294
197.46000376232527,146.32590089853147,500.69276200477606,769.577925500128,388.47144404141187
155.3123175036667,106.03415297914755,380.4710815091025,360.6799767442176,287.7119646327064
184.34781183417698,136.8493520911544,406.0414917586549,568.7663428561891,367.1693449649602
180.20940056673717,136.07435327808977,426.8559693191735,555.6118625087079,327.02484529936766
201.5228778305086,201.38911579273008,420.9353533142029,394.310303631352,306.8753922082333
197.32039833219707,158.16046398385996,402.2243273719184,384.80111343040505,328.539883352296
199.68883013159655,116.16275163013376,361.42971432742786,368.8738045239519,287.0657079904388
205.4535179539469,125.8003161408747,500.13998187864047,493.8130113243039,332.3115077058708
203.6633741498221,139.34571515775662,370.5436730687015,698.2182564037983,296.98360799524175
216.54812192789862,128.12441843226657,344.06299968748897,334.93497267356463,325.1348119061639
221.59703524298845,175.17578969417735,433.6195241398037,627.8658324019193,364.69835219130556
238.7541615008059,117.12161923681997,419.9777858050983,529.0141767309498,351.1258995683729
167.24337829986328,142.3972172246309,409.6495668802711,536.7363479379547,388.09977585724675
206.45975992848457,147.33603710952121,416.1552195883566,558.7399882200441,297.45455212794263
227.381415521509,171.44727051903482,431.8711196255148,621.8032171332205,276.6166276106275
198.83718854523772,101.88834270108418,401.632448002014,724.7511361651207,346.9565462312187
185.78207879498146,147.3202686387503,460.05604448506057,685.0499539103672,329.30243269560424
232.66529860563568,172.44578768579214,384.03977937639087,547.0500748059283,371.2496293968657
204.4757055642158,107.1232629538147,366.8146277420226,521.4177980667963,309.81356385591266
181.52040713350814,150.04977782619832,453.6877578334259,475.8212014481968,367.15642838315335
201.7369120707885,132.07061005084384,389.09085063238336,558.8132237621991,298.24904129110485
186.66248658964247,171.58510271894076,406.5969803129407,486.45202377330776,283.43595452072094
156.2858769545406,103.53195387311006,338.14121480081116,430.0365673996651,325.2518680513632
195.3831869834384,110.43093576976999,418.2174614658216,367.65526018867337,291.8900631286464
190.0397920021511,158.47183104689552,463.81041030136305,647.4180652144481,378.2792760001274
180.76567143427746,151.85289526405654,454.39741211969084,592.8715489199557,394.13154036243196
198.62878111542875,159.2813103207692,426.8941642094012,559.7226086349677,369.05172581916366
218.43740494348737,148.58344483885855,459.44033061026767,707.6739362259552,333.83862828098614
257.59541036944717,156.51833711586255,461.02438632514543,678.5237643139404,383.90767454457097
270.2964828513216,186.56865793711728,446.40951511060183,579.158284496989,429.3713149697195
202.66242688847686,173.89167204789538,529.619185189008,501.30801545531784,333.0217938670607
154.87560543441157,127.95487762869266,427.2882185934923,412.60186873880957,342.4491915087909
249.91110198093557,162.83952325672183,445.3628589164089,577.505659140248,292.70156651023814
191.90680915205365,156.23300094027218,404.0749481596718,503.3382967338441,353.29468657081316
229.90563465740618,122.00466109968113,444.5769559957407,817.9629210202452,441.05377667848705
232.53420533681773,134.55033316071095,471.82150246538913,810.1383616069845,322.0653051666275
198.1020482211262,137.07985484102466,429.81958124385847,755.6708132186412,311.63816507870206
189.29656238679144,146.80050515010797,380.26001495166344,589.3682408366168,365.68950189750745
189.93275576892177,126.53423609485561,347.0259810553527,515.5796208278281,283.7639335652996
228.4837186127317,151.05524871630539,448.7556856494909,690.8437395212202,393.1303971740793
201.07015346263233,133.56198448733986,438.63566515487435,358.26649938725177,305.33618855394366
260.7090710057742,175.54135231811082,409.0952062397082,641.8968422821644,377.8980618677757
233.73162207231772,213.19786270677358,521.7870207619964,570.3871986902857,400.55325428846385
238.78452447846738,105.90572385077765,433.97012779068194,460.23027984946015,366.0151838990623
219.15845336004014,183.71268403404702,419.76242324564055,426.06167992092674,320.14591657906595
213.62392337369837,107.55394363341364,337.02530394490014,468.7069741076032,350.93683147677626
266.3343122647128,154.47900242189112,456.81056158461746,600.2658720082165,374.78821967492985
217.53060496544597,129.29311657855916,356.5516780724302,334.72760008083185,350.41251690996086
204.3968842209549,125.97440647166869,402.3667769322489,530.2652982427952,339.4820093788872
223.07558741956197,169.50286606460753,416.5812825752938,636.0341321808468,378.2039952316062
223.7772345511919,173.09832655559222,534.8298798329606,758.5227885897992,436.9669358213926
172.51761671422076,148.87715443759757,422.4454129322086,415.2588266082347,339.3630987359127
197.8178851630777,151.30800599371244,411.52954915166345,501.11006148243996,338.1520139741645
192.3509928424087,108.40958899510684,383.8994795705983,469.33846966197905,316.42324597018114
150.98921496228735,112.73047496466229,392.4002239775804,410.63501245162877,287.09245375603973
252.6212569840228,175.29378632769107,445.00475334728696,444.94314127051246,370.4340913976265
252.84775780190142,203.13940037217876,486.9650879476261,676.2523716352408,352.07853739162965
212.87841741206097,202.28414940417267,526.3229983651685,819.7796546411909,374.9792876413293
200.07758736928412,129.72194684931236,391.1703537898424,437.2274243230289,294.9416109503549
208.88501879823878,186.71461990586604,481.94389174463134,738.5269102115515,372.4407783169874
195.22113618807532,141.2690673516934,429.2345497054228,664.7321310718355,360.5410144967251
251.96363611867378,156.396412062052,420.78712872401695,516.6752292391805,360.5226793696678
237.80539323708305,205.1383426697899,444.3198920789047,715.1051631367569,317.4444734290787
212.99305911430937,115.32156339684717,434.17507640166565,411.58655650992534,340.4774217853974
251.05841188236815,168.1401768013288,447.65933757591523,383.5165292782871,336.20969689279457
194.81018007077878,207.8853122206967,492.92630316229895,406.0743368631997,320.10502401106703
223.26478221687765,151.8511102077268,414.30524037941746,555.1040844303,334.3497853182597
212.1822512541385,122.29916277755474,342.3265079584219,370.4978338981738,261.8436151116276
171.91393006413864,105.76001852324707,437.7168150116375,570.6373163945075,379.8832061738
230.5050623570495,164.51840312084596,503.6914676337288,833.460513356939,387.03920544057365
220.0321086809245,154.87593559709654,448.8055348845285,619.1155267860938,347.57758364496425
214.86178149671736,178.18392736780692,441.5527850745259,654.418884256474,411.73503977736425
171.45057674103055,150.98102578168982,420.0981093309872,824.1650205578625,293.6639544517
212.60633841143587,109.4565604968855,373.5684145489582,443.78414504118285,318.90606970770574
203.91106432873698,106.0651363799087,378.81222109227826,658.4591972291437,348.11991265053973
247.29040757912924,163.68070194990094,518.3267809653684,713.1999942388743,410.60799915796093
156.2164672088777,132.080943255281,385.26252663753445,403.88801036063774,294.0080792093088
156.4716744830533,162.9039031599377,446.961601793721,466.8698638165064,319.758128429803
205.262107880204,184.4498910859667,421.74682072364965,781.8396125525952,296.1570309592044
224.03146016253586,211.5428033564154,401.2030744305858,579.8379686397111,389.75478601384293
196.63825068918405,138.32259899694034,355.33484101933465,361.3989862010235,264.99468599064693
219.41180996489953,146.18672642627766,462.8841145245683,533.7279891663678,335.4018255481288
181.96320544440155,146.48717840233272,393.8737018597322,663.0785094198569,340.50983889214064
228.7583875430109,150.79304274203986,422.0889153379802,655.8356841043744,339.526812059895
222.1786267388139,124.14142926288983,393.771343364636,521.7162973619435,354.20180074091684
265.79390809260406,127.13731691944456,392.1930397707039,503.42217865247915,376.1439382045445
181.9565525072431,125.33737621331511,394.1528160358879,334.3279611985402,334.5559103598769
227.2395106939216,205.44541297531492,476.7112242920284,650.9209635590091,395.38479877374033
207.11695966517448,182.15811466390826,382.6590011250192,531.9490228450599,315.76920000672436
210.24280743313926,168.5707393972096,450.5360091040995,642.6251658216813,290.07432245090456
157.68008037327888,164.7068594642777,407.6605131055013,783.7613984554744,309.49073391813124
175.07403282179882,141.76410141278717,385.1062611508628,507.7642629968507,388.10710801788224
167.526407229314,143.94666545704857,450.22627032570784,578.5558663455575,364.5099084534999
198.0399107111285,158.85714007014266,380.5768730007152,585.5135870864748,320.1009347245175
230.23828207734377,144.83618049277723,421.4081331138684,777.5573008073286,382.6003784576681
170.76846976632945,129.93548177099237,374.72637989847794,336.117649822662,339.3267095135067
194.9097906945846,123.90033182674217,413.59851641484045,593.3909149606596,353.9598986350097
183.45726726577018,150.50654387792449,383.4204889617934,411.13936525978016,347.9192649453646
194.90994920359563,135.54369245760927,384.4204179460831,502.2977699810575,305.95934700702617
206.61087946642206,203.04523864975627,501.93440818417145,655.9572074351784,332.0287607440837
221.05270396679788,155.61446798729204,446.73057726513844,624.3777362044195,410.0347424204093
187.48540482219167,128.51051559101194,421.2344369094405,566.3940969225508,302.7654643530433
194.0988448839612,134.84902099867537,466.5124818943037,710.3920614044098,359.7244650794149
192.1688123370243,101.54529239592598,447.44406388944185,421.06076134274224,268.91913599993063
251.30963725771915,212.37137597617138,461.1620807580189,488.51793040422695,328.85310203773616
195.3241977489344,181.0154266762185,422.13236726473434,499.94605560004055,374.15326268507846
205.28166677610284,158.86954192285944,374.5925172206844,472.4197100787975,380.59932067711617
239.68838457626188,126.22590704399488,412.0235703350393,645.1524947060719,367.3299477784217
176.15559745488025,171.6379267955888,433.64749116865937,389.44705624150504,348.85332712638524
186.6119920639271,151.7386472947798,441.6251094779381,742.8715480584924,338.43484049917896
217.1655798189849,143.06971578688717,409.41375470974424,750.6067374325164,336.747277345894
191.4640449975962,194.0527588962112,418.511180079802,434.145254247377,351.9021302676594
260.52178964695474,184.19421674827893,480.4421447413024,725.7711440076154,396.8503788247389
182.01246543926055,109.28047552724681,351.02634571643154,334.7711609096713,288.1777088088367
218.47118953226635,147.09786110005325,427.95934221829896,505.36540461524436,337.51484930271545
191.4631404915703,205.07079555991228,476.9519426146594,510.52639851647194,357.80264930620336
253.75682356654139,159.63273670619725,498.1419517630391,867.785648928585,420.4116613368543
244.83548748264377,113.72555731009436,405.6356501356982,601.2963628999411,422.9172282996157
230.6021185324702,125.26160123755771,493.42219829647024,450.0392981154142,361.77963917790873
238.10169354395032,145.67540189147374,445.371252347877,416.0000519597429,330.3164802594541
212.21898991769788,117.50157135554167,445.3346409531651,374.0876039974986,348.0979839728543
217.97617702247652,156.64088673049304,458.19557798077267,383.33359956880474,368.8517318487774
204.90151616754525,165.00454575928023,444.2571185926449,541.6940142623937,393.98698380977277
181.4156317106957,150.8487030475542,406.3157174847645,459.71069510389475,309.168289182189
199.20696743835717,122.91687585816524,368.7271603913232,424.12113894829037,295.8037073471282
190.49086918061607,167.28385389839292,404.90341022532715,662.6741979198023,323.15396157271334
206.12845959585073,118.56346145803522,446.0116192486894,530.6594341296318,361.8288367089994
165.44695140154386,129.1579092207264,360.98681765227263,507.14303457358403,344.0636312039954
188.80111630928215,148.45410382388806,448.82404200977317,574.188100449155,353.0665721800132
176.97166327723593,96.70376067912152,389.79898351009723,385.7536349863129,273.1489256504574
186.14810627444035,138.2914131618041,428.26429475100684,476.4323207462582,335.73451459138585
215.42073913845095,144.34831407334752,404.0737926264271,539.7488782572435,374.0041971782247
169.74478971758057,143.58946970417088,429.1518844335432,560.0567847200468,338.4749678533399
175.61500564199648,155.87889991201567,441.5030043259833,520.7369960709268,336.5914403752635
180.13635993165624,159.4778353720627,437.32965192989167,579.1809848794978,319.38621885132073
208.9265152747464,122.95371113456872,430.01645916519453,486.50298735751807,363.2442589587886
207.76403709754135,174.6990528931928,416.48366036966655,547.7731550126792,266.8132411533258
259.61738815793166,122.67128518597757,465.85287326978846,613.0075045081078,400.4487803200451
193.88055300367736,136.1886674286486,413.100245629964,367.909680800248,291.1321000925989
232.90630778567552,136.7109213627802,378.60219694753096,618.0393184001363,307.1468252938244
192.21564972958274,160.54992972329117,394.8917815615024,522.8407253588339,368.1829093162823
229.17002095735302,105.25331166433284,423.0691646782866,525.7549979175105,432.17615705994757
204.31267460127015,213.69731706481127,449.8753948676812,869.0817251717169,350.6891766230797
202.18297554126713,193.59236542542433,449.2269056382543,452.8632783915939,382.88109077659226
215.27184685354842,132.90762927624715,362.0858187839259,522.5818330887128,377.85089964748187
184.0613192032906,219.79690016533584,498.845497129187,541.5977277782252,351.91874363185553
176.02620458642983,149.40274451512371,401.7840019247338,526.9441385356645,374.2822115428115
229.7356106667522,147.2680323745653,381.8461720602928,449.766422023306,323.04179261865914
179.03502803874505,129.6024721418,365.6261156895396,401.096527580259,336.7244740176874
203.35346418952537,166.03898853341903,391.6125027928232,463.8638880747897,352.39048573371406
239.6206025806777,128.37890868992986,406.6230503616414,407.4899806695897,380.6497835719804
233.39381234953117,153.2990628634614,449.80157809703275,562.5445765596068,414.4840896287674
152.75187545922472,124.97286016160136,366.5057115545071,557.2230424467826,310.2003706538654
254.00215559635603,182.1922417866476,394.8923324525164,674.7448197087175,365.55751449014247
231.05947581677987,163.53386261695815,505.55392286874394,682.4983838463046,378.79265793820156
191.12909742657033,165.98429853673105,403.9954920647426,461.6788735381309,446.5335356314796
205.8524636201162,136.29872095107345,418.3956653244934,666.3226727385063,310.037685704668
215.7510066170955,134.31539566686797,471.0235531183643,517.7052612198373,328.8925494072258
245.97148901866024,141.19941704898883,473.47529780482154,604.1756694302084,387.7628333289843
190.01042138664238,132.59024115091916,333.53061865716745,372.4701947076237,417.418739592933
215.28116322424648,190.78037320585705,472.33140947710314,738.9451862584533,408.3966042568249
181.03186358404136,124.64229946900691,405.4891726533785,413.54544261946006,285.14702260491106
272.8181961398081,164.4096373179652,460.7465958997332,655.8583934938796,338.01486890078945
182.74253733317832,117.73882123724907,444.92777173533585,442.3884377308515,367.5830215132051
190.39208351219523,150.28525632112886,441.4889578997566,441.8693567476663,366.7559494251546
215.08187940119896,135.85059153861533,462.8345393986079,748.6101961760234,352.48726864784953
218.89186235279783,132.1838190237675,443.95876937753565,632.7975038205097,324.143551049907
197.69939911864813,114.9845979865034,420.8900453049429,544.9670595319997,422.76402690716543
221.60639486691994,149.43184941683046,450.07806653883415,702.5647057561387,319.50440102909573
231.21999347439558,181.52347594157655,419.34296211722614,510.37741323483976,330.0689196856531
190.952162962947,132.91438180310334,386.33031253278494,821.8734603509473,371.1548782934138
212.00700237041198,154.29613186443308,410.6850983608626,505.25281593604996,303.45390530319247
180.32725313227238,120.32091234943812,346.1696978770133,410.6204861931437,313.23877558516466
193.72188879937244,184.44053883940032,422.5492218624946,528.532164821892,314.2213423405366
196.26917340992534,187.2929481358123,372.98676403504095,489.989378538485,335.8607851129559
187.87622870713935,197.54865599072411,484.1262253725417,550.2131122657897,345.31534663007056
209.5561731720887,194.12087563826427,457.17115122629883,724.2339781031868,340.4846369180126
264.7094646627656,171.8352709352753,490.6242201953826,871.8838339436074,401.58165110424807
222.74090631930412,135.47051617726058,445.2703085891157,566.8330730333508,352.01423239824277
237.18127214197045,164.94201287952424,497.15728881451184,796.9705262835929,349.81495377176503
186.6682804954653,124.06225262794715,343.38922501535546,821.576731260765,334.43832668851843
243.93894367081128,180.55538252198323,476.9482948212609,769.806455994519,358.5218758491906
162.13101285016376,112.29532354104443,440.9217267733107,756.9934656840841,312.5412800920561
168.3051066494485,124.05741673958755,391.8557270958977,577.1183101022255,316.62224524176617
180.61981898506582,114.07437153229236,360.876150335266,362.1945008481907,298.2322250115018
181.9348711562157,99.35348680160183,379.4988735936299,348.47448353334426,339.23973050287975
195.16154830901394,164.79184355565792,420.0041430367265,355.76455646662487,351.053592921931
208.5687742568939,137.90617844089306,372.6449881561532,456.49237778664855,353.3288276263681
231.00233837889743,164.70510216253615,457.3687719304775,825.537535230538,383.71200394831254
221.77173205660782,192.21451394244013,391.77140580215774,448.92684758173135,380.146358691462
197.72470589526165,95.49165213520928,372.32788490781263,458.3984241157548,344.29753723510544
213.58090576397015,153.19937037257932,407.0515339392969,480.5113724475343,375.3557411580655
222.06561566467883,151.69580468445207,406.8812462314935,561.4136720510944,352.46128883361945
230.44968094716623,151.79413173064768,479.09386874688073,703.6076889412437,334.9981230987078
208.80394594335678,156.0470949146912,471.37370375504673,617.7431415488413,287.9806864672366
212.89925477585507,140.34522044533082,460.00840374189926,500.8215910838385,330.1410299027629
173.0557795110112,113.82125044126761,393.96856514578974,641.3442348415712,269.70125946596175
189.16326725215833,164.20427620468394,482.5844630135187,474.3637284190262,366.5407428498073
182.07824927970609,129.41853474109786,430.17634776306153,405.7450419390992,326.2742385298047
208.8911581200042,158.18906409444213,490.2097408957011,627.722539176695,370.30924843874504
215.21246352461276,131.52018081609978,385.39919814635266,622.2420824886822,316.05356779625254
185.74580383000412,136.098313004476,427.00913143908554,542.7306674203824,359.7494856906162
208.0298317717845,154.2617530848417,356.9955328428761,355.9491097896225,315.3620351268438
170.06021105574666,157.2616947954602,452.6841970298503,511.9292987075952,388.92150478747294
242.3044453618922,106.46725826329904,380.30396869330013,557.2158928991352,329.85061951722463
206.20590210977724,96.36485975462995,461.8914655952714,449.2713416735029,341.6606087911012
166.32056196273757,150.71263195709707,403.4518175169369,514.7532133646607,372.57448753845296
185.56659629323872,133.64411063579863,387.2305148338408,479.332035024376,298.72639680727497
201.80215154012558,149.77621321810892,473.15924926478993,672.9051600694697,342.76124167166824
197.86373355349784,151.02465159557946,445.8383422697983,536.5061129784847,367.3333363046838
195.96889496481884,211.16581003531172,449.2819692024682,558.1806647628779,342.2178700821452
216.65132560027783,142.36822613951912,455.1402148246225,525.0554317985952,362.93568831327843
178.42850459714072,177.2009675632088,439.19014462243643,653.1545265430042,369.99658000756926
225.5336138773704,182.04125868729056,441.13204868817303,803.407425908667,421.7122400264779
176.02497818704106,119.1794065737051,415.98524959513685,351.4725898828421,296.1469654098254
217.23767643187014,143.28650818444424,433.5116330162135,558.1094243265827,336.76243978730844
154.2625285152106,129.3826667430078,350.5376736812594,491.05091843073245,370.4598070822262
207.30141931267949,138.85268454150003,442.97404305576595,582.3184043357884,267.4665350256064
218.20662584385784,134.33819776182753,482.7566449766238,810.8806349384871,373.3313518126621
202.77075266672622,217.16969389061265,531.6469002920849,747.2329089324874,376.82975379821306
248.7004852231651,117.13474104136012,395.8497193708963,448.1434325828058,340.9899501522878
186.51956970972952,117.05811295429443,361.3349340769663,623.3979072031615,324.63775239606855
205.0536071364989,153.1181952009465,457.4980311340711,537.6690689676309,399.98242384295344
213.73510890974927,133.09203665936872,480.99075937062963,537.3856817105061,384.8847089476056
201.9531611577367,106.28873393983902,406.33103810480804,351.7830579882806,371.759676628784
170.5720737209124,154.4983919406883,449.6211511882091,456.9613079628359,351.28571106750104
213.95699776750922,128.39600184797587,432.483784904538,480.6239087647327,373.6763977620808
204.53389211004716,111.8173545592849,402.8654619537535,498.69384624808845,320.60656558723304
217.55174807947097,150.3645813863635,409.31484230585596,344.8653830782189,379.3303398903269
174.8796859000927,177.4623047278004,426.35963017719445,839.3633933947935,300.41287194982067
219.44282847550886,171.63966663453627,463.1930311283924,534.5929764350961,328.9899246243177
169.2574603041216,156.216086133699,439.7146912820685,621.2937832053367,332.6891762602937
178.37903728676392,132.70705089578897,409.72055522071634,579.1633601555133,345.610752967894
215.3100551878243,122.13040713071648,464.5046680570927,498.26276693982913,323.52301123591315
243.0140865016261,152.9351305352738,424.5734979666992,663.7313227183199,332.8299666592108
213.76568286001523,160.99663400424703,392.69508528185366,540.0542998738856,323.47739011079517
229.6468698963574,211.06260325245313,508.2962878217354,620.8162401010072,336.87271807675876
208.78216248243092,112.06941817702253,396.409460607754,475.09813064495955,356.3161743675429
226.23894985955272,154.0713851913617,407.6244788887036,464.99549422343614,314.9011679206657
200.6760990843403,126.87783779421777,389.9555914148625,343.37186519941275,340.8144242280258
248.26098558632296,190.1054651767293,408.4651147784723,665.8424315165449,350.706072259439
191.61619486664503,169.09488497583908,435.98930746350277,709.2640304841016,346.8772919313378
175.55314901563338,118.18313635258635,431.5732114834926,489.06472187936316,334.02082012594195
235.55493654234496,102.97158693840176,405.44276175461505,609.546163289353,362.9578314331696
174.51845576446965,102.02288504844483,406.1387260818189,494.41828966846606,364.4898675983587
227.26992581709752,145.71861211298892,347.9774082362308,506.97972175963605,299.7827210445273
206.9420112451913,101.62709442421951,410.61043480029775,373.3233924258291,333.41430748290765
229.03726639666885,171.83670402297858,406.51457084353365,535.8587313881887,333.6180276206218
239.9826488645384,115.18301732724076,510.19790348381986,642.9015883618791,347.2663787122634
239.270344112741,137.42316294750606,430.15316333009775,361.8373663394491,332.907649535693
182.69362430707588,158.6159876289833,441.5485377600951,505.55597132463595,389.53703106273593
199.72403055085977,116.5628056615832,426.2113804597307,516.1885088492897,307.5003858847825
227.2122113063568,195.94544363685011,473.6994978419361,780.9006387971172,318.92542088068245
212.26020880347892,96.03121886993479,432.08959496029325,395.31950772249917,281.27574764161244
247.3124463796755,118.45670473186793,463.07105108231195,573.202107489431,417.7993028574037
214.02029933885996,128.8279843315426,453.8007860442708,528.5742305660477,378.45660981243327
233.22803741476673,142.53601703773884,426.0931731698544,550.5860470989812,410.71479367921586
177.0764790164617,129.22625030006964,432.7866977294462,691.0346583703022,378.90904548231384
216.34485321239458,168.1543190593713,527.7225762233187,708.25795171793,405.35738760653436
248.0264155937554,144.56556462064353,372.2828929924684,580.7594399675754,318.74044875107904
178.83005186240595,154.7546469152142,358.9661782770072,720.2354713398843,333.3870630796514
189.0982356197238,150.1273349041725,413.1380152626316,717.2370603754554,352.56494098839545
188.2801460186131,158.34766542185164,398.2838733318068,565.1796039755615,340.91798272368845
207.4264675263108,127.76547231175168,486.65602760766063,461.67813684880116,433.90526854314624
200.28167931856242,144.7209928445905,418.91305757325256,753.3996930879188,379.80761337462684
217.62593300372538,135.46793493352178,444.5031467886391,563.5262517825703,372.8481080443973
230.49842099373697,116.60148890301099,452.2132968926097,552.462012276268,428.69177515674687
187.5937453717759,95.48060701283883,355.5215479277167,370.3870807277514,295.2506619611487
202.76826708385425,141.41951100719282,415.2728060975625,596.3822520469089,310.49654244634905
200.31972310708684,136.31263882310742,428.23668210233245,477.7913330917765,332.9416237879008
227.1875742611411,189.7944389294035,462.28779363144037,804.0019899792445,434.17303695952165
171.03245665984855,154.1206138862389,452.9473041986466,638.8943416063114,354.04133414536847
232.5248921140255,115.30354624575267,449.5118555833356,360.98278489955925,377.3804604478792
271.6136927987799,184.16084748581733,458.72274645619893,625.7610094430071,325.24003832086635
191.66033353345625,178.82805547953856,487.78744334429814,581.0215280824928,298.4780922893049
184.47931606852538,169.0487881675287,359.1821997318971,487.2982646251372,308.4973387001609
229.84105305816033,222.42438847922236,462.5194064726767,662.9209398073525,392.7483033921345
212.7419775406562,124.57684625819907,336.2286086805074,396.80076969248563,310.0658305768915
209.72942287602436,149.6552802024045,382.17569378391187,359.219952830789,339.8535298702056
242.8159664775261,209.79027728135887,436.7470837940237,542.477025975335,287.0080862507429
211.50650214290437,164.82874458782516,479.8565820432589,597.8087424748186,421.13282487678185
192.17814416198195,142.87272034575736,437.2213461730628,453.45178437147507,325.2886732652745
198.6250674918654,118.07911078573756,361.0789465617533,440.8372984718491,313.9101386348898
208.35861342446418,193.87408508922135,530.0110375776792,851.8284958548563,353.9684366467511
219.48050376370094,96.90327588697119,374.19115500943076,563.6692095129359,372.573174212659
226.94992903949162,130.9480470154766,441.28044406365916,744.8616950109936,381.5634470727015
239.97556864860837,145.55300802197675,412.8793172891414,418.9157113115703,306.67099447654925
190.54011040558484,142.1090507295237,338.72248966179234,349.0569758134653,306.44398145609006
172.0022404277858,157.1176858712507,417.6550496171953,622.1503456472128,292.0345657339007
175.18830031653079,104.87859076291424,434.92765660196085,470.2799645869596,411.1567253997509
246.59892266721437,134.77662463833317,444.8117695665625,540.3506474988227,357.90411333915324
185.08850123100925,140.59060922918744,424.21187792709367,555.7844126906547,331.4475124009252
247.0578590512794,110.81323078196458,384.2372318858242,693.3603709482211,312.2969670839971
206.53951945367865,117.1503955470421,534.4043872422207,377.8621416028153,352.89900372749446
195.77673019467167,139.8306741710338,332.0722197076381,724.6851329622973,309.75425656592535
233.91833156036938,138.9508780382135,432.5473376608826,554.9907828857845,367.69567888437984
225.30216899149457,199.987656627509,485.1388503148908,416.830439456975,319.50046950515497
204.77878680667226,96.09790999175142,387.08821734308657,412.7777496461255,357.66525793364
248.67148395873588,155.45085606312773,471.831850984279,611.1724303940254,413.0501234614189
236.9275444139587,129.3825597251505,379.5698138273833,849.8822290329118,327.9258839239997
262.03306906057463,146.95562056288,480.2859983407849,539.4088021576513,393.92818172181984
232.28333124954165,165.67116518125596,524.9784739963509,771.8156712219636,411.3340129586572
208.97105974620771,132.4694624697717,397.73120808940735,609.3615982793865,327.2613315502997
206.83450825350394,156.72717359230364,468.99749279053833,614.6535929198421,311.15677549348015
212.65646368976505,169.85960260018007,498.72534462015375,752.3545302140047,322.1809603839517
214.16534917934416,102.7062890020769,383.8344332458375,374.9425070527185,347.4031171780339
226.61069322527874,150.76601515929036,514.6511259485835,691.7862908790648,380.8555801520617
177.47295661544555,166.3075145204274,428.43979704520535,621.6697689151941,358.401581823771
155.9480004161634,133.67378517431155,398.8142223216716,530.8166426846827,351.93850006817837
190.3596991451937,140.52170286128478,488.09921701727194,611.4842470845654,378.3913317578534
195.97885323937172,155.27833598783243,514.646051887803,533.7465190375711,384.21523115478686
214.05924338394172,189.7149916837038,478.0243103286545,846.997208453249,327.48377041527215
202.8041576850219,180.31138716713073,480.04541782906165,803.059131510054,430.36117057847156
189.43936357428814,111.08900015926221,361.32588875996106,516.2221271992084,320.1916800540395
193.1176270245453,159.31302157889232,451.99165647106537,826.4584230127628,297.8608312363178
199.80330856228832,100.60331265184348,452.9947342346789,457.8440057395786,371.40272378411873
163.91902677086554,142.35687284691747,488.52266948265515,624.0229065960568,361.62925395781787
198.43667815159125,153.73611607566903,469.1698906259117,500.8655285067256,331.852670097813
192.82277817804516,137.52229084067267,356.4621607114354,527.2467060444993,323.4915123979073
254.36877288453928,211.92445543424654,545.8450556255539,862.0050592465866,417.1078548355163
191.09324917131343,135.31155610621872,410.6832131042682,643.9737376254046,283.58097678716035
216.30383469211787,161.892114746289,345.62845427003055,542.7004532354593,311.8111368500015
163.3055977188022,104.11789504086848,362.35290525005036,336.5622823994444,300.77029507239854
185.4491172045783,157.71229235891195,423.32319630932864,495.4762729370019,283.9422119868252
198.009270910544,135.24243113291118,432.6971447876268,409.8637179084346,369.96621034179594
189.44236151542907,150.89401799619418,377.70810977710477,562.1872810127894,341.74752291566
222.56674498363068,153.45400191483853,383.9640516473128,536.3622386490823,353.5450512172344
178.9024940170817,118.7592484996711,390.00854720310105,376.0431453418758,331.600212299255
221.68228781464973,143.37263518179023,377.4532143240414,490.5653221323527,347.80021934633606
152.05165380290782,141.41281755054672,348.89352713190743,352.8753588268683,302.8291069021701
178.4323803145465,151.0514420500848,507.6353900421833,557.3042756675247,350.33678984650373
228.8728601500593,151.5062855340036,437.42543670476886,733.1578578188166,389.4344652208844
233.7221950302975,195.75534840919977,458.4882209386437,513.1006411844644,388.360630974115
210.3149252687639,117.97266247573666,372.5156887394401,361.1070756304401,342.37852175130126
198.5246192820586,108.10747542913852,408.8686945775371,549.052073466478,349.385321231102
231.74044293320839,129.0627988598376,452.1128540577441,496.26775684375895,365.30750798838164
165.89619216220322,148.8434675763151,437.0116471232233,473.4470518393108,369.707018278331
220.26207135900881,141.73875286681155,414.535192188873,766.1523042814316,362.30972728290146
190.06035046540285,162.60227999890537,438.525631144067,385.9138364438306,335.78943847314974
235.16975981393492,151.85880629577954,412.9039609717167,598.5160496248684,354.78803444607485
194.48332998624443,177.4889194501588,409.7079007927119,405.18499512010123,404.70595385701336
174.6289521871498,127.87682595800376,371.97427252827,505.54083172316393,261.637348097501
234.01160731191274,138.3045065030415,444.5016418799565,674.2345661800553,324.3497328710161
239.16854584566326,211.31573770340574,495.78603157082944,778.2193699969624,365.15594661762805
191.96967269618446,155.24717312539497,422.62879222467853,377.45148747701757,337.0489617857635
193.67057316225214,153.84648515061056,478.2161934411066,683.689301025985,393.0265819095209
205.242420981357,218.4881432001599,434.1088501630272,404.9535471276753,316.20798338486543
237.96697812014392,178.04518405258187,447.21891962933574,474.3871466828862,373.398975235137
217.00632594923917,121.50937252579472,407.4211076071084,708.9174955709443,367.94103731691627
180.26437663824422,173.35350795909193,369.4162646807499,493.19802551335164,359.1446384720039
199.67029016121856,158.98143608793367,498.0945538012144,566.6559016805401,378.63276780895603
173.2027550253533,152.59137708046123,384.53734771890237,433.77489834365883,367.7525108020272
247.89069124836558,148.65744869398097,411.16808909843076,400.6928885582083,296.8180866035422
171.45325593842082,163.8153244344506,377.1668300294204,548.347925668194,330.1058751493649
179.92929645716424,153.49672993978197,476.1331423484138,606.2978486048405,356.8555410216396
210.92387153436962,131.53839312266018,465.10136906564253,576.5039176178329,385.52723979134356
187.6004660740902,103.36052314053505,388.77575473433075,759.8304419445368,317.10625303116564
177.31730185718257,150.8477339187082,446.172904833263,629.8009258272394,337.5513732191344
241.11194961506058,108.96486983285529,429.4252495340173,414.6536672211676,336.0211181539151
198.50129769940258,165.21469332674974,424.49372222075795,529.4235645934776,342.61642642259494
212.35927008465484,168.68525754846186,510.3530674897759,631.8603497740971,350.3027213760206
228.88509402374112,172.9403811414647,406.289151734366,641.145779484263,370.04577245495824
183.67557645925606,127.02196022919624,427.12385239120556,511.97449904477196,372.4364044618098
190.48474318894253,180.85957359900664,370.8330437044063,563.9770605213995,300.6963575314061
232.61417566376835,179.93791327794645,398.60226895150385,529.5817825718738,381.3371003968979
202.2149798981672,151.06458030343066,374.7895646426163,462.78281254089,295.0198552268616
194.70759273856288,155.96077930838752,473.58759774814746,618.6751145465489,302.02517511587126
252.27248289149588,221.5788249299045,491.0890175624015,795.337702688219,403.5878236404361
235.52487766990194,165.7763331424761,483.49243820001976,579.436620264079,430.8393999533262
196.67261674434823,150.62741958773938,500.8224760408648,463.37894086325406,361.2080167293678
170.78128817879698,150.27168011380718,426.1671728488901,438.38439891527224,375.8366756204083
182.86481914629772,109.62159279516335,364.3665536687779,544.2023640750464,326.1244841365323
225.7774254154402,149.23062283698218,418.53210884618176,457.7927124320324,320.4574198411134
220.5706128023222,132.89542179745655,347.15512605238825,674.9407545041621,345.833439957044
270.60814073931937,152.52439503649214,413.90519397554914,710.8287700844711,403.16029277944443
153.9341399034994,109.49654447633885,347.47571230399143,351.71380427083267,271.83829062077024
207.522556900415,138.0027229507424,420.371624747083,345.8287181864406,295.84318644775976
210.81865633435848,165.09035907250362,446.22077051769287,560.9098164719128,373.18691538445125
188.745516801867,174.8350631873734,473.77173714235784,635.9575646153698,316.8508543508508
197.38476425840975,137.7751522497891,390.1681003763258,450.1484272876166,319.0777994478041
163.7601028038286,122.14788360351582,396.3410065681157,647.0686214692995,307.1685860207367
258.03588462196154,153.0217145069086,474.2287783855091,648.8651047785675,358.9139034931795
226.7462949464175,141.1078457372872,453.6230686855998,694.9923977750393,371.6607895874532
211.03988498650452,176.25513237828588,493.88421063245306,595.484875604623,356.57966510682553
179.57055763562317,144.97756083639305,421.7551622341419,481.5814388484827,386.5772473394973
190.6341251226761,223.8003602608489,449.79894555801184,736.54296320831,318.39429937925314
172.0145347921307,150.89070818261615,450.5388812297979,524.1163926366132,326.7357781341943
178.38903311130258,132.81989075764673,361.8311296540849,343.5630077088921,311.34765535616265
191.55356839177892,149.70568252905264,467.9320025779136,605.4568884121587,334.26470649762064
164.88302584373804,140.32283738870288,501.2983460491505,432.0762699470076,443.9528586657435
267.55619004948096,217.29198906072875,521.8276830998711,698.9061953127581,437.78228549762383
200.67470952499002,126.09354485940125,349.106149262808,349.10984361094944,318.57099984526656
211.98022641717407,141.96471275872244,468.8550810870016,615.1290701345032,361.66416357721397
260.04988863947517,183.48963849449888,506.5686549236446,869.5272781358826,411.7592203258095
185.83783319530946,134.32054678139548,403.4331993959503,539.5241598185132,333.84687963490376
229.42153218784495,106.62787821364553,398.23060876976297,371.83930090144776,398.9313414938514
195.2018982803788,146.68923802799665,387.3444632661815,369.4636856009739,375.653590909597
194.90585389010909,115.62897036676644,425.4834933395128,684.775819198901,324.53418985734686
211.0168100648845,112.76410402130323,450.0281968159141,540.8863960777627,311.47156501189227
220.1814863271846,205.31561133165124,400.1654995381092,508.7536480458346,290.4460782171357
240.11341820654363,155.37822149541887,408.2804889585205,467.2948383674513,316.0185495797809
207.66388575020895,115.33677392760185,388.0232256639682,579.067397680462,389.61319389780573
201.8260148437617,126.1434156964168,397.6294263801357,665.2482413813522,291.4959497123554
167.1118055087462,151.01565182467198,410.34389545744006,437.33237372233543,288.08283764444224
185.64537734345683,136.431842037375,375.44119105379093,553.7186544929589,317.3638531604369
193.42087081300318,152.9246345161036,437.51791252798336,540.703363280786,342.39618602277665
229.8342377686523,197.80936453404692,510.5763093266871,697.3395286361713,376.1247701192821
160.7806851226008,161.12278910423203,402.27767071896585,630.553177182469,377.58501204911863
201.50535340679042,130.86583459583636,439.8774602447964,712.0041756984256,319.58759101751934
202.60440950297559,154.17804264875272,426.5282451950479,397.3210520799903,297.01126288486785
204.37471679751053,149.56747080651516,457.600327248759,674.0045298125932,359.00863383222355
240.53874123283373,203.39958348380057,509.33473199557085,872.911499154574,407.070186749246
217.29996740409692,150.91675174922148,428.59173088504144,476.78686588636384,393.331041611259
174.27056196180294,152.73770521508916,411.80145716081745,670.7165661844465,280.56194922078635
149.59176287400783,131.1313760304226,406.8168516089716,451.0228186441588,346.8619753437149
221.87591180882677,150.4378038292048,482.3520246397214,711.4914580239847,332.1594200502937
223.96268106308924,157.74345618209924,439.5968377734147,602.3405321998096,376.6987911393158
212.86917391246755,159.58182922224472,380.9016335511282,789.3651089514024,337.77522853746245
198.62589812790586,148.39129832223566,490.0239404957053,717.8403984412333,367.58314657353344
206.9023305313303,160.5782368519711,478.7092930931307,408.390416193686,288.2776834395339
222.52653908658775,151.03531616159538,420.6066028335442,642.3278669774758,318.25097779264416
205.11153532330667,129.5021020127703,337.7689959958178,337.5411282059814,316.8012055692329
224.68264532001126,140.86434531116407,490.0683580884263,404.02689430329525,307.54577094919665
181.90057956192553,205.11820159092082,454.8449267970096,669.1417959685398,346.96832721864604
213.66354114562935,154.87946450646476,432.53760649797573,507.3403275955478,393.10500584309506
259.16809129589797,178.2382044249186,461.19056628192175,564.503557701556,422.597066796645
235.99592983093206,116.45374021657665,397.2305730081066,623.7379377357223,320.55495849481105
200.7690757175866,198.19145599051683,432.84953753985303,802.9712455047204,400.55399168407797
235.1816684962479,180.50688813268292,418.06956133656814,604.7898170245726,330.8314285336265
190.91153468566796,154.10192748161697,353.69643272651325,467.2973011653381,324.08873714391865
211.14688022083243,144.32112695170807,425.2128462556898,633.2377314072136,349.1577344230261
178.2929294493447,137.85052523944114,397.5874897523453,446.01280385353397,420.39246947186285
189.6099989014722,145.29064640359553,416.3127493529555,593.5244604349309,304.78328568958113
183.82279350451844,141.19435497180064,380.0327810128019,636.3616572373709,297.0234161083093
203.07730960188306,142.21323783155842,486.46392389600334,548.4665466737456,390.987297336195
237.52422325636994,165.919696996249,432.9722116265882,761.6743855148322,386.52865060116
242.6862639270361,147.08362315036217,421.9416161930513,547.4157209700957,328.7500835517686
165.33083679001936,148.10375135259986,393.6700184951437,699.6244278627399,279.28361348597497
209.86921858015018,156.16688364356767,469.79760364620915,756.556694727169,363.22688249442194
249.23486976990847,150.98448581454724,411.19484835858015,354.6138185409869,356.2636068503611
198.07170297396635,143.28644211125538,406.6785742818736,544.8732760314442,308.3180904744589
172.47171924261673,127.66055472290269,351.99722481123405,513.1340241377427,346.6751312776389
275.3606177805735,215.99873030507766,542.9607288362297,742.0219031539584,385.04198692084134
215.2693894964646,144.70211364005792,404.2190667111023,854.3559062150916,324.9784518861738
192.23101725551288,132.32540376264419,463.7245000488871,546.887811285192,370.66059594251396
204.3829952642998,199.20082340574308,431.3204771909517,676.4143072232715,325.2526353764605
183.66773463184967,188.9713208262316,476.17229653269777,682.8301402825616,299.00534502244915
213.84169359102495,98.92544465575949,378.9153872614096,350.33537598186274,352.4086262576206
212.5682581706985,188.30240972184805,485.0543725925868,827.6222650474333,363.1947206665799
147.96407596629078,101.850700244614,334.51223696497544,402.1998186329598,311.99746384010206
245.72323361443188,146.06107206624202,501.7927501691021,790.2656664317168,436.5124460552512
244.22540954778353,160.19575755898822,442.5444251550544,665.6902768667261,367.03769660230006
235.57963918206764,136.46566189699396,409.5014207129199,565.5911316486797,406.7383871711375
170.60455807649893,94.4577644267122,330.904711718824,413.35509887855756,341.09824338591307
239.41755108979913,146.10333212689153,387.2414019131269,492.40528887286285,369.9083426632426
169.49661680173304,123.74694790211105,418.57643551107645,334.82873264074465,331.22692566221315
181.39135336767424,166.39111851642406,415.3393980039706,632.6227005565316,300.67844913185695
225.04860662424952,148.4328503415931,386.94876151802225,342.2195091714287,423.78822017837604
199.02877313496742,172.7275988250181,411.23310832788803,555.4736512773228,354.0403834503103
178.44087293120086,155.4428658291024,354.5670131639034,341.6365917290183,328.0415957171094
231.48424691579856,186.36634052793585,538.1216435258617,790.8531410631347,351.1872952281778
199.06927488708132,139.85049260112348,399.6808904693456,487.7301901210012,324.79079795859735
221.9490737161718,97.87780276888722,435.38363558772164,372.75073629735743,418.1032378583876
176.45798551508767,186.04210196804502,453.09246648565124,708.0975044547293,338.64424468631046
241.73193139548871,201.2456752505698,545.8330392542206,848.0407844581883,350.7072537567897
242.35797906077977,101.03092828437711,362.7502004763791,479.8762300669322,305.6624923183116
168.4137504898282,121.70860978344969,397.6597531362921,471.28616556186995,298.6164388824256
242.63022420901447,151.89722367905068,414.48316009076234,628.2712624201705,321.47725826830106
205.55851171767296,190.5946260560171,466.4827724419192,738.8828825262534,325.86211189636964
238.00053755788096,144.91674045860705,428.3150602544408,589.7277792098098,420.78369366620024
195.568384012042,140.73821881206416,438.3322958998356,769.5365125065458,323.08522818516195
204.5860918610254,131.69739415285306,346.4581735189955,350.55476346429157,292.90644969274797
160.8276958534478,118.66481869133477,420.21398413814404,520.1894815743861,402.1450656362302
252.86929553372988,213.9374420011757,444.27193976146907,746.0738249128955,369.69823823729695
264.36650967422645,166.53456787816714,402.95126470450793,461.92657211269864,365.38187922318167
162.47986863387146,109.26928515183256,473.10487831308745,378.48326853646694,286.50682624005265
222.22258015800716,145.44884044936626,453.15023391886245,661.7420263061996,445.8503445717048
171.6520322211713,98.10320729606272,389.1200461827468,421.4361240349678,338.9646666665718
222.39417756580545,152.0816377378327,423.66722905014797,531.6628739912287,369.9677945057935
183.6350414075145,113.67532218104058,380.6665558545841,553.7426908752994,301.0319227622915
248.16657918761504,158.53139225623167,420.7762566368895,476.2200422430563,328.01855982144735
214.0400566507315,147.42412261255512,409.5695630897898,488.2065110923367,355.8262079306693
167.82694180883448,152.89399535008377,401.70185117118234,514.9754394721232,337.85449539489053
203.71942845675312,122.49546328376543,483.50820878475986,550.7460300130995,415.89240040051726
223.1966339078368,126.81739998224356,420.2216641860958,655.3274812521464,410.7789510627899
217.4663217645014,161.93834458042147,429.38578073816996,529.0700000717135,323.1331608370477
259.50035380474225,180.82422806751993,465.6906855938925,666.1306944699861,355.64154728393913
243.42316197343558,140.77184222016317,400.5044965390329,368.9307504118459,432.6040568195719
210.2573214405246,153.66716898920006,489.170304988441,505.504309930514,353.95401313375135
219.6089380949782,126.00049266929305,424.3856303713248,680.3340642263918,310.24834706808014
206.20508720024657,120.51246235082478,364.7690372857704,420.8463417465249,333.3225323098464
225.23017172120515,155.2798305760623,530.4806835966502,856.3771270734123,442.3760060179706
216.82006988992336,159.6067222173804,530.0505084927288,647.5460645187906,409.2386125208683
199.30885799670804,100.61545735755789,333.84750181142846,658.000471182872,302.69473773907583
214.202217327462,158.43270550106297,427.3550269190253,566.1675262729243,361.90968229332213
239.52647024335698,139.86428629169845,456.04195136055415,570.7000905834957,388.08553081497695
204.8335638167555,148.40655438286373,378.6827896888114,568.7241608649308,325.30629880864024
222.03447683565287,122.00670955663209,434.5632092855393,425.41012706581023,360.9486978805244
175.9175873938521,150.10858947634637,454.2766964732813,592.2947096600196,355.2351849575156
206.8871256824322,141.82337635901519,392.0165743537576,457.5397639503489,386.77128140871434
207.0051954174262,170.05628568229565,386.3247148563318,570.8812097400004,319.1012842039139
220.5049226926688,183.14599366116371,444.69371562341047,838.0698067428742,352.73214907963126
185.45715397655582,153.75222529007533,408.0791452062191,689.6586925594604,351.08976701627364
200.118324543146,115.84956651009266,428.6067511850706,541.278938050646,327.9517980349288
257.38456125886324,179.2532598230304,434.3328149467791,772.8651118653714,399.0402502023062
200.0354238485338,130.17942369305982,422.5021115550067,418.86107876934625,381.91456591225574
183.94344289621634,152.14115102475282,455.82215331392587,464.7068109696357,355.0018981812907
187.93799393976064,154.35393045878922,431.5907225321339,335.7405488849939,306.6143897864372
209.0021772350629,152.5256611247606,501.9268927664499,400.50005514325176,367.57075391413633
231.68700792010154,195.09102637027286,498.1892650745448,658.1300656339058,367.64752527296963
158.7238636055524,128.52006023225775,387.1754519762073,518.3816344654426,329.2772218360246
202.2312010170831,157.90833353192176,460.1985759484056,618.088075284223,372.27803434043955
206.41591321655608,129.99930168809377,378.45506396621835,467.2850873602039,317.8154335674776
230.9352649475343,94.7118907397991,349.51872654371914,445.5361943365928,344.25939127572
190.32211251170108,150.8063132946067,489.4108829044328,595.2394829666237,354.08236978729457
213.17346899920275,150.48622472634653,457.43390794855515,543.1249301704703,324.8363718883038
221.4266920735216,195.8241176418302,459.49203573653125,617.7327194258814,354.5447735764531
150.32580798515556,159.62978951230514,385.0354013890328,511.89519882936116,308.17081226703954
213.1276463855962,128.58832370964532,409.79982310531466,570.4248991643841,287.05299631739496
242.60492611175792,192.07164175545358,428.0935995267672,677.0450356045361,364.0707183884659
162.13517660615614,134.924936537361,365.0955211141702,419.91519321494246,349.23072901215437
197.74638786983488,149.59965993001396,411.07310476911164,419.3373632413644,307.715693321226
225.11391951210166,176.76715628340332,465.4769511150588,439.48445312846457,399.0157588019855
223.7083310609034,114.82144382125682,414.59733247143953,434.3991118215536,350.58143898388573
199.02289370873115,161.38026739389738,405.4598827935138,684.7522601707383,324.0481118910498
252.87619579947668,180.58839051902314,457.95018934869876,613.5671537650686,406.27694517387283
199.16572373880544,141.9961743220774,425.9860225972227,514.3502002098465,376.3088980367791
208.66067632521703,163.4342783383838,510.92957037344377,826.5683913278544,378.88672690619666
223.86197208168016,98.30862191314199,416.5326506251528,444.5809579819888,343.81729842062634
202.46055185288753,187.84216585999823,516.0878125673997,614.3015738581091,346.8004205422107
215.21257460946978,168.1880922790108,439.362197511884,740.0652971070326,353.196596107848
237.53755840355697,170.2277152151855,428.8750769548884,465.466933883625,329.89227440088285
195.25093528818732,193.0067836504529,516.6500336472502,809.8840664565007,351.3303760670354
261.652482010769,144.43987076054287,506.8811424877546,828.3501017342966,411.00020874884683
164.9140137236096,141.21331083283488,444.6023621579516,517.9646673264674,327.5852747547877
209.87607931044056,120.93479642564667,340.9624885595826,389.4985782582452,294.5701356699872
172.00867938235461,178.34674800338806,464.5287031188993,724.556151951044,368.32684386805164
269.11465038532907,145.14053739044348,414.488250647396,709.0846513162428,364.4808449876314
189.57491417084074,218.0664685836707,456.3130697503696,641.241497003109,385.4984985948416
220.7224491398677,154.02763853665033,394.7573896648989,549.1443490615774,345.2223158338207
249.48068267667682,162.2100624151912,471.41775936314696,456.0704976954936,344.33674288392336
199.83795855973355,168.55551840109038,493.8167037553256,756.8977225873291,361.58414979505125
226.0942626532864,182.16965197215504,454.6287628423028,645.3702831591604,291.01067611899157
213.9990084731778,155.5283133790245,454.42256686537763,430.02506035788156,367.54762201309575
225.27126514114713,160.72956948922263,402.757234181959,425.14171995105767,372.65937056967726
239.05250157207766,125.52856434807272,435.86642695879976,795.5641252407157,382.2937322142532
190.4203610128931,142.76497621691206,388.6167699431795,466.38277047404733,304.38473055337346
164.57741208168954,157.90087133464746,495.6114544237712,635.1445167581307,336.13014755634214
256.15000131406924,163.78923704803688,424.4985864471824,563.9683864717803,355.4761998528456
231.92556993330547,190.5137318976128,489.1157059301676,779.7824057459478,407.8975452075195
198.35248683258328,137.98227462961705,350.3925269521485,375.6980388970441,312.04570685757056
188.68488796821873,100.54316231634758,455.3862400123994,741.5498377121966,359.4330973856758
217.65646448708108,157.60683316305725,442.41976590154366,362.6531329855562,378.2352857207213
191.45452565278202,186.91993082160238,468.18965480703525,805.6472303213678,336.0342362731002
201.30045660355273,182.45953318763148,464.7571468127186,455.93440705965105,374.1725769677032
226.44978305633367,158.19719348615024,379.3388764046533,552.6845596079037,356.2820655522718
207.31019912139615,167.05499049084034,432.500053292236,551.491344178567,388.73458697174755
205.5869839417649,141.37215528390664,410.637423145673,385.43991872556273,327.0153206109549
228.66213185420878,131.16162748379452,467.8390507692685,611.1320547923085,308.03559613654164
211.664439448081,154.45700840427077,422.6027578328601,578.0814030267205,351.80102438273553
219.86171733273991,178.4698195909388,414.5617104475184,603.2311661817527,352.54637003612885
211.93185622540528,162.2401204931144,407.19531179170684,687.5955174599965,319.87384622658163
240.71572793920137,147.17438214734437,363.17732147996287,357.0049145028254,381.9458425641134
208.75380864867424,127.06181827178946,426.31419024017714,706.2144549346292,338.67609281957243
221.51936073870792,131.30654928184538,354.84217689076024,512.4850242742579,377.79150339465565
215.6298032593483,132.62921074571128,459.78566285413626,392.25772126279605,351.2144830013642
168.58127343463744,146.4564886346075,405.96917275781294,590.700155868928,270.72262441154453
194.3743031096102,149.6540558212202,431.66179993132624,353.944696233871,349.1173638491176
212.93639135232894,110.40353799273355,423.68767609382223,417.32568089338287,382.3307299538066
206.04768371793693,107.60277159441952,352.4296224952424,405.2222196954152,286.71829400154814
189.08757449923198,134.26621832004776,364.20729702817846,619.0707660707429,337.99389416862067
200.7953450225883,199.5247262403415,447.36659466621774,709.3352237486571,322.6632656945138
178.2453892019879,184.81796032863534,432.4253603834166,789.57201151221,376.66409089941436
270.01011673313013,142.74479020159544,470.3786074427956,676.6055475113476,380.4354435528723
169.2096500680813,142.90680511503106,425.47362066304356,503.0136318873068,321.2419165582335
198.69418415143642,179.3966321742851,484.52700606303466,731.5338097987055,398.380900569776
230.21857176215033,143.75223767560823,379.54831484291896,720.1725329578397,355.2062468552529
185.79866018053795,109.9643086326638,436.0234465210385,594.5653760338147,317.61739679909846
175.28481305314475,147.1411049358327,364.5575949076405,425.4969078402806,267.74358695122027
169.77332448869296,145.18389082602775,447.02288522834306,722.0092059152969,371.8333921428952
236.13164104042795,156.14256792031483,458.1835070120555,381.5794135436686,415.41306814497926
241.68912533385756,203.92735594650242,484.55514374327896,760.2247523008991,316.3567514819545
233.69606628762145,104.6288522533893,474.1010484819159,603.4258514041786,375.3460626442978
166.90155283282726,166.5182079015999,385.12407861613315,524.4112145085138,365.77139471037316
210.2980543426404,151.45142194360972,427.580094398388,483.0693873074758,365.26330458533823
188.6680783807444,116.11666429055771,421.0690346437938,439.9681061283892,310.16716514951696
199.41535128484097,157.87898969119237,420.1834720060003,399.5649803602208,386.4808254098173
209.55019112274138,188.5903530627162,431.4720763266271,734.8337934279858,354.58996619702464
239.71976700822515,137.10833800906852,451.2538819150931,667.6915429646776,391.4715617928622
194.43058735867365,127.5243772437925,390.922431813557,480.2571069791743,300.1464649768829
219.31545448455537,96.00719559716622,340.4159978926742,518.6930319231342,307.24447494120164
232.5744116367865,160.8170329666134,426.8239166272933,382.66894436570635,394.423315863598
204.8567604179236,213.29202038995308,451.0936338821853,391.8923220869246,368.352443560502
151.59801690222773,191.30438186035676,433.16624168753646,754.3332925233751,267.4532810020663
194.7258590376767,130.19438210580492,424.1738695444894,617.8514934083174,299.46834610083243
213.98722143136087,145.98151601384868,416.50497248268164,439.5949909872923,305.4717099694715
222.11560794584287,185.8537334528972,491.435560727833,671.8492542352853,366.97080297342717
193.25135547997462,188.04058896710995,484.9614452707666,647.3315000635711,334.1366278326763
222.2847491898665,122.19128352355293,380.7390886107013,474.0223896860353,338.38393217105886
186.39150922416468,122.96228325002683,371.42161008552034,696.7276151229385,281.27625324899304
174.7549314829743,125.47527935778787,350.37558062268613,687.8245755141885,300.8940062246794
197.06893522743707,130.50453387088854,419.0965581492783,441.72001337703034,369.36390510201795
202.3821828664021,132.16309188057568,426.28933501837804,556.6058954520195,410.5048115477193
216.5921385663633,181.5638296910292,476.7570251157156,472.2264529007576,310.3712222095513
193.81029172484773,136.58457003944685,385.34537506273864,556.3360000959766,309.79194071296763
176.16246798109586,225.19071182617134,389.9302471931686,702.4821017540845,320.1385502598091
207.7493680500304,166.64561961753435,421.6427862779355,839.0858768619507,332.65445214657706
189.49357352334053,135.10547190784965,392.8472526934139,474.53827605540266,268.5110614692043
239.01643620767138,191.9629718793712,523.2929131647655,753.155234731255,439.80085160208455
179.2935822282657,166.99246714098336,337.99160801948386,469.403234688716,287.7085405614579
208.940018921371,172.67277316267874,436.48131184907453,620.9941098579807,403.07903871696976
179.22407161343915,129.72319856347588,402.73595917501893,408.8192238543654,357.54768088236887
224.57826332430025,147.7094523735014,425.2716869482524,802.750300718911,328.5358965880841
224.96959388363877,153.13877776992726,484.68154740934455,680.0607552907653,361.89742457781364
209.0869041335659,129.4532274056445,501.98797292475314,731.4270238818383,310.93926412339596
157.6021607757869,148.24659999691698,403.2832497883317,462.39062279154,328.7376144652824
165.35326586446718,119.37068682162057,341.7756141608769,485.15141607682926,267.9911841757096
182.70424364388163,175.40750571397373,496.19322242423135,408.1463321085249,397.05699677650574
217.82691064026585,175.14745178607845,381.4501940439999,595.2014943070666,376.06507547851857
227.67904908835933,166.44938794537384,511.5370076946993,592.9302450831157,378.9837648017131
241.298838297083,134.84525328627697,479.819405970274,474.9728828083499,319.94146863069085
208.59284497581382,126.19551806108996,369.4335469138544,460.7340366815518,338.1011658230496
200.2981696485238,117.13297815980141,409.5730483587314,415.31900470055024,339.72779256604457
208.8090604820546,199.91741559209694,443.64451761121865,625.1616852215876,333.90641198957024
177.9252608271829,120.96812293134084,355.75063236052955,514.0458214577063,338.6285657439389
201.38459014977127,154.27162384346062,438.20115463163535,804.4755947180956,313.8526322741471
239.26325604918128,161.37211095636016,477.8581784624509,704.7861409504836,283.83595751348156
164.92356334670734,146.33718128611537,480.5484526447415,485.70687982403007,333.2245173831652
248.60834802504462,166.99012994531606,511.6002478020922,773.3883588487947,367.079587829419
167.68981515627436,161.60458079438263,482.63594698200393,359.7288908683691,354.32757814709623
224.53373920141854,172.54596031702104,519.7838650305728,782.397632633059,398.1214258971104
171.8801986329591,118.70518060821809,359.28660927506786,393.96648221649986,294.5553405940687
208.958956881212,138.16509754459827,457.18781886648213,354.9376263872048,316.81118183041434
171.72411811598425,132.94925273213255,438.48721186664284,503.32662290407774,304.87622152547186
206.18891458724255,194.50860735565848,391.8287502056313,726.884509201524,413.7313731383364
233.36255698304976,117.08953518370696,435.6637187262657,488.7715468150283,416.19070074212885
252.821505096511,155.9216748337837,393.52037198490905,560.8681816912988,339.1955132947786
194.98071272646405,190.57953617079588,503.9105304132314,632.1344675011519,373.748571221705
180.60036314879628,131.56867508210425,385.88138716474987,565.9422485508211,353.39246312091774
247.71909095143332,190.3002542101346,544.0750714871697,773.6950377491303,392.76441387013057
169.83951679978617,115.15582295655291,436.475866985616,476.20795724892105,281.6421817820401
237.00237512523054,129.05616206279126,352.71496727445134,523.1963242750552,273.8846782387798
228.73113337058277,158.91735168374348,489.39908365542743,668.925241009233,377.90302748011607
228.11471230578053,146.22481024583314,491.0414528306352,445.855448158599,373.20015428487136
204.67300835251757,160.66008092293504,343.90183889963254,502.24042613622845,344.40198522907957
200.90416094640557,124.8681795981821,391.4329297582689,561.688212837511,325.4464927240205
169.45683326938843,146.8864590485463,507.71136236837924,764.2005511538417,348.8664220297023
201.9126084119779,107.62445848684915,418.49325204824873,590.413257234716,271.3920852552373
217.61291327893187,131.1155968463783,422.54103544146136,384.83229870148335,335.0716892059301
171.0420174391287,128.1791703488277,403.5415776388801,474.683038681521,312.2003394382685
180.780949424163,143.3813381071914,421.5865776084704,640.310752489005,338.36132378624677
234.30608955456358,157.31711445660716,460.7840556504388,811.8023528207251,342.50509544378923
216.67871578025665,160.6181214705666,435.79977769048014,625.2586098364484,417.0678751099566
192.9136284628154,98.99076430517803,374.75175831727677,375.9716058746063,281.936887458519
242.49580547783015,169.6277660656252,379.8853207008327,685.5344648514541,351.6810421523009
151.36015131540685,112.90811369701484,391.63104503384835,485.38577132681377,299.2762228968788
187.05910239383422,142.5121871919986,450.49643144386675,518.1814642825482,446.31785397348597
200.0810785217204,104.23661260888458,346.1641543142202,329.4099426465931,271.67218721802357
185.77691409319564,175.03377122554758,434.59614004973383,537.2031253113153,354.7492464496779
174.66150616766376,148.24149931839852,341.80851766671736,450.5994382057329,295.1488487412824
147.78587153621345,182.8212267620368,354.8838352418224,425.3186557591536,350.1769113183986
201.38182521768908,109.04182470659102,464.3123015622945,577.4301357966567,335.9731718177098
203.28529669181583,136.97038576374666,428.5230220335555,713.4531492844799,342.62358287911746
205.1803513568841,97.1011781444523,417.9345982439625,396.027900633932,356.50975579403575
188.67249805350698,126.53675123074217,462.58949017170966,566.3000820387937,391.2985890979555
224.3325761103389,144.85923184343608,420.4760465023438,429.3594240051576,339.62176330555764
193.00037299142977,139.11925975358253,403.41397353585313,347.4805006063818,304.27232919870823
216.00118629172238,154.76204441406844,472.7253615006039,787.292057671235,413.128903481868
220.28964777130736,115.92923406952025,386.1056836448878,360.37544933653703,338.8304287525358
235.96809324151027,161.09025961037875,478.3140707906426,569.4158378922647,306.18416556974665
193.55637694686993,176.43100177609566,490.31626780386154,486.72577563110497,326.33619902971384
232.3945554343951,150.2223187953439,481.8600249785162,751.2356886791375,342.43591167710406
160.34752602410825,125.9598407274508,381.5925140095505,433.0305757131444,309.6602358466478
211.33584007614618,127.79342063634687,385.0526121601421,582.6529332263565,337.6328815005549
180.45860495905458,122.26468212952031,397.1768266912055,537.0852372792029,319.0192279913253
235.66195724380248,147.38825389017393,400.3477318143531,393.94444128384924,328.34075178801567
230.3633073241207,187.8721808158513,494.9345731246203,779.438435438628,383.3553634704096
181.69219542285555,141.53536071349015,376.87941261000657,485.2896717576942,348.91936415771943
197.99277754057843,167.5778907960173,386.8454681285703,404.8297128475376,308.89518521886595
165.4400556211541,114.29726416815149,387.1952333105697,584.7672636210284,390.65424969788415
207.91216252064575,163.74662808542405,489.2070259399013,536.4307192627181,425.7048330985897
175.46627623255324,123.613782240244,349.78640078302016,449.7721492632047,357.1202358097083
194.41332018893866,140.52543656723006,481.4876551261383,535.8205182433367,360.0226827345399
266.1928101675255,172.27956698392086,420.46204715989336,408.84725033030116,343.3224228559823
161.14625420007894,139.02494050651677,356.34050328429987,529.7940577910016,311.43515694212437
159.11944695693668,161.54289807874167,411.22392973967015,436.42637506624857,289.36501967130454
178.232145615495,152.8953077638942,361.2586020013648,417.8637795364582,358.532703812103
181.75664190297445,199.14385733461697,491.53293426576937,556.6387105976016,417.8533234912703
206.8879539036557,157.90984110368427,513.9514149321841,672.1422615336174,315.3526618813118
226.72709495315357,154.52739155722062,357.892238400109,379.22497616776104,311.80174368769525
167.75418036201316,149.29596209368418,364.3649745981063,683.0930447932035,321.0569110235565
214.36677386532386,132.21821297329276,463.59766029564344,436.1586433832847,354.2355279030125
201.77832520095083,142.65750257661222,361.4184126291495,438.8199958790627,263.16532294661516
161.5064315155042,98.77051556027911,359.36760607575866,351.6883229997696,339.75590611920495
240.5156746056228,140.04663044359793,383.1760331311029,466.05553528405125,371.49510392087467
223.74610834975476,151.64518267375584,413.49288022370814,596.3794890851617,358.4669110636627
233.7495545453001,159.8934640239268,491.16661930818447,822.2355561881839,335.6416179315943
212.74147973539786,137.63414997376063,382.3673197767894,644.343324879779,338.02806946691686
184.53110592729308,124.01604552378836,387.3885626155714,390.84661409359325,337.60709344342536
191.92744908476388,136.85294254785805,472.5793443526606,574.4411329236865,321.0987612302746
220.60304422051664,166.72965227699447,448.4391186464461,349.06157921129187,398.8777260217448
189.6240472876468,166.64425016098076,417.72164802896293,551.6310753699604,350.5790232342821
194.4140027866956,197.8019999570083,437.5989970601644,640.6174224346264,384.32756719735
222.3890189275543,152.62260928153592,397.3621933157206,639.3522034479648,319.20396451010305
231.32212735955088,123.05457642035717,399.82382908996533,514.9839472177514,402.4253457156508
218.40280332226305,176.18623401688842,448.899273656967,529.940705399491,358.09901610648564
244.9280575931409,152.67631950492049,439.4881226938197,732.7894803839353,314.22813211507327
224.04328996125778,131.93143596698124,484.26646706882724,768.1747639476636,375.227052708796
196.5833896949694,178.87559650003166,374.0549639610917,349.57398050975064,321.2843776053641
189.1278903075996,141.60672543231644,432.29449035198485,337.71545741743637,386.3038826818977
235.5649635232836,128.32497888708707,438.5618890121314,420.4404140901597,330.9509552103551
211.2801442761285,148.5351132810206,405.6478085875473,613.6591559250525,363.89638965570714
201.9636831135273,216.4393225281756,424.85011335070584,755.6011151305213,361.40611617918
169.75629737008438,158.94748628352278,410.1782294496896,456.23291825485785,283.83036840935773
177.05686780533563,133.0481230953393,463.5522980891214,370.9119442208216,314.57904215083
183.8163577914465,172.66896612745975,380.97319458435396,425.2225564473315,302.93954439988113
181.56670506224802,157.88213079759103,449.3718075296202,634.4988853497564,340.85169203560474
213.40324072049702,144.27351727053247,436.7724905674249,558.6016906279951,395.67011825775313
229.67310521045184,139.52513658137084,440.6901010173976,359.08112504316705,442.5730315268305
213.68204201872885,101.20432320743392,350.41639981641487,411.5122009722662,324.4661100551924
192.19403621724243,148.32762828680183,426.44154734064693,552.2898043403156,338.8743540011609
227.54355384816805,159.04893211529884,482.12270936058013,538.0595991917467,361.44353155498476
220.88673454365193,139.0811856025098,421.9053652101245,366.2975661090458,354.7753288082238
172.52806639812223,140.35733123843028,388.9892417706871,422.81921724556395,305.58134749911926
172.4445950424896,164.86555784799899,454.95133059298576,520.7205984648673,359.3286112152743
219.3280272530864,116.58519171767854,384.2538135830082,528.1655576762181,292.1299312964109
215.35250130588815,99.29029960293165,392.2786616201216,563.4899362241389,353.79455637028036
226.7259570409168,112.1299081589407,355.7334835283475,497.14294606365536,376.471275708796
190.92599924113858,145.60119061507245,443.6657324044365,621.4206428954823,355.08971700865374
189.53667385852506,105.03878947741237,399.4629164252523,353.6011865812519,335.4926479320543
217.46374507639908,161.3841041246621,375.87762669508857,606.1389425928788,326.0945985052434
229.715750718519,142.29256971834758,338.7990148193508,508.36481918846874,318.5765619136127
193.659512382583,119.48876331123273,383.148119798516,553.2430266584705,351.14566442961694
235.18199170653037,139.2491795737995,398.4071216548506,609.6515810016243,329.67642021417777
215.36664351439828,185.54013541460583,441.455462950228,549.6085577492041,343.7381012808758
232.34300075753845,151.85606268201437,544.3949675321152,655.904977287672,331.9940520246867
235.80614266375244,165.8558891663326,464.6674686328879,658.6061361497369,404.6182422645923
242.93851181174588,144.35669143802986,416.94762847905594,513.6595594905309,297.9059671564274
192.76015308159677,138.31760192704408,395.87935758662996,439.7447447114852,420.6983176756953
219.47472051379407,135.3107882989826,450.30336132923134,461.9871910246563,325.0103537950217
196.57624711083895,152.33020411324694,420.490261380447,525.4606278174555,339.21065900499485
191.31631784030228,139.4936198895094,397.638145112846,630.8268460133982,392.7421086165307
219.0844201824274,156.82585408499477,439.99964332649546,628.5632733335185,298.76849477131213
193.7425871806156,145.33138200526636,408.1753911418545,532.4845733637071,383.5500377172902
182.71750877094996,154.01399896405314,416.3524795987966,644.1376364155465,402.0107427444712
203.41597660464984,135.4561294039308,461.88559834545623,710.8424216083454,373.44720815339525
248.290587171521,156.23783168850272,491.9127154082394,505.16634632194405,376.2370564978438
238.70354268871984,157.16453111716385,429.2449390236175,605.412197169071,363.8612069152123
215.53149529435385,118.52595747781633,442.4238912220078,580.9392955078357,383.9390951299045
193.51642280015932,150.66624273176419,513.8451832985324,516.1274841945584,382.34350145454397
216.1090663223841,112.74489372172137,441.0583263025903,489.96260433259397,417.5218386121601
274.3071606590832,163.25935405703245,425.3432311202943,660.0429180886985,365.59897450802396
173.1044803799979,136.84172495559895,374.11254173423305,372.1648329295923,301.8695227708514
208.51649710716978,145.11522207089075,454.7729701962523,611.1559912730886,340.8361581935803
189.96767967181003,196.7899515353034,435.7883071050285,787.1118336542929,321.611849395036
242.05169251301024,116.48464073725474,502.5001491704315,632.6133639455014,379.655384011283
267.97987450486147,135.31459086589388,476.2530804966996,463.8611955112609,337.6086761447913
186.97051772852478,175.77908054276799,427.12242862605854,688.9174955524112,327.43148466715587
254.29368385722802,140.5168693428635,477.7350715398125,706.6026330315794,403.3859325234374
252.63986301865313,189.27483796568387,457.97929774122997,673.2962673364412,342.1561539532092
230.56460438231792,149.16923121539637,436.6876274099884,621.3934039201382,366.5086008656299
174.52265451220995,142.09836402849334,450.6157556187703,600.7997040383178,310.6241007781906
218.36083174722665,109.44840756790128,461.3501849303918,858.6737017466453,344.4619081576096
202.45730751316273,122.96628160999737,366.5497767146626,447.28266271672425,321.4060824646289
227.58330356664354,189.35612712034558,435.6511855781688,859.3342067335728,344.4688407276468
229.04557636742138,147.63368139505593,407.4487522361493,644.366311916416,341.48684733412216
162.85495020085008,107.35932638756611,408.626324210459,708.8483581760714,317.4924581098799
189.91597771197624,182.202723276122,398.51291960428205,446.0036088630011,295.2573601534107
214.6006336028754,197.23739681625824,456.5231118704331,660.8178939534166,412.9001484898781
219.5593957556033,164.077787877017,427.1988739589668,529.166606355801,341.2492653430159
220.35540925460907,148.1025299007197,453.48841025306274,490.4120232406881,378.1726067669774
197.99027997445307,157.90867582466532,344.32800940810415,448.5324453021382,267.52079745822687
179.72532827955615,181.78241623817843,420.8660847550701,782.2966675332958,298.95207130246854
208.3075005401715,111.75062768699287,382.4088950432204,572.2111329572891,318.4982957453168
220.18640163834135,164.90135891713265,464.1771536686972,691.9649484626383,375.0566315794254
164.61765484899013,132.78695595473602,401.45123874836025,516.6443164990334,326.6125295548798
263.6759161656668,158.25515567276196,510.8089799603013,612.4642341255743,376.3844942823852
222.88248946978757,131.16513438178185,435.448981535207,459.4171683922561,323.7563880186317
217.5410652706212,98.37570231805955,422.0648459811311,437.59467112651424,391.6317221411973
190.28025438990892,136.16668436197622,488.07433408857923,536.6652130398694,392.2992573041225
219.0595674811516,168.06920463617772,523.7454523706539,770.5925938123702,331.1580601944102
183.28185382000848,112.8486835076238,457.17904999070316,590.5662468004776,338.6322988486914
214.76175352639544,204.47589690909498,533.2836019535731,597.3386892887773,324.8853381723107
186.0428128277892,157.82691080225246,465.97720452073906,580.2126975860974,328.0789196273011
214.64582759780157,103.72309954607113,337.7992665433995,537.9746018769963,403.52754032766296
226.6586020694099,107.26793260633481,381.7989010066987,661.8676067048988,353.270854567003
228.01208573816967,104.25723000391739,362.0365222636838,516.341230482199,318.29132739358664
212.4476507110254,156.36268285784968,457.32759350091436,510.1842430896161,270.4123375961141
171.9439918159269,117.99737365100647,422.52276299513846,763.0998162720678,348.03774420704195
236.7034598250374,152.6518936599526,508.8119982763456,442.85850042310966,406.33587254627486
218.40707075391518,153.51099211412227,449.597435448628,525.7579886895935,311.3485059342076
209.70545359285666,153.41617947402804,468.50237821954755,370.3167492200586,350.93339612133826
210.61148964638156,163.29380239748795,407.2239514390298,688.8975115575861,362.19633743863943
251.52187122280918,141.41605500280647,494.66034890293975,493.0587119641861,395.49630388566675
231.2780668890521,113.79656276816335,415.81024425787064,378.39291865745173,324.00013714522106
190.74457908861402,142.877667466555,411.56399475269905,480.0513159650862,341.51372162795343
225.86728330845423,178.70257437271286,419.25417082301595,524.2019605061812,368.5153172068649
161.84697222394792,143.8283107411551,434.93240775233045,625.5875029195147,328.6116071469916
218.68226951029698,184.5909707942551,461.5421012419548,718.0963099395816,385.57165394389585
153.87205634945133,94.47259108061655,357.1885309337046,348.3426343374506,333.62701585162216
173.35267259361908,132.75763160386086,364.7747894170747,340.1051097506849,366.2503070646809
201.17270857829277,154.28845645569936,400.70543098571284,393.89151070164365,394.39174171471103
163.69657426184364,153.2242272086737,403.3357622099207,419.5223084406712,266.9118504435596
170.64879456652397,150.714654328879,381.3521971725615,569.9041738580772,269.34673863962746
216.6912781325927,160.42874131811794,471.6740094512523,736.9874455037713,320.2553055635433
242.0513953071853,150.83694047797275,390.2109670471233,591.6147537937403,337.7469139864359
207.3552760602619,145.93229950458493,429.6438486052031,371.4338092886272,306.4173021219005
177.693102868163,186.668939946201,541.4729438151321,656.5372640993861,364.91131435147867
189.89692350378425,172.06087473911325,413.44732190831513,550.4144726226657,299.6690990701785
188.83990557167238,144.18005338892905,428.36312566500175,668.0378492353192,393.0259684154511
201.27183178150955,122.64411298868909,422.51317524871615,477.81128853976367,290.38397237564885
219.02820274657236,164.65122410432716,414.75812787504543,528.7605683418294,301.4128210128683
193.1471411222151,146.51068757991564,431.4295436550077,755.1352190000437,332.3444505678978
222.60950180167313,168.61914543293813,544.569714109208,839.5843613737952,446.59933417080794
244.16217501574846,151.52577382433293,407.9818308410673,659.7934390107476,302.0706523362535
194.88017135073176,130.80717146926415,429.9335759128667,521.3316961973134,379.7170383199751
227.93887639648779,138.13169822999203,486.85769550241497,660.6821314444542,361.32755263380955
169.1564596915143,115.94451773965592,405.43204454868004,612.443715704155,314.33356432221893
178.88104080395627,111.40649202318878,420.788519737837,711.5600360667232,335.6909336976969
209.25015726607293,124.43474118438972,375.1779604777532,490.03361654841945,355.0937715133398
209.01435943201287,142.3584119994587,424.4312606502578,600.7366535406073,405.05889361758943
222.53635036594954,141.7043158836913,480.93494183083857,411.3403944301387,414.45450509535584
238.43807252839727,111.7499011540778,397.1383854260682,386.48850740471386,341.9972855337886
164.2164801096021,166.32618155375437,509.38413948817316,688.0176289229302,343.01792532881217
212.10273827716972,166.2867640542953,508.88630254385043,450.0894987525808,366.9017550067498
155.60737438245766,116.89147081629244,406.1468907525545,484.42967314356156,284.43453595948324
202.7605814928548,114.11060533939684,413.0702087159743,461.2689271997924,374.9541363946924
153.71070676941093,169.1679749223865,401.57102317690834,402.94069114602377,261.5913426276226
191.91667737671227,128.56059093496276,407.29413143189595,614.8758040058009,357.620354849994
228.86282486094933,150.8907467400319,468.0541975080585,627.983468244315,380.222451849638
237.5058315586522,164.58570965892937,419.3084950774981,561.5887263894597,375.07696348620567
204.72879045932143,108.38896604847459,431.5722618176901,697.4373309773906,328.53285863623137
157.28936101291714,194.68811270545137,371.7337235201272,462.2069577836855,326.94328960282354
219.1455001121706,180.37193594678402,412.2983322805776,585.3330869782794,308.76322573238275
266.8104413836258,167.71590595055886,528.6508302674657,735.326177420252,308.37092132516113
189.35677051892048,129.36782609372688,403.428561725126,446.1960135061396,338.461368681602
198.72875021458125,137.36667283194572,504.4746728772478,676.6685892656094,324.5767185519108
185.66199508769756,156.54768943666775,406.00977748754434,548.8578157361882,385.68889367676104
267.0127686181054,147.53706715971012,531.8173233445253,721.0222391320285,391.8546891975946
173.84303066454544,172.76976611088332,492.2123206748264,801.0110949641213,375.86542328718974
238.6407363566007,160.53107961056958,407.2245708270238,622.2776107888265,401.88405561172846
187.5528494828009,190.2730173083858,375.9403860167134,547.98587712107,330.4277629116278
176.76962973957953,108.60232884379771,376.61499526934756,377.2927039522497,356.81244484419364
213.22847950566702,147.49273832539487,432.4424730854486,515.0061518908389,318.77755612038396
160.0591983358159,151.11435952492158,424.6231773142474,657.2511998541273,336.9063883344756
190.26242417736677,163.89993805356409,441.5149448068343,343.64454417220924,317.811665818572
153.3973399237781,156.9581431699746,336.0271360691282,361.480884059076,351.5723186026199
154.93492548728767,167.7730032154568,397.35018743444346,454.50727883174613,275.36332357420736
204.00231352190727,166.8447505161458,428.7847724419089,652.3728622934422,352.67475469388773
242.0360889729378,196.0337870640071,545.9076829670616,747.7680158909359,399.3339396388316
225.54643763846306,142.65982054749725,422.99586022495254,423.30063594083896,368.3742858184496
255.92596272916816,192.5208564317539,475.8061503135248,544.6076970363309,445.4506409019235
263.33627571418873,141.53702027258515,476.19326317357167,421.6901932025023,385.17912261175456
213.00259338595995,165.44636516638903,466.08421055323873,802.4924592325307,327.9865992372859
172.49972897810954,147.62853974878647,436.9666488122821,419.84672710515446,377.96460607295296
194.3294921796949,167.53309811664568,391.6167926852147,442.50801865092103,340.79961525806027
194.52633686854645,154.60400809746773,452.50847285965546,390.67284692009093,412.58471054555076
167.17717492832926,162.99267040269,383.4441897228362,646.2167133055332,280.6274143194553
226.4114867850626,135.87439195754732,517.9354247217478,789.0579973528843,445.34941872385696
242.08380825415801,164.29701145014596,526.0193334787895,402.4104973479638,365.05792200655276
215.20296372548796,127.70248457895987,467.31571885543696,557.7603473927015,310.8821577543099
249.91915586075473,139.16142272260748,399.1515739373033,608.1089446225484,398.0705476982365
195.39592708756604,147.71922814960394,360.8788114508379,432.5246746732096,326.43398947132
193.3554320362815,146.1966583867451,423.09310525693684,619.3381484419879,375.0030669374141
224.04657798178448,185.49409356180033,439.7710289626377,570.1597231163349,360.7288531334679
170.49220638688584,155.72637108789684,420.3271093461062,663.2808076774176,341.3248731067255
210.7102831057719,130.85807919894967,428.36478949377334,553.8908142983704,367.80796669317516
242.24498842927812,154.57784649065903,332.9717842743688,595.2138174741658,315.18135311895026
221.60801606236612,200.02759323473148,496.24565370457714,499.5327269991661,310.25174983637004
198.88606335239143,109.6061208973258,391.50594538504293,347.26520733481914,297.47546246075984
179.04397396125418,118.7410756137396,428.9252436271029,390.54219219767344,307.2399579180599
171.21964273543924,173.12195519656242,389.94841875802234,520.0968173006052,329.9483774396695
200.597820063908,106.24019958503774,417.354577194639,446.9601871873938,333.82153071413705
209.75142934841074,156.083114861609,443.3625931953735,535.8214011628666,292.31389465903743
233.07783777197756,160.12620975559238,433.9141300733245,785.2032489788976,360.7115805138164
174.97027528314385,135.68724625026204,401.32417119242234,497.4586962255299,290.2348589912719
187.12247827248348,153.83243231038622,486.8158702301296,641.7831093068621,357.3331470618467
173.73419584171845,116.14089485577149,364.05377851312585,390.7774860540181,261.5686683613452
193.1020844724957,121.00185859599418,348.0820435222403,377.95802782792856,317.50525569607805
200.6639917738194,137.7632702807002,451.25325401523486,678.0466557182751,346.6992603771009
242.7754396474668,144.06859680205517,419.9516628999144,503.8588386002241,409.5603341005657
231.06585587634575,200.38448038772674,422.3553735810953,489.5863783943125,352.10031107921446
171.8436516983646,138.11819944353493,332.25087074171887,495.7743383602703,333.3344952248399
200.40778195003094,156.64424102076808,431.4806915704211,574.438350337613,398.7303123756049
208.7474455191447,160.41215831054188,464.5964010714093,590.3211219928202,373.77131249108527
228.58719799033145,146.07114365313942,447.9217145055535,640.9528290034779,444.87323305443556
178.70677043247798,202.05781758268301,459.8528368614738,612.5315727880048,357.00142257731324
191.97712814193878,142.50111256511,387.77668411007016,624.5764200954611,326.7414043367035
210.72228443823286,170.57222260868903,393.4663038473114,388.0006792115193,346.0841741234878
173.46122445455774,198.75915137888376,427.61633310699676,646.8726325500464,324.44950640235385
188.04065116386118,135.56541351181508,395.31625109921066,806.9353867187941,352.7404051236468
169.39550172732797,196.58338469537495,488.4550482708364,444.2611577864926,295.07399942067156
205.7050397590713,190.04136782604326,462.9078777565605,714.9126843046229,366.87429304712373
175.16928936068743,94.62422222657852,380.90741529282576,358.88003704322256,331.2733745044689
255.58024177560122,152.95848984435884,446.8524796479788,430.32742338549133,356.7078822976057
216.92915950247243,105.407048952202,346.5021926701194,536.8132977073675,327.77233847452896
195.30309691888203,156.26443022776365,492.2467405893627,521.1062815792851,281.54329178957937
243.55466045144954,193.69373937436157,513.5888423939266,612.7909089427446,403.50294551083806
250.30778063706524,153.6830256095734,514.1182390705484,531.0570485369796,319.6524323105162
234.14784765554114,153.85348923885093,413.233835642261,766.1058863527496,352.007058014441
209.53697893308933,166.2158441030841,413.00658676282563,472.12722956406355,335.9354540683277
161.48760092206342,104.79176282497176,374.4353776408345,424.39257079344543,276.10756526371716
195.40915981688113,114.22962903965391,444.82020732565303,736.6055757295802,368.98278996597793
254.05053804716363,158.95738551433487,442.4526803044852,774.0275381142892,346.4385484559466
251.79485185717667,176.387720505708,397.4761776486885,473.83679261943826,349.45069535812166
195.38800276804622,143.77043193218165,474.8507518811122,634.8396935449316,412.36235598576553
166.2788037516302,161.38370679385525,471.03547351941904,549.55570342528,405.64089640963635
209.3781609101024,144.59357925711157,414.10966101024036,615.0373076883445,337.1088802041719
189.8464000697133,124.81138942941243,416.89105325606187,493.344740048572,413.0680996186057
217.24643076236038,161.6482222462756,401.9765188858222,604.28378378858,386.0866930253282
269.9404288335049,160.3025589970999,493.8372708918757,732.287025330229,321.2655474778155
206.59018982866584,163.39439211311532,474.48342966403754,745.647302182145,320.66060067422444
207.83753911625206,165.65762242278834,395.3024617743305,618.1954370465347,333.5699492282927
225.87900058294073,115.56890783467539,391.85693037033406,565.8912309266648,395.5353758366423
191.11730331037288,196.60913791091568,439.1589115079413,565.0682866187419,376.59616490748914
243.96965374739102,175.70155776464694,464.78069589574494,545.1662379042714,309.0547448146687
204.64340619964014,168.01818749186688,534.3013155127833,584.490384043452,439.5686679311649
197.56242394300202,130.89900036197662,392.64110636089924,510.699495840299,306.8042080967032
202.63401057636372,119.18092770893833,353.7008224241101,531.1846689898789,303.47303348199205
206.73483424711077,105.37155392331125,422.6621841944446,371.22385441066336,336.05054594625517
200.29959146847176,149.84554069210503,444.55225895222367,344.05707062390695,362.21771374631555
196.75815967578507,202.89059859260243,460.79893048559046,699.0391554293532,339.3595794827671
241.74436582716172,174.43512369326623,467.9206179162841,514.2162730609837,375.1219197029632
227.53056014163593,166.85455974164873,510.5684952591734,653.1494094253766,351.1990009788934
179.22099548241886,172.34070994417863,418.55451843296214,638.4553450073944,319.6112803254181
205.88321446292076,142.85610888201384,449.8648595588789,593.8980670736871,365.8599418638299
210.88750153506925,114.78555855111259,432.5715423844204,417.7172459270302,335.82487984583724
225.85093826398153,201.49249588916283,503.86480490933695,522.6061957353535,345.7024637494049
189.65182536332512,100.77083014363761,360.02454841924606,501.66398652303417,346.25842138817126
180.02422661330377,161.67993618745612,408.1521329778666,486.5000081005058,394.18068401522487
235.47148328550747,122.96550298753442,479.7884849578463,731.443209817295,397.44585443430253
225.21792918790098,130.90050261727018,423.3452062336674,560.734500065046,400.5890810634493
253.62405024298087,135.0046216366008,440.94181965029975,724.4957243605828,352.5890728157786
200.83652821252198,154.7768366514664,433.17879688512784,442.61709171618526,376.2256150171821
175.58186015389467,147.5767098728127,364.8018703166052,359.78858926208807,301.9653438199146
192.31709129236316,144.97557173368162,499.20165023671143,716.2780683122404,374.02916936205776
181.51045444390192,112.5456494018987,354.1771941647316,405.6893654202911,302.4443507571816
231.56766947003686,124.40640372163067,417.5116316352714,690.417470049001,332.2356173266756
222.60467927691536,122.58924210260503,468.78551171733125,678.109407284438,351.397813186312
195.04385423070957,146.55412295772592,401.9300166248966,775.4865061846255,340.5468538460366
207.96177039764495,217.54606931181797,453.92267365962203,629.387313021422,349.7894680774275
234.4176531683309,158.32175394967004,408.0523971556717,735.0126089755148,353.2468984145328
211.31180071017724,159.04052069999847,470.55827797089825,518.4091182651568,344.54813503181924
202.80380639474612,124.72990569352646,444.69565555388266,499.22743688692213,288.13665151027755
227.70898631359614,111.92808129333531,397.43209143961394,531.737935871289,335.8319629203835
186.70138392770576,123.37247276385632,373.56629824996617,696.396039423909,368.73558778542866
218.33083825938382,140.4175957122185,463.03476511220686,616.6093081942595,343.39119026733925
188.49555399002568,211.23368725967012,425.6707219639723,683.6263128121158,310.8477153165832
166.50115265792442,150.08139501371855,514.4323660194685,423.00365214967604,371.49198453104304
221.70045188433292,206.99307074862102,468.65776772436215,627.0190600831157,365.4389342144267
250.2762236061276,155.11565687825555,445.8881201482649,432.92146821256426,337.65181070276867
174.34895511914232,126.84635598323104,435.23569471421894,533.0790320130371,317.86251027037457
222.07062734104719,152.08659483084162,486.01192256822833,859.0967190408724,346.9237855055804
207.7995491424414,176.17501884845225,425.9304139233574,695.6616414041176,331.4551016877065
179.41884535760823,125.50211912603797,413.4960146684558,405.3532990316206,341.79074116445645
225.91056001774257,141.786877791873,540.7778325933095,492.17976426491265,353.53378931949453
211.44062793495522,159.60387588967924,468.43483200388675,532.8048511077883,312.0348704196377
210.32215938524965,143.41229555798537,447.17425332516007,496.7465871715516,429.78075955561485
193.02716547351397,142.97452506360597,478.40664111240955,599.956566724557,350.5803135741753
231.54844647294175,114.1841079226139,473.17465391969546,546.7040802158067,371.7279022996718
175.16040386927452,147.35564688670826,426.2850489856299,396.4978230266594,349.9559634635048
252.64685905127791,144.91899908371872,434.56452196379036,612.7477213075781,353.00812372349185
217.75366067110838,152.85475461175105,498.9262494917334,488.00674683524045,380.30002512536106
190.803449232149,137.64495514709967,511.783027906245,640.8249421708158,295.0121960760035
205.7563152313421,154.73320516283397,460.1691717611083,546.0295026251814,343.64280536537734
221.738980324232,151.8740075804947,445.5245117220487,429.54775908778885,338.4585183288189
204.11482581722373,96.36724331368964,429.8778351087286,458.56393721429566,372.28651448257875
174.01351896186387,166.41955408461706,436.25193359407945,647.90930554184,398.23626766357575
212.91956874590622,157.64043998080135,390.70157175809516,638.3870245507763,354.90462995545283
242.03355553682468,160.74003164813098,336.9450047720131,507.20184813185574,383.375834376461
237.62687812463813,176.4499571833299,502.535494363896,561.6793498546605,369.30246564484077
181.2930150543782,167.56080628626978,473.13550556596687,791.3524903061916,383.61362201662837
211.5250896136306,136.95983040851266,460.46277089220166,548.0994866173152,337.44027962737806
191.46958045644612,143.52041759433328,424.86339441141433,651.2218295902474,335.5235663548592
190.10728796325182,120.90196625943585,407.92917458800724,424.2670537908009,287.1577337614941
226.08607611860788,114.880392591592,419.7014541341374,546.4253024337733,363.7467849500321
212.7822649471563,168.24665801269202,425.16816430194336,640.3609674472501,275.96503559242296
213.29181597975108,140.12200840951778,457.37704956193335,417.8036351644529,365.9942351392512
186.6061684613715,148.63859789278064,381.2196752519434,422.6520700644311,336.60134222263673
209.72276458077076,142.52188898879348,503.9179607122628,534.8154240941129,383.17438510694325
191.9128113947252,163.40538003016744,403.9458863552748,482.57515935148024,412.55919730753544
200.48424587575067,152.16166385057903,417.9140056039417,359.1969738034756,300.81446827824567
166.9033562810293,95.5813246164774,370.7695840631608,373.5863175491663,316.15319862402566
197.96698101907216,179.92990819799795,384.56989732989194,419.0923233140209,318.44811209488705
192.84668125588925,134.33840658803084,474.46834417811766,722.9972850116698,354.8482831907681
208.45293463023256,207.72282164907617,405.27765379903633,601.8197049806708,328.5539540512304
180.0712468022127,108.35391073032615,368.0927486428342,713.6448712205702,361.69586244183614
151.2231463808377,106.60258085722633,385.25058282753434,345.29056497224605,277.30964729881896
231.05217739989612,154.05653394742845,432.11056646226274,418.6258656251478,333.6090461856935
195.88367139078753,157.32488578467834,434.2400269151927,751.8539491035131,409.0448816604128
230.41643016134734,166.09252077889565,459.0784510869357,583.3188307987657,306.06383481988007
199.21354901389333,159.29972954247563,512.0528423522452,484.65845818858963,379.2394809735419
201.22388539503177,125.33070483689617,418.2752219592881,454.99720787653206,311.287782568854
205.78768072392768,159.43877014974328,413.5667804457887,533.7522874399606,333.7289389544319
217.80452243322014,203.5984781893109,452.1615143990719,353.1980709002904,388.1094442824425
220.96383219254218,137.76489867504716,397.81254590413255,442.783101830051,358.1013955921207
193.2562607001412,165.19305571085133,453.72157865302114,554.2605961814679,356.14695638435774
179.26723323797114,186.60152490986374,422.52096019159603,464.9002071390759,298.0934869468282
236.6367520370245,220.03243317469713,541.4936586426949,876.1297772123595,365.6860983339075
198.56580889324528,100.55675671331207,368.7080087371505,438.27918356653646,289.75361034373435
236.87611735652447,160.11662036060926,384.89639001414724,530.003632784527,302.6689729750573
241.4248555205643,160.90842727033345,490.5392070996566,661.0657914804316,318.11017830330593
211.4021453023996,116.12722927597575,391.5356111995867,397.0529021804426,333.3513427954032
214.2149147635732,145.3515144090061,435.1679615901837,639.5943367622192,358.05250772038454
211.65112591059452,147.09589772477145,435.60464662848796,553.9213129065497,382.06501878836974
250.86416958091647,113.19993317085836,436.00891610525287,541.3816631746142,355.805085601417
213.6676148721145,176.7657152225822,414.3667475815052,578.0766580808356,266.9702839060469
216.0342528414967,176.54886340863234,425.14316551184686,560.1748351013551,370.46384763388573
188.53188551676323,124.99278476298514,479.25584879232343,492.6996365498614,335.62624623819
181.5272020565356,129.851588044613,424.01731071422114,797.648669612108,340.1333205114452
203.1044323826451,150.45977490345817,429.26969713103415,578.4984982983428,268.6230742858034
225.27244957452473,126.55904027004851,434.3474411270759,657.3703099956531,389.2354954882913
212.747650296948,220.85652485762702,418.32318771800846,608.8070630534044,284.7444274545767
148.82205022527577,143.06715817271203,400.8029032711273,503.26624548818495,310.34097212510216
208.70922160268995,155.69060404845504,406.5784306582895,525.2550113699181,352.1188333457607
248.8546398986068,226.06226608039006,489.74911328836424,864.8096559201276,359.75732308460476
154.89745049515173,159.9094431733175,404.35423174207267,639.0270448926274,381.1493503912171
198.35118796143945,142.69135315872904,470.554231607658,498.99675955245124,379.5983596048825
212.22457006340318,158.81771228508626,371.8729501019148,398.79756034010273,300.4857026866671
204.60194236618165,132.36982899234658,432.3706200003444,433.83132075625844,392.33386275680795
244.3625514652286,119.86234980983374,532.1580686013313,560.3567684121756,392.53011659469985
191.05443619090894,138.9484868003886,410.0593016198334,504.18486022028327,361.0174341416256
227.9737912106525,151.06001959757702,395.74382174256937,472.8777105113052,379.12157392398586
185.535005421333,141.89425407849805,444.2424886119338,694.7639848723707,298.3693769352638
191.87193831395487,194.8898264711523,425.2356690512376,519.6925708082106,336.4219352935183
265.78097577633,137.8829839755152,449.0032588644401,523.6783835604923,416.7422451878015
186.6741547946195,118.20721573446046,355.45063816811,351.21981113952637,359.9116476209589
192.38084306327372,110.60918269431166,376.77269349709735,503.15871865240916,367.9789192949326
198.87789569547314,158.58968204815193,420.5185460989858,340.4936146988435,321.7304387522947
178.76628954680734,165.84245168414046,401.11158241575055,335.48754652312044,338.3225413822366
244.85753276229397,158.81822336190618,411.1781712348728,396.56649877460086,354.33522279658047
208.09004869008248,151.00088220129925,404.54256034938106,453.7233515307467,347.73691304211684
186.20593804435117,154.58354520061707,374.3859141015265,375.83021705104716,326.34737489110773
222.09600946804287,162.5773142532929,428.6158625446198,617.0854378275789,320.80573709134813
176.90443754905917,171.10494598494657,409.05162820937704,748.4385048667085,341.50929027013603
176.93486386507996,163.67322903589402,447.49244816305054,651.9285166913629,369.6083531062025
208.44677686098188,198.53785829481072,502.57442623397174,510.3896032475402,365.6270741345261
213.92031194476556,154.63699271400827,513.0180769413165,641.9001693892851,366.27426579903414
257.3578112141013,169.1649431926088,448.40321589981625,494.71673888264945,440.3172486029157
191.87151294321757,131.76971948325237,490.7015664671265,441.3692631143372,304.2212856931708
262.6995131057202,153.6316588248898,519.9341992733149,683.635429097834,422.6099261053748
188.41631393353316,156.74559681767744,438.4249155692572,595.791805221244,361.5013123081658
211.852960241055,210.6760881720223,455.5340661274622,566.0515402116991,350.1111041135692
208.38719409196852,152.71098587697335,461.71402612647876,543.8324547312169,431.48391652683534
217.79073697923985,154.73066795441292,411.17233781040636,388.519238929786,296.8913395693999
222.55891751897542,149.42762031915444,438.51748566841337,670.9326894204127,335.0200922286733
220.57274374651348,148.43395737792767,417.77184217739824,510.9248798996252,356.49503205281223
196.4746101068779,177.84098156786803,427.51503321352726,568.2134518791638,301.8035738256416
234.2633918239359,119.43455800802337,358.542187661393,528.2673146210946,307.4560287819797
212.70851394956375,138.16902008149967,338.5709787253575,536.8542473871273,306.17656500421265
222.132456595278,154.27774051582378,420.80735278069875,582.8454418106496,337.1204159148954
193.86675932342985,114.2309118460452,405.67809988746524,554.6050979163134,349.80753340713915
167.67743990096434,158.0772489342551,340.99243835765026,382.93893864277186,360.48445779868086
221.36808330717864,130.90863841478406,418.3201517914215,404.72339675907824,346.0156957909599
251.59083528830013,148.23429223825465,439.64177760396876,719.1727177893301,351.96903297035203
194.18669560511609,124.80786766144794,340.9334564429035,454.9166181455739,397.61310396071786
238.08085271542913,137.41511727825684,424.26954625597836,551.1864886933221,327.4077579306279
201.0997613962937,97.05517379739858,364.35688910732847,483.4871883173124,378.99138202864634
238.93695923531138,186.6831165180243,500.32188090884733,626.9084826139957,388.7311774298355
220.10642868156623,141.05361826185973,456.64008010027334,368.552162759985,352.9117208301848
174.64824268587066,102.26994172056823,383.8288751518999,427.5450824849108,329.926831656087
212.31474417330998,148.27917266101505,416.98726291417586,463.0992348828074,366.46087757225536
215.09800521672994,130.97401138075364,470.7318244209177,638.3512591773833,329.5289995150622
200.52002657249358,169.45348404649917,472.3452867978187,766.6318219444623,376.5921628478052
181.27068346570258,187.54188006975357,407.45959232077183,665.5492288716418,342.78749390565963
214.45280731885887,116.46765097918865,329.86893760403257,461.9310266492743,296.79406433433235
208.44632918422212,161.34071087183654,498.51010834881953,634.9671283289806,331.9563955000642
179.6550345896946,131.81157628595483,435.2154578379327,358.91439215205776,324.9547298526891
193.46467421316422,143.6372617910724,452.47173356636483,424.2040247047847,327.62257204576184
194.20746693112127,179.176919856549,475.7895728880489,731.1111400661277,273.5999822233926
177.55766690788207,122.42914844517898,364.76538015155427,637.577427439282,332.4973153932606
216.5421911661489,142.34702158584398,406.8006191723422,515.6281618943385,354.8359622700707
198.8892550790217,131.57672943869704,426.2971776268878,409.97340589230606,349.1987857443838
239.75300470497567,144.0124604624604,443.0083595316454,785.363832853416,340.19550107324966
185.96452729907372,168.67320359255552,523.7651170553644,720.823198969498,344.94671290460263
272.82817125287795,159.0909431557564,445.9082229516553,441.98893968052255,370.79382732317254
167.63231308616454,153.05727089057459,432.14736938615755,513.2041978315159,352.71315491894666
265.7960405462261,200.25749335004346,496.5188524823269,722.7883921342533,330.0771512697314
247.9172276621905,183.04856777627228,393.11491971444656,629.9677945546753,353.2817285594861
168.88099192224922,99.94902034525505,380.4093431842572,465.9474096199268,299.4257876441319
204.50292606612467,179.8758619140941,431.6911485526813,476.47250170947564,429.4593038350091
165.98585314588814,114.11778416895116,366.8300056323721,522.9687211645469,344.5802747331801
218.8758491511752,161.81052432314024,441.36908574864117,779.436336024766,387.28588013762374
181.9918106789227,109.46647884481976,418.5709388713585,511.3341341714438,420.9441032806584
187.15092564168353,149.2094574259883,408.94303628183616,465.79797075704306,324.4190978035593
171.87355742892296,97.14444863444955,395.1195262798418,570.8130391519677,262.7867080293422
210.2923027546585,137.41608303020848,415.783260465848,505.8126163298333,355.41235582556
183.2920609774018,114.9986501183594,371.445478822987,414.4662605464595,337.63074435711513
197.89972736365368,128.67759644532316,448.83130653302766,533.7092897418356,347.88299323706207
219.87936700292346,146.74179821669213,431.61322557536937,502.62916177936563,357.35334603509307
173.134453366357,158.8727830550969,342.5322275115597,541.2860126870786,395.5472060587615
189.46263601723672,146.93588772720844,515.9126765628009,423.2802587597795,398.5239151945374
225.85074869994634,131.12714129292578,419.27712417843094,398.7521815546341,343.711297998465
190.8407403682909,149.23140700173917,363.4850294358265,730.0341344994123,371.55342694241045
170.8572118327452,146.18933555846561,401.337088736553,438.26443980339025,281.3496984579476
163.83502368456394,151.50168952242768,438.71153313114917,546.5332243352248,360.6908321084709
156.98900891679966,176.60881425342862,406.84488979514396,736.7926887749851,344.1873260683761
230.97991233948153,201.9141662080434,474.6292169415798,729.294392177852,270.56476668768147
209.49127880878362,101.12256564473961,357.8874459072798,398.168192697542,273.6779061258211
223.3640969702978,109.34030694524081,440.3965671793032,611.1941393995526,363.318902048572
232.54198094239825,217.25879192172678,484.15070451423253,815.2928332349009,338.39142568841777
197.8130127968717,127.2161138577211,423.55032602486904,557.0973884582795,340.3943627861234
210.99148099722913,155.19803772430555,516.521604198553,704.4449910036429,371.2042931181658
172.4078950546771,155.8978977898688,388.26842395879316,454.6473725660239,383.385981003645
210.21892604613552,151.30436804984373,412.7514646594486,630.5156621159383,342.5394929789526
190.11769166568132,144.57513886699994,385.6088001956171,345.84304696645194,278.79497991137583
238.2000282771126,171.6929370230199,486.7380207521162,648.4040197391523,356.46371386344316
193.72595596955313,140.11536117146957,369.00146680295694,578.8167761999792,302.2256900585307
192.3272432634387,153.65125630275793,398.13637513034195,586.7423263121298,316.5270221251672
225.18025320030165,137.2881458154578,348.71715297232385,612.089791017293,309.52753616977196
196.82475765119682,99.5256123548236,421.150055933686,415.9236060119706,327.6400755100655
188.87020812845975,189.71891926692987,432.26875918830876,467.3329566647938,334.9936542444121
171.59502297801362,162.29554452597216,424.8281547171132,661.2922487990884,317.1487029250895
224.39172773344288,158.8033245354147,417.5380291755964,357.5213137695594,342.6089857565529
204.40566535066282,163.81536267218078,439.78293239313547,581.2093815174142,371.55117552206616
217.2707764801785,184.03272815372995,424.36368709633666,620.5843394828944,348.9699752226097
187.60615775559705,187.57745329940664,462.1640522535686,609.0570071265244,399.9906173417652
254.193779687674,178.11776290667092,402.470235800513,638.0445953344538,350.9902296052352
202.2777679960095,154.3983999255028,437.24698461612394,704.680696382775,374.3358776566691
229.6973235592493,120.92508203566669,440.732947650061,711.8627303776044,398.8982425560123
207.65322591584905,141.39189605826223,460.3970478516584,420.67691945508204,359.0121014293616
161.06548314013762,121.88976180077245,416.1934621705352,402.08116939527645,369.7822195553664
228.91169522799382,158.87786531523082,431.22889955795114,343.4429772837077,285.20199840382173
249.96832635392957,150.73269080791832,451.4989717308679,634.6409406506494,368.0150301177331
201.45721607927408,107.82697932909241,518.466961572716,435.11838587538455,395.1620877698984
238.93370032157142,221.67796762761628,536.2223174267283,859.7604023508426,354.94097846330243
218.91990220447747,161.28302922193964,396.40032993354424,574.4858672435655,369.8333412255912
200.8313601834372,111.06535771654057,365.94066233583095,607.294671522883,331.26895647754395
206.2564502330335,154.91426359243192,445.02054526843204,422.7344222502847,323.9204288587232
223.37243794757018,145.59134978762287,458.6018234966865,399.44358122091336,347.55032490636853
192.4509640771773,107.28135197094413,374.1706289396036,585.7922121985187,313.5794891293959
203.71942690603973,130.17803507431267,373.2168666265254,469.85861133149785,351.6941427831254
213.45498667782618,152.45924327802615,438.8279692592239,675.3346328688112,317.1475967752091
197.9588864410624,98.33460196147529,462.3816725439754,551.6172104040237,335.0184311738732
212.02911706771752,137.4246491697879,369.5306855262268,544.7652271375317,295.9134930857381
231.6589108316206,119.32080737297176,460.6952533946089,386.90495376057726,298.48410539688126
214.42541342524464,164.50085489546402,471.7618241403379,556.1377302445055,302.0447134060679
191.76151410612994,113.89659218416757,361.55400415700154,532.6291959921323,306.9738463107394
178.0136585473424,153.63932875288992,397.8834292537277,541.6810640209965,330.2604454822833
216.80649857940887,136.35991763022,431.1899818480535,371.75912811942516,360.1773715686459
236.68634701268977,221.5651484323462,447.98460813449964,547.2584632382235,377.14711693800655
164.1158776664189,153.17800821379237,401.93641862531973,419.97830004039446,331.700378271631
210.55135222385772,145.8300859295369,444.9515656226829,591.9175548840742,349.6184325185113
216.95303413640426,136.76587632684914,484.2247027409381,424.68826945008374,407.10111331391073
151.15930365717227,121.03510302207043,378.1292691375873,382.83353129508725,268.53899645009164
153.54618653049212,129.9983806427568,354.3656819470161,373.2203079624163,353.8881453787329
201.059612924953,182.15989162996095,456.2227316109779,520.5710763347188,306.8309857662152
205.03964156253855,210.07055553600063,504.05849445026377,875.6309830292827,330.57990834865376
201.9279774935388,176.3715285931884,517.4450627699553,819.6257021332779,363.44648509481596
170.92125822452326,116.78223560928716,444.6027421156574,484.56870544441574,369.6732296639927
203.8027229382347,162.64805935734756,420.74852624581115,348.7707449077843,327.88995737463244
270.8522701843169,147.75472060352809,432.92766151367584,554.5006564727273,378.08328585208665
159.5584274902566,140.3794941591441,426.8632253779199,607.5818483586773,387.7032830348667
201.82249773082842,155.88178630581788,449.1924949131065,566.6390194367146,381.8409999808291
204.50853523802354,176.59836541002957,405.3471061740145,360.1577089143014,378.63734465423255
193.19309403204284,146.79500790433397,386.6382320173454,397.41180562594934,325.0786790317356
229.23862860798206,153.32174418837957,451.69655116673437,540.7667990768937,382.03866385269384
233.9939062336927,167.2849379431308,420.22337993384923,512.3213167202247,380.3308481670063
250.24188167160798,149.1842208630304,415.7992190736994,751.4178760906254,303.72592395132665
186.09095903801827,129.50700168245464,342.809111663432,442.8348387656646,289.74129198073297
166.99398703029857,135.37124279268048,381.6337441149119,484.3446038790846,338.10589345532446
226.31667963450198,128.79291714526954,409.37745965076743,669.72643064355,321.696261933401
198.33742225743566,144.65432506736346,458.99686872783565,622.8629666030005,367.65786343845156
217.7304965244036,134.9588174818209,355.02615611238735,347.2907450497949,362.14261912682264
210.05296327759373,178.7822637350143,372.29852530324695,456.29800387694877,393.2779133865479
176.74403905934525,130.12158048379305,409.6106395259342,465.72615395915875,312.95244769376853
209.57543879208748,181.43120503710932,446.8216340882777,394.39409417088257,376.5172953605801
199.83478785995774,122.47727865681811,406.67695315163786,538.0326691369895,295.4018887036293
224.3946002682117,156.19896660792745,436.8837578909039,654.6504418848898,373.4606949836131
173.19107701515344,126.60071156545762,421.829888158827,366.79016452024314,304.9370618339264
198.39080077051804,158.43074573418153,402.74071295532406,544.4513437268598,368.3177187238623
182.51024426022,215.12443827316636,465.17356661839705,694.0578361565742,374.81221993087325
205.92639549411408,98.06199094798613,355.2591900647952,547.714476672235,290.5314416574065
218.77240123085843,127.74038108774623,440.1910908159109,349.2505575889135,352.7979196404263
233.5622612003153,208.5062760266622,490.31465866770924,791.008727026364,354.0832631415981
216.64614819789264,148.77440923359637,359.58905595530115,555.1445668368202,363.06409727297495
241.56411281887213,155.067515331069,440.568850105991,607.7739926063198,342.21992856212404
263.19688415970666,157.74036088455222,460.2046803600572,804.3811083240282,358.46172315494886
185.8068293526635,141.59563545959642,383.13114866044236,371.78390992861705,301.0122915272017
171.7912703891435,132.67886898710077,404.6786442261907,490.73994236169915,280.9611466150618
243.39521883178816,137.1562431286348,449.947019670487,602.8385546444384,365.50533894958573
162.87472911130385,120.96897539046655,394.7160509946316,378.1575785225794,305.43741799567874
211.22502423218782,172.58752689878938,404.00998139989906,368.35934309057353,296.35578312469556
158.90104581562804,122.95031799334929,405.433788916604,635.1241934057813,328.8299955853293
263.0388520061622,155.2936741421057,523.4530989990692,802.6301063165398,365.5574304260584
191.788146021626,145.70851533177967,371.89835750957724,406.4735395577675,335.81558244999786
154.6893502490989,109.81088189767702,402.44362919551975,550.6292117297281,377.8613138801448
193.068160596135,133.60127545095756,444.8158136961696,362.7695791957727,333.22140360883475
244.869210797052,188.8753449752328,439.11804161635996,584.3257075932064,352.805059786428
217.55515298141611,131.3687768760947,447.7761927351977,842.5810162744389,435.8430459167636
185.15834330425056,121.59665621873245,344.43974579110073,361.02550425682443,332.4649173574733
232.95015327042495,170.40656708200916,459.090441378817,652.5498045378844,312.88121308489076
233.85665508711534,166.41611951383635,400.1398545478284,716.6806522685987,308.58361332886557
183.94565372376877,151.84867558305,429.35932472251017,391.3881257417363,337.7880653410367
226.46925410189766,179.6878637119628,451.27302714774737,469.80847867060237,368.8524337517178
156.51236089615526,106.85948438149032,329.8923841101257,355.5359906006653,262.38722067048394
218.79940029855032,155.23257484219982,455.99059770812903,486.51462965146175,381.26568536962276
239.3224485274837,118.77567072468355,403.82298669386887,585.7722436579209,294.0250358656032
163.9293104301126,136.66771054730813,436.4376434448127,767.9277151275279,379.42136685230895
196.09906933967767,129.1063988240106,446.70681297678095,466.5065923176224,362.54495579978897
209.3710030054852,132.6821784778596,431.1194009795854,675.2061717950996,389.43171536551523
198.54175332604777,98.43703106107259,395.97789266406915,471.4862859530253,375.08550426569764
260.01361981261374,121.65150189967045,417.4118014438307,341.8022470128038,364.67557298616236
208.68215340365245,159.38488042912437,434.90345570462694,568.663083161164,359.07423073778443
206.74170117535928,126.83163253114243,440.7617646392562,428.84774436829764,343.2861180266786
225.45866385189703,137.1161378371694,371.06711736738384,622.7417087198847,391.28687771901986
202.25925836151654,135.70186249036604,493.7956725338096,575.9118640632175,343.63386845683533
176.34993493366517,180.4481655902533,435.7102899070665,574.394140851173,370.39309813807336
198.8718602879624,192.46969375372694,408.15873709259114,341.8210229738638,391.5945103190133
234.23905265540984,166.23066766895815,435.28255284239384,736.7942898417053,314.0827252338764
176.21827253563566,138.46363001253005,394.27307492690306,507.3041190966998,287.50934105936796
243.49515767480105,154.26992279246002,391.84439028523184,450.6293894737695,354.15465214116256
224.4615932554942,140.56679372460025,369.1120942338039,703.3185128086554,355.40247761119474
238.21087637163606,132.08243668380697,399.0895679882076,559.0612741045001,378.91648333954925
216.18459658265215,178.19203323595883,466.80326637534586,687.3940872889507,368.0965264098287
172.2960942443949,109.53764392853876,358.73404888855947,391.9329429435322,263.236001450157
201.158710546372,165.53875819588998,414.599431895211,618.8331190768978,327.14042118304616
209.8318329702786,167.25959257238375,541.2339103532256,533.9178279902831,342.4975667563267
223.8044236768152,151.32126487821986,454.2469217350972,537.5161774502692,269.5797252972043
223.35015352496288,193.3083375236005,484.62036149574476,633.7780106503678,333.49358940824965
190.6068558832629,148.91936189612665,469.0609522352455,531.932495338736,369.1212075950472
211.7627141119024,135.95842960823865,454.4891990046081,804.6043277560117,379.1042423574794
258.60633477505576,162.60267999467874,480.48958279221574,649.2558112535397,375.95234378131676
255.37766066298406,142.5803458178865,453.58278474527054,468.3551341182708,358.2788401047731
268.0138505445689,205.52889609835722,423.9200064262256,785.6212960825629,373.6000498525119
248.41067693019332,138.85626087057713,489.028400764669,591.141997956443,404.66053520403716
213.89542660347306,164.7461154410686,425.7297648922112,601.7644017486577,396.1417892112386
195.25224617547337,150.23375100499493,397.92774851921195,728.8239738045256,280.0650581844766
227.55804752720985,155.62420093761733,423.971707017438,374.149088494117,329.5253272652541
183.87368993612404,150.36439983650413,414.2976418461562,730.487176309391,358.66291470241066
189.5051982749276,173.68976195058798,458.1594712582194,416.43320985580567,334.2497369796691
200.86292962376223,153.0373189919788,477.86840850116255,378.52072806551433,384.9965014896924
256.72714856121877,160.41361679926032,482.505150253357,647.0577452856421,442.00218240736126
179.81252358588512,173.35289096486207,487.18442551023065,562.338050257694,350.4907598185759
255.09052065945227,152.14193732571152,436.07799537098936,618.7840344311552,310.55220583031985
215.33037720716143,170.28141133688447,450.86377908538327,642.8855758004919,337.6901309534822
218.56307355239724,114.22519373106637,379.3459144056698,426.20968392040174,325.8399133705409
200.37853337183617,101.73738916350068,405.8761045889964,392.9020071956702,365.2771106555919
214.50307207975894,202.47253541983991,439.38311933782006,709.344948600193,434.7500916976617
227.5840979109043,164.25782745291195,514.8015134742965,659.451079131279,369.3960129934714
183.51737186761744,165.17585279816765,458.986799024211,632.5526159434465,263.79458840704933
230.25413578097437,146.5331256051016,500.0841049691452,714.4260641631092,314.97172713200257
216.82539418838425,174.2186872960436,523.650191828753,717.9553643268255,418.78241180597297
164.9690668929746,165.37870006027882,461.2286093688503,589.7361408109957,325.2166200972215
211.6411689018323,130.31126216794732,456.4896583992032,525.459888819233,380.72796850514675
269.27212246125856,183.17519176736155,457.88843284507976,507.46189170869155,438.17595331191825
202.25088343175497,122.5690132806281,407.32164977438714,491.7293122194033,319.4124059596652
212.666068034689,123.20526518301018,461.9325653681178,675.1108671524428,318.2093897058567
210.55085287762387,143.80817876226737,416.9016840158847,369.01457408927627,328.9453953091909
222.5438853374842,95.35229263174922,433.52943589367374,357.1341836826046,309.0976751041958
228.42749304555022,163.5267004360373,428.39844045858285,549.523535047309,322.15007703189065
199.20570920549594,139.45982524972138,406.4795780854749,470.83595705050766,335.90388328563637
232.6446683936238,154.27982700186013,449.2476777659417,513.9002305763111,287.51415239557934
179.76524013197422,104.4124472724565,356.52637244829293,517.0257227384317,283.1624994796344
184.96868641818426,139.84154336768498,404.9308789864391,709.7732780694424,320.9485381318192
169.53474523150376,140.74070239127747,422.6626540915631,542.1614012805766,320.11613723766277
172.95056512535606,161.46181687055105,449.2488960086546,440.0159082030514,404.05029405078744
220.9783460213575,150.55691218843072,431.3671271321079,395.2622904452127,345.49566657044664
221.30579926040593,98.44997685666242,415.57469581603476,571.550181727726,395.64256859356743
174.13173299530672,127.98349829229724,367.60197275541213,592.3583553504881,359.43609633116176
167.52565251126092,162.9936972538196,383.480404341179,388.83698853642744,262.410782899097
212.10631615412063,122.99781620634013,382.27494607247996,514.7762745511974,312.0242761605214
216.90510324735814,161.30021453838447,477.5233014740741,661.3469607812242,340.6121237454201
187.84117862919865,174.8836498711485,406.01411804278445,631.3235434473197,279.8573968904694
224.95275057028974,195.92391416956895,430.31227120685315,742.3902782871795,322.2754484106538
247.16823573789924,224.25350028658463,510.68684235299924,861.9167441635293,357.6565749638759
214.23869439465847,126.82579333968746,394.78516008311277,524.3189640673799,352.0051129498228
219.78616945064687,111.81884519806614,493.6239321322577,490.7635723787535,333.51691165535493
167.40850549010045,128.97850800258408,343.5029287408668,400.77109794123663,326.58515319118413
190.23420207166487,182.7202383186919,428.0744760305376,520.8712524208194,336.85969382587433
242.56549511122026,147.45503437240316,462.98703544619946,625.6647009745465,362.95352012569185
209.1389001761946,163.85625016954776,437.4383614912378,805.8055138427142,312.6925425783085
222.0084531053301,200.9604841960362,486.9357037954305,868.9744072077983,384.6346077395555
159.56879789557087,165.22862690656717,430.38657795493503,595.3293359928692,437.1433282041847
207.78726121213893,153.64014676598097,422.46707854267794,583.2418074157526,411.9394607846386
190.35941387135134,137.6468791396868,446.00576405109524,510.09160948082206,349.3667845738895
191.75354280090286,98.32485851290892,352.78304403992075,377.1386605726581,316.6536715067874
196.05361408317916,159.35305616184888,420.7372933224502,527.2820228301007,390.411599078304
175.45433459435472,134.2567227697237,470.29625817504456,696.1713323052979,356.0925020614912
160.65536444481356,113.37895266036257,386.20167384324276,354.60758577813164,309.4464802987835
194.08296829376803,195.04424811067574,394.8338161021004,660.7419923816356,292.28958006157706
210.86761291826826,140.9867029425325,400.01512837172396,409.92605443838374,345.43636840271546
194.08644243467435,125.20810572644466,409.9546294596463,748.2428413357335,290.2010720365568
220.95429819047865,125.8978749143082,457.67133223957467,606.613085985809,413.73215847661106
170.37396129662076,136.49920439545878,458.1629594063805,751.1543054955927,352.11187754631896
233.96615694318442,201.79836619145783,439.81868572808145,658.9233153615904,391.6597728303005
214.9666122942895,160.70225939819483,484.1551709634524,645.5886556390202,374.32772400645234
196.21800782297754,129.9402711393516,380.37198700771245,542.4807940823422,327.87149031605594
186.2953343792222,138.81110708249935,414.4451269438466,457.3312289862638,367.2176493300799
213.3319689598862,169.22067705516827,427.78689557151574,440.80789551952404,341.7171975221307
170.41502916173076,147.72602550475506,452.1582843829053,532.9888467498075,319.0799694689412
185.46255796287653,164.25271926258097,384.31288934153946,434.6370841223126,313.5313666319961
204.8778244032879,133.14154457135336,419.64038501505166,830.5576634847897,341.0945255514227
200.23184674940126,120.61498986467895,387.5692240671825,360.55810772134896,348.542374002851
199.3757841159173,150.1198984154857,378.6787219160375,490.24998048814297,335.4738811532394
216.97226244842435,177.06705718074937,485.6958146917537,654.8514509543689,349.8400846835206
173.01314372471623,190.11281139643265,416.7071114466849,591.9258440411265,420.2687751172337
192.75411455183837,157.33020535091256,428.78425818947454,554.8517782670084,360.43470071782883
231.56753175771527,163.9519750112745,362.8173684571818,848.1964375342632,387.3332663718863
182.7560470115441,176.645454359898,417.52739567746704,739.9440207090356,308.97131602638626
198.1241832779302,113.47843848963727,480.8898953001039,681.0141586382929,373.9432477289734
227.329747881931,150.22474567341806,410.7718700501036,501.56356340818087,345.0823889713244
259.1779806055755,208.8260319541285,517.6925234388771,785.1102897706905,354.0562401366516
194.01139936520866,161.2692870321776,383.7287323895294,518.8107098526867,342.34511864636323
175.58339301070012,170.98389182399217,441.4645925607454,735.2251301368261,330.16476282154287
180.69491166108028,127.90738373606337,391.8267339605379,638.0691012284512,286.88936969594874
200.8617159144006,157.02229992260538,438.8895836785042,788.6853291732111,385.97298628649196
241.46406476717638,115.33874136472119,418.7912660288778,481.785738905064,333.5816094761223
240.81872931794342,162.51751471705185,444.94845722822043,578.2756177474745,334.7275501231737
194.0326700333546,126.89840334028483,372.4437194481904,355.50109916885623,414.3753611366759
202.57361446832104,152.58149318033531,434.3555576013969,411.17945027592225,328.15496201692787
199.3579358522614,140.6019804423593,399.7882632381304,604.4268462830439,334.98581419149997
250.76596256605671,148.6922099574793,364.3720611772975,424.6857459543631,358.0856022043376
181.61841885661624,104.85000151341951,395.113177786493,463.5372221361831,342.9998915536288
204.20140990114533,181.47863078877978,424.74655912297897,600.701460512079,294.7594075891387
226.7887851116424,199.76339171519786,485.89975576628206,844.1657692733801,337.81156110525865
181.5992488389345,145.16639147945438,453.54598039321735,425.6252830169854,390.6556911023525
229.11821102574805,161.25027543411315,483.8401744802635,795.7684994921071,334.0343291854416
180.98506932618332,161.66738602026163,370.4150557776804,535.8288049603884,385.8506894451026
274.77251111740804,149.44926307545748,514.3043348719664,704.3304099840266,371.2856197418388
158.86134915002705,121.95589301054072,441.0312021399739,556.5316458918472,276.74470640231254
206.57940085722137,154.69392212780076,510.3043807674491,555.0422882232004,373.6570337024275
176.10639586198798,173.6974848892848,495.75094931453685,715.2162801938008,420.35381650564074
198.73850068230928,189.69434928750076,478.94090001147305,801.0761236223631,353.07125770775707
184.75992889689743,126.53101747415703,396.1464040536692,480.7353105946657,299.5906567843865
240.79688390613904,145.1749901236386,391.3667777098102,539.8012415654723,380.5350411551112
209.81611667164913,168.52081332233956,422.21235172926265,493.4742318094948,293.6960263780747
242.72670177877342,152.04047511941,473.67010188250543,667.5567036117471,354.309429751072
199.8813544650107,132.62843038916415,445.63092432933325,574.2738757646875,361.57836243737364
191.16935054578607,108.05562854087185,452.39526412943184,536.6971357013879,350.19584549802477
189.79032968525885,139.3050478483051,349.0476100277737,531.4698037269352,383.36685961125613
207.42759466885687,128.26607666563015,442.9962389582063,487.6007859394168,311.4127540549794
221.30970740999936,140.69755283188127,404.7447200748158,595.0943971605134,347.23937364364275
175.5844491275871,150.7048331403541,401.8792804414901,465.7180604093055,346.04415648585547
229.9340631614675,167.02062480331296,465.5729674848318,546.5313459872891,356.5656667311482
213.34134679658106,114.60079748480858,454.50888045391315,550.116233138744,334.93278681583155
181.33566058296663,166.90352805617744,380.4153911540716,495.5888715274929,273.3578669580435
189.30334724269557,94.97191595794028,328.68388568358137,484.29836517875714,313.0925813471854
173.48506471292058,143.0461643706898,407.82637063283437,475.85975044542363,390.7275829017847
201.75797985244142,136.42275903275564,485.8267049044549,535.9609694600549,351.5088432665498
204.12087894407637,165.460015471938,408.906693744296,580.4382192668311,334.9805941412487
166.06083470853952,143.5484001057048,415.0999599407814,479.8687868276181,343.7829131371919
210.0848100513961,177.516603664101,480.00842062971685,599.3219534965849,346.8360330803119
221.3660133836198,129.91730873489777,412.15220275302187,533.8497079805119,341.8107392078621
252.1616197558582,216.1998536740727,544.4747389128571,850.1395990541357,378.8285413309647
210.48120515406134,118.35387827567772,421.6453899768187,423.8437377920996,333.7682471491964
218.54983744763769,150.01811261303357,409.31692004301357,523.6526563189561,326.6460666255676
164.9512968027955,135.37596254819292,359.92407313721606,345.1542864954401,307.31723737285427
229.4352576917812,130.17522404049987,382.46044282880104,530.926730808233,336.20030986774793
198.91308307635788,114.16005883039729,394.18823217603574,576.2349728966158,359.59119290348787
189.97491124617852,145.17017472494976,457.79467217779535,635.7223899537363,351.27909068404136
215.62574198369762,113.15393379629484,430.32527210139966,395.92590057037785,367.8820156513639
251.438032417278,164.1855259835652,531.3444284499625,589.3678098506665,407.2418124849996
211.2148923257345,147.066329401701,447.5694813054145,582.4322357678025,336.8002501567228
266.4483495046319,188.74439019168898,495.02581134899106,696.1525172764182,419.67465712626216
162.94479198721106,151.80505517946133,383.9045061826229,469.05239194127375,324.8876837648544
235.08372213531962,205.22692719264543,417.76501187192605,848.3820059492851,349.872811107512
148.86569741683556,100.27705540708428,390.6730451563196,453.66381862368047,327.7762953309948
223.7202271521788,217.25766420399856,425.77313863811827,595.2802871663716,346.7168827691763
227.59427334852913,150.1087534890387,431.38217011237555,402.69442594705146,361.280315128921
227.9420726668038,184.97603118324636,451.49517698117364,684.9124280156599,384.5662622561824
229.96961613213125,208.4389905483952,442.50097219375834,698.9004817844584,347.15715041700986
209.47024745104315,115.71060088531976,402.60511872268955,382.3888178589944,349.74507618974314
164.66100659819065,156.3334815834807,471.4471258481393,784.8089301044597,368.82742341786377
232.69709084455116,181.8984168135841,384.7579980685121,586.3894846184529,325.9985826408106
197.08328799341038,159.15339941197993,407.92834959287813,450.7799992408858,372.5066094606555
173.98587453087254,96.21810434176501,375.10664190144246,397.8330195526937,331.0257990444305
181.1445102578994,116.51699524933557,365.0945809313093,375.82456718551146,318.08312949919167
183.17317592303604,129.23463412703015,395.1523160598334,561.2815729682135,404.4832665856737
215.17665063390544,152.83824134393353,440.45339290503205,591.6573038302166,415.3544368910221
231.64794547413928,134.08547313404566,408.92950107007414,576.077117059386,323.9593824216704
188.23749055194216,123.08104794044729,395.4218075875972,470.3480502829711,331.38673206623344
150.72811320120215,186.9492453042385,438.7741313924856,631.1751434254047,291.18183979586877
221.83299603835684,160.0135785623336,383.38147757363527,714.2389887154025,353.2246549985569
244.62063527348784,134.92875518583466,449.6155202512863,511.6032122335578,299.267641335306
213.42846993573792,159.0090980692568,394.2977310396813,358.0230109984432,341.37837532738894
197.04086065776005,178.4660354507943,422.9425631916183,545.8980691413094,304.80074234292
192.0680620545348,171.56988593312363,468.2067643895328,779.8733282796325,340.9893693395163
180.90666715827896,134.13959661788317,387.0640102481535,478.32465215175034,298.30909531098513
195.75765397587935,145.31280549155767,386.53718289417003,472.7923812847517,344.8056622540959
182.19937280531062,136.69199946343716,363.16839715103777,617.7062896074796,325.89244960525446
221.27812312667453,157.96914637709136,408.74749767534814,625.1856121409741,352.48867191499147
234.5239467676807,125.6472835581289,395.8820848564555,481.9541225897853,296.2069295651015
194.67182348816547,138.95971570117084,387.73463817847477,537.6691490402029,276.5807361533528
188.80754643614387,145.23037124205936,433.5043711615298,486.59128584691877,360.38378578503136
180.18498451373154,161.5759065761706,408.41095735330964,523.2467730878321,279.7014634040582
207.19553026604325,133.28699904919904,441.147243711747,445.0033634858776,304.4299770672332
212.57266060764897,166.27765038036122,445.90740625136675,674.4602359782407,383.5677448117191
217.7057782630166,184.41752391072853,494.16147630416873,556.5038845440454,385.1318381160255
168.30455244338864,151.39060292507685,371.7853521545138,511.33001382324284,319.52053098985425
236.10959041886989,146.88811275155985,492.8031639096419,764.1995731566354,401.67016396482194
214.0611979973595,120.66784606862633,401.8691477005449,413.9216274925861,366.9333169620753
218.2305192993348,209.63514815014952,482.67767492665024,849.4405472170746,323.7111465093527
179.53601546281644,103.10967381832684,381.0821798636436,373.94495799600566,378.11262172924455
245.6596584983145,170.21506743973873,535.5110467773575,711.9303637253355,408.6006428219857
223.0654687502574,127.95190076144762,425.91205357328187,519.9541705018365,337.4127501084525
201.1873996281379,108.47343020962812,373.28526651301985,332.20702346020136,298.84570336804285
255.6360208405065,169.89639208677127,450.601441146929,559.940396421127,368.2516603402826
185.74641630490274,171.59438073378166,427.54538003972084,501.19271417650316,301.3493381045475
214.064188814308,162.24138381693294,450.22651979806767,542.7982305418499,309.656725661554
192.64155641649995,150.3669029152642,382.9953616381862,589.0963250265171,309.51709451752384
232.1788092077419,150.52853026113453,454.00283062888803,852.8013535166575,360.18600278289125
233.69939462829402,154.4093386065224,489.25914013286155,607.2022950681769,388.0154650450715
148.07073026885877,157.89069619667427,397.43613406856684,338.1463517632608,412.60223429483716
237.46644050939702,136.1376394380228,451.289335912124,572.5184870882888,399.58663393870967
242.1831206592088,140.58858909532893,494.873315500466,846.6249041576665,444.1942020126794
201.11156455168742,164.75509779951426,415.04919459365374,424.31449121095915,339.5887517462435
187.0087442835025,142.84195472759234,372.929365168038,509.44648410823856,315.5270126607318
151.89453321303324,115.91193006544256,329.10433875839175,404.6562990750968,301.515954207971
190.08768070572427,148.74030849009185,438.12649510066774,434.42296970333064,371.964224373096
225.8764963114929,167.45651873349317,443.8205682892907,580.3139106439165,358.2541547832398
204.88274214978387,136.2901997272276,398.67224083033665,453.18202497660303,379.02640600943846
190.15190390142678,160.79005634685623,443.493180406515,387.35807332798976,312.93491142016416
191.6373699637563,159.57294699842222,384.04329182709375,375.63313890177966,310.3204945732913
239.02322110364403,175.26973954881234,426.2609488768312,603.5287178313458,358.12758323821345
217.19784177471757,164.71141973410585,452.0282521345902,459.71436385669676,367.61666477312224
215.03456926664103,168.18559613734521,428.14281533885054,788.2894373978568,329.49013296702526
221.81662045223354,192.90204548048575,493.8474320076642,810.945281759697,378.6930127476501
214.49252496391307,168.8976190475989,405.4568740166487,379.39134163585254,327.12432854138046
230.00052205338216,133.99766889745274,477.01081203481823,543.326449841978,352.93628085907085
151.374092647307,150.9874817994429,424.94261886759386,461.93735527623,262.647671716787
193.29362821158526,115.08518389552896,402.29986104937836,501.3647037837498,305.42685839414065
188.94910171797807,150.545158376702,449.3862866644167,609.6025500335018,391.28909233230996
195.87683346596208,164.46931269724027,414.0417455394253,500.4742651753143,362.5400970900835
204.40648720905875,161.02991034576772,385.119895303983,386.0873006428648,373.5493256941522
230.51348165490168,100.84202647294838,402.2763356404449,372.97042108656706,332.45838910283015
213.78104957284359,164.23789302076347,479.0952033008174,563.899687949382,344.73055176098995
189.627187929575,152.26737882749165,457.2173528938817,470.9523473587193,313.3820889817752
207.24174653588213,125.18044032366322,366.41926710862907,617.7774339166904,347.1950912249793
219.1312637147377,141.39924575148294,508.2394150523239,748.3318726810197,436.4277470641784
194.8553300409351,132.1305921436868,387.6686642947246,342.41574280445343,323.53645629170626
153.6673524509287,159.70555048352062,331.8026647472683,344.5416503941938,295.8134201155721
211.9691744815414,148.70774076178054,394.4506763407466,682.6116470353259,324.24066767837866
222.88933140720965,154.47069985957552,433.4693648849685,472.8466392803172,381.5209856685479
242.54451536063567,152.20394804768583,412.7429147709045,610.4302190413785,385.0743037942409
197.66244096756756,135.35416241041958,463.27753174098706,607.2476710326683,308.8401599021299
179.7608078567639,163.1181478962584,371.64277983606945,568.9759228536423,286.09996620113407
200.16195962806444,185.71580370931702,414.91605441289516,526.7148453840484,340.99470622878044
231.5056827885853,184.84624583841492,441.50134575421345,570.8747173448264,341.32842796157547
185.9906197398729,127.45255045135401,419.5100135523825,629.0941330696824,313.5229424138821
208.58877444268435,157.2382035735202,447.2156068494064,571.7277418249008,352.1173308789035
220.9657411707347,167.24920061074707,443.4903112358171,456.03237644019515,327.7623616038637
242.81065362529824,112.01928740046031,424.13970722684263,599.3530905969922,430.51854105285264
200.69099117051084,125.39332510175274,407.9546615434806,348.0059990041412,399.5809829838424
208.7418201578999,140.71412187166138,442.0962333212904,647.7510224919766,329.2374811139446
238.05470714883262,137.7512821709111,438.0337278861538,446.0870228992656,362.51909899605045
221.42444291162005,210.8675325291263,491.3993614327896,745.5999017092674,411.14107481432916
261.02638447879855,153.01892024942842,514.9107456508997,486.0417475952554,319.1472651328024
149.30610018712045,95.84344916522082,360.5346796770441,408.12276301210926,287.975488785604
190.11333521236836,108.75469102957196,389.09746695046,667.0710457996431,360.9016052979141
172.6622079106324,109.0692167448278,386.3519108952023,420.9653026550066,305.3143330066351
210.72177995250394,152.44754062524143,501.944238031812,703.2936564116324,335.4645025129041
213.22792073009344,126.13007140572759,486.93704356709424,646.561106808719,353.9463592032525
213.6436842903503,158.46821865026297,410.4209076832386,616.5167339709483,303.22471894867596
179.58904066592834,168.38500006501982,419.35901888984324,645.6806367473538,329.8494510741243
235.88593488625463,141.71211613182788,534.5231526813011,719.2732495992186,343.5086742069165
195.67099248264768,181.78835087031672,427.55585923551985,474.5468525189645,384.64018129971305
170.38052796647256,118.98031431960216,407.1580570853594,567.8753359694625,366.1794816398806
196.76510466426558,128.37843037108365,451.8966871669132,406.32172297867754,379.82772412974697
208.31041051742767,160.9424019830358,498.80977292316027,810.5348793585246,369.6489082161983
197.21667907516354,96.93981125392699,388.54886367603245,395.7235263058641,348.9112736939011
182.0821897635533,118.95420210724615,430.90238889120303,407.3985882763189,365.385993762272
254.57404866804964,143.75073572301278,421.8958123368459,627.7110334761833,347.8308139481964
175.71056057496784,128.04183281681003,408.1153220779433,573.2692769228137,347.3430345270172
246.1291964504672,167.3747193050643,416.72411271760143,527.374061818401,311.4853278295259
188.13505976592944,130.97799144403197,430.2487857542887,487.7894292832363,294.9109907068839
215.95798468828673,148.0895535534282,450.70971568458543,551.1566841367829,429.27623424731564
237.10255151323585,177.672178267961,476.3755786773286,592.7727743400774,393.0663443009341
241.11710533829086,199.56990585299982,523.9254868545987,543.4279166104196,430.99930530418726
269.5281329590554,185.5444089386425,534.8330438585012,691.419111764471,409.6054638431628
189.60854779791225,187.17416082475387,531.885539817637,599.4517588135734,390.08996490372004
229.07100537311922,144.78888906875503,520.2138930786513,608.5200919829833,330.98064277566783
211.78686680530672,139.32164657609565,411.5124076724135,515.506274799742,325.977806521245
202.2605904896563,138.17910183022443,507.75811536501385,582.8731313378316,349.54830067897814
224.8716351221511,148.06818642445685,446.3867546464496,686.5394089177297,390.4554030670871
208.73924416348146,111.76759211940056,493.3834245193037,657.9022093461267,338.29657601585114
201.97399874338828,125.38685722053269,401.1970104203813,680.6302623686951,332.15820896618237
198.80789047846926,144.78381109257842,475.90220371691044,618.2909916922314,331.7821235593138
197.93986399662984,138.36587890523575,447.2823977850349,562.5811243097422,385.5531893243778
211.03035008143635,160.72419928245034,411.83012968353825,447.53561353624417,372.93963363155564
205.14960224449828,145.87755598983085,411.8684726097468,707.2961458484629,354.7825525167169
239.51614320192817,137.65342981382508,412.8337408172497,635.4686709411657,335.3821334703196
226.47383457457553,116.75537653528583,440.8562751140482,395.9734432434564,356.69742040870796
167.31339898866574,162.79486671347829,438.1607473872811,545.5776465278448,376.01313732764606
198.58183829233863,202.73324634454156,417.07887441486463,570.7656136433352,315.04840334689374
161.78697202446122,132.9010904458813,390.6842832612131,518.4475266037867,279.4268500237627
215.7865677397394,127.65196102990768,419.8283077932537,704.6891052204357,389.2644441615586
189.48626555417718,136.58069185691653,405.26062861216707,544.2023643839287,365.7551618164753
221.01379290086666,164.11193365686884,507.75298852800535,656.3410213233644,384.67235405302944
261.31619516097663,155.58628855368835,459.0974133674882,545.2722775570145,382.8802593363483
194.66444889427183,161.1800444658328,445.5698950668932,546.2722353531494,282.468179370818
208.1203125304615,214.86989464574114,475.45574654575233,573.9421624756264,369.9343331661684
200.24578845408814,135.7893669107295,418.5865210052763,638.6501237325681,392.56497388577884
211.73921766245027,165.0280002744844,437.1350354879667,677.7492158570604,298.2318472092637
272.36820302831666,153.15788364144143,365.71812994447157,598.2684589308966,365.3366440306735
164.03878542024202,113.0210937988341,345.1589662403058,520.046865826479,285.3983242128115
198.2336980178214,156.1733817284912,437.22350729260705,469.0037724296022,341.58689275623
177.41864722959357,120.20928667251012,434.28303814991784,715.795645520691,330.7798472038566
203.10144048794461,134.885426990311,440.9003994156156,562.9511010147696,337.0033845755417
198.0810597797678,162.32997594348546,520.0301895032596,715.4483978863863,438.76003339061435
195.93326940691907,135.95951545768733,419.61789507223205,378.4207721187512,339.13261886483207
176.51325811365442,186.8883831542394,435.99799553925334,450.94337095640117,353.958666441429
202.4686472316508,144.9043920638648,395.1191915331604,493.2470363041048,290.4832349669658
220.94082843379792,165.121419630073,518.9089670434192,756.607052398755,419.06749295398896
189.97882379273054,159.6891939097266,404.61038803233635,397.5658851406911,385.4912281745988
207.68034990804236,98.32563910766447,441.382210214128,679.8612762819108,438.04239845490275
192.02308124298025,150.90318072923094,432.2615502743837,658.8071958653085,350.7277490570533
185.77775874254485,116.1506069842683,392.00684209378613,454.5873651612775,366.550977844766
202.10095924325222,139.61252058238034,370.6670270026071,451.7929112530029,268.5541168914228
195.93346248512015,121.33261498505848,451.0373983040621,596.8954148541343,315.1134939041283
241.36646497448362,163.28190372056815,423.1741390519404,555.2758734751117,336.0068221288889
247.06876499503025,177.83673295848405,466.73901651028825,726.2952156129973,410.63348136884446
215.2325445468198,142.31394644487202,474.46307098946903,594.8515713414777,417.8977682597419
255.69977755458416,144.87409352942998,453.0245827737022,635.7544351305656,385.1227964267544
200.9534313210025,162.94022310457672,397.245307724697,566.0065602378022,282.208265262562
213.54454674575246,150.73915990762043,415.05304579187765,668.7453965585671,363.12413181661134
207.21538124605314,136.45333725518282,384.3016033639536,388.5475206325949,338.35902913698317
196.0983331923375,143.65481641713336,438.0476027078396,405.9774017357579,360.2612491107502
199.95134911207262,164.89735602816836,421.05198232100565,703.4139294739881,334.90743428065974
238.5954288325466,155.52072115527443,428.6536468295891,539.2391671538134,347.5396492850794
195.49041564111752,147.18929908823355,440.28215376425015,853.7647317396564,362.80340922881516
213.51958369525275,168.64779333020275,373.05160051139256,588.152663605075,323.25105047025147
184.20323115310987,164.13128529961287,409.35038944031953,600.1001540807086,304.59608516604976
212.5826666989956,127.82378013159806,403.96798148434465,491.4128361943783,320.3494015315208
189.56304831844335,106.29701483642496,375.1084388566319,398.0082829745277,334.69741045571124
170.56275985539497,142.18709374256028,398.6024807085853,519.6150326645394,335.8252250466345
199.28991531753113,133.88144066260384,414.36049957697185,468.21749296247367,309.79059089160666
187.00884776177983,175.2826001823622,410.5521460986441,577.5498357621512,332.2205634455171
237.52838127463053,167.11881145716936,537.8115241662257,495.20994262887547,402.9802288968997
218.3289183974861,140.06104046038033,483.1999089479579,646.4017350551322,329.15815214223977
201.59812418291216,129.70007774136536,372.6811423825943,402.4176453132001,337.675972311304
236.23373833322012,152.67375101396854,355.5250414379161,354.23279807163146,351.1744270190579
195.3187369613298,148.62304123222876,399.53751141417797,359.9665537300009,335.2938162098436
195.30356369913972,181.87323032100684,463.9218090929987,611.7221823298199,360.2783660241993
177.09647021015817,147.90815892518117,436.9442921534308,459.0671136648096,339.3467070492456
190.11765816818172,186.98143643424743,441.75635784721226,431.82241812708907,340.98502650496744
192.32405409303595,148.13474934336386,428.8109234704816,352.93731266653276,359.2058144805994
260.0839530952321,161.35314666004845,427.7476665405506,442.27267084114595,356.7666374100356
180.35204291075937,155.71768142136617,458.99196691005193,366.86422566524425,376.6985220305912
208.64462497670345,176.2123587741585,441.4855954898187,513.1022548334773,322.1497371974087
214.52324742309048,165.72357175031067,462.5615034758176,575.698339482309,319.82494890998146
180.00125607146973,132.82538388337264,365.3149237513522,449.4451775035277,365.18361189032663
221.28181539709118,187.08756403918557,438.69494133582504,697.8022335865372,341.0055112257352
161.9404660682762,191.5097810650858,378.7755754771177,363.57302724932424,356.4683398119068
179.96091279421913,158.80483187452384,453.08554751529897,572.5166755314817,289.2054326460235
184.81810884566153,108.13031798550595,412.789277947585,415.65347112092445,376.9465067942396
201.52115082496468,199.44543291637999,439.88464399279155,734.025921171779,336.0899261700474
226.40102624611902,161.07891801945755,382.3054872704748,453.089535625507,358.14495207176543
217.47672663144846,155.0753046399595,485.4623827183333,384.74938989572763,371.96627862669754
149.98530735561133,119.05471938534038,414.76188909807655,562.913503160064,274.9960892980031
194.98197776981422,109.63542555245009,393.8445558902032,575.1193172089413,303.60672074275436
239.1575827242239,177.4723173466155,451.4271500211153,726.5776356056775,370.20904511138195
255.1216382177295,194.5716806137695,420.70702815055694,519.580047103794,355.5679847327656
182.6410635894633,133.14304809119133,332.21244234040796,606.651834472872,306.04635815347154
257.7499247037697,125.4324411760397,405.3500687775293,844.4991758867143,350.1014913696594
188.93065476715563,154.40064440103086,415.38761888184496,428.5946924667479,309.660186303084
193.36239818648818,202.1030439113991,440.5918515602587,860.5391622310295,341.933124780552
204.58690841774836,155.58816373724906,484.69064757043503,776.8208600105795,351.0156387401008
213.9067113048622,146.3942002298126,433.463601394997,587.530890738526,303.71636866767346
222.55985058521622,223.76000754258308,494.81726091950134,611.8704866217387,353.68387131407707
185.05658554271324,144.4880599781558,429.4861282165632,656.7201736023511,327.76106092000515
200.2859274648152,147.62591274699992,431.58636394618844,670.7096690647625,334.14182992532886
229.48219394660885,166.23573991981604,416.68985348004503,487.75601143161555,374.85456908720533
207.4644260932116,123.6868489351702,403.0661966112553,757.751659663851,360.3653483401199
196.66249021385434,126.85913036129352,395.40995949291744,522.5809709410531,372.0177226797679
200.39916141854766,166.2643602702004,446.4657953735625,664.5962345395753,369.2697009683462
214.95247420250894,192.30437288433163,519.6082356405321,735.2368542513328,362.4124773636265
235.04163925131598,162.89578329676337,461.2450543707958,754.3937260975786,371.62601298626873
228.3311170027024,138.53259916705602,478.26449992513216,394.50457798470035,437.12772980687265
198.96623716606862,118.019250263621,419.5738711145583,560.5832631227621,293.73319053111976
201.8501822994226,153.0077565911134,438.60166699135965,469.1287628007394,434.9020977963689
186.93519837313664,151.0562430828287,447.82546995117775,372.19050096718104,342.6605942967059
195.76298771708386,114.16215774969899,382.91677029940655,377.69489492558876,361.02091265757304
222.2098421872003,113.88685474253843,436.3467870589582,414.590945190484,323.2199234583412
154.59443150210487,152.718391453648,401.23860465291085,364.1146170851708,288.3512168435609
224.54783410266185,146.87973016394372,492.1775119275301,825.9018009913744,370.7837343461068
160.3235954568986,126.55803015583709,380.49778781415233,541.0036444291011,322.5274448421225
171.55212341069338,155.3397208628207,425.8712239966391,769.1861371829065,330.6168323927071
228.0922664569863,134.39931531052522,418.7667715255923,371.0541778700178,360.4581837517615
191.3977214820917,154.49257810260866,433.0644081523094,537.371177447136,322.69084497441764
164.7101179461672,143.76773368217894,400.32109922626626,382.93973058606997,312.8740660394262
159.95922893566012,121.4054880929473,338.00233306762107,370.8396384072516,265.4377042303253
196.83272484923089,152.36689430190114,384.7970204881916,856.177308614623,388.0955366303585
195.52973267258258,130.46006745330124,416.25016823395373,394.4120898861176,302.29549399505873
241.4146970252955,150.06910094207927,498.9910297879361,469.9523710374691,344.0859525260511
198.86652389154017,185.0240363688029,436.3773683178677,543.4475895000103,333.00553591374336
206.0888699005034,143.63080864759567,453.9440868994869,610.540739487002,432.54020673350027
214.70141091293723,180.26254122188132,450.03896506330983,652.2362140761426,349.64378584408576
182.53423742570294,137.01467690346462,492.92282655204025,467.8904074654572,388.61253530208546
179.70124104167178,99.83122721811222,366.88283482406297,438.3513144431947,308.1289372468237
194.6412979630419,140.14940582762281,431.2142977657051,514.9345141887751,375.3233458765304
203.16448407061583,100.06771361505487,341.3859866161366,501.00349818120736,335.31261245795076
205.67568836662312,179.77401340601995,473.6530262868393,500.9317634584532,371.8398468787158
206.86513373547643,155.6487701840867,403.4829828265085,488.4408731995779,296.28208509549245
185.78223475837618,190.7642899262481,492.69166569002704,687.1885513196564,360.7289260961844
225.4162543058199,104.27691311908355,408.80537122960465,337.99705171958436,328.3896038427398
195.23579389857375,165.7739040393304,430.25769601714757,558.3442941621695,341.1778787056749
176.62299788620243,162.48085362130772,442.3149992211919,631.1887475469572,369.93706856682553
229.5310762581647,168.0442852073147,419.5988819757606,588.7520158952208,338.1571178394141
254.74518682529592,162.87567906059635,456.95572233237493,495.2299797450717,424.4682929676314
191.10197587945734,152.6892217010204,425.3382918294453,345.68037076192854,343.68981269544895
217.69308454929953,108.33707786645103,407.14885601570114,467.4368606099466,290.1626003038203
156.8498742357744,122.92377187568604,362.2784070639152,430.1354071362659,272.73945114890546
204.43199549356552,128.71464971867627,362.53460182619085,383.67696059198676,330.3548332580108
190.66409991728506,144.11282598862346,410.22640636629933,652.2303299950181,335.29825409428247
238.2352369354502,112.00436031028657,452.19743863081544,469.07087036558625,331.8430984001803
203.21537439353907,173.48973223443716,458.8929098605358,627.9422236423417,342.5051928792996
178.43349071196457,164.74212721483534,490.259140282157,610.4398555990825,318.27399407479066
223.02879690718132,161.04115703718062,372.9604644048095,436.1679323632095,311.733145624066
267.6937890247548,177.59679833840192,488.99191875851017,520.8927959870854,400.5730909716852
157.61497246187358,154.93646801603694,417.9994913280356,636.8359294994584,281.0146772518814
237.83012471821164,163.3582363752023,443.62258532978376,657.6306367480079,295.009223927694
159.3338717645767,149.7038988453532,426.59304081722695,560.9222417421933,340.55687273731417
196.80557213193688,163.68263059264126,429.2064323690939,555.258839599377,360.2926972203029
183.23818672802102,108.4137495459497,380.5086021935021,551.9301408640943,332.03556676016507
191.65987649834642,147.76769210764905,425.2907522190695,391.15271407853356,294.6818791919936
186.14575777803458,134.79915475747197,413.66676278400445,449.4788521813712,338.4410916344618
166.0401841422417,110.10297004370177,415.34768761517387,354.9874672176242,341.5583612851481
178.7644435962501,97.20336969464348,380.277825685684,434.8365781584459,270.87215008346334
221.44739710424287,107.92027737171021,403.807625790926,509.09707291537296,302.4495308196092
202.77168324624603,150.546532746213,391.91869269390247,563.3051253641502,295.02930983488886
186.0553003144298,184.28061606031446,455.2569519520184,794.848907625905,378.21693264228657
235.138449664787,144.49531573084624,373.60590735200276,380.0568557886667,333.457522350789
177.9671655295204,139.1124860694642,403.7457233445049,619.8202941174579,329.0919311361315
223.75612083545167,132.5495362049583,439.0919649988923,568.7400014768992,368.88006249056616
184.34364429428305,173.74768966447738,469.75335355813877,711.7424977943886,361.81742663032924
205.70781509451942,206.96442472292472,494.3929509871522,667.6665955375871,345.7761501629344
152.60697542691852,111.75078741784995,461.58934086550755,410.40774588969543,263.7802292342877
196.28715443581777,140.86021388603612,440.8168952954458,781.7879952519331,299.26633102710633
238.5023977429675,158.67869421550145,457.7775790863669,521.639594780414,338.37040671667904
174.61827738049075,152.99259529350326,459.6527910154341,453.330810609789,408.6284676523152
184.75562096948602,149.54416641552018,433.9645078991106,757.057207582764,332.6010247941498
185.39901352440455,133.87105101931462,370.2294806626137,388.22551227214063,277.7570203878805
220.64248538942314,157.77391838616538,466.904121069319,586.9875761629455,302.97260022297024
178.75032876694658,107.35563676150271,367.5353197086161,468.4257814696361,334.9968991076916
172.16661523777427,150.62982264573998,379.7626288298852,700.5839031869793,308.7171286982144
163.2584123910991,161.40596990749827,351.81900488397486,404.1805317041694,298.50857388084125
201.9692020176488,173.46639244831132,363.6907847870471,583.4293856469639,326.3503204268769
205.21677328917497,133.83424890877163,450.1156573135024,759.4805790490183,341.1783419287206
207.87216697818812,123.5724469396213,416.3259265099221,408.8959953379722,298.3096016062483
228.39745426273697,133.30101340424423,400.6518770337619,332.46333464954085,353.9994426749899
238.49408854111638,172.70640012935286,434.6700554008156,502.5845025185004,338.549968887984
208.10602433708405,148.60064542226988,458.2400090472665,563.563091454006,323.8450289432026
220.2230405692297,143.0705317058781,478.17208514339575,578.8926210742782,391.06916271561283
192.47978528396735,153.4121639287221,454.9973959839238,728.17979155311,342.59717017540044
176.2640884967035,148.08621788475162,417.2500995100179,457.49620786774307,319.4046888371236
220.51094304442387,220.2096742463096,501.23587546631495,849.9154215262286,321.9154290446664
161.82389433215465,150.65742392374807,448.6697264456204,627.3273112298992,348.5902647377086
159.746644646546,96.09192719276687,351.63835156276167,357.40154997414265,375.8533577330053
191.08653186561978,103.7433751076857,389.64209409111,527.77115039273,336.77848854954624
182.6470678702255,109.39874248984394,430.42581248233944,553.0220105472714,327.65964591889315
203.23279453380394,166.70964483163712,424.43127640081406,587.5480638246676,332.19702065138125
205.22807787888806,153.93560972581844,404.56392590357643,507.60945271590913,342.7376216550334
165.3873399348067,124.08291840141592,385.91574979286764,397.55308317027016,343.62944854728937
181.01474268474072,186.5819826463395,500.3046694267613,402.9950956185157,378.6925472726429
204.46451851511233,127.52798186328013,398.1895230560793,407.51887312073427,369.8546976697957
250.32519475816704,168.95286589230713,486.22833540673236,786.3850972014026,364.97234505242193
201.0372586714136,163.3962706667316,371.4491201773549,605.4283685188204,293.7994010894478
203.3898007742438,143.99075132397905,517.2177408039876,574.8161080378795,400.52814067011167
234.20652200555827,153.01060425640568,434.12915220074154,418.18659846513407,337.2347562053233
183.4980698005839,212.22113424947887,519.0873930541572,649.3612060286232,355.28589333110665
209.3618036261808,158.77588514815795,464.30029335768586,566.1736880055423,328.8988314822385
190.47935691240914,194.02712512384323,489.14920013112175,507.74427466394803,298.8509586306735
204.21455749449956,154.1973823884109,419.80010644792185,539.9339385777047,335.5205462481789
186.47621813956886,103.46522242365319,350.2286675888287,337.1462230731874,270.28337769554304
221.8562405992884,160.590431501406,453.99693091737896,461.37277933938134,382.8323041213512
182.67681841471014,183.5441865918439,467.9395874875799,640.5921530052548,351.74917405665167
223.4190546362992,134.7685223928193,378.48774481077845,378.8932060508798,350.1277950152299
151.27663384399062,140.6195998250844,394.29980459287333,465.0878893653059,261.93976139843625
254.4596743058,192.46981526695055,440.23894923136675,634.5203839320484,339.3459061713033
213.38422366867042,210.1642416738579,532.0478948751241,719.6731673526809,398.3456912253424
244.7178723893949,182.66192572959727,523.8523444445234,584.9283906799197,371.93119166212546
203.40575306718782,198.1651343053582,491.7002163069946,852.8563390084373,287.0820447664889
237.55182936545143,154.35365450387133,460.15082853299117,439.91409024569964,402.97830775749657
186.4883675920562,170.11302728432503,507.32373519645347,430.89595594112774,333.9281698082712
212.6738192596473,171.37725306829333,422.8672071056489,627.2796883643035,439.8700264423588
259.27805141778896,148.1992872013756,429.46171258779185,616.4465420110297,337.5062264449598
210.24276339842476,188.67847457822535,453.50513388144276,404.39640557444227,345.2229293816856
214.44159315359732,126.31228664751261,425.65066019982635,581.6232515958958,390.1614874198363
181.46345248546882,213.96803810543167,401.3202198328094,861.1615865887264,312.6536389200283
174.10655026172586,153.73073683713827,426.1657362433253,606.8340854206792,300.21174825905695
202.56914584752252,122.33962150424611,427.864015774146,629.0898920097933,359.0378277935231
191.72544734189103,169.89282799133784,490.73064884220184,766.3331262542719,403.386254674862
198.73273626625638,167.08923593488117,438.20668063468423,518.590775014157,268.8972307009761
171.35360917871654,132.41269409813748,440.30280100843504,485.6146052841466,346.09430463826
224.99830720119678,155.10413744553665,451.983592140622,660.5772493850162,347.88221809481416
271.5111407159451,134.62934665852163,426.6408782840174,622.2965273791197,357.1915764699021
198.3849953222374,170.56177222362325,420.09742101727187,827.1659100224792,421.54025300308757
157.06652994040454,134.18654492440183,350.5822747932321,334.81796012026496,325.06340145802045
200.86782445259522,183.4075580681973,458.89899268615954,620.7323910369496,332.16640192881835
239.78922260889033,101.61027331890483,479.9022458718299,659.0390710487682,385.55585628299855
241.35702450201885,199.45580670112426,489.6474448807157,725.1415520412926,342.677623954093
221.2359312896681,111.38611239781503,342.588678361174,520.1509346019109,324.2873029182828
214.95729327969443,187.731583776677,432.45844741335424,679.6884368287223,365.7639010817104
238.638444541779,135.42419985825276,445.04872674530935,625.9664831213158,348.9846905160134
225.84840266530296,200.56574881748804,465.2799023984257,663.7785062850274,385.33449188448617
156.8827683455461,149.31026117246643,386.31437711262913,404.9929211605001,276.8961414134894
211.39469271518084,180.0279620737481,363.76506606530285,663.9228153847562,368.871992525663
169.18799815234405,118.63590807749321,432.5345443480625,586.0845167998756,339.59028349845454
210.87535714549654,100.71285875705584,373.4119126937035,466.18118547456504,298.0160440287403
185.50215352353518,175.42808028099526,462.2791947844621,521.786362583742,312.33451746467455
155.1571728372674,142.18241870539168,399.5696634401943,442.88991680648843,332.37738488823936
226.18683387034457,121.25598235339382,418.2623792234012,375.1409191281852,298.84435580410667
173.2077683686427,159.6115497088533,447.829967458943,538.6478243649892,387.7312414742178
268.0710629725234,134.97572118093674,357.68756771446266,510.6042182454745,345.6371362689908
273.0819166115585,139.25534319295787,456.40328962537905,586.4783783823339,344.9694719240388
198.38208924680157,149.0326083239186,405.7217295976875,548.2446118784973,291.1573293959757
245.1006773173027,119.9208068413968,434.1144236750339,604.2425911731859,320.00468987787445
154.19634847912997,109.45937675971115,387.17718875509405,408.9509377152997,347.44247490070353
190.62413444620302,217.96494912427877,440.434603370001,635.4074418872627,375.7207721811982
149.29477753935709,159.0367348809536,402.8613872855389,370.657691678738,273.6694166161317
212.79933972679873,126.16323199710767,470.7783564697717,371.71053040071826,316.62950907069296
265.5597380833199,191.6451085310351,500.3338190626496,760.8142170232455,357.41518351422474
193.36434237743498,213.70543507195842,431.9089667148721,425.68440974640635,368.2846176997269
210.02796328504252,151.02878847218398,478.47825516324855,389.82704463145546,302.83865033314083
184.1695638662085,146.94865076724247,337.73719843682375,385.7423148960562,317.14028398894027
192.97263811472362,155.02540898634615,432.72567089855636,540.4406665961097,392.09694719508485
183.33991623468697,196.53419772908327,405.3714873413702,620.5366524447708,402.99921319719476
221.02252407661624,182.58918696112252,397.64081481552074,398.2332226719932,299.2278725165049
186.58501645688156,144.3812486628926,405.5440454491944,545.8475111483278,279.38863094716265
213.01998106628713,101.34944900522311,364.97123729645347,367.3544132172095,268.7273584963789
232.83936352133748,226.64627425580633,457.2583901556238,860.670636046564,430.59927786252103
203.80858651548496,209.74631475856907,415.7399079899195,414.18093708166606,350.0234905328812
209.66878735697924,156.04089132669262,436.6968215027192,623.9529381421252,383.2242474009196
246.6306175967467,184.70539794487684,434.8617247707321,569.2947828412814,374.5333593307915
185.53740279502486,196.54050846417323,445.99930073785697,727.2784641382414,311.1490052823138
218.99304815763327,165.53848824823953,440.7126005039382,593.1689782877027,335.86995338544364
239.11986187400373,161.90209190236243,451.074718718111,727.5913243445575,419.5860403184571
263.5015423290887,138.22569027833404,393.42619798847016,371.3914355358511,370.4139921998684
215.91676398327417,155.3101486086719,404.26733324658477,550.8144622256173,341.1983601921332
239.8024418107434,127.38663391125466,416.1444526460184,466.4379612568745,418.4779758786241
149.76207295962516,201.29430823397794,450.51180042229373,696.4740752393986,288.3602077297149
192.16879653265457,135.62281782223906,353.2030779710002,328.9986912745404,422.7909779791539
218.71795718304855,127.5031374354204,362.0608531049473,338.908704025513,281.55020135526775
186.69227813915052,110.2791244296326,434.2057520546795,417.11870237035174,321.76621183723944
224.75026772014903,146.80196544678037,405.6681466417795,507.99745472497534,359.85599889320224
217.09275573506798,112.03063904002359,428.09065569083117,405.21282363684054,436.51687347640063
175.36993184227,145.7981613212892,338.407613549391,488.6706933798439,319.79712413877155
202.1070609188427,137.9460083386404,408.55527899107454,420.3117488462025,310.1709027487027
183.5107828373632,109.5224799619601,401.78492473172776,427.5652000257382,308.31265552889533
186.0136651332493,111.60780019370038,382.90308588655734,367.13720874638847,344.04009546629277
221.88394084560585,130.4695164080913,410.9923841083017,472.47086812466085,319.64302256588644
268.10726880670506,166.54572543124354,431.3029248492939,546.2897532554688,341.40684290997376
215.66401374168055,126.31442802483839,409.4893694018254,590.43596087443,269.96318763203953
210.58013190055016,155.52054237242731,416.3031871316461,786.2466021016644,353.0071021038201
234.9091465269562,151.30766954826797,459.0409583645872,716.5721951515501,374.02974970404597
249.35634876492594,178.0441847135628,455.35300546950634,402.2044666465119,354.2241264598176
173.79984279662293,153.86503907234763,389.0124268292162,452.02272345686794,303.0267294128887
224.22389605482763,198.9659162161744,393.96818025580745,577.3275756400102,312.8606751226036
204.95414849817746,132.04872333378577,466.2606806357414,461.85726710435443,364.80913627421677
256.76333214970197,149.32309941266942,411.7864123363147,633.1831506762891,354.3985484316235
182.96768240739993,124.78126646987195,405.37075217163823,446.3385165747365,303.58612810365423
245.3120979866425,188.91228523110414,413.7528017057631,367.64730344056886,369.0842350944418
182.57084127568956,170.56922398377108,417.0658502536342,716.5531631251791,353.2715078455209
229.84407328970212,183.658649082662,481.6481754745069,662.3093536336136,417.22597969134074
232.5767649790605,214.27980371459822,481.2666742619379,718.7287773406342,398.445652939555
170.12406045245365,123.72102573252197,423.694387822596,524.7568861703289,377.9255427383276
255.84167598881652,145.84529043193479,455.64077777201527,640.02153150766,365.3830051404221
156.76001236538445,101.13629477278545,390.0236827405924,490.34334800804646,292.6079947358023
185.13365617398702,104.50921042541972,392.46190449580087,347.503510376483,356.6124888465545
244.63244968271496,138.53088891916642,413.6529690416556,391.2918494899433,398.8742846498677
230.9665601869159,149.30663926948424,407.5635514901976,624.4186695110947,316.617830223765
205.0345368038871,187.96959833730642,450.3859443159892,511.2916532895644,320.54940317747685
195.8627967140032,122.79639088905881,404.09237060309425,341.0161400326848,330.61958373161286
214.704679332493,139.49819227059425,447.44550808890057,409.688650302509,410.312820071581
170.33216763082007,151.78241594079591,359.2271425471499,458.5358496564381,349.82495654215796
201.57713502972726,111.40209197672681,425.3525240824974,512.2123972163957,353.77264119169826
242.85202814685047,196.60669843307105,499.8309333653119,643.5587227337477,366.9072965726741
211.90332643039122,109.19453636832202,354.57658879382876,337.0713190040082,308.4955177590764
161.7271961324835,200.67404274246584,442.43268070754743,789.4349312118776,296.3386796216652
266.57153110099415,113.96032728046816,412.01500207723876,405.7413217251437,370.1990208508075
164.44943444866487,143.6058092107627,438.28868525423394,435.7400592272095,345.7177445991314
159.1279825731658,151.49386589458408,515.0735609701451,548.8096639015721,344.0664915413494
210.77959671616188,130.82295690043796,475.2331917508628,672.3792238890964,371.50652554756454
175.08270551176415,141.52007918707898,362.4819384510955,467.0103408239713,275.1219830940084
241.6146890151611,134.19770225927894,458.65048136859406,614.2831932661911,408.82326225307486
205.63379462296973,166.78268735040274,423.6259218787572,491.9318560768902,277.3003295056985
161.79120631002502,184.06190895287523,438.8970879700532,701.5564002885195,343.30156290572654
169.70688899027564,184.35919423384817,520.2552054935884,815.4438482864116,297.534027591692
221.03617078349728,142.28499185630432,437.3133058310179,406.8187908146846,351.0606472530173
238.8587915596944,171.91473203414455,542.389046501491,764.869825349041,355.69606746309006
190.58037470242047,136.2903570502031,440.33370374735415,484.42812317707404,283.3555970798982
192.10145834027298,135.50357451828896,389.53932014578385,539.2811195147005,416.32921353388843
214.60080349067317,154.70850017596638,450.8809962534825,604.3195609907385,301.9116108094549
186.9434277804748,109.36865464692083,395.2302559927252,592.7598984976,335.1474091858448
235.78724029492597,204.77620853588297,498.1068875944926,824.9934801203843,346.297759147563
226.40137809570612,172.86513162285388,454.32001030548327,657.3713788766636,388.3174614109249
147.7418021108811,134.92265452076242,406.0302327713897,658.1714500073807,289.2238914123605
187.6839313324234,151.62596810599607,400.86135694228216,733.6784876146604,318.0374192746464
240.0368568665481,154.81800638804083,440.4561970665254,561.9646863354038,370.5454612343776
178.5412112009591,159.12409687953323,426.5426806196012,652.1333904229886,346.7638809523728
188.74289243900498,143.75176603564725,458.51778696177973,665.1958477681026,398.27571521534446
214.22046084771654,139.45891281017782,444.43604340312123,543.4410644787479,373.57970118922975
247.818331979369,160.85443407684727,480.63741140526054,665.115456168158,357.6136468088674
258.79738384879397,123.11389629225489,464.5331660728907,410.1390777307517,407.37126990286924
178.24241411581258,163.70215084449563,435.00724228611256,597.4296113104798,306.2453782318458
208.87849040244996,158.88528989709906,487.0809631088741,644.738403772856,382.3719198732775
231.05667169197105,114.96737522374238,405.25937137712293,535.0398793771126,334.25947131182625
177.79363630204006,121.79224228376965,412.34823686149434,368.23020576892463,309.6994529519769
212.7451805247005,113.63293420879289,409.1224662568561,373.09182197328965,375.4788196163963
208.51882519273974,154.74627841722327,426.4391490742414,594.483422970518,425.69487235714234
175.52113315087388,147.57696017474547,398.6187751945886,613.5669631574266,297.1355530809489
222.30848836253998,132.20864659242767,487.8116563740656,788.2474998276385,346.5698945030645
258.9242642953928,170.89405072209695,432.1934006711319,586.7619159336297,425.45691603448273
185.4102745340949,174.7702242889895,365.2358965784694,438.0123390595549,330.1955603866096
249.48030060545491,211.71221734595898,522.0674847433858,802.4794274325058,391.9163793396062
209.85677451253807,119.71283701786214,403.1432947842648,546.5581557828282,313.24061496266125
167.03310751026646,210.37058450102398,377.9990375643854,473.0336532053222,369.6902641427005
227.32489120275153,109.62558919200265,450.8955484567808,582.1750120175083,422.8523164461006
211.22960219487007,172.36377621382428,464.56737903400864,791.2821318690461,418.039455789672
217.18479679320362,154.68682462595473,421.15853093557297,494.1611448885039,277.9504214315357
217.85859284795012,171.72638130418122,401.0905645772839,593.0120408220894,284.5717886809303
207.92044018452413,99.7155251932887,387.2780249775142,643.9167971670502,324.7352660487305
193.3450132845873,148.91112925204308,496.4653833110758,455.33928262710776,415.20072518877095
207.21047923500973,165.0274203127375,437.58858074073197,416.6164998953153,327.6455626389065
236.2147068035469,206.63780316222127,484.2132874174862,652.909927870673,375.5067551747766
195.3077936453232,153.81505142570424,393.76067372261974,450.38909886132467,290.1804469023664
241.99037287253643,163.99148481510153,447.5342496077116,837.4288007128232,382.3388180339563
155.4798531189437,117.4916145091331,338.28144815736096,390.40763746421356,280.91428705882885
168.7840229526844,162.5177152035021,415.5456951375567,505.29783968002647,270.5728983367658
262.41460702971756,195.73096981848101,492.14382291804543,603.4572979217978,445.9125091242469
265.6334880874088,140.60486787621093,441.92426246771765,624.2551825508036,348.22836995205245
267.4352309703599,147.10764337509664,465.92992214521763,561.8641305388597,359.8637577066212
179.73687916269787,118.57777900355825,352.41195194333346,332.1998031343879,262.83590083376447
225.26078860703063,125.99474618016384,404.6143232339132,475.24958626440537,375.1632010844609
181.43971854302325,121.37968587574933,373.2936421938403,385.96315376959353,330.07965011324814
183.9150724327936,129.68753573266721,426.70243638298564,871.0350200687238,360.8998848088963
199.16309265017824,164.43720231515243,462.15753418594045,423.3158361592924,301.3989574036022
203.13612478555123,141.01355876183777,409.45604543919336,372.0949413700371,331.59456558061186
182.4296415659198,202.17081347218942,392.98743122011217,511.56751697718727,304.8376461086227
183.8530462743825,173.6286138297645,441.9701168600543,751.0164519344329,355.1132648914354
243.98408751433925,167.5208583118521,493.44154515707163,570.5271605066944,443.73489309078997
219.2355374425464,165.3538880405675,388.33139258199265,440.8751875656825,347.2154479089101
192.5023666193546,146.9641897454612,357.8366445342996,444.3241526312592,313.9047551403185
220.44775193379928,99.34591468922466,388.5212123905852,428.52012928222933,302.5927200163776
183.2368955752714,135.99948431692232,375.2065559467428,329.26998596446015,361.0496864415089
224.1064125439227,162.0334327273662,495.1103330925731,581.4729086582122,381.8048857861016
233.92244459740922,145.37479489801288,463.0318348442117,512.1425940765816,382.18489955407296
203.50414596012655,169.7090688708124,419.1893001812258,692.6102499021414,367.100762194715
236.13027751024603,200.98459999448843,429.3290751402624,582.9784816171021,332.2877889945908
173.73860130681334,141.55644297697742,427.7139044140329,840.6626353160605,318.67619411029335
180.90900653883796,95.128861513835,393.42317841379935,332.53720239123396,324.82352488054033
208.58579893728992,199.57110748554945,507.0385651216525,565.6054360696653,364.4346599607658
177.79422573431785,141.3168313929946,440.5405718651011,682.0002263462451,293.5183189351216
221.9250557765529,152.7784239907058,446.5005237396026,644.8156230716382,345.61721086353555
164.1666046306311,127.4231951181431,376.29330517333864,511.35479233891846,319.3755517132034
199.9576385641041,138.50886387828922,480.7686301237369,676.423253680954,292.96410336338835
177.07787535354677,153.04762739942723,438.90252108214634,420.0003197814408,388.8367915958881
184.86640529455744,133.50994071835274,381.12262610414825,467.4053099634753,278.74399991347923
179.61788955153378,139.16844745475981,364.29210163032786,657.8762490987834,282.0020335906058
205.29258176862743,153.02910316524301,439.81310856030916,653.7248174998178,324.4918726574101
216.1493613719395,163.5887592656353,458.05415742307935,526.0794459793964,298.64848444478287
187.97978847765071,134.08722218718535,428.74611179611196,451.12451564738757,339.60055091682796
151.93750519306533,127.27876139628832,369.89113079458446,361.9660906293063,278.6154752294676
180.11846923010162,134.73259114743215,356.1899734172276,394.1826405084225,292.8607941587439
201.5684231574962,146.2161605162479,439.66318795059834,570.9647006614558,346.14228295933856
148.4085963663298,118.35472412011096,372.1245005740247,471.2153773446726,336.56949590137657
226.32278574795617,131.43025505009197,395.4427715587555,766.9389763100379,359.4831194333233
187.16349002242384,166.39518906730106,417.9686440442544,520.9745829880734,332.8199895844285
244.04501647216753,173.48739790302815,456.0542526566236,413.9904886719212,264.5969438961451
205.72046315965494,120.86649695128438,417.31718885957946,565.9719671186806,363.67214176349694
204.80161736413172,164.5327102065125,444.90900329843436,731.8072014240439,278.73020841818203
195.08331386330863,168.1812833742315,518.8766823276422,654.6994479881848,391.90702202175066
208.85980560183938,168.8313902073753,433.4898472250877,588.0275621448594,335.1346664731096
191.86739186312084,151.9406777699277,401.41168949635096,537.8711417974347,312.2397442542452
178.47062189776,150.3637058157684,438.4778064865883,574.7612631453843,392.86276649050455
208.7461137688319,161.07581219796242,397.95471959569977,375.69072012955746,398.08941199575196
197.46795378612111,158.20306022636535,468.7642867280124,670.467734372725,301.8497460987753
195.89282651181796,162.47030436240067,461.6019471064731,770.7915221027091,349.9914406830179
198.44610059717468,170.64668025356195,524.3832848932009,674.4091562854467,307.65592502041346
241.2199464412211,223.46533920976677,441.5029686171446,857.6798499713425,360.30066548361634
221.54385177925772,142.34047825745418,451.35517906742945,860.9214090589533,417.1529305245275
234.48479131418972,191.83387592916696,464.975687938185,809.1592827414979,407.4737728132559
195.64356690127545,132.01940139158228,368.6842266999312,674.0254846234221,348.6697240602486
238.0155795958276,200.7094280968994,482.3381830800816,585.3934104597606,441.6666706663469
233.28411282012073,155.69637789258192,466.8636404390442,401.120872578646,379.5716418946133
200.0475541826477,176.02082799696166,404.63012642825737,541.0189575449839,274.58833289018
215.47646983096755,111.43343777685268,351.5728080804314,554.9427799542552,369.5799094756978
228.79564305706364,141.37042330654933,397.91699368725745,548.4695697784722,311.6976965056618
213.7791300282912,174.6411944838972,447.8255582723137,465.7410952449425,333.0955878056038
235.19356459004393,166.1044192853144,403.61694783463213,440.85514708097816,315.2990277312201
204.7911733552896,134.21319858641564,479.9123442141369,386.72411084101657,361.9133437109617
221.3723993812293,177.29394824208075,471.5730797635359,704.4383373923938,328.4290349816201
211.5054692159414,166.39815840380436,504.4735426199477,551.3085511531551,342.1380008230753
198.93290471031042,127.1743345067412,451.2024034490705,491.3883001041418,436.2550542248098
221.30347609529488,162.6393356228413,433.6497145652596,569.0135317910193,353.68288997739205
222.98797835789333,135.4680468176281,401.2931717668251,384.04471619683915,356.1529200427848
204.88974442235823,157.5867260918141,490.9168636511284,602.5279704191488,390.1762435195673
198.05494383114925,154.66821999355855,439.6453622395333,468.3883744466741,350.24760192679366
186.0523859196909,96.84625868337251,387.8221093968785,381.7574111809753,336.4044211748124
169.1796550605773,133.09337557647262,504.5609351418137,671.1349108157527,350.7075337134133
233.74278103304871,125.90089367173879,379.6119660782721,453.7145317270943,331.01888404774456
223.704533265952,172.66628144684967,448.68462462272794,583.9476508778985,340.99023047682084
230.51344736865482,144.42984487899602,438.436982098566,512.2215680896363,346.74084337775867
189.8116700972802,166.15685185829366,519.4560245170745,728.220343039316,369.88675412088105
179.3789990734841,162.7389809406918,442.71074694050566,446.64484175017793,350.29702012859997
195.50644976097232,157.8891449117362,519.2949136873858,561.354295973539,360.8411900835851
212.86825851752303,152.12855785959968,467.9931432457953,450.1689664420555,353.6093966995111
213.9275595570793,127.99845648692366,477.9210393702625,651.1231568937555,426.07709931293806
160.6190940621633,198.09686265001696,403.9347482170133,556.5332348240955,293.11488003230033
216.0982798916457,162.3096876721867,390.629275408574,793.636429164137,318.93017212964287
223.36265425599257,112.50646654465753,449.11095262849983,360.9256951254187,347.41844813462313
235.27158873134945,135.01312635159698,425.18202584047134,558.0451941572095,366.10351653308527
197.47984986161936,178.95327019465674,436.34686320135387,538.9782692423504,373.52484855960716
215.21222615326602,183.37035556537674,484.04200255499103,702.8602529257956,307.8353616026929
193.4874323990772,204.8497059700223,517.252550036805,641.9058181929545,348.41919865683343
163.8802591437525,165.29131519670435,421.70560205619404,691.2022193626634,282.17706872794554
188.04613857285716,168.30177270778668,480.5288244450078,706.2017003154072,366.6213211538788
228.05345468171691,177.756393082493,448.8561804856292,680.3878556911314,345.40490405749006
160.25347021953036,138.2844173593099,504.54406847309133,461.22700426615086,338.10686521759123
196.09259853680933,169.51045375847312,442.48496281633726,792.0811525917853,371.1455304205484
260.897289774463,135.11985181848078,470.4412110810085,574.8879496254747,386.6398522006189
180.86201527285832,115.63771985228567,388.9509021024842,554.6899255237794,300.6465043165082
199.95518275011884,144.5934291822477,336.7755820371382,342.29098772504364,283.8880217365648
163.264992186106,128.30400143898518,363.58639883174044,624.7910400068813,282.3867201025226
260.1344317377687,138.6842127950249,446.8424649110866,626.2133013576855,345.6286804599145
217.65838894897988,183.0815052059831,404.4666781386198,707.1006296071209,421.95408438103607
236.5732474532722,148.82948120558717,373.8985352605829,517.8605523309262,349.8906530801778
224.0676402565632,193.19822539453318,416.96589069003636,739.6666021316782,286.02470611510074
209.66962331301818,97.33501924280995,434.1641600616302,595.2245029947571,370.75716198376097
212.48796491321636,154.3247247854686,493.88824436847744,733.3861970983531,363.44408694739224
196.92926063809782,117.66731330489864,362.4812593924228,613.5545232587867,269.5469040177115
226.34310828444734,156.6517746131265,471.3756577518336,622.7035803558837,352.0025776763692
268.5825612898229,99.31366114164746,409.4549814943725,375.8389532438629,409.89107400545976
217.8286592839179,100.58976350837618,482.8393754444111,587.4656424460808,373.6515941251187
237.41681142310216,167.71487283310063,458.9131269798355,615.182100607782,316.20713981403094
239.00818800889482,137.5851158703652,489.04642315264056,691.7666489617715,381.0374314586565
189.11020560798195,95.7188024861559,397.29372587128745,405.1362659900815,326.27611904179923
221.26359245480998,122.38164169054454,423.1447260349703,465.9622154294891,318.58888886358756
217.3792690701254,155.2273580585483,467.90898187212287,628.4538101036154,337.63894751158574
185.6013933665763,136.1754399019534,379.2533492177671,378.7980461683521,343.251944863981
229.5228065104841,144.9656011252913,391.08773505629887,384.1175021226415,306.8573074988314
202.87403205188713,143.39548075121215,525.526048431875,646.0736318985182,387.2403696901237
240.20374971561574,164.26562700325553,446.8774912454792,417.95657713121926,375.9191818577583
210.5302303519766,146.67496757276385,378.06716999944734,655.574536612481,298.6463466863298
189.46173135173902,177.49548622864134,371.86559206655835,495.37051594898423,337.6902465137677
212.3176607664489,124.71227184689695,350.7277990927479,348.217465035155,320.9796371922158
195.27626777131147,121.80839358092645,384.0606177996077,523.1655911709735,324.29566733833855
150.92115236923306,124.55591140206795,432.0589464178009,339.4789184843831,310.29493557944966
184.56794716452634,152.32622886682427,433.1105889897063,577.6487665715508,419.43188817901734
188.92247786754766,146.3815698816807,414.96693485389767,511.2705836802427,330.6542770552557
227.12196466945184,170.99692874067904,440.68096089696036,709.3790776225565,317.4699607829767
199.32589233859997,158.0985443169223,372.0371626807589,530.7127350764111,319.8383996815196
193.5370496856332,128.48552330604144,409.9729757294866,604.7220235457446,399.5129020411088
221.38189113017955,145.98062339647404,440.29542791524483,504.29729581503574,335.773805109656
203.53999003994346,169.2568672254996,412.21308284139485,544.8088297695299,309.14186194417607
202.35852426390724,126.9173003444224,442.83705270701535,667.4613271860472,333.18223343831147
179.85121221078765,123.58989427763625,388.4383790351667,478.6619248660356,331.0335928888598
233.10639828855,217.4707259894465,487.3677174349929,453.5601282460182,350.4851276642222
210.84705846075315,204.26592223415446,463.39309786508477,858.6658625618365,388.09197515873115
201.82767086648948,122.09792442832789,459.15311677461335,581.7671731010399,368.8934158602909
226.8005766666066,169.49691616217603,413.91297562412007,720.3389864862963,362.5164587305177
218.58498964227084,178.7781078415177,405.20572899778966,354.77149244322294,298.6565583280492
208.5699019864675,209.94607727828122,433.3270782983386,754.714652572702,315.2691333641304
249.40626476811136,150.49736384112333,449.2010672884243,568.5669756553008,375.8198737241071
229.88288041394142,183.76808290043132,405.78605524803584,635.7604712044318,325.63176741046965
225.70487539327465,171.30879285792258,415.683926277976,695.0844526766779,357.60798630812434
205.03072430221596,133.9411716841091,452.5774256304326,765.2214522201847,427.61952640750656
240.69565627077293,162.26065807624406,489.73033807188403,728.689808258945,417.58774084447873
159.1498953100641,158.30223729174446,370.15172926618334,676.1727371879974,275.0553914977144
182.07456372234589,130.54109547738457,371.09291668115935,488.766886126802,390.4748045161621
213.27736340758543,206.51125978638163,400.7947966880182,711.7036056535397,352.6613432149621
178.54657295392607,147.36489268794367,454.671576766019,359.3571267057071,326.646790660738
193.24821050100138,115.32897128487821,457.1449760407695,380.6993484268478,266.71791217314797
168.3762128937131,135.34269899062048,422.6948266412357,573.934161113537,328.52297197240955
199.02294061749413,141.2649470692361,407.1644255554826,628.8884355748107,438.21000004257695
218.0126656218972,134.6978989091741,426.6711862239759,514.5799806458689,326.53349627237986
273.5392147035578,190.30165790881716,540.6798742726071,699.5806550710028,368.76873108821115
207.28316327740336,134.18162775268112,395.73517541802966,363.8831447793463,327.5467512441919
199.05618095999935,163.24890205972935,420.04032094345945,577.551571913763,374.453349190968
203.86815470486894,170.38775687665557,472.30987203332535,636.8769701564369,371.77586866385417
164.01309288637617,144.5155072261499,409.0633973349162,473.30062632112566,324.3134822492221
207.08200655738142,159.8164080835035,394.79590218045206,560.2269874549371,320.6754246593334
154.29757049607835,150.7178552014064,397.53377538580486,481.6092263100122,365.5568354857802
238.3589821015898,133.16670670087302,389.5512773129941,430.1633472702406,348.81470084482044
195.2781514291328,149.4459468846395,451.9175118624231,741.9024291904665,285.50483209771147
247.72653272992324,118.65800344418697,409.0723673786789,684.7797875091794,342.5010405144039
204.8616441117241,146.65197413281265,384.8891152862735,537.0813962073452,346.3628157664233
194.63353506641806,96.39009875183567,387.02778974705313,416.14634675778683,306.40012850645974
196.1149270585163,117.29206709388556,351.7363289767911,486.27840939523975,351.64613110944504
235.08497830450887,102.55090573271858,401.63244296886074,394.0999011521808,364.3927875650571
210.10675876402848,179.15044280066942,398.2961059887432,625.1528647703146,391.21177044895325
193.31193684884616,137.82165983142315,460.986885216429,508.8136687257398,314.4103085725684
233.16840986747957,200.32444323250695,533.2670886447517,799.3015167412608,365.0750440725544
200.43865615620453,174.6989207300625,423.0278403131377,567.1531878809064,312.93891674642776
183.50182136907588,172.70697004753214,427.8268073987404,712.9491624593745,365.15589370896225
223.46364474335041,137.31119312653593,420.0164612570143,620.802694938051,345.7065333275543
241.1219020819615,167.8204619619525,445.3607553720174,452.4513885297522,341.2575929348734
218.5645922343919,154.55815326324804,401.2948867548442,586.6257925730714,307.86985305403437
218.55354693268322,187.06157575994732,521.8049159901691,873.1212321917088,377.09052357134647
188.39749637043099,139.2081005806737,473.35828837791007,751.1033153512208,331.9983792782131
207.59079275378883,204.625726587541,447.4487284001354,849.1077560506038,380.3367153377089
231.33057979132255,150.35950317011472,486.53220466946885,734.3061359925126,301.7952356224563
163.83401514852486,132.31705996333397,336.6290513621986,458.995842671597,314.1921843125156
242.99920946813845,159.5594745641968,512.3287506858799,706.5878017133997,331.6621325195926
219.11063112274175,150.0983334458937,437.39289277312105,443.6898037551326,342.80116776254096
258.7667854885641,177.41129921371632,524.717041357082,779.0404233950139,431.41988980985354
207.02957708472795,191.7591055312706,477.63618514378993,733.227070904086,384.29290949358005
221.50858299977202,162.8529005133652,424.0474183706742,492.1071334008631,361.5863462047431
173.6703603890028,141.89212483211543,369.1816257708169,451.1817934846987,378.52887221154907
196.3378195339486,167.0899789904493,475.2554107300594,602.4768545510728,326.05398015927653
233.10344224805905,169.2739393658848,477.1710780460244,769.3026863864214,310.245632707578
158.5702341029264,98.8960101022673,373.4629058091901,359.01249730159594,317.708910999629
199.88469631298716,132.25260531266173,408.0140532655397,674.1384188049105,350.77630937824154
186.43361047806127,140.6032177380581,372.82888976407645,446.0527460688535,367.1263977591841
193.02391593914857,126.23870666218804,417.33153669288856,467.32427054498174,407.45523374424744
214.42388864201382,133.902530710376,358.6179144024629,335.85848483630906,305.5526928338488
214.19672771243026,156.78515636176246,423.349539604918,506.20983560809935,347.74424256932144
219.7951586457411,138.20878359590102,401.54228532213887,661.3542637105191,367.10394579289573
237.69236267782833,210.4420618282159,424.420563270738,403.48291185994964,391.63956302179645
149.3629369713911,145.34712381668572,424.9580364183015,354.47726003462634,357.14005980564843
275.22532107190113,140.20099877936,496.9215961263541,562.2222928342392,342.5818377694943
203.3576809895623,144.6940097619211,489.2850767085306,387.1511561862597,321.64069449196705
254.5509675242028,136.5844123418395,399.1345128043246,508.3071600553181,404.65821371311023
194.1647586437855,134.75134387731936,377.1970832808088,344.8058109850721,284.1657728036927
181.29601461208378,114.22008410394345,398.9275388004951,384.8596299630897,342.38416845826714
194.39554405119816,141.2355829446656,432.23419867455385,608.8841030806261,420.0696577316398
176.68403427118045,125.52883641007668,334.6601194598892,625.3371419455466,349.5148961481322
223.0500073307511,132.22849793723964,434.0720404128972,353.7495233410841,431.15065437241753
165.17515791547945,117.90081199791787,390.76149279809255,492.34409656123125,364.5413919842266
172.63695517090753,138.53419876968334,454.85445823588117,718.9953003726563,370.8133111558542
256.3290645435316,142.562709045696,440.5445916935132,763.6397881284202,371.80332798511586
186.31907018961505,164.21711317374016,372.1080093382133,472.3492671130913,301.72671215498605
218.74177699288035,179.7638285299783,536.713656676634,607.8721990787114,344.7958222812849
181.01891566122208,149.3632302214671,433.7385894140269,538.397846802732,323.4360038158701
195.30128596378938,169.60293774589485,446.6753824467411,613.7479439323587,382.34515840181393
230.67663914008304,151.2495170032405,456.0703865731982,662.2891207578566,391.80080161562717
210.54476327292033,198.1563899094046,402.0192552601621,791.6820521864103,343.07339053644415
188.33971393198942,157.06663576776256,420.54809822375677,604.0437115970315,289.393147610806
165.98012203917946,183.38628832097422,438.4436407722724,766.824437952371,384.0517996372444
191.44940812127948,189.4282823048449,484.6606052823304,780.5810724175461,288.72011168337264
172.69437009128785,150.69181348128865,397.69305301553845,695.9602184285515,300.0132040868147
185.10563440602988,206.8682427392823,425.6683552207051,693.3630890159527,419.89618667442585
205.7988992750633,123.39467950701503,387.50362249103296,446.67562386966483,359.58765918057026
189.62842384244783,196.5254155624228,444.3420143810509,581.8024045107188,410.700816019425
214.41579402083008,121.01154640392399,417.64999623810985,429.96043789859755,330.7368459768474
185.08251090678917,124.58266328598626,379.7795586935188,392.18137506385796,336.3711774033226
195.69108090154654,127.66117872465009,416.9484691022469,422.37159903007574,325.7260074224522
172.94477354828294,109.53726150801486,411.59290542705924,385.67098907983683,356.5576442973327
167.2195584476274,114.68499868013936,381.3284480441339,398.5161739555103,271.4434782862017
213.42079304467327,183.94189449475394,395.40406288966864,688.9264957656374,356.2937674809516
172.21816565348468,184.6895539823917,461.33499499829475,803.3411045627004,376.86855251950647
184.5004766672676,94.90969969007347,382.120685460545,344.86557461427805,323.5125623089654
215.61472517854855,172.53065247687397,474.8303406097122,851.8688046000957,385.00926133291506
239.39428392686625,150.25117141187312,423.40073662296953,453.3384844527343,328.6897869391214
177.3657367699369,121.63548669585438,374.667026620159,411.137914511917,369.0750509935209
208.72112246063833,116.17755591311109,427.2674708243827,421.16488987506864,369.8155652585683
166.9831678778226,148.93037360296378,443.991807739244,453.6727193862262,378.416415760766
177.3865363664466,210.96462639103163,379.13064235925833,393.62170147234445,283.12504403652497
191.12740557540008,166.40722385064842,413.4323076081424,623.826175172512,371.80688251008837
200.36378341468787,129.97535868337368,434.7065882294861,638.2010392910192,362.8126237018125
201.6738942797799,130.97087713463523,387.5054857557055,374.2609325734297,296.70208921558464
180.72960875647476,140.02290975776964,431.2517853211728,595.5164056490183,273.0849223404548
243.53825908047273,165.19423634226337,504.3227478587575,568.4216772400811,369.26685130625833
243.23390917473787,146.26527627124892,447.0859730036331,428.4801793792163,373.94089286345655
177.77386932796892,121.34237660928055,385.17681286264315,474.153936591671,354.24871642381487
187.29981191946243,147.85362913702036,418.5819957792968,629.0314176978721,339.77789770268447
190.32844168301415,157.66814877678186,422.67437324136785,457.2429962424167,369.9610291578418
191.44996876979096,144.20840837834385,406.081169142735,572.3215603272897,315.5901491077896
210.644046505815,143.6661803093911,417.0159551784741,353.49173754990574,406.61627577704076
173.32826794939973,166.92403014658993,399.38454409908377,598.7146328997799,313.2665709413184
159.99834550497937,171.9973203437109,431.1969355693396,567.9194762984401,350.28205779560824
214.97344415215153,125.19369761774564,328.2383970247006,390.08017427981133,331.726984863501
256.7173308136443,119.59258764349534,462.50873308870706,487.733789839257,344.27235790631306
249.91126224740373,153.67948477425713,406.32173152250715,672.3310623807494,386.10557642365836
237.26930992870183,167.35055509029345,424.68498440960167,579.5240457427726,359.2300719531596
232.99158599403577,177.89317816039684,495.672277684484,608.9851074897915,305.92230821613543
184.61049439820695,171.1946311987072,405.45790794430434,554.4546917029174,342.57125113245024
185.00889672722263,126.49201042977208,435.8127916345572,529.8005210082553,397.41692987120865
196.64999787744065,176.17546862136206,455.98239604114997,578.5912763027154,371.4674557905115
202.2559523532626,118.33254442425685,363.7496409796919,369.4647466284931,312.1172861476007
232.48404830481942,114.33328581174543,388.8427571484734,381.1097838986145,336.5857684477505
223.28877970639851,129.62119743390124,458.9094106855157,531.3408270908125,365.4844496019907
198.35925471744386,115.1698079116786,393.3090624415676,502.98118619352033,270.09299148265006
246.3856255655419,135.03012830008214,406.0730145787999,543.9645090237926,386.11471864376153
163.41273717911898,185.1999359943552,445.22264804492414,447.66622779281283,313.0346192324655
151.169366161498,140.8091857488781,416.3511827057423,397.9718022908777,388.25498608562793
228.01980890410485,112.41275834759132,417.4250086422131,486.0115549064354,427.9050613556659
181.02471278827926,132.24332355290477,391.8883560328496,468.70871305486037,329.64374037715675
235.36074587871346,122.7713877734308,457.5496979786881,456.5380690710908,330.0523400862385
238.31932155803122,149.33891067941272,435.81007519505556,686.2722246565294,369.48564782841646
238.64609317558765,140.73894778161642,414.01573317291707,479.3854398493323,381.8537225925999
191.73397400340778,142.00731811716778,359.7569417740459,433.5213320121092,310.55178839412224
228.91965399334208,165.623797156057,407.9520069347263,631.1978721760341,345.1812407832899
226.89556752852263,116.70349177395958,473.32438896923196,617.1954589844887,346.61793982818915
193.43598149470583,211.53043117601868,468.26828023547756,589.6142857304188,398.984685859906
247.27507905598398,144.07975385091873,446.14306008481884,680.0141731892329,357.30098274690255
237.67451728715469,160.8711953964199,445.6291589897065,485.0361108368055,370.1531773179419
233.86243085569726,146.12087094249296,512.724768052128,514.7796131281775,380.01880250391326
171.4214793989963,147.7149274235495,468.53237132848284,679.9370723454587,303.47709372664735
203.2427766442393,127.57062582937411,364.42283433464195,425.7567762939131,309.8569281841949
204.26673481130888,119.67868109903308,400.58987237583204,474.6048187496226,327.2647512474797
206.8633403644708,155.7876559287114,460.2444948527784,655.1480548166703,344.85875949200647
217.99272464548662,97.60300582192143,401.98398428224016,400.6244609598642,374.9424157214826
196.2530806202401,167.54135706150154,421.21359924522955,637.5571434656655,273.69644949058574
194.7184142776936,141.30310523472377,382.45317412988675,454.16486883206454,397.0453066508217
215.42129106415229,133.85211997066918,483.44590350719596,533.0104419953668,364.61555664311464
197.2840419094455,144.21068624499557,417.3850735662484,575.8216140770257,313.41209469344375
232.8078551916736,173.6901191413678,463.3633078647716,707.9997100740077,384.28942141178726
203.01686201975295,135.85027209094918,413.0081601753942,481.99000445964356,330.8787413978875
241.52684242798497,161.71573544702736,434.0345453558146,607.621206768533,375.38232342455854
171.80660567441782,112.55902377169068,427.73293070619883,432.9074473977123,311.12476350158613
214.6585109794421,122.17648322355774,402.94838828544664,437.01107946359633,344.24465445515733
159.6146356457016,123.14005244279467,430.44807589191396,526.9720475647393,374.65353467972227
242.915180370195,158.28194758789698,494.84861588941527,700.1753576748947,379.37643345037816
236.5765486413741,165.14470155282098,521.7028561040097,721.1054778059073,407.1126608986679
241.5302640780553,115.49106848038355,395.4115895010969,627.4207784504209,314.26163204026403
167.0398241431091,172.59629720453256,385.7419266762762,547.5106820768793,341.6811001724624
252.71808777284022,106.21673184950961,399.1513337888288,575.3820281879845,356.5645607944444
188.6978108807086,142.3957382708104,431.11041485083985,607.3157163109709,421.05566876154586
191.45032403137174,169.3140107003656,454.7580647261631,603.163653811078,332.6752335509738
179.73969510405496,177.08634367800283,467.55777042293084,710.4434851423753,360.4624365768055
197.03110375256978,126.46936260449282,436.1671814475572,534.5747374682068,299.4977819015869
221.32007471737484,148.43467617881092,441.70160557186034,440.24257284526783,312.84398303297684
155.73189934370356,155.7226267818301,439.8805011100439,527.0805739100342,328.22694550456566
223.76681642358687,205.02526951966172,432.9292934396992,391.98583009479887,397.7174658683507
174.87399600836363,141.4958961259514,377.4400460907177,542.6087986627115,298.7113624478872
219.72624469296636,174.144419568906,406.31480212294156,622.0829423950464,342.17424580992537
201.09778206843922,107.72437002509746,382.759423038762,354.57278765658936,274.1677634247575
227.7558077368722,178.61753560655643,436.1828224346505,644.0665583841229,385.2030984660569
196.92250409547955,134.3288238591481,446.06518656302694,623.9314153695477,378.1754488824757
217.42846047300733,162.10003007224205,419.61098686455296,531.5905768678481,438.28554632967695
236.86589432487213,186.25286731789012,524.9033218653782,856.0177200414997,424.80899538078523
200.0413369053935,129.35395301223096,412.02916472972686,638.5934394979253,366.3637221592766
163.70602203615485,172.0735958891747,389.1006316406146,478.66671559277603,327.52002144596986
226.73388731287085,165.60112116643322,381.54718382410476,563.4231325566486,322.3668335752639
233.30244862755407,173.1051142419406,416.5666078213648,551.0098108969847,359.54256078047666
217.2316939322483,123.42452598141456,465.69539656995886,723.5341352034751,366.5666394829554
236.87563136329942,170.96381409071776,463.7939662500955,532.6767535900603,374.2561678111815
168.89865419749896,138.74746813538266,355.80289610807125,530.9876742291337,396.308178586043
194.7051501618194,128.10607642132507,330.6547709183103,566.5952345392078,332.67075124409405
162.42847944140516,164.9010248662315,384.87249365016635,375.653535213712,361.41283601578925
184.01160922023675,108.8782889220326,432.9066831501661,426.79800586581155,328.37902687813994
172.3854296413221,120.75837451161898,359.75224560362307,520.5510409268384,261.8488441839217
199.01522271897534,165.8344199581443,413.4425615069008,440.00088738633224,365.85855651088406
231.4114693423518,149.5165004372241,482.8693236758862,830.9631479924099,405.00918896244536
199.8681113097462,153.34524485897003,403.5410260854337,704.337064602582,406.13310057852175
211.78447183668695,163.54593271769235,518.6553236445966,529.9493223379528,379.5901739955943
224.46847462257446,141.16460607925964,480.6672764976983,526.4495415610281,368.85506675932766
239.76206264169386,143.33703341650943,484.47928649744955,722.1505927388018,326.77493349738813
235.23144344977555,175.47803433009224,482.4938680451831,425.21229610151687,383.66221648920583
162.36184138943838,171.83937943966524,442.03746032688485,426.4790714468729,358.6123296840964
196.64877139241386,119.26661847312323,368.84797631326416,662.3932512086111,355.0675430449557
219.3843962554776,173.8434460757678,510.8209998747982,524.9186359192441,402.3643194965048
208.21403940375458,100.00220805429733,424.74484917642746,512.2659705141374,331.8554128928835
229.47421806172883,140.22557718198468,466.0857968915773,665.3580010136545,284.71643534960583
220.44704055307258,173.82599987455265,441.88832721604774,687.3783089365119,356.5233386062831
177.2227278181386,135.15996380465907,368.18050684550025,333.08839331577093,315.1517190228053
234.12917484781786,165.8886738110725,488.6487838002532,521.7037457023807,357.94923527062633
195.8674858002339,164.57641435511098,474.68487337975154,733.5805756830017,383.2303155869072
204.99783814613116,200.34837039497924,448.439594798225,717.2475231451363,340.2491059382668
249.21249815779487,224.86138124812268,497.7200875048098,675.1679606137707,326.22927062761056
173.71896775891824,132.14140535057504,423.2411877315162,668.0262464851919,322.0724030199501
183.69367745803288,210.20421726468766,409.6579013886059,729.9061867255615,347.6081369381439
201.4864738425993,144.54309240332708,471.6084693776722,638.213757893272,389.51467080019165
211.12310480192198,122.7963779488707,450.29184103390696,463.6226254633757,363.1778335740545
202.67516783362092,156.54288066336193,420.5063673548392,532.4890368173822,375.9471555380807
222.5298540123217,167.2077269526759,458.6353486186777,607.7692022531297,415.1226730410303
187.92397256433546,181.65033014255147,436.73798301824144,414.0383155472716,339.782500204838
158.65169342167968,153.53593383731496,429.4526082442116,501.78957830066156,326.2434970295042
217.52531815972438,162.6718001873849,500.7471886479374,757.2481719410845,393.27628243430814
220.47364777892497,147.41848238534863,493.3366887512414,815.2664008053276,371.8685391573613
178.75639462722054,160.03208414559555,461.0114049560733,575.8103610441851,358.45401457171107
217.0757945965754,187.31355451742138,479.820706195311,629.376748901284,363.15201406590796
205.0852230492367,146.18917956731426,469.50330954088105,551.0503484951411,320.42533503596275
228.63949644646675,183.497733772346,434.6076555032115,653.72918717965,286.85647666861814
221.95992013158173,189.83198902069518,396.42970855097724,623.4644441502061,336.88146087235543
225.30612792461895,160.48186507555064,462.98869273344684,709.1805106396432,334.73434553465415
238.65085182948246,136.4679348701475,498.27140229884964,431.8526556457235,329.84325534349375
188.14508908327053,138.02652415620167,448.98082307294646,456.92516433792923,373.4261665208446
204.09251125499856,163.242353971174,433.55015714700204,432.5573565359227,328.21377578865713
198.46947186062627,149.83906477744583,390.5486045329349,455.4935098271235,334.34078584200455
202.12219847197042,157.41031500785527,410.92491550619206,469.07059485543243,395.5666727126732
203.36593577491627,126.81340592556529,334.2823334722024,622.9761829898099,338.9802815633788
191.74980429358504,143.67795220719228,519.3304990879055,640.9364162517286,362.1738288356412
214.7364850997152,140.4108544402313,397.6557531868519,552.2481629287382,350.00524225890337
204.84173025430974,103.79295341505414,456.05759128376246,485.0557006816056,353.6086273283049
159.6338354032956,134.60380368551293,395.5685141698661,614.5366612542718,381.2480672569866
194.3485467674965,148.5281715330588,393.2080767785142,630.8525659362565,404.5406096499445
201.23823902702512,142.28006388549264,399.24228622982605,535.9598370586529,330.65933980301736
217.57525449842288,141.40538844547217,369.57568063324373,622.1095981212877,406.38680280385125
208.91479824003386,161.07377252979427,416.60151205667347,528.3095766326383,413.1274398258195
199.66826203223107,179.1397535167787,446.69702295651723,553.4545885561971,383.53350183131766
235.87823760315777,177.45467688439325,462.39762428952275,606.7699945366971,328.16417861393876
211.11130058639424,162.82030824065794,411.91775195973804,373.200682153692,291.65218312641156
259.591152912495,137.83715001838488,459.4295112271233,683.3977155679852,382.11363099387387
217.59382113719352,148.79985227411598,488.8148150263027,416.2661894718939,350.1309886180536
199.928083548977,148.67605453985638,450.25524447018915,467.4897970948132,336.6572649449147
233.3944334543792,181.06654332819403,453.9765923651612,533.7323764954031,368.5503813925176
218.3945614093079,124.13055078203395,407.1702329404664,577.9438097399815,395.60487344946694
176.70959698907376,140.90160760056966,371.3065709265636,464.1853399841806,315.1781330252198
179.9190194114516,162.237553373449,397.5054245146691,444.22108794130696,289.0254397834261
171.89250835066542,150.87913988067606,461.9763564266625,559.144888444283,332.08144649600354
172.6571448558364,131.73215365949127,371.9317318758954,540.8925929058613,292.9441456317968
195.4775829631074,151.08049339945558,424.01491304087335,523.4343071768809,343.65953905577385
192.70506790420734,129.38094283868068,394.2479259045629,381.5951816077737,358.0400143006057
210.49735012138706,160.90379072449667,415.482912011848,621.7675885058225,376.22952391271394
195.56204372114877,142.30273200493463,406.56730470380256,451.721778948865,336.60961513874764
212.75970479784678,179.42391388808173,487.5567691916967,828.0918673281279,415.48149047576953
226.61044818513798,192.50455490182878,406.239524242455,599.8880325343068,336.5793589795346
187.07666618733893,98.98087091704748,383.64940556448005,758.7679306832998,358.28352169729635
246.15266688118655,134.4188084693058,458.7283336158469,484.24440937786943,346.2589753358341
195.93545171562252,138.78413855683274,417.42601451928016,623.4581165931061,319.45944684454196
209.60608464425044,152.88846980324436,423.70945489857684,667.668148026948,323.27959383181735
206.1073741627462,152.6532498350429,409.83691854727994,466.083110388653,334.34404136050756
231.29432520353464,119.08249853273314,429.4702056418652,563.5393792318777,367.81268114588664
166.30361685421397,136.18866300982938,408.9794242362161,592.1546678260836,357.1783998921959
173.05029960581726,108.04248109414876,403.5538996684706,553.6405201971922,357.3436980684797
228.83566238490167,153.86708100231658,425.9019707336775,502.216339929106,367.5435546758058
187.0128447698131,170.2775418372914,502.8116060803195,494.258588036157,401.4848981141376
227.7508395433821,177.8469582608842,467.7942295303113,667.7972041016521,371.00585420035816
218.10145552258382,131.64155469429005,449.6249741490685,666.3996341543286,368.4672560174699
248.61120112772082,169.18158415480815,443.1326937091118,482.5661122027782,362.80807007058286
171.97698619659897,161.48334572601314,416.148488368756,558.8032056689975,296.0219679746318
158.97969831809755,127.87706383117299,420.8672365050591,683.5996855829794,352.9968628504207
157.96313315923172,128.49181286742635,406.1971773147442,470.1025484117994,324.3578831770391
251.16414548390108,124.77865892557307,405.4801963873348,568.7271834494404,338.78562824656643
221.40387343989585,111.21048281199768,412.34180836810873,616.1656581323473,352.99405023854337
157.10460248711806,152.3407957786685,378.56203172061464,643.0316977918769,322.2549992719785
207.3778529244367,140.85459187384237,406.38297226569,657.0071267231866,370.0144430505597
232.26976094058938,148.65976341801297,418.1247940705315,772.4730552502982,386.9480751936571
230.5467796500475,182.40437023824902,436.2387938367964,584.9763569414093,379.7978169569833
234.86242655572607,115.85541160328974,407.04721708981793,586.7331826365663,316.0625453061336
211.3713740738457,140.01515987162972,468.9335078924855,561.8633255521966,390.6503236781041
208.92900898696837,166.59168144956985,403.9416249358736,399.48169300615484,326.4465900111674
190.76320222575455,105.43100265959777,369.63047445737607,359.8259476379988,269.51743701758346
192.219308376005,140.84025323107866,442.31103741138514,556.6261505976437,359.7865143359728
251.3911872077961,124.67203025163299,394.41944789370467,657.5013464033585,355.9193304340902
223.8468874374159,175.64168545932256,480.99276309750013,734.5333023435414,356.66709574882844
248.9615459432169,111.28337938854656,420.59102379317466,561.1406896035425,349.10418327131316
231.89102699557156,167.62886398628623,425.1545961107442,501.75955741994267,356.6208265633602
194.98392981950653,152.13220161320956,416.499570808029,457.3410964724578,285.67283432137214
234.4546703592572,197.72796466841297,460.7911348009232,861.7730669567052,356.79825945294766
191.05162482458724,129.86880559581527,374.33095778382415,448.4550293172205,293.4110649089271
185.97510280974953,119.65559021731964,372.48585421689967,592.6056659511385,309.50944975550226
169.895990316343,117.63916187037117,344.63374862131093,450.5156098140391,334.4901076331482
187.1082935435977,125.16352739212188,392.2884946263571,405.4565196337243,270.2390094139613
177.3308056155829,161.72280877416202,448.48648087732084,539.7500560637575,330.56058347207335
195.8404726135524,148.53843819396442,407.6629118234097,533.994434061162,300.2175291692778
173.86960781760223,167.74815967406448,421.09021143013,416.4841062536602,332.74516699123006
197.82257800426797,101.11525286724451,401.3004311819632,587.1882884356169,329.81817421137276
233.7876261941136,118.94865970016725,408.66295435607,364.38094127788406,350.6360219744871
208.82674081408553,119.76299314755784,479.83412344562976,693.7507480315879,329.8863461086033
214.00817234133643,141.42453249872392,398.6383151900495,509.1962190828748,321.9427735944879
177.47302240824564,115.94484042960737,401.1742087929449,458.8781533992186,302.41719403771015
185.60256763014823,102.00858603385778,379.50913778736987,409.1374560806621,379.7325383748046
182.35106161213434,164.28693064359788,443.98783962659064,856.6649003134748,330.4037474988888
198.28028147059166,152.4499895627779,423.49157612197877,429.56096244945974,343.7521207039857
202.93853849993636,122.70199280802808,402.68616783708154,408.0433946598603,374.9025216347427
168.2893868035632,115.97091768679144,409.4983027470627,820.235996960661,340.96590717906423
211.35601654007107,145.67460858456215,464.97167838699147,490.6022916816432,376.25346623446904
207.60630246369652,156.77875963963473,472.95185756520476,829.2538958611012,320.76976005385603
177.8420273871818,168.94464989426916,433.99192116791664,512.646290997516,330.73691545062985
183.1282330201925,119.55661624450457,393.4923087810037,449.9086343010505,340.4917963510353
177.58412087429565,109.11348557625038,408.39085875765164,379.28528425716826,311.15473657434563
192.1541453173074,154.7863220210876,416.6331461029747,392.74915988854156,298.1818240266165
191.36590676767912,131.31139178585468,354.106634828607,504.4342972497893,320.0723240744148
153.0130572531912,161.32083233826802,417.93643765606214,625.6658631533694,369.831824343769
152.41852074666394,95.29913887608838,357.48578164646733,331.94295824098947,314.80661630124547
197.68613092178842,163.67620709936952,498.30775420567204,662.992279245926,373.5300775632514
184.2098387531851,128.6845411076328,392.3928476946808,413.37055301514357,279.5546345610266
229.9067922809862,115.53830355197276,449.30167970439777,502.98833209350033,355.6984954990237
198.2522259153512,147.10226300293246,390.9551280306151,461.0289346348613,322.1309609108561
200.8170152063267,128.19949054113962,409.75146348872795,413.6433211967373,338.7063812297186
197.94602661649836,173.18153763645367,398.2871140310952,634.5038627085133,436.61356840851465
211.01632504286422,180.38659289705126,432.0321409599241,508.81630468566266,361.14144458882646
213.36044509194969,170.33885820510883,480.36397273965423,773.9218698013568,336.2638628734926
230.7618646412411,128.71376589101848,464.1188778390272,539.0975001916377,402.02552422325033
181.8465870553459,115.29503030387222,357.02613290778817,488.8966870019632,278.0620779732995
213.19613713476244,157.92297522889174,491.1413786062448,730.9981360009994,290.3871803926325
212.78116753612977,117.72628189760748,514.9340068993171,587.7559654241205,306.84022257752605
200.6086857208026,121.61297349780165,472.8988909331377,587.1440641679741,339.468357979293
227.36688018087196,129.3980738175288,413.816874680171,748.8064167787949,358.9112629535201
182.56806088777367,145.73702724802544,498.4320729891585,586.4692058339965,363.2823196881393
168.33849465388047,115.50641869991989,401.2362592489598,388.5212793661437,329.6196136451409
206.424853174824,157.60738551002603,427.03750161441656,444.9000265250105,368.98562237565085
182.51317893739915,138.90478842389052,426.63346328618894,711.7322258619638,430.3636002160103
175.2655127743303,177.3098860931316,463.72918144306277,703.4494636892277,324.4436179925111
147.85168478093746,152.07734386085738,420.28858220621373,357.50598608815136,276.51566848037214
216.32227800692235,117.34039754652487,395.6627533455624,432.79522835173293,367.6313629547181
221.2944271026628,131.6071256176739,436.3656414882703,565.0598150914,353.8116796616495
212.74602927977423,149.04073859709425,438.8693138668149,509.3156977320028,321.05190529623724
239.81422593077022,195.4081506214157,443.9905344083634,822.1879052784903,401.0342702742192
234.3000610121577,149.14169066594508,503.8615488500869,510.30734940387487,434.55547710363066
179.17000238111498,131.58492965880222,458.3574968960497,465.72113766040644,343.3153930002211
165.82304247833548,97.98913137622635,365.53728793105205,418.0050730634766,293.2767851822697
195.22600318797654,153.49662656243208,408.69481353154845,393.14857163368583,370.6545981887402
183.017152897204,122.62516243586344,450.4719991086053,368.8753108836282,302.9018366805793
213.11811282097716,165.79929995705922,479.41110550178405,861.1905768696372,399.91658084191437
179.5560512150059,103.65502351366067,371.1309769657638,509.0209207244563,288.9369206449721
183.52119183774474,100.41320920109673,329.32052263901903,641.792302874961,302.0530661427943
183.81630896961497,176.34366197759547,444.063479673593,682.2456609680654,346.436001490266
228.09967926220605,125.38419199842498,370.716142267316,405.474467433717,332.86092507053775
238.6865947629106,155.16462237126993,460.2913635991663,386.58789879895744,399.361363876539
194.81165951827506,158.235779552535,504.41973285586926,508.8712988357273,325.5126630602903
181.90515972985588,136.34244262084562,465.026430269,638.1040413387639,346.19964053646544
204.212987088171,160.56110863532697,453.8306990348811,469.81171225692503,381.1599859834705
200.99460488342618,162.05783827582044,486.4452486062989,590.2431325112651,395.6950259619952
219.3580665440133,168.14113924998554,509.5019957838582,857.6620719767473,373.61413757807145
223.36056441297208,119.70622358573073,467.7830805515357,646.0582517732546,376.67835650518253
215.46131708261078,170.36922602205132,426.10814679366115,730.5233342068551,356.65735277442997
208.17740100608083,209.3614255289425,446.3811888883663,726.6325511547899,364.7581474331742
219.24851233830668,127.07325980205998,442.15587019093573,417.41739905011974,407.22067448208503
250.64884711994205,181.78872425720454,396.3987287200702,654.8905060462192,377.72555859703067
211.94301472513953,157.392308284911,415.39896454956886,340.7302337955806,373.97460884014924
216.4699526836907,142.71341104134618,503.29486531540135,870.0272385373859,340.17266779560106
206.57882166773203,195.8801859961304,456.0118334828038,481.5805455671239,328.36350135659666
221.6938458989567,125.81292654163353,435.6278793600703,350.6527196469754,375.23233454850805
221.5514251694874,225.88950225601022,541.6574180742833,712.716246131502,426.693865312596
178.4106990732467,155.2596838716336,393.102577915763,660.0801762787887,343.3667210018542
203.9858558566697,117.58617383388926,459.9433302111287,470.11916728391935,366.9262958437112
234.77661615658812,130.14258110395994,328.3191634900258,518.0840642793298,319.411500482954
209.22970694272783,169.57937844665096,470.0310485687169,556.2628977819978,358.6861266297796
188.7243174504184,114.7786654903375,360.48044717473283,349.92627164196983,276.0749758794434
247.59337650765548,162.97603345559418,469.33303842324807,652.2794431317826,385.44783815494907
188.1914426463003,126.3317379534208,492.61366917105505,609.4355201437972,348.0021955550073
161.11466109587406,151.83428861952066,424.47663841016504,576.7307250542425,264.3553837311338
207.71368428352727,141.71441212245682,425.4217952497078,427.70769882405165,299.9838335793857
235.92911530578948,155.73736492070884,449.2770284169563,436.4497721688559,375.74397390973957
225.79955333165955,173.87360494375395,490.40838128999667,782.3366573243226,337.10077351607146
186.65591135424853,155.55432697825822,460.03784792809,618.98935836103,347.1173307927118
245.2640236232059,122.43451632145944,413.0780673345551,528.9300079946469,370.2917002503258
190.80487496741318,143.93506237664386,490.0820017018711,782.9662695102428,378.7911222050104
195.2250333455808,117.70688769784549,424.91226719039116,645.1891599657058,374.2912632754828
202.8917029848348,154.99668974181535,422.10591814591965,342.74548916931775,415.79085271865955
206.02862088930792,151.33670403057675,445.3864735002823,658.6130561782928,397.10287858283624
221.95459289748453,162.84626914876142,438.0339264398189,745.4843051205404,368.0794289988136
254.0946995241484,135.42580742335906,491.1794093897401,692.5175312895749,382.3752987058717
198.5248120332278,208.40584256767943,452.1060589495981,742.1958750131294,337.05928727591163
200.25412264780743,164.56756761894903,412.2514544344099,467.0757488000512,371.1173354900535
175.75195890289743,115.35535415625006,356.12102165439677,436.1321996242759,377.42414780502145
265.80686791749326,135.8309031251696,458.90077063580566,420.06396378509066,367.5300374879408
174.9218947189748,115.77621977358487,400.68249632078033,499.62078492522,323.4090514220373
236.76261532965722,113.2490405108218,435.1925598787968,552.1703029677396,270.8253019103294
191.98750006287005,143.5969110927168,448.2946829357398,442.67430569551345,385.4228117415287
163.7039271560347,130.44762978832046,415.194076423617,697.5610480042266,286.43131810386274
258.1131732854403,154.19230598364055,363.17414929775316,451.72002630859294,337.01213661201655
234.0133458931053,224.16146261771578,537.5699852835245,811.7384756091066,399.913310408279
209.9089654413757,147.35545412490134,403.02028785567455,687.3855805192877,389.136385803029
180.33627091303927,133.76813225772136,454.57991204762646,382.1977776878158,323.08518229941654
173.21027708794668,125.84543275170998,335.62760687140127,343.34841237062005,332.4505103322559
189.85988053259504,147.82138252999223,499.87930682536233,742.0148264070614,352.76251351728683
156.215872391133,155.46987351496728,431.1627868224733,484.23268741642414,320.3923893977759
208.35717279233495,146.59192160493473,426.85786352348225,473.08571291192516,385.14927948037456
274.98562751815314,161.18315896513562,440.8572434045155,547.9975446423003,322.19664535358953
222.64611512729,145.2962660030077,513.2497196753369,863.2512913147896,408.96466823402756
224.19629953855411,197.21730918889497,396.14079460921295,480.05882746052765,303.66660137757964
218.08201523749042,193.9773599067836,525.163954431861,605.3145267825503,328.41240282262
212.65224029963903,175.08711858572624,388.4314373528582,384.278922372878,306.39912190627297
251.09481615214895,121.86488841574001,412.0874158398791,497.2676756198767,360.0629342777378
176.67593178835062,156.87398272232392,433.8535274144671,371.0565856189934,296.79255327993104
196.96021069123768,162.01384233189367,401.26827260645365,617.0897064425128,297.27612232466936
215.6863533076911,175.01605161409776,416.9099049060921,728.4348529446052,348.66182401425255
214.5131947328221,136.03011186956397,409.37652232354117,455.1262311999563,340.6006579556213
203.76778116096978,181.23096121189744,440.8922062375518,370.42747769722706,352.1650774200988
184.9840759165318,147.97963108114075,466.98507648575094,506.24301105080707,354.31659698322704
203.80689581071988,156.90163812547615,393.7646255245006,564.9317240294367,407.1892466876571
167.84000661150503,120.85280977919159,400.91191978004565,524.3234813288828,282.0856331354294
216.18541447201278,117.18475135889108,422.18691475202826,475.2567370940829,359.18096254848615
221.74255303283746,133.49558047672082,424.1509929680788,558.5435508440066,371.8801375365782
239.68145792895632,125.06351122254921,466.78187344898083,669.5673413820433,397.7377665202756
190.60001219031497,167.4312118641494,447.3234028898938,633.2202908257757,315.4861288878696
225.69989948806514,145.23875121808004,447.312283063755,794.003478383877,310.10874776275665
230.86244156510762,159.79658576878322,484.3595153081603,495.38862478657256,348.6527369502692
234.5498476500187,173.51159084381604,400.4823754261575,500.61628096521565,271.7833622437964
223.09772145062712,137.82389120979263,386.2969035480361,530.3609329666093,327.8423039689885
206.73790636744565,196.42296460324965,437.8777292010235,572.886915962415,360.87145954659763
180.57914179268687,113.27178492477394,421.5831286175241,546.7951559349791,303.29610342424223
188.48354704306124,116.62090187988535,449.57930656233634,691.4128270345777,378.3359103873998
175.55658085436323,129.26339741981167,445.7377530716847,564.6440195853256,392.4224194804139
173.69485679604483,179.46735876829246,451.62698245276897,620.6899942302533,317.5131672440728
166.14985116938473,107.45223516498078,405.58590106055124,378.7250097362943,294.3249361547318
227.99922337093682,161.93274460767856,385.00628647257474,431.4992284545211,279.3158412642551
168.88536897599965,150.221027541547,359.7897712625147,405.2568232289996,353.6189166436315
187.905062462626,180.73642894151567,372.39401355543254,542.8679444707607,356.46312808585037
244.68602294905392,115.47905206855864,439.03735967655246,492.26436053685313,424.19116562639414
197.1195905764848,113.13929403765412,443.65730487870684,658.6543327855849,354.89851685100206
177.35896573895118,123.59772397459686,422.8474003208974,418.606026577301,319.5803858708237
205.4048517504437,176.09033743467972,493.69220596600275,758.9786763111731,363.41675802488686
205.6622839133129,121.561799868877,413.5423695186782,390.6207699254789,301.3166079313907
201.61020917718702,106.11093285701659,382.1479900476959,611.0455208245897,329.21068610871424
274.7709082208747,197.6088251977464,440.0840954397889,678.7046196746876,386.3859381081901
187.50050013145358,182.54961694351127,407.48236195964114,638.4469826672535,295.4532259751818
221.5367776728995,157.32874944395135,516.1749454748783,773.1862958666699,400.7187974695083
200.64931358393787,139.55809308537337,440.10817817644823,370.5854242314119,316.42663242550833
169.84329133933227,96.74405214771369,347.60406847199056,357.0874896549813,319.2974053537528
173.5966807322139,139.684051998377,353.54255129796627,480.40987021331483,298.3541454509467
210.9073622764372,176.64394800324538,494.67420212103696,424.1799622117757,398.34757037206714
160.1459768186281,148.5585163338214,404.0243414038142,536.4759127967304,299.8207212450878
190.45677572166164,126.89764003620093,365.3375413050219,514.377416038944,357.94973909360203
148.17265703429706,110.74188135001194,366.5524429283121,359.0980631765939,273.4706804885665
269.5188939979023,146.04270706021694,494.38174247075284,640.7230598469654,379.9191441200284
200.26621874309816,168.01195354599528,398.631885164257,351.3426123993676,298.8300963822277
161.6894865343193,113.2339498269889,381.7218320448696,405.68305639042944,334.3492492140579
221.3188461419403,168.84727739334105,423.68861616186945,550.4463382591978,303.98049077904517
198.36030552671713,205.38746540154736,454.0717706217687,729.6075622025517,385.3099691767057
170.5785597793051,122.16945625650419,346.3559316124692,410.3192929707687,354.726371741675
225.55106066380532,225.97191382948097,492.3427686284417,783.392661836607,372.89188229926816
218.99718795305876,127.75152618773284,367.9744704319251,549.4851094674756,285.98748262403376
165.60212693126522,142.6907565543844,401.47384795497834,609.2650681011241,333.49939655834913
199.90525760969422,132.5471743126084,485.1483293037684,616.8585051782652,341.3653391942387
234.5241972715034,145.96789887431228,424.7129062071556,630.2064676085577,349.794065637966
179.48814835824152,97.85742949412474,379.4247074093514,576.4194969834657,285.1976391245146
172.530445253648,117.83874118626463,363.99194957502505,459.26012191230336,423.89640337483087
177.99843679598098,147.73779303233854,402.72408175422174,724.4289548075498,340.1713436628438
255.49952115604515,176.06876265784535,515.127640751659,542.6818473477157,385.1878301937163
192.91938512132177,186.6875240210447,524.6566409357627,648.845232195608,359.3161440936223
221.18909071469818,107.54186219551698,427.35689230104083,454.24889690106204,385.5176932354596
195.2738413701735,150.82045705578818,483.4168705942607,645.157044699623,351.2769227442298
182.93101436661956,123.55822922535081,366.472780475383,485.7388607454238,307.3303113845285
251.56748861489677,173.52744859153947,445.5946514571963,420.8290774319024,324.0987502391457
189.69231313363747,140.87646231615562,355.96495864688603,490.2749961407557,337.32476323595097
188.18711399063986,136.0381749907614,409.9975795198493,519.1003303420284,318.6892417824109
197.035596014628,165.80924001234783,471.827923709215,672.9432886677057,307.1083802346187
194.76529466669672,144.29227630744273,426.4426000910274,513.5974322073358,418.00237390557584
199.7892611670614,204.8084379325322,515.4260634959303,694.7744182223615,350.3601486281283
186.96032420341967,106.98445543174539,475.66243913963683,513.4022093121533,379.3040307712075
172.2857084545645,136.09906916709275,368.3765073798216,587.2703078687633,336.6526994142892
247.11895709423115,134.41206432708185,486.5690828807804,738.704797664286,353.0028048457593
224.48101650356085,109.86207674986875,378.661967388468,683.6238834531495,384.5322971858789
217.6070616069751,135.0358983531934,358.87029520135184,386.2258273368814,336.9236553714431
177.0545511797452,115.18999916519573,328.27571857772097,329.0849338447627,264.31714873416297
197.16520767946807,150.51533203969421,443.6349308271121,710.8053512029592,337.10013539565387
182.6575835827881,145.64252844435208,372.64631634305846,641.0494658054006,436.42126190612737
235.48291781618863,136.89886354350068,420.18668589795305,733.966271413891,337.7817166491204
238.89280681862678,165.0807261569319,420.37949421943523,618.4354464788427,329.3053472986577
183.60905171283991,165.64775451242892,425.67545560285714,741.4310376331354,357.5855478677999
149.96837342809772,129.84138380138154,328.98969994336966,337.46834588321883,262.5057074630226
229.74801351156742,185.09556673957056,444.8457286115984,577.0537451826062,441.9533842127837
173.94304775956894,162.30290715997904,488.2886767824145,856.2866287541958,394.45104560178714
238.8572016024736,131.7797303523777,377.7600754442468,454.2989489373686,370.8189098179623
206.4839886874943,98.78054347653399,340.1860716224188,361.28058156718953,291.57505072485077
192.348813258517,130.23184310884722,356.65180956613216,512.023398148696,337.5633126840742
154.5977703119103,126.75243672176447,374.2519982826072,459.1583538210883,387.04948952157457
173.00187390650402,170.38743365574535,493.70135870315937,598.47527023317,392.85071537498067
253.0380957800595,180.03760893936024,470.0806347576657,683.2701516892577,346.2826095609436
152.60867315413662,165.22332037411104,409.6735255354157,481.9895369810422,310.2605513263094
195.8794431894821,135.43839898752125,350.0599334917854,518.4283226925786,343.8387324378311
175.27568066071953,110.36380071230091,331.3002498861931,355.36292753389466,320.9763088563329
191.96509358634478,127.62610241028698,449.20644763872303,343.4332721681666,341.98284944617444
222.57282706087983,105.16045059777237,392.8040473912035,570.7929715721084,327.79967525229307
203.48646167894472,142.33988326014762,414.72441426480987,592.4299535415337,358.215854265423
241.14485621468432,167.26868242601228,472.53497062644914,721.0751047701099,372.1476138775317
215.59510828011736,110.35113680217204,381.4828944683102,423.3029648287876,305.0650101011089
264.70160978944045,197.2657511134034,471.1049199954669,510.6622859564243,347.15609269534
211.99089859438791,131.6894894939168,396.3490274511728,443.8370264099058,294.24859759147427
232.73990181428857,162.91243029153065,456.43069491279175,793.7910863952555,343.58083337737366
219.69012243805568,160.02829364193204,389.02681665973734,492.90241242237903,377.65264653637524
214.95855732650762,143.5593263703412,459.9476467691594,794.5394881491682,344.1615178537402
228.58445639134098,118.90521503421907,410.65564003802064,579.9690189700683,266.45543976752975
214.95322943306073,156.00403282377553,457.5558514214367,557.5363944049695,284.2582707339283
214.4780800867496,158.1181789346732,468.9770372651184,478.93029232667726,373.6027357627477
183.3779605085335,107.99784491139181,450.557123226444,507.80081449750134,385.66025031924033
181.66829418471542,141.60866444252292,393.49388275639694,634.9961660042221,281.8485131382339
213.4783761612561,155.35736198657293,479.84901379957444,525.4293398717186,379.7239570801578
230.9056308853464,141.1872701444418,460.5847950499914,371.94329357629096,352.3900486949739
205.030897540002,136.42960757469586,362.0092996340595,605.4115585655245,359.61004746487725
239.70826395299198,204.66700658790688,444.50360580708053,660.8652287038383,392.32010697913927
197.73646474095483,138.56473927247274,369.0056594551779,454.01564982616577,272.5957983180552
162.31913330944212,130.23069959779812,385.26719526031565,522.5183478576321,343.510066638122
167.29886852632958,152.36561103732743,453.7332667826058,460.411566818211,343.08228341944806
202.59767165141523,148.84609609612838,425.86010977754677,519.9189095768508,287.2107233398822
246.08236984484597,171.26742763890704,480.24301969302326,619.8119532253827,291.5795167374305
205.52688140821684,160.42145464644662,373.801139516549,443.17725236399144,284.6715334775941
228.17604981459874,167.17498054551814,420.7200680274802,562.6563581947291,369.9250038011875
225.79736839015135,137.7851582522625,423.9273909538486,761.227411816275,347.93834738223387
241.53327890464064,151.7666379946045,437.78285823114334,592.9162067672464,392.57003796723825
178.5594110573436,181.04227930302275,478.72878425240356,679.2150711166776,332.37499122632124
198.85152563325528,165.58699064534872,480.9963762151735,476.6711952896176,322.17006762036306
185.60183749873045,136.74429800831797,364.97234951452,564.7155744207155,299.1795202910195
155.56067737791284,155.80589384135905,403.1837097458547,514.994964054289,291.1620235160715
222.25939496767177,205.49845074581486,436.5989247475379,516.0946456894961,359.01808459600153
181.40395576587412,211.79273217566106,527.8759292759165,509.3225912327974,391.86112885531793
204.4921442583157,139.79335932675158,408.8079177107928,652.3128571226928,388.4554545896424
195.06915162081268,113.85188310922123,366.03733517319284,507.73313019386285,365.6031765184761
224.37974671904104,169.50069297362367,423.74754778609594,413.7975669560292,370.0057358090483
169.60715929625724,178.3139597047084,469.128086713743,468.30515338711814,358.6634641560201
207.549928033336,178.2155953261192,469.59790001438904,692.1312561193266,365.0713999258463
201.34404264213612,112.3739177213149,336.36092673086125,562.9592629510607,299.9747150303012
196.37707220787087,144.0559025580456,335.1188148190836,371.0026115696687,303.23678623197907
220.3575528475283,131.4314668358183,413.71209948717814,581.286686432944,371.73271035296466
204.67241053000106,163.51912636117171,524.2059929992056,528.1794346770812,329.77246812306026
235.6807051657381,154.0485271723144,416.6565395662892,600.3163782527961,328.276035350673
204.68158425908712,108.96951260300668,469.2749171336967,374.83790326248345,360.4120050442885
210.39472818322307,129.42858787534777,342.09988119490026,635.621971342977,314.9956059109898
231.56936879304948,205.26224917987517,481.0649903598284,546.4273679612604,372.56808942513544
173.43637953315866,217.24867057032276,440.67619061788616,722.6605284052706,361.5807968876558
210.14290168396244,160.42599882041802,448.6819801777445,575.1796778056641,399.5228615016435
209.8664073131983,176.38660839157365,538.183369332655,797.9343602608275,336.18778873747374
192.2470836629642,146.60957001269665,412.9349057641362,770.4696195765733,357.1401136682642
201.67136427546163,163.49492221608062,400.2068274495813,667.6065626089598,359.75429506172105
226.65634487450785,129.16721570959123,358.97048397744607,628.7326204381275,305.6695792805186
266.62931601692793,149.1471785580742,447.9288531701179,431.72779003039,422.7946489295405
174.84824629767527,137.484090501718,387.518603978085,396.1588335266518,332.2960321269665
179.7847282317411,127.5333781077252,452.3894315259963,479.98882298311497,352.2360791807875
211.21659245162044,184.33588706635726,426.70726665655053,590.4507983014984,342.7361642478718
179.428600551197,117.41467425889518,410.9856042400759,553.7620154991376,349.9868957476613
187.94893749195333,145.98561754529504,478.7389646159229,542.3274852756313,383.6379200915343
178.3191407695368,189.2041208433373,415.8980692916254,801.3223876086038,344.3494387412457
232.4976342975412,172.50527016519547,407.43511848933093,671.8431422263145,330.85675798998443
252.6586202512082,162.33156652553708,452.19764171130026,743.8603113040668,377.3130148685952
255.0205057722423,169.72461936630617,497.6873533183744,719.9324757987265,400.06058980254596
212.96405768114158,148.99062169365996,435.9698590442503,626.3482142974646,360.0923665457184
234.39786143949414,145.7694808867209,460.93818162232685,551.0971620294339,344.34771085213646
200.7224694997199,179.45243955628376,464.75064769771785,664.0373649382223,333.57691889794836
203.96289866533425,187.2103152111965,544.1949781271439,576.9408934886128,346.4233066755298
206.37852633107192,162.51651676864108,398.37539420348736,329.6487103328994,364.51023221410435
194.32812981748745,119.61388061178961,426.938640374749,636.7844562722524,371.7130022142355
218.34618136449973,140.5809001646344,434.4543647384362,373.8519626168129,383.127718792288
193.89060507029234,183.62523502342353,404.7797182104881,534.0771000290829,307.6356170394691
179.88098636897587,141.39788544231874,419.96042623195933,649.3836835693078,364.42130046049493
184.1803897125987,133.86651076417462,437.73642756708443,619.1045137849926,344.52275973558073
213.10652900565103,190.40681156258205,423.74620821802466,601.9586539910244,363.2337706044454
179.0760626104177,163.87215042758973,391.4540395353696,586.9844684930507,304.7999515743254
226.59445343742783,134.37602624089376,431.23751673809033,458.0796688799062,288.69084131020645
206.6392993967375,145.7041295978608,525.6905758352692,754.1697770431508,355.6808819319939
236.40688000201763,125.92243526200308,413.4226910380965,422.6917483707718,383.75997111601555
204.1712934035464,98.13983703387895,408.07635985758793,378.57578048280095,277.2015706910811
232.0650823153825,166.95960138928774,443.01261946309006,366.9865134664322,320.10150432198
168.39543972507875,116.1211044055028,336.7120409345597,351.0751315703055,292.3231502495154
265.8938672695239,195.75798042218753,500.5347417945502,630.6710546198365,357.0090655552937
200.0566237344967,170.07156210295315,464.30158029361036,597.6718192281431,402.29849670927865
188.19893591932617,122.84716643011969,412.750597262867,575.9838093389995,434.9071525782323
161.35459775647425,159.18463854662338,422.03899896116127,510.03526051962444,349.1600745231805
173.40876300733368,136.94981025849265,419.2950775621027,541.4066971797446,323.10221985228713
179.68919715096624,118.90933905888755,372.180590260273,410.8378386548285,351.1304130726006
181.7348868208033,190.97966459271683,420.4357491159505,677.9917242467101,416.3023511282496
248.6772436128917,125.45344476126574,482.90077733587526,480.2096253130221,367.64870921883556
191.24689491101708,120.83952622869651,431.00941211802774,636.63963261488,390.82994052404536
204.07015277763654,95.63687235044458,364.9965063488505,519.9291294521196,308.5677591464282
198.98151666670685,137.79974757854933,452.1715824081483,616.604166919699,390.4128522673911
195.26087668997886,156.46482137385203,453.82546085115735,641.7278627017149,325.4706131673396
170.58104508951374,137.53799164771053,464.4674045512886,486.0669576161642,333.9089062458482
178.23145818818244,168.95469707287404,336.372757817286,432.9371100269052,303.5928617119388
231.79089054854322,164.0513324833399,419.7595259878092,773.9780972541465,307.9022415425295
185.01488904940214,105.13845075039974,337.0404091590053,441.1716968762865,351.2010744646992
257.94474774660625,165.51896803743386,481.3173482958572,365.38026259163865,391.71403202273086
231.04584982056076,119.34426357809393,460.48099791787155,476.0303531724201,370.7493035654685
209.96060360113384,159.819957626463,474.5112800480037,606.7796107354494,341.9052491762643
172.7546637899579,144.76473336519916,389.6799045999978,412.71830079293454,315.4557924861526
181.90917246954427,130.76608864465265,333.66040293201377,445.8517867887988,326.3425849113017
185.89309381111644,161.1943060851136,435.3570728975458,368.63912872859663,326.5653059320889
242.3024321511025,135.4166161533128,460.437659197065,604.8687702208246,361.38794338714257
178.14510914115888,174.394710095948,430.42334024663046,422.02557643678705,349.4591367152216
210.18905212364643,185.81692845769115,403.29650576865487,606.4679345984077,363.54376490387506
192.21864591579734,185.99973754836452,488.944316314206,386.99911786412133,304.5800392343882
223.38761742876878,168.59513655169368,456.1200456016095,590.6014500195183,341.6123621949809
252.43560551497274,142.2943799477941,411.08999962348565,355.3544066478359,359.73679262800033
200.1742265511313,125.1611568301983,450.3432861958463,553.7801039829158,337.64221255644026
206.1657545547162,139.90876281271628,421.4175264405061,560.716530741585,354.8739067521655
208.50225632857024,120.98570587564687,342.4829413313332,590.5719728560625,327.57312104932316
222.3548313014693,183.41163938474682,449.6933904538752,775.803563687341,413.68096485325043
184.52576611757723,162.2684011688399,369.27045937927113,738.127408884758,292.2858150386416
218.9464208594701,212.73300599213502,438.16558948637,459.3973027520109,349.47089665946316
195.97048761182376,107.52554641035968,487.1929694959075,359.67723341654863,440.65258620666464
221.61072714077235,132.10185335782074,445.7673597085495,423.43615135047327,309.7735470594945
207.5820957384759,161.45590207122197,451.55527941269725,644.7410218535086,346.3503411929414
175.39090308710183,149.76266462913367,517.3648158250427,834.7696903473737,338.8462853584439
208.22945061684163,144.1157218736898,487.7838921761887,475.36262419693884,369.644628866568
273.18129381812116,197.36055674570466,411.2427908772062,686.6817690874065,445.4993293203532
180.52149621796886,130.01835631053612,366.1017219633229,464.95795803154886,338.0819980584305
224.95827379232827,172.83743951367512,455.4531351567554,815.9929118804531,315.99725967332216
229.82925470186694,135.9283759646274,367.7141359587794,450.83662359879963,305.17358022831274
249.0434257496805,184.5350927438333,454.2924291487162,841.3030650472555,355.77053536876406
171.98762569874938,125.9123570196528,398.22096783407034,564.0377565962993,379.5925823792226
220.1683788109142,138.1201531012627,402.39926241941635,576.6691311910206,371.6305964680333
224.1358983544492,167.81577249108602,429.2616372772224,520.0450246228909,360.6120523054292
258.4418401512899,118.30248485657098,361.32896854793887,379.1549721256463,343.97598421492813
196.28421590580137,114.98773418222656,327.9416965757351,391.58831764389777,325.144853793378
210.1533321445744,160.34836647301697,415.49884143020915,666.1504025971484,270.32776660506624
198.37727700104773,193.1112085327155,524.8945076516425,848.9873989192023,341.3382013478225
213.0727172446235,169.81703584848358,496.2188392829206,474.28758449967745,332.13347629807356
205.72367919141024,118.44077083327537,356.8571192722979,621.229029823402,296.8468453812643
188.15674611066436,159.94039945752175,392.611464205791,412.32554963129706,324.02940724074904
167.45712908389797,103.16983342221886,331.345133760898,422.45520000743056,348.6475205375017
205.95602208209996,144.822272063236,427.8725117293899,634.8248142473817,281.80225103423425
183.60269366420843,167.66299350783103,351.7796496235395,503.53798573486506,363.8266169443287
226.70085130744735,225.5307787877165,505.10361279841175,788.0865876295424,376.2564585648571
232.8248165062594,140.82998572267766,332.1763595400666,561.8404809914515,313.3965086183593
177.13849212318974,139.9883246635882,405.9450407187374,418.3989664119905,334.9689789672226
226.8306058014235,154.44631535765902,411.9587774067431,469.77191848205655,311.43935530349785
203.422075372974,132.86710441334438,415.14531163941217,553.6443691708877,367.3388391564641
254.9347891039398,133.45404015712802,444.41206335947516,473.87270174828285,421.4531906223065
229.35049044225042,141.47825278985,468.958221542933,631.3231874012422,365.1690221980659
218.61975657463853,152.47589839017405,477.4172734874437,508.20635212676297,312.6603615657801
208.8102877637777,152.93332212369816,352.5611399372771,472.22869678911366,374.4233940757226
200.28788415971354,102.25175231532349,441.76609286004856,600.5994714055904,336.5646559421554
235.0223131670248,118.23894334765997,391.97347191633696,797.8381576368931,413.6872041058998
218.14533424984495,186.00712023553166,452.22947047152246,753.3668952349069,317.45600360728395
225.28208215926628,154.79180199227926,478.8332812352208,536.870982139415,433.30665540623465
204.95637555700426,152.16548778982406,454.1767807554016,526.3791767484637,261.47151566018874
165.48111602646998,177.260072671315,404.2536990271249,517.7223767968571,300.41951943448595
197.26561316265344,135.13523226695355,408.4712398440707,413.7286751471751,355.2861883276437
172.75474581544717,143.0277141797982,544.7166601983967,474.47319709835335,324.39031759362575
215.48430283918094,140.0198880391373,421.6649351469423,713.1903252557103,305.8765717363986
237.66478305711175,127.31675255109333,409.0521390080912,630.6006280451574,339.4904176051202
197.508374735096,177.38891008640303,438.88844906704554,475.10223545579515,352.95546619408464
210.3173755385257,210.6282240404622,439.7867364469331,421.57284457862096,371.3582173231094
206.65680360470031,148.77913923210505,469.5421377931785,459.106458413255,417.74272579516975
168.6442318358467,110.35301585333383,352.3028960747723,753.8304896092561,337.2029117668844
259.95077024339383,160.93221905554321,491.0285040206762,531.7703352396929,353.0394491354919
182.16815905326044,148.5830583405556,425.7781484166232,854.5244555790581,390.93459248051516
212.7585172792233,125.41614964287432,391.88328984787603,554.938522789166,345.1506010438603
152.90060074123448,118.54651285101522,350.0329228247021,512.7735994846097,266.8425438731103
201.29871563665895,123.19281042515635,412.6030252445895,335.0418257115018,330.3612875085828
183.15002782197757,109.0337709562025,405.46193413778815,364.58652364955464,298.23363182355496
231.9866595639715,160.2514618684127,403.1271453255342,458.42945162523705,337.2300635149458
194.7544509645872,164.57793411105058,394.6268454070927,422.49574936453075,326.0708170604611
184.45693508648748,159.12764095520293,348.8737217495595,545.9408926605443,295.3385802498903
178.36550248701872,163.02346998457307,404.38246876340685,572.8028623353763,346.60648566809124
205.33721315496527,139.4241167115577,476.74425040993015,613.3571848125983,387.61128320818773
249.2422102560459,97.12971567877113,342.05490380890626,383.317943253332,365.244521927203
211.89302769800406,171.31201274047336,446.84217997616247,670.3790121495924,308.095894517126
206.17850026588889,98.73658903079696,420.6767389009791,482.5662538009175,281.2626609345943
178.51747042900087,148.97208680164363,459.7248532877306,522.5048950805975,335.0483905954427
253.27206461278183,143.4495637611853,465.3920439523352,477.75117355878547,381.4646537832548
192.22596442686444,120.6122303712546,431.724430306688,411.7886543816627,269.91095272333496
219.20946707793803,151.28626380280693,450.95661524167804,578.7799986314127,360.6226102742385
207.33219677854686,125.47336887862028,416.1207168079062,485.112741941982,303.50259348390125
166.0490490741118,172.8377347615477,452.4044058380492,711.644634403472,334.04223725238364
217.1727289954446,197.9520388366543,467.9424226078716,486.5249564134385,349.9582259104048
187.73642094661034,171.9245514540267,362.4943175886816,415.82793499634414,281.84956564316064
206.89173401839733,123.11427931443033,339.34350778051896,454.966293063104,284.97293754952534
209.9309055056992,166.46739143388086,514.7791655427682,823.6222087415271,441.78131306709207
216.45950379912588,123.92995208273645,415.94665537968905,539.7227876646814,340.35781777395067
224.94953222119113,168.55228820489353,452.93872832585816,808.3097892518015,334.62120522139793
217.04383437457724,137.85582201486739,470.14726204655966,743.4811225603762,360.17809086635384
190.17576521410237,123.09433840422896,383.3777299977868,403.6470479612872,298.15860742392505
222.6392121502311,143.2105126348815,393.43985506417334,544.5096320284277,294.1098269541469
213.79617342722756,153.26032070109218,405.6937219076306,439.3844769588786,367.40828519609306
262.5718418853214,151.31653689725655,403.9102997866349,671.0868177268416,341.46217960417465
194.28483502532774,125.7541675736717,389.5840452466499,706.2906854684509,335.1550845646767
170.0408874169879,188.97142669394108,432.3327048664591,813.6540163735554,324.74011910286396
213.37563899859708,151.6787981162735,430.9142167069014,618.5646077072182,340.31894216110146
188.96769913421082,175.40726401130436,455.26706656273444,462.7384408186919,382.552885169237
172.27666065261158,107.35789600289631,381.654121867065,351.0124483256038,280.89513353506214
210.3142360528599,151.16848584069896,446.88141871770483,730.9036148056417,368.2584306771141
169.60423080810196,127.1005890220351,373.5297849861012,362.7050519687,270.69983588513725
176.87388376495153,157.36013994856853,402.04770580813215,468.92348437602976,345.40126913147753
210.5304862687068,140.41269933997637,372.88190624662616,583.1561257867954,381.87540755973527
225.10966723629622,131.49630207905068,434.49302891546364,578.7875673595304,443.9687383240538
167.85277273659668,161.90776024005066,440.4340254940185,454.3076071056574,328.7229752186318
199.0748351768556,118.81797656400134,454.7264745242025,631.788958574952,318.40063596332357
200.06299196601407,172.88033917107117,420.49433521361954,482.0012542079768,290.7408719881605
194.0035301093869,174.16093393439704,458.3161859908224,392.98523165572004,334.84054265946355
239.03146397767347,150.3630512832348,451.51361621828676,409.1221549066039,308.0018765370577
189.92867196076563,132.4857784004552,433.93055518875224,775.5035973286198,334.75188895073643
206.76200951699366,135.2686266560896,373.43693364002223,518.6447736855887,284.74996123450086
183.219461726196,145.9995781743269,426.77017991326096,513.4690707563441,382.163013530527
179.1987597788784,126.73733990927498,389.20005523634416,424.7280584581939,262.52526240951585
203.7330906821362,124.05425670869643,427.68263450925394,451.1985253218307,380.9150758892352
219.483120195155,188.24123358845017,490.0300481832715,768.5352018789492,372.42757733613263
212.57990150255827,118.60057513397412,402.5662571822711,531.2056507139906,355.9283631986698
272.54125595809825,168.4668065834116,454.1216518151448,615.84455490448,364.1278504074677
261.6957025050268,152.6884248483787,492.78109499678186,721.5484079612793,344.246025339004
188.8956548933503,200.41534708567593,394.2910965027233,586.5308863765331,353.36422573912597
266.2827307614855,169.3732509929871,494.4021450020176,667.6442005657011,382.82212649947826
225.08949609374287,145.68201369034728,474.34152124899686,517.460113018864,393.14104970608633
211.61635518329976,124.57995747660051,383.49982618228756,353.32145652477544,325.575774891092
168.27715261101898,156.6923302406336,385.6794741343611,653.8211679942544,291.1780105004363
202.98716964321707,102.0280927383539,402.0356058951717,546.9596401060774,375.6269332643746
202.93038529408926,163.6801076196145,444.6403791486209,487.9702137427176,382.5083554303813
212.24514594842884,196.61651958159075,523.0308927741931,658.9565754390104,418.228511311729
149.73453502567514,108.70657564880888,439.1650150403235,664.9306263551423,295.4155780439873
211.9243696042814,181.31700714535103,516.7530437929819,603.9811458427795,384.96683976384935
164.23847666554502,119.10884221300675,436.848432300285,346.873205796069,295.94262769963893
189.86209950423213,125.04703306318801,355.2810939034469,471.93230583182924,281.1415297653979
227.8900308153891,172.70144274567502,451.381494828965,672.7178713558559,285.66527376236866
171.3098885641133,188.81214779795783,413.185012275491,473.06882968905444,402.8576689669833
205.2440945174224,141.21154836714484,402.4826437869018,577.2980057396926,346.3250247654904
205.7410342922196,187.9323093528363,482.9778699655487,688.6516686598349,338.1383996608331
189.48436005218508,103.90207865780945,427.6483990849133,396.8693582700546,293.79684602803195
183.64362476184914,117.91307372136694,402.1648763881047,629.288114521384,334.4662494481485
203.90061261362834,151.85342143961273,434.816776580935,398.22329332896777,385.26910206443546
239.04427277161798,166.5696546533927,482.57523553212775,719.80927945915,404.9869963186885
196.69986738962263,149.72656386425507,410.0921838510544,608.2361592129351,363.95390447860547
219.15363993171954,195.0229243145746,464.0676885321456,702.7644878876989,362.956017534291
200.34131193898133,208.55820994712002,401.608153157427,461.12650023716645,285.7462644239487
187.12731550662716,134.83279710783316,464.9435603004417,605.684104782578,262.1899297959049
235.68595494089544,177.205033217572,468.602423735428,392.1882084763724,341.1292712021609
183.15959856287512,157.6255601738855,403.36905444406744,443.5624859387265,328.69151513029607
186.01688982511263,167.19357082027955,399.1604082935426,369.27024039695357,361.08934304426526
227.4822457357904,187.85058676711566,400.6300495246957,553.7154371496595,318.3190519897258
204.50789723515564,202.7574734717358,396.38014180651294,504.77821977361793,416.9241473977575
230.4980435334193,146.10322152210384,348.6474676086078,347.8163561945341,432.13031996635453
184.84180359626347,131.89611797892317,399.37702345687205,634.6850178053387,292.84128734680706
199.01831757518312,168.57126209750737,451.53714790264655,429.5959675385379,291.157195304904
242.6709964822093,152.01699129875416,421.69390829999645,734.3381029866606,327.04291952787224
206.24644692692084,173.7790345771485,406.1572704805108,579.6043824449151,368.3396268124526
229.3560043014179,163.70910994209015,435.38265302216263,691.9222318710264,318.53762489493033
195.65351702704626,193.1893698075146,491.6727853318339,637.9327014323394,387.6086046939227
213.15638224394246,150.49654792698567,408.8003362605228,436.5512201043329,342.50636199766
195.50615688449193,147.80401186319204,430.032832779349,494.83773401490794,300.6806141725707
191.79053128435896,148.16975984190967,421.0038415145669,492.8315373266897,392.52346735164144
190.99178134079713,157.54310366166987,355.3216638199795,335.081215627997,363.1190554045944
217.9620997788344,154.5126307683681,335.7867809414167,491.5024439721145,333.5897849528394
189.1723988453847,161.04607564800116,452.94565114941406,492.3888610186561,322.0337787662941
216.31332464827233,116.78739029916409,435.3247719486723,466.25503343622466,406.0023323701564
186.00936328884913,184.3410014010727,403.11633559103143,425.9752825980883,354.13449276780193
223.6891556919915,126.73673960655157,396.94225261169885,536.1554015333389,289.41643794022673
161.41918795116055,130.68708592173076,356.91276553924376,693.4008607448666,322.2294920036398
202.4465627324368,226.6082151870737,459.4948223598879,799.5339274943256,324.4302925218839
170.57217284066314,103.18214094734972,338.64311472315336,519.914591831563,297.63036287096554
186.67222647172912,167.33608919824675,359.9738067908999,390.9521125328688,353.9167361022028
220.96202883121634,174.97001372079293,395.4972407805095,496.10891405480936,335.64153883253147
246.98246056125,152.18139687093634,371.6515317155109,577.8118142872636,340.51523911658046
191.5414835642979,144.50666011325274,483.6087641961896,637.5151580797503,365.0992131342655
205.80860513385375,129.61438922858193,330.4480654457131,330.8003702649027,338.8179636183329
184.07086125992814,130.9793564828911,332.5442288402752,359.96477943317296,287.484814695143
188.9282357091699,120.22918537448963,504.2545303411927,805.0303407157625,397.8053947593287
207.39582196160225,173.22340695137305,403.2346581467825,618.2035530543177,345.3908624839966
154.53503705263682,117.71829879407953,328.51236501312354,348.3434731724911,275.75893893381726
184.63112604775094,150.19852558107192,418.45081800132965,471.1035045060344,371.9013195523539
186.94193920595362,104.12976162578404,358.1379756920953,536.3439334666582,306.50634272381785
217.73154225883889,200.06031603236022,528.2034546609373,461.70319276993024,365.04506834105365
218.7127440282799,186.09539840871562,461.44253882435896,686.3086103610375,376.2438238254009
238.99964304835729,159.24606533985806,467.7254110946771,649.6409055475822,351.0231715990849
231.3147233130783,121.0596664736724,354.86600928614416,488.78204636757755,304.01315729190304
221.8267768669485,106.88689687947354,442.25240890680556,507.7044263078027,342.78039941203525
160.39914057674355,108.95981315428917,496.3708287503323,665.7308056777855,369.16970632061606
258.21160610492683,157.8554854438024,426.6540977208093,638.2726616488984,396.2255950175703
242.30090616007865,120.5827506786745,436.88006892034997,635.556809278646,426.5847996440529
235.62513944646892,193.44206165779286,428.04250909405135,368.2558822961536,325.58193243951195
185.91447037378526,159.3523599632691,415.0423974224156,584.8629912881051,300.8629842605923
201.41498029063072,124.25623292255119,377.86047794358456,555.075163977506,358.6257631526077
213.73768525292851,203.82002993982,462.0587893688661,691.3385085191063,382.78978688878954
228.83589512160492,159.3641433416451,455.8190464021419,372.3131719076505,409.46557786608014
208.2377626388844,148.18407427661808,511.7703724774487,508.37095032076485,344.52044785344447
198.46400586487414,162.0710872783066,470.9048765818058,539.8151802454751,388.2603184772346
183.49413773757936,201.66349949854856,438.9006611427077,717.8683165456919,365.02303469532967
221.9287378995929,158.79589272834357,495.3403284769132,496.1301298973297,335.8085575147161
214.60589415798407,152.14026344817026,480.8572774966912,459.3416743434526,424.94726485794354
216.8878264845557,124.03954295445595,453.0184350805462,695.0290391913177,353.38855819978977
197.04443916902412,119.05166469165103,389.55743475050315,860.8765125074586,372.3613854432472
221.97772759749145,121.44712140929688,357.3859798692335,563.8616414948533,276.33798142812225
194.78969986040127,159.8920491207622,424.5989572623819,556.4008591413522,402.5950835464838
192.60093851027338,109.40512499849387,367.4277026743909,381.2414624056499,263.5834288437014
167.56301717662018,125.39199716190609,357.87902587950305,375.70965097214014,327.2962064521051
246.07416007157906,137.90567418264726,379.56294422329137,409.7236709928538,378.0412172731333
216.58692921415087,147.28676706425898,403.17247398730393,418.0837818825482,306.7874326563732
194.36484260543233,127.37049196688272,388.5618195860229,530.4752191845633,376.3516394559644
172.8525840813108,139.8639284628394,347.6113963895097,488.03886336191334,300.4870924177015
183.6263553050483,132.67951299936297,353.89144595011624,421.21967347483945,308.95237532078954
272.96030150913117,172.3214659312167,426.68618175001916,640.1729687421035,362.5940246853785
221.29347808131115,139.321809849405,511.9048942022461,567.6093558070374,426.20996283334233
162.07690848107984,143.2896366012729,454.0958329618163,576.4373257216328,343.57196446759696
228.7782505948627,144.24858638331133,444.8998105831689,565.7993860259654,291.4722598962291
231.73187179248103,136.61057244788552,457.7088299111497,526.7288873036173,364.5884970504647
216.43500709716633,163.87961250155175,421.3522032611263,637.677332827702,381.5314656752446
206.87355123998017,163.7280258256106,482.9001532982246,531.6451132575434,318.32254635375403
176.17272984935823,158.42213678943418,327.8782139133704,543.7278807305494,263.3089896838453
188.45572932477188,155.31194098545183,435.17762717290725,592.5416671015016,355.474501233766
236.1920977754151,157.5597942100183,452.7911675237595,648.7810876156516,398.7131571828057
268.08731914814285,194.59008389769554,516.0032510393236,788.7284666936837,420.1478970532365
192.24656042488735,110.26341657677224,395.42352441659466,510.4281547812002,312.52235095320464
186.55823546150225,169.769483770302,447.0489308671048,541.306845408479,361.2175276939367
205.52149142435698,126.59343132672662,495.2672753868509,596.6017613710061,302.60471037213034
170.64603350913504,127.1447352292704,392.94939982790896,500.224852230691,339.28469619897226
200.97512770259294,144.62738371560522,433.11758185361094,693.7297665225243,351.61911184839215
211.6240507605421,157.8038984419962,499.81948643629084,620.50167408174,358.08994558973194
188.78175296599528,142.38187397439722,373.66872239540925,443.4239900639078,318.0793270605102
219.82565427659569,152.25866694872073,468.1050377997965,757.2893300630536,371.45504001612085
252.91226534770874,148.26295293016972,435.15771547724466,405.7856147612712,420.8353424848883
225.34744864804014,141.36243496772016,384.13427079632925,550.0937701187773,337.7880413727151
190.98651192253183,150.6054837992611,416.7560711429895,445.690419102547,346.09347552795657
208.85597508012435,106.5600662998799,404.51481369919554,441.6254489820781,353.9314506019823
219.83391083475516,130.26339051127115,441.05390857177395,686.0738228564414,331.2054451478715
250.8356632941645,131.42733453108332,536.360114537622,543.1048738410702,359.32316083341755
229.34775412796938,209.3815423674838,466.40073474045647,711.2304549608317,431.40218857604043
188.9624614012006,223.9105193535829,418.26523592643156,578.2674703090862,354.61782274236396
218.59047795862253,132.89343252457522,450.2725368463559,843.208013645119,429.8238259072598
211.24487321848116,179.88971089632813,417.6577621450226,763.4171069863738,308.24178936307004
200.91029195459873,176.08174889923018,431.55250764489466,609.6118080304609,391.45189799826545
238.49903472081516,139.49761609026498,432.05026923446184,451.37512515895435,356.83782605438915
171.50469567884105,168.41221989064238,446.6101230097572,661.2099686654217,430.517945419434
214.0975622440792,118.58218645876234,405.89563855777885,509.5056121262826,316.26194009546026
231.1590458282089,164.01637597784764,430.2018207834495,742.4594309132365,336.81147614951834
174.65543032285967,149.6769985206511,396.4025548690297,363.1740699177997,316.1190234477706
149.44633285134316,107.7114560901939,393.6255919755182,430.92239315713874,346.64903269351487
211.56898290368483,120.83399990102549,432.99626690925845,490.4236797981781,353.76644841201943
186.33675403959944,153.02416874428698,442.44790870629805,667.0970415359672,337.0758523032682
215.97443568585462,108.89393327765403,423.31059941179706,374.7238872375122,351.2445525437515
176.6207677628959,138.02350273421197,409.68182277437535,578.5795620751007,361.2255669041083
198.6434766329419,105.60479705634064,439.31865516748417,570.5592157543869,408.7287511260828
212.19878036344787,113.2967714458227,431.41266426358465,439.03346063398186,374.41623965017686
202.5804651745167,173.99192514461532,490.65369336757124,479.23640694990394,414.14955113838164
203.04503293059943,165.4282977157007,457.0401499746199,633.0327015220897,360.92919874192535
215.11774837594916,125.69858163002766,390.7991397757817,460.53530864638014,342.6510424399451
187.2291249549652,159.73569850240725,424.329388713971,568.9760160802808,334.2004039564387
213.62500859539503,122.53151144345773,410.57812068925904,492.6370486555003,371.7559088896684
222.3155990059217,148.17812359585338,434.80435218465453,514.2264799685667,394.8662645164275
194.30657900757848,148.45440659099688,469.93811361030123,530.3647617968002,334.51102847721285
240.2413853634584,131.7260239406395,452.6928803596117,575.5620495550869,415.18857717943206
266.6619665211818,148.25676624967042,488.7245200249207,492.37503639662805,380.01140346209155
193.48961299480484,171.54029763311507,466.1581482830869,750.3403332368266,346.72717202060613
183.10291540527936,146.98842530949213,445.7834084553137,611.3111527877062,389.74976795051197
221.9542076544107,173.78941390208507,410.84136096439335,544.0332604213819,373.23767738422424
231.9773139643027,149.79572077925994,474.9050158779729,520.9079714554567,354.44552580308243
221.403001558044,122.74941038479786,373.50292135068844,368.5656088400174,312.41158911334253
191.95431300554264,123.2144648036371,426.58311082508243,492.0177936392129,367.6877870010291
188.23080332630693,112.82032396391939,372.0017853021281,536.2952619901096,293.2757329236052
209.54629160256985,144.9954659688154,455.43917149334317,445.05416919294396,341.4805673980343
231.9861677858242,193.83995718484653,434.8046013116139,757.4860798910732,446.41758562208673
199.80148588031318,151.39264751039184,409.058540236538,724.4419623917778,342.39376524663777
228.05223718252353,149.3140282747979,426.3373121086358,550.6360862773389,402.966138719079
220.94573663091785,143.91340072293147,395.1431310385553,621.9109608349637,354.1525843340849
156.86865852335234,160.89217787957926,466.64277050713395,545.6616796695705,351.32709703326947
167.93690043922908,144.17054347070268,447.7568901776746,760.2437138163922,321.3637759352817
239.2625291100848,115.10608504313488,377.6521422869188,482.1789085153863,393.81149072544093
194.07481318693658,138.09173202581485,450.4578435436096,522.130520311913,328.0767322281869
229.35278148585255,166.63122852058282,497.35135343544135,651.3456540806012,346.56921845977814
192.86222159951996,166.16318665987325,433.65480107671834,819.4427760963949,362.3878536759006
220.99869404388141,180.2125103938641,406.34360978946,417.2508440559554,381.9519787442448
189.3955937908321,135.54873515154952,380.6516677409746,332.15022997777004,345.55925041074556
195.98640617282396,145.7729339504004,386.353627392936,414.01759338585674,329.12619791467216
216.53587028044367,146.28086074149883,454.74455378546816,683.2424682001425,363.5521261624815
154.32899252883337,157.1000783971427,455.5567777833389,452.366080384211,341.43567933147875
218.40897988113784,168.32717144869136,364.52568295306844,751.1689863290395,337.0193741338722
200.58819812363618,172.4743999781747,417.9564545933388,600.6076399023354,310.82103655402756
221.52975207329123,123.0422686955547,438.01715819605596,355.3318814272684,349.97824523427835
150.7054444826655,126.90367567271873,375.38163522459695,400.84502112150795,300.743926887257
221.70515731727804,167.10023397715693,412.00999935970486,569.6678696699709,356.53827431427476
200.26528904877577,172.12423259307806,481.6431548031717,700.9680250964669,348.5017709423922
211.456474964313,145.8139922991311,403.44201331300957,460.01435470583505,358.1272816754264
196.41323130576262,113.84152194838794,443.7352310770906,463.48711906649,337.6058605658261
172.79932885629123,141.45894728147778,447.6127465397396,387.28676351935763,326.76562581816734
249.64373925634695,128.50688047902577,410.0797355355782,578.5023571422921,376.4947352337661
220.07091346993482,186.56847346114188,464.4215996871178,590.1496095731811,380.99286579080723
249.7436940198574,95.53560886741717,428.61591575899473,623.5463086523815,349.43167881825
160.6627946266583,130.75273817379923,388.01271549860707,443.8507032341487,327.6537767965213
178.06658893156742,187.7257721870056,422.51803744892754,695.2606195308787,320.0994562800306
240.04932682512614,165.22297499222785,466.94805006075023,427.5061902771111,329.14678646665294
224.52032538475282,156.0110219588777,479.404785921259,556.4885234508503,424.87197793806774
201.5779741704262,151.0725733605237,334.4401346968577,419.5559280656658,315.3079374467578
187.8347656479493,139.17729478934405,402.76326900913386,361.175029371508,279.4840742876518
193.380768829262,164.83162069854023,473.1404509538025,577.0731948458535,303.40358108367985
177.85126898006547,112.86938988164547,370.0723389313964,398.00310007575405,329.51629184179296
236.5267730254684,153.1854217512996,468.4073205145233,566.3383625840299,394.3274141358431
250.50777366508825,124.52167160516593,385.5732306548342,508.8712421619904,362.9349203082565
251.80260880336834,123.65890242458799,394.3436601202273,399.7424751032614,333.24581340367115
260.3183349249645,108.27692815355587,382.94648343523744,523.5088132605867,368.13277016682093
206.2222445622517,126.70529768077634,379.09720143595507,572.4344567019879,273.9662839197587
168.58586674233987,161.81679207912015,417.9027633999186,533.3933492970781,329.4925506750169
206.46516277999257,152.7965835933271,497.5672037280585,744.1211413563253,392.4043863257273
161.6167296910078,141.0815713272549,400.11409583967924,553.2570895635594,301.82696253717364
159.64699395248763,159.8454179948323,380.3695180900892,627.3664958675724,354.6303753150909
215.66234642839157,163.88303565894054,419.1142109683525,645.7751673960092,420.09504291550934
182.800766024524,121.08967780137344,393.83376338053915,383.7009748826744,337.71018977038386
196.7142518545991,163.6157594692946,407.74708740606917,672.7676193264359,320.3602487811857
188.6983448523073,138.36192903145133,368.5379393536844,690.2428806910979,292.9099840939182
155.47692647984954,145.18438787229942,420.12107077428783,428.5433881435853,333.7720703378077
186.03271189218407,176.56182162023282,467.60526894279997,847.4806233120366,317.5808688876022
243.27095437057014,181.171110017773,537.385682886687,701.0494570454264,441.63087039892434
238.46126201175824,161.31009326364835,436.30988815538956,518.339769225644,410.04861823455053
185.44453174826617,169.8549680935132,486.2868544744038,576.335082430242,403.88960045653386
159.838277593229,144.62506483027306,457.126709085024,596.1887547979891,403.4625559475005
191.85787115646815,127.34923627100771,461.0080486432536,740.5039290023363,337.21970540952833
222.22621350433207,191.9202948130115,501.97965313242065,731.4995029601698,412.23123343010974
170.96340521591395,142.47148061177538,401.0355602322186,685.3828799770683,381.7238076013797
256.4720748764461,148.56558924074275,530.4182708319556,854.0555089626415,400.95379187022803
234.87645606141288,142.6158134920733,461.15256015286354,816.2699127409269,358.40184080022584
206.9072065566788,186.14369442929785,437.8745665934728,524.5253936219937,311.97572793666666
256.79319226639853,150.1911706315103,437.43662993870805,688.707696239645,362.42436531104414
213.18186653936584,166.92298804553315,442.21772679447963,573.6969223103451,409.4241838345944
227.73942429923707,188.3166986706178,517.2919813224745,744.4986732979755,407.17983362138426
202.5493299567597,108.07277530230506,371.59504945066305,569.2129367794612,317.07883564658147
253.15079097127702,211.70677114011662,508.130830625954,462.13220605191225,384.9746310573269
232.27045675967153,100.63310696500257,379.1576537344329,452.89388325466086,318.8183310912492
232.92940519128524,157.51011676696123,465.5265679446114,688.6093204035643,372.80334598025007
219.73174502258436,205.60118158639088,446.6394143567439,515.5082583923215,363.66762323334746
193.7186690472138,131.4687618039683,435.4316500500469,494.22409733916373,294.0214323584134
232.97554478791028,101.18004600730886,397.24823053898587,410.4092181600745,333.1207604120031
213.89893375290526,164.50690071197135,420.62916362663043,810.6117546891726,315.10634716087736
166.07660456582184,139.90413938104334,420.8293736671657,617.9485505580749,323.8881656499299
195.16712437205817,139.48953349651086,438.33843552168054,552.2641233924544,400.6284520051868
195.4349026277825,117.27749195206479,416.06854597363446,475.5315988905199,313.4359495760342
225.1338291771218,126.60835442446817,352.3406324288891,356.4549798102856,381.18868854933106
220.76217311486874,145.72214226000895,371.17939473956545,593.3613883854827,318.2008857706721
202.99900842341808,130.23868102558563,388.4613616106083,416.1767422491582,352.19962827149044
184.54343098312606,109.69042322743454,463.8113409285323,529.8198659758722,329.98190719255814
179.4169954897426,158.2888919829455,392.19570099791497,458.1781151872082,277.5781659010684
225.7898565329402,132.00745054869003,424.29079882260106,599.7447476785153,311.4447980925792
208.9869739766137,146.46320588180842,402.16964148980577,548.190997661175,334.6796568014592
184.4582659496536,152.9959982899668,386.022665510496,417.249728618327,342.3089835439229
225.11168804960715,124.62822954801521,406.5296413761235,518.3744210303952,324.77206779164277
181.7990949220131,142.85475711043745,340.0509886532598,523.5981770271551,293.4989386152764
229.6268853896198,141.86024945204312,407.06300288421915,756.8383034052002,372.2002308624903
224.6527108863062,140.18297244275854,436.48351260593955,468.89514456507544,339.9338996135037
219.7661401487232,106.43727943345003,388.8347951613981,493.3256762698392,375.86288239091806
226.003414573174,138.78945066814626,411.6070609293603,529.8824968914105,301.3863931928208
199.48344658441707,121.55389222119668,353.68437599302865,625.7355189646474,280.4305361411229
250.04678076569257,133.06588244195652,479.97379943986687,506.63667721548353,398.31754802729836
187.95241650298252,173.489465940111,401.4570060360525,529.10163649771,315.65577766519624
228.01051347275373,113.70126558381446,423.0401963435319,365.6372581921965,373.91964685758387
154.93448735737468,167.26383844529673,405.58143668352227,605.3851158741813,291.0816388053481
211.91744467003934,116.64731150963885,369.44220758932306,394.79258785306814,357.59335853889274
196.7574062474831,104.49301901924882,345.7884694774834,329.23617349426956,281.6671111834176
200.22449361683496,152.50455905237098,378.85458204499383,534.3403338287962,293.4414039158711
212.16367659464208,122.73519306503967,381.5243901636175,555.714632875926,273.02225651707266
165.63545586293168,161.5418691220716,406.97583822095527,610.8719373414172,378.2855169993951
185.45727533482795,107.58080965597327,331.20635404179643,438.79809997603087,293.60681968124686
263.7256424901777,200.63867323419524,437.53937953544795,652.4898202460456,322.30750587977025
167.96675078550285,131.7901072649614,428.8443928725614,414.3618177114982,356.51123690427823
206.10932162649198,134.04272450041245,393.38287314215177,453.89858180172945,379.3679657376468
202.94793958487895,149.64397526788616,523.7682786553103,545.5890059096645,358.88082175760763
195.2590478101161,169.0851407723723,471.7614070792671,730.1932263853612,288.0634832892536
272.17852298137933,161.25714656218267,425.5539720074789,475.6400351961056,323.61719994985214
208.10051505535782,171.69043013177213,494.0494178317897,708.5760941582229,373.9645324094928
208.8269253805155,179.66439567562483,435.9879181094927,529.7519300329947,348.37743684433764
190.9021237755647,164.16103765262253,422.69777005455904,622.617353963152,321.6284730385531
199.82050127846423,96.7353124308338,357.148494645092,358.17694168571194,307.6916125833687
200.2941483546483,153.22699727036195,446.95654007542385,737.5739749945001,325.25609362294756
234.1899881548558,144.20836392216327,396.6588601057281,600.6570242920461,272.6804602669467
216.30606391927003,183.8895364111706,476.91641520700256,645.8930080996881,348.33653437924283
200.80737084260855,182.3611587429704,441.35463270532,494.1225512505937,322.41450010068934
161.30068697809736,166.98968741903312,409.43224105622096,577.0712263696677,330.2171217490327
204.35031511625897,176.35859177530526,381.53705702287766,827.3170731358337,326.395385541853
173.42791285310744,226.09807506381173,537.2263583016087,721.0132111340879,338.94613531929696
194.30024556866346,181.86204172329371,387.193847383096,498.50666947077394,337.91271276357435
190.90201683434222,133.79162307219954,496.05918027922814,674.6109144485933,322.6721264243244
204.05555484670347,158.6981848593061,459.5989643971489,467.37525364343213,327.67119850953316
194.72877447380685,134.57120752614028,372.39338641309223,392.2275031885698,352.6984707520462
221.5069221989106,160.8193554914459,415.30465212167366,526.849500707459,445.58319666536477
149.74809906892318,152.68172147675995,408.777816672305,392.9613789937604,308.9294880369375
193.22687208444208,160.19316171707024,347.68783491253566,488.4230308610959,335.5624926839854
261.5962038836602,105.21703022466234,440.69294950234604,461.2702790334903,382.1816941750957
168.86320150569946,141.91666305140714,382.6397319029359,543.5668686659131,318.2140621525087
243.2885283406593,132.4188435163001,500.3544924874924,715.6013333405411,427.07485488778246
238.90892377987336,126.50272681768708,385.9332881026406,462.60827235528984,341.75265853402686
196.32377549463777,153.89780985527764,393.30682162829874,651.2349317412903,358.8392716372319
210.95812114844298,179.39264460423922,447.8188334947769,530.2426342087541,343.3447441763569
258.81215270383626,158.20349114830617,473.15391396658816,606.1594982960405,385.46148856588434
185.93336921391995,107.75200072439759,418.2059090451564,357.6789214334521,350.98973775098887
184.50449808170387,157.8127598437337,408.8109284339672,507.25875997559007,312.5745121395498
173.1906472900527,111.02157291514305,340.56244564744566,359.5033135408915,326.78246628369175
173.5889230700332,138.38858234211696,406.39096773403435,603.9279383826362,354.053545214707
191.86067606438672,95.16375744159535,391.17781195487936,591.7407837373119,404.6305694566969
209.60736089826688,118.6059130449819,404.35194191494264,668.5297623785495,299.9360778012865
252.50569230763838,126.9015131342367,386.29776986575763,465.0280549677146,423.1573088248957
176.46627969390994,151.51315053750045,447.6444579856125,657.837713720306,342.54869766785316
200.63880830780218,156.54094131405003,391.0154140764154,488.7606448524759,410.1324210250908
213.26313924597218,168.05961147442127,424.9323441990592,622.0630078508675,295.92981960877904
205.01068577291812,172.85880697633212,438.94312058806526,778.6549000958472,386.9503115156418
248.26099228566585,157.4929713675674,512.8408436176654,739.7166026019946,330.7357322113131
200.26487769691371,172.47173517754135,428.48745914171286,515.3220266949862,363.5524352489573
190.79229481673073,151.8129716991658,444.9783076280866,607.3196374420842,327.2134321203598
197.39636353020094,122.07271638776793,388.8667565830159,401.9443254499187,344.7337469948718
202.6657253982286,171.92129023285318,392.0325155128791,433.5124740338625,329.914363061538
191.4848097760778,208.9674672836044,474.3305330780988,740.6530450891443,407.1845413755332
245.12553301593968,141.5358796568627,455.1305489406026,688.0948900894203,382.8382938847098
197.92080907192374,164.07635931179027,342.83380060088916,662.6308030164756,321.51414160946877
188.71741511802318,120.68977817125824,450.0119866640732,604.8811178482632,357.6961644003374
214.2236159635111,96.71124792289153,355.6670219524423,444.7188046908406,337.1396353118643
243.025596462777,141.8400964496195,434.83206254379263,475.35057101693803,355.3676657704756
182.39025424821034,132.62988303817,365.24105168232694,367.725154849674,312.82917124557525
218.31522013091217,177.46297172389188,424.56090410289215,529.9707483300161,336.8278009043859
274.9761719321104,182.8930639063432,478.7672195509038,563.2776051288502,369.24746623060855
179.57238830040424,122.31042092807853,395.92947835123954,575.726519865084,306.45441932300645
179.9744750225004,190.08965302773015,418.6622912496876,516.8789531170551,301.87213592272894
227.08716253954373,196.5332252859271,502.6681565693016,641.4999002008719,337.9584531925877
239.77583823760867,186.41846165853502,470.9499237244143,639.456488024163,324.8789704863381
220.54112199881192,125.46173969934348,338.9090129703324,742.3085660597475,384.42917970541276
157.1646385589738,96.68003557185888,430.6550457679198,423.09677201246564,292.73881954390464
196.1975907773823,131.37011229775428,415.13940549018554,484.00379446810376,274.0686192253072
246.0572753836443,156.39008428057465,509.32106187896227,475.2353508277308,336.4343567568817
164.48834915599912,125.47850070499283,436.0602805609795,603.3550119017476,341.41387361477763
223.66839213273485,146.60672187162913,418.60229237975034,406.6810375860103,359.6047252453528
161.08902201051492,131.86394774104517,346.15521632105913,443.99249987880586,318.41901199050017
202.1478929900857,156.10067234041117,428.2451419127454,471.82846260319764,317.41532029613245
227.510880001119,158.5455474237457,449.4185226040652,467.7244175424376,361.7075306260455
157.70279050528833,132.64360817570534,421.28652509200083,452.2647353488362,295.12388673106113
249.2750609651421,144.41902009892573,500.55044789623554,587.7730660133466,389.602773199041
201.42816725163684,182.1615111739858,429.60857128932577,479.21152504248937,339.35444410546074
172.27399601528248,100.16405491801831,331.7894587148769,401.2134028099314,324.5823552974879
159.2648339298569,138.4309364583448,334.6297828787009,374.58901329441545,282.1941185934912
212.2356718715628,147.23939638762258,420.8777794415892,399.92904646374154,394.4109971005272
195.718685382839,147.7432038483761,437.0363010189656,491.66099642921984,304.3388661574116
204.20330929107203,212.28124154502885,505.15997015899666,736.827877634396,352.7031322706804
173.89959187123648,105.7851644891368,349.98700192209856,339.3329945794652,319.05570189160744
227.31581501732302,160.08815667887166,467.88228285801756,714.2138610084006,446.36804086901185
219.53458663807282,97.06990173835959,360.94999956044137,391.3399219870339,295.6454866955742
201.00774142548565,176.5447352237206,450.48865732544044,499.3526440285519,408.7375949745681
211.49434702094362,157.12547988778186,472.9465894268582,499.6066515965935,306.3009194996601
151.7338437347412,151.39009158112262,392.9312225930326,417.01045130211946,385.8206676500793
203.40746591625853,171.16770415800417,400.2858316637587,574.8324902808275,335.0281070972443
195.33631222440772,148.86669649017807,476.8708489593519,782.6314550914344,381.40878150092425
184.19789932737808,158.01273594647915,406.9151158925776,402.2355562629948,293.93883735635006
248.59164105534973,139.04112681699158,473.68758578147265,358.57867612045976,342.2068668493817
202.2643837195375,150.84880221639972,390.3931933796634,338.18164211056364,367.23201203387254
200.84986792253065,153.39946016243928,415.5803705497502,856.4691551913161,363.8653423665941
206.88392673225903,167.81997410373023,437.6544763598831,557.8136704839982,383.40598678114884
210.2505818505478,143.89297063281492,383.5283715423599,762.4140306107702,352.55883047887176
197.8991679123895,195.39042732570164,436.4877486399742,623.313094381455,302.5311226849081
225.40111602829666,130.39096202247322,431.1997645322441,623.535716348394,359.7297371135956
198.33966996532618,143.9095611454677,399.07637209132594,531.7887382520396,311.65731869727597
221.05268467089275,136.3922416494104,460.4306327441975,626.6672626090411,308.4815529032311
184.96461256543066,155.4164352033595,410.5670862419305,544.7523113612917,368.1743771798429
239.34438052761357,134.46635113403752,381.40914497451087,536.8239647492653,372.31292965946363
235.29345269891135,178.13994757490576,514.3954267135995,662.7939955716079,410.29679327156884
190.8461754824352,144.27468189417993,375.14227728818895,713.813985211105,274.2085423806205
210.57093581712658,130.26543708674734,465.2506476259513,558.6597646779524,279.8642686716591
178.94111427682486,167.4523232933437,421.4129309893739,417.35876908535084,385.3683275319997
215.82664815515272,114.37684935502908,328.8320883574252,470.31580941658916,275.2080103021379
179.80044661879418,153.2784273495176,411.89692367214536,349.15396986215336,340.7256056728264
230.10444335063693,213.50200952916688,493.0750356358152,688.5090695603205,404.1438195038936
201.44715714922216,146.631139602171,446.82335243896614,625.1141543023135,334.7274761890224
229.33422421429614,170.59798198873668,460.2527476000923,494.39983816312383,444.5077140185061
212.5733380832132,143.86288773094145,414.00943857614624,505.2942144783231,332.2178669914593
249.48234761451195,135.85828326878664,420.23565606437927,478.68479961757265,396.80155579633254
256.9325393118962,158.87639350524256,399.4018405461949,481.96559349819603,368.6176714814619
177.3666090796879,113.52029882655647,368.30636437868145,428.69776378337764,350.73049476727624
154.9279971248239,169.8402483217714,396.2593771836211,683.6403036630151,318.76175626203457
168.45489331323694,155.55759116827537,524.5633527154031,572.8123595108019,350.40406688746623
229.41579952292133,157.7949777994598,471.4559827550121,649.738078606533,308.02115698493424
216.1824594446473,129.7010098633921,420.30684824818906,554.1391880422342,304.15731950736745
256.7389993877603,144.5486435697223,453.7350466878188,616.9577357808315,310.92478733281746
236.33369298503305,149.60163829494752,426.25001526350366,628.2955948281293,324.029222434939
249.90022599928585,205.80725696480013,498.75547522527893,537.767938158642,416.4158142988836
219.63753139366457,146.22915961488727,459.76796051625826,664.6708488310907,293.325491991769
236.93031306220078,149.8460738363445,446.5685296931748,508.60729395908953,347.2148658687897
194.4532679254135,176.81504257372035,443.7467748757307,418.8914882634249,372.5534060682583
222.48926710051092,130.08973928463436,423.6039828296758,622.3289754224235,363.4696854757183
179.36655108270082,158.80261968173954,433.5710730666813,654.106103974683,388.32867915967995
151.70428400996798,134.14688776354996,375.54954393962316,496.93024146761525,346.0364972790496
175.54641867420796,141.15068939205926,435.9038985150354,595.5987543279579,350.9461900669324
215.5473683002309,118.73099560946113,452.14220515397983,695.9148958066986,338.6129361973472
239.79330246822556,169.28953285421858,354.66411590500445,488.53911152723674,336.80369734858584
191.01516007461865,150.81210600279846,409.5630621461009,425.8174348004001,398.44371012926166
227.24281448039795,114.12730109617837,426.72782144785924,548.7713572497623,376.4153808585106
188.99728461427574,133.97836916256935,402.19949688141156,446.29736802715587,344.4196165329384
219.73641895935543,152.18851398574364,466.69917055152973,470.4678203231944,372.2385397002415
195.21557358506428,99.05955283004558,351.54062034162314,426.91219534601106,318.8553205156134
168.6270594726953,164.71674600794356,407.2984750135027,497.2922523592802,386.24093155995445
174.79411311474118,150.65741857662323,419.3689257799864,412.25340138099403,348.741976981011
206.38727121362015,118.20955694493111,456.85226826052053,487.6628975869403,312.1560005870265
162.42187683222969,153.6279011600189,406.7922984966097,353.32927691106505,341.0596152683965
182.81663661868794,130.4145324563691,347.5070475332329,540.7207594401531,287.38866294329677
180.11511729685157,150.20649456638048,404.293273838908,728.630842714343,346.0828625355099
209.36970085949156,180.6586830925223,487.0784695081238,709.1949307440834,337.93093533721344
192.46081916782165,126.08047865975402,393.19818632895874,531.5258474676176,346.3417890109611
205.65191523782252,184.3784249155701,455.0876272402903,699.1527982210843,417.18802719925793
173.83493720756957,127.45210343983706,345.07182193574164,382.6254292240215,336.8739046055368
203.44315802283586,116.51926040913355,455.8112865385142,591.7347717271168,359.0015582554038
221.324134897918,146.3649664543396,475.84512157670594,368.9420202333745,405.0993928844644
214.81412995774534,94.83569339030761,397.24636223478655,688.4417746519706,331.9049963342099
232.45555894081065,184.35915412658798,413.4803583345262,582.7253432190664,280.5661693344553
159.7400081401479,112.46053700893864,387.21814296773294,448.98835256341323,352.5697741919434
209.81459920849628,113.44653181067186,427.9944051760805,520.864647664826,383.8129271661081
160.72123242407292,117.12843528115712,381.9779648844698,337.50763235253595,297.64812196228814
191.4079929346069,104.28888347069855,419.3737581720386,763.1206749706524,374.9882903204252
228.10438980897266,175.9453344871995,466.7841519595564,627.875371182331,342.0351517238577
180.20406994758557,171.196324550539,509.44641126780215,563.1472340809291,370.7738391687529
207.10945530122436,175.70840921229956,434.7816445677228,779.8499765051077,376.3375647499532
195.68424295480403,106.17039557216471,349.0008836716139,448.0970482461034,332.1485029136632
231.83192391097703,136.08409875420202,490.91843332906484,561.6552609486471,394.44713727239974
195.27736035367596,153.72884305163285,540.4731886255894,843.1276168632555,385.8139139442304
205.91616294954784,146.18649049543856,393.51379647721797,397.83200782400337,328.84532459272924
237.7912007196441,165.1669326870038,455.53769769279126,603.9238331251948,319.86589899286395
254.73528500367996,183.70616602469462,420.2082333226605,518.2203213342568,419.67450746149376
180.50223450057047,134.01185314223352,369.8795529775941,399.66646417701355,342.3411129210607
224.21657929533504,108.353766363365,408.6674625764842,365.0733801352202,403.3229274868437
174.4057460698862,147.609087959317,432.699443347035,687.9360570060771,355.18608094050995
228.84650752011,107.458825618441,433.21124287624247,708.0327338992546,427.9164249243952
204.4180430112429,143.13556949166795,394.87346390441354,430.5797475149286,362.3857828265093
192.92383260619494,142.708225676818,413.99262587258215,395.07086123699315,299.79004142796475
215.67849449472322,154.78601281131876,419.98116951320713,596.9236220966939,356.9970812044261
208.48738794423392,157.25753223653436,373.2724215732052,592.5645455211562,357.45466619588706
163.62169720005662,147.5741988532268,394.0568805321159,637.5089770614179,305.1061156152539
195.39716998346464,152.40762113559416,457.0372773527086,339.1973261883715,344.18669350723565
165.0704053117496,169.7473321377709,362.35210274382666,398.2427129078077,335.5054594711919
225.90162072929374,139.55585032752992,379.6891313560485,530.4786635663127,352.41942659676306
240.56781855461628,135.33051521445023,408.5395278886946,386.1467979914764,324.4031207814941
204.0434383824453,182.9230085267188,438.2089291627432,573.7195783018237,334.651160074114
253.89825993916634,169.58039319187824,376.6322544652805,653.5550336634699,380.3504432896154
238.73492115608957,165.6585183693368,504.5178167701057,860.0941210807503,433.56401866211525
180.64498381911426,161.8216273750477,419.792579485339,534.791218306077,360.4387965851809
214.80199102706695,162.85135508286612,443.9807456581071,459.35027095123087,365.4062342221159
192.19575479276585,166.66790484997242,430.0380972820942,546.2212144001006,301.67157760418445
220.2977341370061,139.92845144824628,425.82530969066175,558.5120477658,380.89868995003974
186.3353946846244,127.63982053709566,426.4162315226775,846.6625062345122,301.8362662479595
208.54807942455693,149.68969922306314,432.3016776043567,559.4139828822051,358.24558118481957
222.00865991174777,137.5974832973043,396.2431415023014,487.2155425550371,301.33518689379866
212.38855005671755,196.5704374817008,483.7365066685997,794.6570245873152,389.81115462611365
212.23368854086198,107.5666002809966,444.92645361654775,629.201100020637,429.9689917421681
196.8132153099313,139.78601967847638,435.65641129495725,535.3236013421781,324.1083460239222
159.81858532985413,159.13610391884427,443.0690060472516,639.1023890220671,358.95754535217134
200.51889267435945,154.24087770566763,448.81544196897005,480.9090129912978,338.8493091622176
210.2247189882633,175.54605005190086,491.1142281384461,411.7535608244497,360.8950499954705
217.6790234924443,122.88370400036379,466.6649805836025,341.32275988959134,317.2861954956136
273.94159084838054,189.0620882103721,466.87774094012565,864.6450937037403,390.4086568989764
165.512386771602,119.54478220057574,403.9787547352475,515.1780708928092,357.516304478265
216.80257138901558,122.60119333116826,418.97280863382406,487.82382296740525,350.0551556627585
258.6060645185194,170.2934745238043,462.33845629049193,683.4864067052025,372.8136524740681
214.45627672791895,100.04757983486364,476.12637084402235,465.0869493477768,334.52680082305045
204.57315350325533,136.2840916326148,434.268520489365,418.67311871730806,292.4161919763392
232.64484956557106,151.66254497864895,458.13519826841247,584.6176957424666,392.2980778311684
217.024293187494,136.02007831828544,358.5270383000031,394.37583848718043,298.6580931210705
207.10515931606264,115.95033045274336,422.26232619774265,502.3856607389249,363.9143335075369
190.79945801198343,162.31739550934944,397.0643539965577,364.38294604624645,311.4930840910167
194.06689039045426,131.9833021256475,458.01185244680687,418.26400566621953,347.65074232452565
205.23268761884094,123.55559139797697,398.3534723091017,644.1592956176747,300.69927634576817
204.09777707666754,130.44980364771146,424.21661142403065,435.81583065961166,300.45706403749216
213.62241126804327,135.6201553126019,397.44159738837647,451.2973869401479,350.8519699027825
206.8181825815142,158.03558749699826,414.8095939595887,656.6292084920904,336.16712033300615
236.6776042447007,143.2922257564241,480.8889018336942,479.66735698424833,418.5522037036771
215.55272698236524,119.1769734048784,498.7345107103717,476.37352048974765,376.01800469042354
210.81855494765156,121.43760629917061,342.56917377425304,353.02029635516965,356.36555489491593
224.9857373690329,138.9290878692006,442.12615975973415,430.81252093193734,367.64154681842086
208.22880603766123,121.4568232773581,444.43617823859046,684.1003630309218,330.5468831662676
238.34766553413886,140.6308693969254,532.7797675428166,678.7070913836039,425.7171604542892
170.14385449570563,118.29268847886651,485.23020043283356,502.7126629712137,386.94066137880856
227.12565350573826,122.57078344402755,439.03323984729184,451.69983600763504,357.7975086433174
176.29132927429566,183.56419701355378,411.14821820538333,397.67352764308123,320.25267766077246
172.21734670553974,152.13790586682072,479.00246471363386,561.2483210469065,356.727209580332
168.49371794557024,98.20425982647903,426.38801699625145,428.80748733038786,326.021106445874
196.21191862531876,125.18985797556381,412.3925082117295,533.076904919835,299.5778088227055
197.16810448122553,183.22206379964473,433.64695353579464,761.7536293563896,411.5972969439777
208.8943445121165,177.5144530788854,409.2960151051907,473.9143261808867,381.3922142505534
262.9701325569949,127.1078723426779,419.3486124084771,650.1074976621053,381.03457291869006
163.76132295427706,144.07261675614782,348.2021135339668,429.5810344566003,336.0969434872438
188.95077231725716,134.74916698279557,412.10513932511526,547.0813936010204,309.3960665572205
211.38857753335316,138.18033475889186,438.6431323538607,657.7182930225529,356.8852688159458
204.32875813841,193.25117588144676,413.3388262993997,476.40081611380145,297.6509386620113
150.39180711487546,117.54651074754725,388.8922569106413,640.3183799294483,323.5942251769161
182.27737597218527,183.26216915072808,368.891628205533,337.7617512555932,318.6144119727683
183.59258093224415,147.63283503062405,430.09905600624995,804.0905827213267,327.42635572998176
230.92280939416207,171.30887627096118,500.08959375746116,686.1016290069957,387.45438023038383
223.21889981687724,159.08073328880866,425.9586894193045,491.4789644063203,390.87325391502264
226.86525560049577,152.59152436222746,499.45706546790655,597.7539514899055,295.1260262389469
163.32605538530754,171.95664676372033,385.25446222531843,556.2647544769138,299.3811231441144
215.15676628291726,138.29105967272844,456.52910191010363,572.6914634620824,331.09215574573534
231.09954395083201,124.32840875156286,422.4311903283329,383.78135757624244,334.31635693510435
211.6824203567932,131.21419605020134,359.9540676011306,410.59071120758557,377.6019149781717
208.42620175255757,145.32635653407058,407.9510194727859,691.6993955741782,330.8458600759903
171.99779822525616,168.3596861574401,369.3978607467787,707.1367971496562,309.1943042052325
245.52758447104216,152.62287335063445,438.2091419937176,646.3748739771379,325.37017537815876
192.79059304033277,103.7628336352343,346.57557635106673,416.3796746316892,298.69239525671503
213.4604023177782,148.70419730791136,426.70752734384547,668.340227089124,374.0437342104692
156.14033946954086,103.94657413975669,343.85484162220223,345.18638049369866,289.3272613445932
183.21524346294152,123.25523414473534,435.37462392749455,419.3869024131511,349.2495221880276
185.97073238627752,158.1826793339699,452.18169469402903,603.9468429246508,311.5393992480147
211.0081593709311,151.3054490180413,439.08077290911683,456.5677246473311,382.9825460235077
161.7176351964435,167.18636342389135,398.7524749183199,591.0351160316919,334.19737247363634
197.22323889889535,125.03498698978065,377.4161793973293,347.73353254146116,271.4618317250899
201.95182313896862,145.74101042949658,393.35660293266676,588.1885695495462,358.0694069210189
206.58577848540534,150.39616338414584,470.5729375070855,539.6302539513312,314.90021768312073
199.12616896690096,138.58987973401955,417.0392142163125,481.8448076340652,300.26372999745433
215.52300146882592,192.84785407989935,429.00714394427007,415.4646984085988,304.48314508579745
187.74796313891875,165.45071725529624,387.6129872623476,680.0890758443231,352.55733039463007
222.59229953248692,202.49439140381924,398.4212373356102,480.27391085817055,343.5880802387434
214.27223749382867,146.91644621412743,463.759264395329,860.8567180358915,405.65399309675286
185.62085396895682,149.91429641924918,409.483370246348,725.5238942469805,319.10897108283484
262.0167811552313,202.69610777485823,429.9435501997361,605.5422490702883,380.2873494521378
191.32063655341707,147.20213702633333,408.41343936277764,581.5695920543202,299.12672281330265
174.0758294294607,119.63338305823521,381.6070586915201,496.4255091076023,271.7794349268465
250.73003685344986,168.92460313359265,422.4615424281383,574.3593668958389,355.99832735021636
218.02681530154888,142.84010865319803,366.3501127191165,546.4227280018977,301.30947775475977
211.09238778243937,135.6966902647104,411.7383485043725,619.0471184208385,358.25479497332367
181.5012673655975,128.67547111535947,350.40975667907804,419.3482080073413,261.7395916281891
202.86860622561915,173.34866591465968,459.9900085198303,590.6285996294631,375.7345282043407
224.7232386278713,153.5850677465393,425.8444641132325,520.332688103157,374.49589031285115
180.2886002718183,96.80750906256898,382.552366158677,724.0643634270439,327.81258778306915
227.85539380634958,130.90011433510688,468.8552532752959,522.5854519170289,331.040361651273
185.30448076403732,129.62923718300172,419.82518968777094,466.7029276082915,333.3173198033573
195.9875839599181,171.07450415115983,498.2834549128928,765.8413497973999,338.6418004141668
210.71621150857865,133.45850393304258,465.0188391551247,387.9776452468193,341.33859874515434
213.21417810949018,107.7884436082007,428.3645201402452,465.01385729274904,364.18358794720336
256.0385090853193,216.2386039429078,522.8758863138569,800.7468492876302,387.2816244997959
197.84407235345617,166.08012963976742,427.1000513774072,574.2934269626694,352.3383745586052
223.26735263225956,189.09518903765817,469.4228068320587,678.4757443976671,331.0189711712159
237.2237420671055,142.38236019618742,419.4606881969376,389.2091158190641,411.06768516309984
256.7686726282362,150.76487536110383,486.4993907707529,581.5334532441063,430.4129327062814
201.76969617399953,155.15823542850424,452.8777064661632,655.1870138873367,315.4031727351471
222.57483592520646,167.0321059714592,406.2530722840029,606.1408863535771,407.0699385773256
208.87069053391923,163.09512526000915,435.86541137356863,501.82963677292247,317.9757381102349
174.31083427112918,136.8339192186865,412.32784609752224,722.3558692393667,439.86235517277555
206.28000347052605,188.5202859254316,423.9159924376318,641.121228087921,302.13575776714475
197.69682520618312,129.7934683128154,456.37056785270534,659.8849682536206,343.42548061259635
255.22163975484918,170.31236492813994,451.28336939606913,782.9976323858216,332.35809775722925
185.41421952710908,119.4464199089532,363.3061968492234,405.1198842022005,305.3660152960955
234.3094306714936,124.51130705274892,459.7381870643387,738.5141813454585,319.02284329435184
184.53352802769868,155.1606197204261,460.05997285465764,471.30030664446844,368.21838733937665
223.70787187411463,135.85599007701748,386.56120314769794,355.3592207312947,330.57506143931937
208.7006892337372,134.44828616586517,443.5375934313407,628.6888061428641,362.78173587343525
205.21825622591746,172.43911006600203,453.7031467203119,672.689982929058,399.71548093009943
261.5262458419942,137.8078903766296,414.5763344856797,575.4739291923652,385.89340087402974
220.70072945988235,156.180053723668,489.98910174193327,704.4200132998085,328.70095350347987
205.0244620429084,136.70633786517675,395.147440597352,509.22024398929307,349.84298430536415
194.12179166335306,128.0581540585295,408.7545658488423,440.5625016392574,334.9369947420636
241.4157869555698,113.24572279799732,401.8795098071238,530.06108003659,347.42207650836207
157.64979773553037,114.30399857520307,379.3732239581402,501.3770473593578,334.0355515978405
236.60729699602587,141.41598073099777,371.5012527767978,497.36502236971535,329.1394502799714
197.2135435188555,150.12594215928482,368.9923903417491,402.55042050829655,368.78305664389853
213.8594648848806,214.3850251901022,446.45473754346716,588.174497415167,389.124763775318
167.97755430267057,107.60616268583395,388.50563252260275,527.252797903684,307.75482753533214
148.52685916472913,138.42122011480203,417.19568804045736,422.79924869272077,315.9046050345667
196.4961617123777,152.91044289189458,415.8459651584024,533.612027521308,322.6506171545861
155.95305227782637,161.49576084990636,396.1730968370925,610.8403486884188,313.678543020216
242.058257723866,193.17177147401677,444.98467930402967,664.6385820042666,397.1631197109704
206.6467821661364,131.16982198376243,412.9173193331612,552.4572368784594,313.82155849805525
224.9082918476967,180.38984111700114,469.1553684786976,747.0979336583617,356.59385260953945
174.2898289379075,103.22118623058519,404.07664371587407,582.8589453461957,304.6405107264213
206.70621934995253,157.5374909475899,450.6499676942044,607.9823326766888,355.1765414088696
224.16407458591937,131.7361252254732,392.99443435117263,509.8207663378824,293.4089294828303
180.18839004269702,180.0878051840175,434.8602910316247,590.5184757997206,437.21980458251403
217.51978101117746,150.97160886889674,409.99996902015994,416.1339713338702,288.4935330100563
206.51310088020693,158.0679998341854,440.88594101253653,498.2496828830359,336.41874788746344
220.5023397939312,171.4383948559957,479.09920262262466,701.8924248561411,414.48503997370136
186.80623474037085,170.96967967638372,450.05683239646396,628.453565340095,320.1635416555952
214.321604403623,125.01313909328748,338.55341099200797,412.15554639187786,314.5391922860007
229.20761073956166,184.9450756825253,521.5184323121022,501.71691731687434,356.8014396789718
155.5547673707975,99.54908608635455,327.6695099567901,344.2083365586685,285.9194228593019
196.2769975263654,147.86794063172354,418.7495809597898,463.82512181533235,397.8795079945378
173.28648868919768,153.29292062898753,443.58681937889776,434.28585990803776,284.44092755849823
222.6621105131536,149.42948393823005,438.9985304600896,486.9441842347377,328.1507196411174
246.51796538276542,161.30138547178083,422.8413133907838,579.118383588327,313.13232466944237
207.80729941245022,198.50142567933435,420.5802588797746,747.6782297905047,300.4291979874125
219.88274515044486,164.0347524204519,422.3503955623532,479.89829708133254,367.31948635657096
189.23281330143902,150.65064919575107,458.89738235065056,707.0994542520912,364.5460229377288
224.3986636008123,187.28432292990956,355.8425741008275,630.7373170638524,361.08623371125765
202.15257006381503,189.25716650922016,414.05156933386,677.0442807661884,272.3185473214457
207.34230625884896,138.9264587939132,384.5619273930162,496.00868133539075,296.2495557635316
177.86938348692098,207.42375877903055,401.3747471739146,811.0084791183169,336.70584091459403
186.41316806822584,142.55441640674894,365.3726248509283,453.15647185819887,315.91235391547775
185.61049616588429,198.0956610983744,446.6536237476415,638.1559217334116,388.76318670278414
260.2732112574513,183.06402659288065,512.6363462981509,792.0801595936276,430.0865019118982
180.7451354496284,137.31012948606423,418.03829285795683,432.43291240190774,279.5812866047449
185.74372831791334,111.85636376204117,381.4345079790155,660.5685005380094,302.8609409173502
215.12493704084528,196.26295676927626,525.2254973653279,808.5733622372879,357.51253687562007
258.8820334267341,165.47779609588153,446.3557703927024,591.0238756712033,396.0297885093468
235.40987416796415,179.6846628939106,438.32453162220366,551.2139940743914,422.2679875590349
210.80333682639343,167.3572488163728,406.9770248195658,439.0241189020565,396.96325603720993
190.77046455074353,171.9501402038514,411.6189442169771,399.774085658437,335.09946564851936
156.5389492235086,160.8142713011777,345.62288523726,332.52392400498,348.72694059440147
149.48215352489544,133.909120955579,329.7438236368151,331.6497849803963,272.61171838463775
211.99819500416388,104.48515076547444,395.44905777697613,420.76714351386,262.4435494624926
181.53906523619415,127.24238600621723,380.7518090370185,339.52098811147727,291.66894481212955
174.4837005854299,149.82311223505155,509.2528749630567,584.012203095785,356.0494426174605
201.0466178830164,167.04000292592298,389.60786465445864,545.0586475888708,303.35148658674416
192.90698351877103,192.67138216611747,457.25442073352326,678.5787842118513,319.32348006908546
179.6832514974973,98.7119378148145,400.52313528935457,427.76222253970207,336.40974788339247
271.2698193113931,177.65138049204182,425.4795021453992,369.04173171215734,388.5935007752731
218.47965962347257,161.4871431122104,452.79947362493397,517.1672563593926,372.97640720706136
202.76396602910899,116.50843183523185,434.5495563995717,628.9536203823741,394.7200230735052
211.95687514534134,165.70365975421015,390.37460741902373,576.0403835198083,352.89958642505945
247.82647261619837,158.2697209452792,421.403837881268,616.561488771792,366.3414557519608
223.0326903311319,176.66408784211148,507.73123605078797,624.0017815970125,429.3170420346383
200.37437805370374,129.50331837611998,475.85071449257435,509.5742314952139,350.43579456220056
204.75305078777743,146.9327662353427,403.9330074303799,527.2579419338203,333.6252501312846
198.9549658772629,133.71187204780597,456.616117159913,558.7234850793508,349.91973691685934
223.51671702845653,193.82031353541183,463.26512082186935,654.9708573510601,356.2764146948666
176.3971610931668,169.50935207707937,446.5857642839679,597.1390871270551,269.61409006050974
234.35945146523954,127.49916684938204,404.59227096165245,736.2203941558794,371.7769521224478
267.3176121659588,224.7266856186185,492.50407544145713,557.4473566376427,347.52874353690345
174.2506066945778,146.31580774524724,493.7031988643937,482.4239238842648,370.75973391219804
216.59389789618098,181.40721064299882,435.5805421993204,528.8226707916655,320.50557862040165
229.48524850433216,148.3446888518954,472.0380865577475,522.8947730672934,381.22020408222744
189.87624018784516,121.1098385687973,331.50584120403533,526.0721449161563,293.82503798792976
228.42011124063873,157.86527259967968,516.1441362030154,708.5089910889902,370.85525899745227
185.91398163406149,149.6046682671594,388.49698862889915,522.6067913725601,309.8247351543356
230.33819562189422,208.08448978115425,467.3190978521904,582.7381438506762,382.8922969294226
211.6611953374371,156.35018106904542,469.3804089696077,519.7893064696939,379.893251820749
223.23477283944223,150.48935471212258,429.3666161443535,522.7521672206238,334.49802819916926
215.6359916905177,142.1502547754652,425.2491478793008,372.60023911933365,367.7604721963557
207.72764637509366,179.94439432416416,466.77494475743094,583.6330391313363,311.01411378499193
206.38883013864998,121.95109143942751,465.29344997056296,728.1320052452879,400.1032845568504
240.47334506209967,138.13482421443106,475.6019982893461,557.4345526693642,400.457487959243
239.08373350774463,173.24582278243284,458.4335781696102,645.0117170696403,403.19766145488495
213.9461941492668,121.36212402537535,512.2708947001416,472.24975701168313,413.0156425843307
225.31452404495795,118.30807278507517,476.4348631609095,604.4954485096662,324.88299356936835
180.44191225292312,131.48745499547636,406.78484393860975,548.7036123499734,406.6713863283558
228.79333654194573,147.42632738863782,514.2304252865351,744.6531176722168,407.87184402214143
163.8571768608662,143.47037935090003,402.8332764900191,504.4813895375442,294.3364727188493
156.76713287945185,118.76717000800626,389.23569598429503,595.2278017404944,312.36736344429517
247.81376302791588,179.47410046145146,501.3726099614957,730.875582976459,293.77182291525975
214.5236173042787,168.17986520523917,531.1557981695606,535.8334634009368,362.5700866149409
206.74542352971264,149.1733936270093,442.3327993925509,653.0312704708471,440.2969335528354
199.7690289015516,132.68599390499827,405.5217991406977,499.3984452592251,325.4196699453634
187.6773286136944,183.85707929075076,484.74557122293635,649.7396786846314,309.859251587532
231.0098897942936,173.36113747671016,451.03690939980027,783.1469768487644,410.0542839975381
206.18194313755464,136.3153810118334,418.28566315237293,408.0493835527448,385.9695059247338
163.8713070365833,129.07868250776946,401.76293166377224,431.56283271667,277.6945837419497
201.93371556632414,125.71822012148185,403.54138085872944,588.3294051496529,335.01766978853146
173.21786398698353,118.83802911015434,389.83486031897706,366.07716909889206,316.4231414286685
222.6612196737378,143.16571455010254,475.93337519563306,498.9890722819408,336.4047581624896
223.3039415706903,148.27209072181208,452.36430436038563,439.19346666095413,381.53573601531735
211.2041750588519,150.55255466555164,475.0784545890827,789.1469953902329,376.5216563333603
208.31313427805807,114.99326274053168,342.1841749303574,454.0042016333834,305.22041480057175
227.0398164373144,133.52010492913928,417.64507445950414,396.2668926501905,314.74679562505764
215.5676653688041,144.856380732385,454.08885166073446,714.3525072964904,332.40954008395397
157.85133117450184,162.0347993080796,460.88127100454494,598.5281822431663,358.2337156232554
177.4020023298143,137.3205983906805,419.7943592834822,521.5662833816525,373.33240462681187
185.09789733113723,156.24275507188892,412.1889561679345,616.1966131422656,331.72668443053226
243.13976360345583,158.16146773239265,445.3133601391047,405.7645018215775,339.49359629921656
193.22318091662362,152.7863446489315,389.02205819834217,575.4814421470078,376.6107013407921
201.67037785317117,127.40750998293802,448.0793010867473,600.576976303262,284.92186268348496
243.3458915343763,110.20582288881121,400.19182152552503,378.97874216410474,335.73900322297595
167.59341820941125,162.77954625935936,416.88647228790313,502.20459872986714,352.75447996997076
209.2404981471808,168.04754645902617,451.2760076303939,535.6203777095246,379.5254984068831
200.35722790595668,155.11712945375558,445.211618138053,719.8907327435452,365.36568102166314
193.12287190084862,142.4264961472613,415.58376216877275,596.5347102104736,299.1347491397139
226.5325091950975,178.53312209238587,451.9329548178282,468.3398808409335,341.32161766845684
201.83642006091782,187.21206934787244,447.5410974513829,663.7806319562843,319.21485419765094
197.81086851565817,143.7469606222188,437.54318048682995,640.694645906777,277.16579366826477
203.51441503360354,212.01146105704845,409.9890259853692,451.34135843508767,333.9052976425788
223.96539344368955,143.87880016992366,434.3367849344082,664.5423077931504,412.9901638088153
167.18915147544743,129.7420821649943,411.74593887979734,654.9780979886427,347.6628046661651
232.67202393865176,123.1045882881679,464.7968021084206,732.6379549015602,389.2221931295769
188.35476536658592,151.71828729207343,394.88902143049137,539.9476615856001,313.96596955114586
182.52218232165865,98.37425006390349,452.48369380544057,378.9530508802538,317.2898002343081
241.34789376750456,137.86700567323456,466.2398417552622,623.2841604988005,347.52011702457884
168.56586541635028,145.8126782716036,434.79434095456327,859.9920842248705,351.7284341315918
224.321188018496,174.1795708053829,432.6881670009346,379.6054429133746,306.42964278238827
190.2112435819362,122.49496149246681,386.9001459904342,701.3556982769043,329.9488832873952
232.63630591525055,168.4660620753224,444.39909409942936,846.7898680481761,368.2205376165049
159.50252125249682,136.96444656359628,430.5644863777585,528.3943157191179,356.74035278331814
184.50561854685154,180.4816581164189,431.0108722800465,581.402396351249,364.62128869881974
177.1284311590331,148.65839172094576,382.3709432373653,490.9659693977443,337.4315128542725
203.45856617992695,118.17679361005733,362.7424661328284,490.6840095634314,360.13368542742717
174.15652067486278,147.0781622681629,391.2166294630298,386.8318793728121,319.5152927770566
241.45807220634927,156.30213878169766,429.71638611075036,565.4539273813398,379.00725189687466
218.516287481585,151.55959272895157,455.2628957912022,657.4078722723741,396.65418124460996
225.48045030160893,105.71812852142446,389.0657322917655,458.3715922783776,371.8798326443183
229.46422123307516,106.00318342965954,438.4820863994438,456.1908412920685,408.0246220997972
212.21354196515878,160.7677954290946,396.1827661941059,460.54799868788996,317.94597955439
242.08723338377013,201.38446137850033,506.4400173581379,627.3243330437997,407.71073838155297
202.33331071749043,146.77339425152093,425.08984080285137,561.9591731818484,310.580053628463
202.00708878114108,151.09602030273226,446.53990075373207,426.9218371657804,375.6848981775789
220.7185068847202,121.63406283408835,421.7923816227513,411.8301684038555,373.3832082147823
238.97007671151442,194.21517806678438,527.6405064932192,693.8489897575278,311.0032404349651
185.5135239774139,155.99403848236796,425.6718826803952,726.2545045551105,308.14917418767203
207.41833840626708,126.53587387070333,415.518076663763,534.7846647242401,424.55924929440675
187.31697911224578,105.26578056430515,356.37509019239315,417.15141781485113,319.51808022882926
228.49410935801885,151.03757294921658,483.4461804762064,572.5482253439833,351.4366722035832
197.5441852669443,172.8683742097063,518.456550094294,810.2330846829998,344.8400826414478
165.32137781017292,107.47735480885174,400.6566630947298,330.98136517862986,372.0020249192742
209.5406201797673,167.5105640930569,457.26963594002655,554.7427491734493,268.63767398647747
177.27951336753964,101.07877688504124,377.70838169445483,350.1656650401779,368.3601541600091
271.3341601418885,184.6412612281339,529.8813332672516,685.3821693469405,396.9440867209101
211.6827939409293,101.71718845763233,372.95726943874456,656.4375238759163,405.1617882293802
152.52868681150753,126.29895380722556,401.6504799903642,587.3997497990869,307.46294770898237
184.9446720468644,147.93146142766352,528.3456709800537,624.5139928558641,365.735948805895
187.40297716919753,96.22091704319133,366.38993394579734,353.622881739036,309.26218963900124
221.96088457245497,144.10605668979804,441.6383267970634,585.2183758661995,421.34656154247756
215.76681355301432,129.24751754666897,439.7879109051817,821.8677094481552,352.4263864161334
197.2448926655989,131.65890184993094,382.48919790897276,513.7836187882838,302.7432167924964
205.1485797826789,119.3942083113083,428.8781615454856,470.84043034317847,315.91483275758395
203.56344257892374,149.62829313029414,427.6977977517705,608.9028024036929,385.632238233666
191.5747680035737,106.18849601215254,367.44403716700447,331.0458086161174,330.0746444375724
199.5885598414285,135.81831309993737,421.98682443134646,598.5616013693098,388.2476467879724
194.06915188143464,146.81417579435617,463.7539150621344,590.1583671959627,372.55938237908305
191.12109734743797,152.2382653705995,401.3307068157502,599.2822955561677,379.41521326241076
246.47489922367,156.2899508537736,520.0050509408263,733.9155137071484,346.60256921349816
199.30020151412728,151.93624911375287,376.6902538822443,557.7487366642389,331.8935206005723
178.35194041828757,162.01343329530144,426.84993454486687,426.19657067972696,332.4702919799377
175.27009634617593,139.87454669604693,408.56845889203765,454.2024032385232,358.28756415715407
259.89145872238817,222.01990046826106,444.9468673139895,711.215945877102,313.63650648675707
175.97697052914558,136.65713077559352,412.7388772691401,496.51521648391366,327.33123339777165
216.99606883395683,173.61747418263238,451.5699521656494,352.79150872271566,377.7567133043192
231.76625291595875,177.23550274469486,479.3269819932931,577.540361637764,414.2473323442606
221.44960925029912,144.73441973672348,450.70990234241935,371.74203555594175,333.05085328033994
230.26920330491492,156.26035565464537,399.44087028180763,614.4650556587525,374.11535931746363
209.56446676606572,212.9854350640641,493.77498516363966,504.17484032017336,378.7116151207014
244.21762322441697,180.0341372932685,504.90651818275154,774.4825107328762,384.1645926027231
197.37227101154963,159.83425602873822,455.4998685846408,660.8139703538463,333.890072291303
210.86679597765288,161.67945744742767,487.12906337569956,459.2233145031146,338.0833670902027
211.4859887418614,160.00971800256897,433.36382676248746,569.2955740361862,291.9797253708955
213.62466286990824,130.76852690015318,433.3342916380035,518.1709797543028,326.37908266316697
237.85950068299573,181.1951365359388,544.3847809313796,600.1187993810325,338.8233832640053
232.64610983353765,164.10289443094834,362.43198211742964,573.9999464264305,378.91417507682365
156.036293265538,115.94668472432802,434.165605769493,406.0281572951126,338.10883811349504
175.3781876011858,162.1560886494903,406.96844402976706,689.5449929246145,375.83272132808486
182.63095554351165,116.35815121484247,414.4400798473026,426.1194156390359,307.1077174357651
213.5151245679291,138.44255771784034,389.6014082728762,367.79999924824335,345.49948152354995
215.60736218116344,137.82528214686496,422.242868729145,444.344843049025,273.41665304111
239.55310065263842,187.56963077388872,500.6579469391051,635.6666668577176,343.446531967537
201.09570730586606,163.7930808569236,400.7058296981282,499.24545277358203,314.32801448729947
209.19653561214767,177.5036182829255,505.94151694509645,350.1430095059613,429.9840158329132
191.3409409869323,153.8185166298738,431.2730463795284,727.4903274440054,358.96470507567636
198.1849401913745,153.34514177487426,435.1670695070475,750.0397685079784,347.29203625442324
227.10469040846405,157.2826460929696,487.1845998961126,495.2202253495994,411.9317113013537
243.6258312309029,130.33843164284818,367.15527288875654,726.5613538416666,301.6782785028966
189.47104729831045,158.07008939330572,483.40166293183887,812.2874233198445,344.73669606385084
181.21379494608902,147.73907117258247,340.11014657162247,381.5513973369287,328.5059496006341
243.14522531702477,145.76652152373006,405.4050540029507,555.0288991820353,342.56111919239413
164.2137700196329,132.0466926303525,358.07556205295083,550.851081856687,286.2335488010107
199.69635886176602,126.14047855427333,421.00606852407054,411.82101454397923,404.628837448408
182.6948350460195,122.9806003389016,434.2579631555804,575.8525015057502,320.5644041628316
180.53765410257455,171.5021459328618,357.609535568449,386.83057802226773,274.9719552154784
211.2322230793852,173.15288347721216,405.3794087014887,586.0516128893935,420.32220638628576
165.89894014766784,114.04700799392839,383.09925294682495,582.9557214182915,295.2900491832436
258.81254562316974,158.69038245026823,440.8254947599031,518.0823477317184,387.61364614155775
202.29997716517678,209.2493139615142,393.79862773002895,431.62336826439906,294.57111472366955
194.53604913437923,165.18215266854307,397.10512977942284,394.70032646936556,313.0695343886923
188.17204896585943,179.69915396442494,441.4064942241228,502.1374988899313,350.31200482718833
207.1829577368325,159.23462107452963,488.090614686814,649.6752364399786,372.0025698800554
156.29932056704646,146.24412253549417,426.57327743714404,343.1462663008717,319.6335458095479
171.04744718081255,214.85613269893926,390.2053499374731,384.38511210003907,313.295602241286
211.9434515794419,144.58083079998693,463.3257375838801,737.8538498657568,340.25730441379653
230.96844133775883,184.93299783508877,490.9472927767051,724.4261303029343,382.698474206721
220.3732273815571,170.8336883403304,455.0407057279392,842.8529553208829,438.8276069522861
192.9674785819484,122.72674615855136,340.544344391415,565.8493426090384,372.8536895758448
224.473502421003,209.11953267308238,488.34669850186594,716.5615039788693,359.684396797016
160.9456823671329,101.55170032097237,349.15646860826536,354.74167090134165,297.68101749434
207.30568046645675,197.4027368379875,466.2999811456031,586.5160951165893,297.1524008541029
269.0921092094072,144.69748847155975,449.2660454853797,630.0212593951092,403.8363624238135
158.83853707234724,100.85509892139328,328.15276137171514,333.1299510220151,340.6786938420214
209.29809193535573,197.52382608599967,487.25344124374124,592.3600762624935,351.87625945505584
213.79294215319152,105.18069052704023,408.25703027122813,557.5941363278855,363.3957921999581
212.87786387976146,111.45000338977539,386.8892952051995,495.3725753029713,333.59057012727914
237.95621146139786,121.7413897253955,345.68040920817367,834.1524759319885,343.89804249893325
234.5554696803184,179.88033815827362,450.96768048224425,636.7922758678098,434.584347654443
213.5958055710986,207.61226706422184,411.8013029401404,766.4841803261947,426.2916616619701
206.14713942355849,108.51345171485472,455.25800985338554,543.2709766503189,335.7776880544592
201.61915020512885,166.04191827719976,378.0114507162805,480.0944086416411,322.59595528546623
235.2971016501752,145.64997323087235,449.4963062929212,626.2214024210741,365.66252137750433
211.1067564834616,127.13395120605934,462.8235748682865,558.1818048209927,348.3852058120885
191.65968377383106,146.68456365587957,438.1053537250623,713.8228736426611,323.9205562450391
239.33752749034164,137.61222454797448,433.43965785920517,481.48480888766085,267.9296561469103
214.75054947500044,122.01994700128877,397.46146087728425,494.9567242884132,362.67199503707644
207.5412898335267,149.62538517213704,336.369876672946,394.96538621890073,339.63326915616824
191.98873368902903,132.36638765556265,448.0202163233279,779.1484699062497,294.9715156443916
180.15121226085188,142.5082232260493,377.2088795228815,496.3208312689959,388.7748991937698
197.47008935501998,152.28109107627807,442.17214016892825,681.1091340291191,353.1587287540549
152.02784033324994,180.39975441295957,489.2115647810912,616.9691832530743,336.28628814201477
196.39600542310964,137.76876872293246,431.7226171973253,477.73854580180915,358.48115387587035
160.26684312652182,133.03955564212163,463.8726250307208,516.2205717636651,373.0892026017983
156.0397385114101,107.31539605052522,329.01554460077796,374.24741294545174,335.4064816605438
216.70936883363507,140.83207873702443,369.8807841139321,462.00785332718795,310.7795162708709
159.69940101428318,130.1917605186169,362.24112949763094,335.58098424939647,300.96551323359864
217.85903929033896,137.02124300918615,469.0183361940635,511.22815066926677,412.41635284886553
220.29407067803604,176.12742793523125,404.33639286325496,829.6694540846163,345.9680217859239
192.49704263867133,147.75017098276166,496.61387371378567,605.3396707071742,339.40400665766344
155.37338190162993,141.45502501103834,385.7330027752527,573.9997546821807,299.87155610901954
189.94713381492022,110.64211495497514,388.35086402890033,602.460195308892,318.6319874123811
187.48900166478816,194.33382743189821,423.1784286367907,456.34123068172744,294.1930000640096
254.26060566633132,147.6922246993445,417.57651162110574,655.762605008548,352.9785435612912
191.87155206268014,106.01675103614738,463.317008018554,340.20343074216,304.2039399522366
188.6174094182367,139.04073095951955,389.6708278304341,497.4477503962947,348.25941338941436
181.4819427442623,150.4554815751219,415.063836258517,475.59783288818056,266.51947185359546
194.2226476644461,176.9774488919239,488.36621506879163,555.0255019328855,335.70311336198085
205.43259651891057,161.41652076218685,425.07765633026844,568.5091254894442,312.3714783811829
172.5216913005242,139.66638954696126,401.317757237199,638.9405738234464,351.53126790723303
177.74566557368755,163.05182444710314,411.1170250454545,496.6090105436844,265.4280169292639
213.16436153415353,155.76392000090334,506.7686510139617,665.1565064581671,357.67566368628604
242.84532091829132,127.10191256672789,392.0908010173965,571.8325526289251,398.8445011129942
217.3260100791039,121.06508179172529,368.1248368742334,371.9657323907099,305.5785397993261
207.45466482501854,147.877432812817,412.7567555101909,805.545706225445,336.7870897052621
191.56393172343567,98.76768592207084,388.31767564913343,544.5495020342474,315.63781593047474
198.52405229333652,143.41491462727177,492.83824672477465,764.4568636096122,375.24826352928096
154.6966181320196,117.24160236305836,364.26842060961303,506.17535777334075,312.15903029399925
238.1239661529718,135.74425221677373,449.04187659901567,589.4421864584477,361.2456483428303
159.04737908832948,126.76444353725805,402.0330194554494,704.2704484056369,304.7876929492995
211.23552867420992,96.1283666031985,403.37272589457,382.79828489189106,420.6717960136206
233.75813202048874,147.67192166017102,380.59476428834523,612.9354344434431,318.8580821783354
204.89809682978319,183.0919917586862,476.0640414250934,620.1131384025583,312.4341069550649
212.96018417641946,143.18612534529865,460.79831938651324,631.7438151880457,419.12198756512964
209.4632866475012,132.3337312742128,423.604037200442,683.6942995856607,375.73851868469103
204.97342898840563,189.27992580355055,535.8312006617224,576.8695328959964,390.2255036168615
180.47041613159874,170.04470653813274,439.3769744470872,574.4954744644431,334.4169032567237
173.74192000607053,121.72611172420164,394.8297382054391,402.10635715170326,291.2365467248848
219.49615707383762,157.17308040435853,433.2963862491323,694.8842324562496,314.7693003914716
161.93721172207296,142.4502907904989,384.39162824099054,379.0399544116478,352.9503772498109
229.85438460911627,165.04882949635206,481.3490888812621,627.6894736043281,391.7633840087421
198.39008332281375,180.76664581377332,428.81169653420534,693.3334658616162,359.9714094217714
244.14508352278955,171.15322417107046,491.8054128477501,795.9469218269403,401.4852253698778
201.5536933581389,142.31883740547545,466.35507731252306,847.2784324034487,344.26801758746535
199.24967658370994,206.74211752430787,469.4696550968302,790.6164563740322,321.86280506749563
180.52507040949706,140.54683235389066,427.1479770442399,478.97069886142606,389.8300032911793
187.87392704194818,172.57953954113188,440.3445464134931,575.6153522893047,356.3378040057742
228.23351277477522,162.23318283331523,447.0468847129303,421.9649734165259,299.1104806468083
203.9443282173946,120.50658243386857,373.193778589898,332.3744909933571,329.9097393085243
196.28159409990792,132.8156008222955,397.29136170550134,514.1898140141599,341.20732021565095
195.26743474686785,162.43369325220849,473.06349845876684,603.5563772061694,285.6200898434671
216.79215555020036,111.28900134331008,375.8782507048759,673.4341617614747,355.9561003739902
178.11514375222936,153.689074641957,368.48608905540783,531.1822980126406,341.8843855132277
226.20701567233965,110.65413197410633,409.4630965070368,406.1695513488174,338.04483082343825
221.94070329972726,161.78028234057373,395.96708463937364,622.4831294375016,322.1878795096928
231.00845290715918,112.44645770911309,344.38795418835497,708.6056346463565,378.3445418660483
201.02833101661946,155.76625387900964,416.7683024267428,605.6663385749894,324.53175419131077
204.61142439584347,147.00909087869596,422.73656240612917,636.7724197647568,265.095549699828
184.29052102824514,149.93892865295408,408.08080948106357,474.84477452609343,319.15950475146275
191.1036752110648,151.46798743381828,466.8743218894973,506.796444015853,349.3488743292865
199.25806118945658,205.86299822125375,400.3609756315116,493.91309224749875,376.8203297109018
178.225038725261,133.1113146584317,425.50908785961747,455.5724928387075,312.5681205659007
190.46860213902949,100.03738385378472,433.5940322642236,566.315826331261,295.46303728512237
211.36169422295671,172.73902264794697,481.80532479437267,500.62277690681157,386.85419680716785
216.82562870725963,148.86154677991368,450.83961775072567,371.9750481392336,312.5337077083276
201.98344162932318,152.9733427308774,471.50392069602503,506.4311052500882,423.58323239587946
172.43445190321378,121.09084082495382,400.6936788814929,367.72870319297107,302.7954458709597
165.53795646842,154.0151416944962,438.70685192122994,378.73059272101995,336.5903611845814
234.57561636932792,158.2457900117511,408.5422587981676,707.1694997960323,374.1083531154602
207.93674494471185,120.15536220805437,428.3475805808518,529.1706925774502,340.4772100823864
180.5393626138147,142.6923593906132,476.4832274782766,662.7409433366118,341.60326003528235
168.00455088169923,117.87777420473333,440.5164431352801,393.3027855012674,360.4758897440837
167.42860652314153,100.35110409724575,331.91474627065725,353.512426050315,288.5624838510176
219.72237353183846,188.6605976897228,418.18345182311725,550.5175236163954,327.3413247279494
211.15627166399892,160.18652201544927,480.3243571807924,806.6519913826379,301.52505493766193
257.3240773792001,206.06074109962827,489.13521877877315,511.354265840265,381.6668804898729
158.46836551184902,94.51980107988355,335.841853334076,332.9634624444755,284.48933137710225
193.84339919161616,139.4216637918745,437.07561006220374,565.9197853144352,356.5099740512012
210.95231121765943,142.43935993899228,417.7959080198315,421.3009897721332,417.20495906967216
182.5719054044084,130.31533275492794,350.85467571229344,332.5850140630951,354.7984196965934
173.02337973609545,144.5854522400957,436.49518194652774,528.3416528995758,433.87386839555904
199.9281703220863,167.2589511118657,379.71582712608074,380.54365261944673,299.6016981586346
194.81935502972377,126.16528697335839,419.60111832099307,758.4915696541913,336.6860169965692
223.90053916989203,157.78648223523467,423.66175778282803,829.2427527428185,272.512591701857
155.1452202110123,121.65421036608839,416.68204493407524,538.4414273843774,313.19279689020675
181.23860186216692,144.99614748505817,456.090731335281,712.7179553738233,345.9701473376632
209.07093141146922,107.57716251429032,392.4315631651846,617.5399570900413,325.222153141709
191.18118854381288,153.9252063302528,425.55160036884826,372.02243473255106,331.03155173089294
216.06948401973094,136.39915076837806,408.3911000664056,813.0947103588117,372.22547487004874
196.90796937192596,177.05104242784196,447.98318842360976,749.80492222598,327.1415365017977
219.4833720704384,189.9515983244247,432.18158730146047,591.705853155619,395.2915378537336
215.96225531368862,210.9737922850243,455.6488377782612,717.5095723376021,289.12779587763805
234.93632158711873,160.27847407049202,429.0055804211911,570.8750642957581,396.056651709989
242.26900528041574,138.2411628359833,417.48208261845156,393.7031478084625,351.61204721383007
256.1814319126098,109.78533074414364,449.90201167662644,617.750895206727,350.9966654796084
190.4114378737107,151.5369444115577,420.6233245249233,511.44338642714445,350.5855998206567
197.9077374526893,155.32261877911108,415.0833878709489,544.394083084623,339.0485246333973
189.74856819073906,131.4905500010885,376.44572197606027,744.304451768334,340.8251747806358
183.75578976455608,124.00879629175779,395.60539055896027,439.11027241456986,300.5669541573372
226.6617480506029,129.39366311780606,382.54770552098853,449.4909161217794,321.9936513042356
232.27244898477645,168.9543834835606,334.11354582807064,549.2656048773981,306.7547380121172
223.87288229230714,148.15662315892322,449.0498396544082,412.8285604390334,308.61604793604295
197.73467762663844,163.90052225856797,440.43184825392854,385.2746856314972,267.09275116338097
172.52845126266863,117.14067038955808,373.65894175525483,451.33334765499603,316.2282429976109
243.19494068831938,205.28447161592464,537.9623052430671,770.3354496410943,357.57950435406246
188.65159229242164,111.08969434931083,380.5863106854601,476.12012402582485,309.77334644823907
247.54540462023746,219.48511032352854,474.75664261422276,688.4898297669185,344.9410774351423
204.1293131255334,164.67086853255086,429.25234369567545,532.6486484294998,338.14074659882885
219.00796870811857,158.81917115956645,461.8450961022047,472.1376969839765,418.6976999009607
256.1219170744927,147.50579374448586,431.6240111283798,531.1650997808331,358.092352286193
215.52020236682117,109.2161996773272,417.92390944220534,630.0953502272321,308.07031490035
160.38154568095678,102.75913640389803,400.14978784215316,496.0989595795684,297.5774672726526
182.7611847144694,113.17630934528692,408.6136286932734,575.3816720076964,290.31693602921155
200.94927317944993,209.7890671681405,408.75995683181833,786.7022400425975,339.9197894387754
197.7384683125461,152.4545451439609,456.2429693506737,638.4589633322043,265.382356040818
200.5563443238076,162.95773365610881,398.33999735462197,343.40682025343216,318.96394054745195
148.461435910433,152.536900984274,380.17772873586637,359.96911987845556,314.4595446793806
214.06561450783084,153.3763803690312,421.3552611071419,480.33787931536483,265.9346151177769
247.7069967832657,125.27838140962719,422.3861511847067,681.1411300046124,358.1916526451286
209.49680852773832,141.76389344353453,443.01563124831915,448.8222856592312,338.1770841392784
188.0331889256763,159.319605588022,436.83878814528305,607.5314386538312,375.15843625611797
198.72799977352193,152.56041718192395,404.79473165479163,564.3128648027011,349.82319827257567
204.8920156578329,131.26988434757095,474.91450463563046,465.7879073943935,383.9174605331013
206.72251600196464,145.53924965275002,414.6244595789087,527.2005702466467,369.2857773389431
195.29470742867343,121.73094098417394,431.7453170925794,557.0247425260939,325.92167835404985
230.33959197374435,164.64247150524739,434.42284140478904,695.9951031364143,332.83239578377874
225.05927659342012,109.3203149336582,445.44909208042736,483.60234906356203,354.1359465082773
206.38186353032776,128.26137868225425,491.82118422759777,512.308823222576,363.8299429413141
192.3686702946547,106.9142583672526,337.45613546100486,524.0080216444118,288.1250982001451
206.46877456546596,164.39211672848404,451.21674621743915,812.1715152830617,268.35079556426376
231.39664354963244,188.79322988146978,508.98540160464785,544.1615577711729,406.69369024534853
186.81952645813425,122.06060752802134,356.9314645628923,473.3840518289549,327.06098095696365
203.2707589351426,202.14608529449796,481.8252071932823,430.14168370088083,334.9353399935352
232.6263833591399,142.96876312350204,380.61401407206023,563.0809329149025,317.9435958098249
255.9429454446113,142.62211544691542,483.4245342531841,679.4960799692468,352.76825966845547
221.50946026110032,151.815547518903,435.3457805109061,599.7879201623011,327.787551844277
161.4790308603658,124.85169008865688,394.49734274301824,490.05324576676844,364.8779218250068
246.4281564934976,193.80654799901185,490.1878249144745,740.3627142232756,412.0203851793187
193.71186832141072,162.96848265459457,502.54614456458097,603.5612929235249,349.4496939467579
218.77385596639218,166.6098417129013,462.81126717029065,562.5123995027026,344.539985406377
218.12301593381474,140.94021725025053,454.78195993896975,416.4692505275322,329.55432351428954
190.64311920409395,142.824843851174,388.4458333156956,438.3984041855002,348.7482231481295
191.08382407824487,187.7464054245348,449.6242721289409,606.8937733951329,405.4712362622159
194.83969944191807,182.9823546022672,519.8734255872494,506.42153375143545,343.813385138109
237.1751570479847,139.4064616576025,401.87632024879775,446.3871907908063,382.4072977034728
207.86152925609022,154.04343470386635,400.61382298055594,597.3374181158935,337.83338289402894
196.2470904182855,149.07647357060827,429.7291701177873,588.8077542833329,377.78187614510597
157.53031377265341,128.3197889954165,439.7684063333885,556.0395425754107,319.4965271912052
221.89641974359242,184.18809596856036,450.23849051682345,384.20905815424504,407.0533551551446
221.9301242482892,162.36887660170152,441.5252677658101,580.7606673180445,329.25972599854606
217.861004867138,125.65482897950223,425.23713390573045,504.7095701390272,407.9005315519873
183.63203252312448,145.90941707187685,363.4233102254675,392.70539768510065,359.67139733908203
245.8713631435607,152.63604670888157,474.08902349431736,512.7054402837997,379.51366343686885
195.2512315791085,176.18678908450968,481.49795197371424,753.184807896501,428.0411722594217
228.45442287850867,146.67504432032328,471.328626889246,609.4819525444256,407.12106023818103
189.43800338546285,145.11263737554594,369.8237508542063,447.5566037903345,329.3055032860832
206.94843069712186,157.03974227948464,370.108425202424,520.7035269130191,324.88666325409196
221.96589409460606,159.0257019169247,453.1488766638372,752.3161068512933,296.40408734488034
158.09336657500415,100.9437476289363,327.3937591656636,361.57626991324645,331.1853225104435
165.0438406998127,147.22696903222908,458.4501189460919,410.14309239258773,318.43411931369485
210.07407544493077,169.95762535866257,461.2880629416359,693.0592076348187,371.70304036075703
227.2343374693088,144.45765404922938,438.24903689626626,498.44604863490343,399.02352215217803
155.99114863623643,148.76084857254057,422.4265407627539,770.7047524691109,289.816357403101
182.45858934953105,155.22360447825255,396.02176968845305,488.71366844449443,345.32153839472346
196.7052630964776,150.68608898658871,430.3033696178126,551.0912528273424,325.730643030382
247.737521780406,119.41463295811542,433.17490202625,565.2189776086824,303.8425649246786
258.58487678292863,163.52997213734045,419.87471539136914,655.9041718643591,387.4932071332116
202.0487024839738,132.33003750721534,397.4540335079322,455.2348466658548,337.2664783073111
225.1257429711393,186.8783808847383,429.98024651819276,738.0308183324851,327.5170515100242
156.85813862164562,129.68029255964578,329.17004340991497,471.6159090919787,310.8405343410692
184.2338355631661,148.68833718257068,387.53387029126867,378.4886344940903,346.1717981232244
221.8423895233208,179.84020668279663,493.21457763902043,575.3268357109251,434.5097003680728
183.3340164397311,103.37757879705434,404.07373516452947,366.11662761519017,290.2265394704626
194.37769515682177,156.85774455535133,412.3093583314696,338.8314817509992,284.5056325552525
200.32277108399455,141.29583097688584,426.33037529182445,563.9659339848691,307.8942953687799
226.77714581345242,153.59993032881786,448.9320107893198,594.5632412871661,321.95315373159997
213.28031819177465,190.94336270209484,451.15910947084484,517.4130612358771,346.3401083288534
222.20793179030844,165.76383146620373,443.2414498302932,753.5340396257657,381.6068292800109
217.73044533511026,169.86013120401,533.5727164059599,648.0749029346636,435.26070112062445
226.11225754753508,171.80101751736333,448.3665365574193,615.0917636693032,439.4138097276715
148.12159709773778,124.97431736944962,433.5974532299531,434.34286078951607,281.663099969398
239.8657287720259,160.35107935787434,452.7346575695832,649.7121022489388,341.7936601944446
154.80224511062227,118.27601658778482,351.5066186011283,458.81395050736904,316.380653758199
194.76794334640653,175.2004988103972,455.7343716822151,618.5624777165538,368.0621678035416
175.78789283616408,146.3024831344106,422.44597249588276,588.9694240905242,336.7955328601116
185.61765548646778,149.4893890747575,481.49943984475516,518.049319584917,353.57714083751154
246.30983942059817,119.2164779087471,413.21287313016165,490.25163346357834,333.4954834003589
250.93434972822294,186.07145521372985,471.18579223607804,598.8769978067453,393.0093817254133
197.04367517808242,209.95425698140792,458.3062627890035,715.7268350977671,394.74133033440125
243.2850169791159,189.46712928874263,490.05745800143336,644.6135820203084,413.7642614995843
163.25987821096444,107.82708344702495,353.2380642423744,435.25818525508447,300.2286139822894
188.27439798103524,125.89806014970142,376.2582196710302,393.0935943798176,340.27858979029276
229.2369187370417,174.35110320581984,393.82341894464383,678.2516529749241,333.79653946442164
255.57025060110223,144.36118045961362,415.2440717455686,635.7850508784265,349.57728048023426
254.19638931806878,138.8395728858594,505.07758718553,577.506550950615,363.584622035513
261.7754364329382,184.1037867697108,545.4734007212783,534.4778465620639,365.680345382037
157.17790401594965,130.64991432897082,380.375062344859,458.85250796195214,367.999640481633
275.3899678286111,154.11717988115154,430.3880797748764,650.1678559949754,381.71609849953416
210.13253524174038,143.1412797852211,405.0069841814954,603.9064551442082,313.5777526458898
171.37153959444544,142.53146836778282,434.7855364195555,643.6474686708239,346.0345630497138
209.28881360676692,162.99866200044812,449.0681727374617,605.3974168429168,370.72716499444834
236.71452174510145,157.66292925870664,406.5912640183082,482.12374701716635,328.6157691212107
183.1747146163248,178.09587088410368,373.6251438951472,512.9436882697299,330.3176301823901
207.10400944472235,112.60279416515449,449.2010863271388,628.2516555796758,392.2005042371624
168.85802731275743,172.7685473027858,450.1797178915272,638.8387860144397,347.4070509611666
183.44355592155114,181.10531235757855,382.7081480311001,646.7514655531975,309.11364632753566
207.11593664940042,165.86850709998984,433.621812437809,625.6925289711731,314.8252371950227
234.2018099319731,120.74875880731096,428.77401294657324,765.3244143598896,379.43322248085224
220.9785177800617,132.60889794047435,409.02104941565585,445.09944086181434,388.851331145075
265.78739279179973,158.03924434317432,453.4015193462384,642.49573896984,414.5543622075417
229.73483261413668,156.27104201789336,473.39422580081884,699.6576445987898,398.81741125350237
222.7574927074587,163.8994435634719,455.8138439791067,636.9089254913185,364.49031150879017
195.3721926996928,98.75820212550178,387.6264939049348,332.9802336196633,265.21062371596616
178.9155231361728,163.48207355712918,448.37113627879626,337.69657941206907,355.0803670350046
171.4858902659166,96.47894736100196,348.55352894451283,617.1062166277236,291.6818626537721
210.7466607327761,166.77860868643626,422.4955738102408,671.6771069154931,408.17383756367246
150.85244895375806,163.4162787694731,417.3097206772332,539.5545303457869,346.48775026916985
225.67264618780553,192.97350601435093,435.38668514642876,663.8978440731463,347.31706046214504
185.8065844264765,139.37424268101378,364.69420198327794,414.4364597211134,392.42188762416885
244.56814414641067,141.97371374541487,403.2719646942678,626.417376507311,296.02762779179324
247.85686579292582,113.53579338183476,365.64526774632276,593.8840149871056,315.184296536879
234.41939992404386,156.02099279714008,411.5600432260865,417.1462184609974,371.6553119934757
168.07197593290005,153.41637697050484,403.5458715243107,500.49440712053826,303.18431704820983
183.7404780419843,164.66088098142166,384.3176956587303,744.2431758737184,347.6878053191926
225.78384758050566,116.17588011863104,396.92498282739945,463.57000075942204,404.1140591926977
194.25882301725346,224.28684030760562,426.71397923888543,378.21086449151755,304.4576399201055
168.14831066471987,122.88294166645119,370.00086344065005,669.2906352522106,359.6593173902566
166.43219466169307,136.18023876365064,463.04652961901604,517.5838890352934,331.3486324429396
196.518097975623,170.70962211339574,460.5262525289646,581.3249207358378,370.2870630620028
183.55162112244992,208.01084047936408,477.061636795841,716.0837855343768,350.93834173116323
185.54813408489574,138.8366824974329,436.89613341956033,354.6093953202635,352.90597825184057
171.82384841983924,152.92258088058273,414.86413504219996,610.2123383760317,340.17259113642893
235.49744849044987,161.46353159638085,485.05746732943925,420.0812713984791,375.37590417403146
207.15379559399003,155.98833079241004,463.0823590125036,798.1124179613831,424.30205490509735
175.5778120842017,134.89536903165188,377.2474583142648,358.110776552185,324.1950719278515
162.9981685640417,129.47858810272666,383.498273635007,697.0801399480307,319.86870994151263
236.48117977512067,160.40476782454743,461.64443074609136,589.8219492998682,288.9917475629213
198.92752681769733,163.52487893731717,487.57256860015264,583.4116263896648,342.90071160151393
206.39904820438463,146.27007535924977,437.2228140069557,346.2043807953581,319.53867869751923
211.80047190117727,140.81297852045023,374.9385483575064,667.2607768461958,370.52652155372994
240.8051100220424,144.08773486581023,432.7550787169306,464.9367466078102,316.6559871300119
150.94418273645317,138.90573185334443,340.47263136985293,441.9175206338541,276.68700026572026
178.0460560447489,127.00220462197434,335.88962438155863,344.58668627724,339.09734308102435
206.9346005895784,182.80725612912212,373.8519455338507,399.4684227776337,367.02868288863505
194.13877927522807,163.33428256083462,406.1493983590317,333.81727497966267,302.7840951742347
176.6117517136555,130.1299471475748,376.6547464209616,353.6847187944515,285.55010931100844
196.64540433789492,158.96602360737884,389.43257924814026,411.5636692780416,357.2536444519152
227.3854442904024,211.44789756179355,520.7298751580674,855.2558132953806,444.6870517247781
198.670203485238,187.08953077156994,433.70971475889166,488.55476526479595,349.9306413242077
180.2185222102542,106.97627826591983,347.02174207579276,533.9081632370024,323.88217175272194
216.15118527614692,147.66294101345252,378.07403031216916,585.855347035916,261.2890296534047
171.58890515158657,142.75207044925372,424.38522228477973,648.7515209948278,357.32927145087854
271.5975708362111,180.42925777461895,459.8068331832987,752.974169452128,347.0017327494617
217.86271395266894,150.26498752994647,458.4502459164009,503.51115724665226,294.4317575734463
207.52633262716222,159.39003478351967,437.1140234649637,467.02473094547236,296.9469631722775
202.96651699602702,131.0575527335207,406.5034415133926,506.8827936780101,417.3199289698912
180.9208819849004,142.51185111825788,384.8141677996375,415.5809128613532,309.8029918604022
194.1519446140512,109.61814456403656,399.66858282167783,588.7119150373334,406.2367409769259
241.52743019847924,173.25054176842514,400.5987289704754,416.67571980912817,356.9909063483262
201.04541918348093,141.9228721942416,477.76886086675495,630.6969859462363,343.82733814207216
204.38083686654028,161.60039315262551,406.4600125299985,629.1681080638634,383.5822538216436
209.44776357338273,95.92717280254519,437.75656407195567,399.5051928149371,430.4661649929814
242.9407170315262,121.2140981684638,412.6603109946028,341.41603889108956,414.03544501087094
149.86850538959277,215.59183325349312,472.37324487768393,624.1878102670659,327.1880723198715
172.12914082117123,132.38280314977627,353.10586121926394,678.1647853501679,359.1817744763804
169.49701434756727,133.71066414709145,420.38003761249774,380.50552712474206,352.29268566324123
171.60419793624325,114.59478747352786,416.78183787158474,375.8260239672743,313.4151681626623
190.18185101326173,191.1047978469976,354.3823420435974,533.0007044856288,262.25386273034877
193.22393193349745,96.04627227829603,334.8962334821536,331.79276596583173,321.77516642301026
202.09264237412154,142.01336933532227,383.57940569978325,412.08725376610306,333.5211193385235
235.74340625594195,132.0683766023665,494.73645535220044,568.4659405117101,424.1254786456058
264.5667600569932,192.0525628216249,528.318799840322,616.5881220247975,335.4809577514592
193.44365488050985,127.39382635958773,451.1603029771324,342.3955542721241,383.4265217428068
193.59007978825096,164.8344095618823,414.7862549006846,465.1982625177551,278.2148150728348
181.40257226209442,146.42905855680098,371.70501422890425,494.7583910084259,276.16878022571734
199.48750263132249,173.2503716945799,413.1522504086781,350.7488970801139,388.73252086222186
203.25349761870157,145.56024627248888,441.8543921869679,692.5037851048066,330.22562668012347
189.6245146505264,99.37343966856017,417.27484224367396,560.4152339994503,352.0226845103151
188.94223181269896,141.8832251976006,411.5018664002126,423.94596184680177,367.3957025308227
196.3903239709982,154.49378121921677,358.63302673834954,684.8581541211182,338.0279517737915
203.76501132324756,167.8614997701002,430.92347289780304,559.0321567478861,370.5860301487296
154.7141263617955,128.2076222161942,406.2879037092331,437.267286850332,261.7303466553741
246.46129241230392,106.73204216538254,504.2370879393524,528.6948053675644,397.32319512338796
178.15771343167108,134.16763592098326,465.85529062337133,518.5919725735188,322.7352933804863
151.82380160741735,107.53219324751265,363.8033029497971,400.6190448189797,368.9174489138119
210.49468063111286,124.90196870150183,438.89443656656397,720.4670186311257,348.2541961615279
200.10776924948541,111.72466658804291,396.90310992970404,347.1172524720487,321.26541923621
191.93576607734568,117.54401385984016,405.77435265181384,512.2615227253779,329.6890365213914
241.03230342940915,159.91631522970678,449.07919614198534,700.4692171318997,359.4942124201679
165.38488101344393,118.90836565623756,351.97869308161273,399.0932212027993,278.1380675731218
189.50348645756065,147.30926342576362,425.0153369251362,436.02187871449934,269.5682971666739
182.38938984675207,94.93043495053067,340.4134661932565,393.1707375288776,365.4135735006279
176.33585048659376,173.985925515875,426.7850522636156,449.7619174027506,413.0949550884134
219.4510042216543,183.00403126516983,534.4904458518448,533.3493919840345,423.5941302417638
223.3403393062231,125.73842825080875,487.4429792228103,743.5092068714994,412.261317058974
274.5417561535454,123.99668997450613,420.72151297760166,752.0738728418376,396.50849263788166
184.23191999367657,136.7069663159717,452.2793555751037,668.4195543942608,288.3996103441052
200.1602281465892,123.08448477249752,417.0225791714545,549.8568155876303,329.0642709728618
242.90336900291746,134.27562108051464,442.2119943022395,532.951106826972,394.2341581280049
236.69335201645,166.08598919378161,494.5283889901361,490.182355494778,415.46293931601195
227.25982864014344,166.8111621828446,390.17288318275126,711.5192373548592,305.03068610393905
211.58700164855824,94.54581675429242,445.47716607918943,531.1971468783275,322.71006675764744
209.84587319300505,165.73873019105974,515.5967343666523,631.6055016993821,357.47999812299565
178.6163935184464,104.19971494863876,372.14489664896564,333.7702319074748,270.92233261116456
218.57044186178365,107.98120295430236,475.4461582579517,579.1664889910511,286.75169291301376
203.609577291999,148.7542333632898,399.4460430237775,604.0413516481512,334.08550320403845
190.80471163783193,133.69151586846078,432.38799782253204,552.2639495507524,318.0092796974451
174.23699226936685,134.55543881741494,404.07470947824686,497.9424667919102,311.71796867809326
245.1375039900641,174.0474736926831,441.3718772202634,721.8913495494328,356.565077998302
194.5197572119819,174.45330564967048,477.12950169271886,568.4548351558375,317.77179301305625
252.00591835654365,132.4144483214084,405.4645053433202,496.87954247538084,354.2000072361129
171.12717758743082,138.714082712308,382.67204388845596,420.54486319854396,281.16139137554603
231.01720940145904,153.46613817092322,403.7381853945689,406.39258021686277,377.64230460361154
200.80676785121815,144.75509328571334,443.4790858364022,521.8625022934643,305.3432561228101
251.14677995345696,144.67448807196453,423.2622563235322,747.999915892845,317.36673681269525
201.98737035601104,159.84398611490803,487.77730772997865,681.2125845436235,285.51818161083526
175.788323660209,127.43643780497723,372.2807922726767,433.16457226899286,304.69589367784465
247.42115866938389,157.26276749616463,426.79946702095197,597.223680141206,347.08888102844594
219.18151110898307,135.62390951965594,414.7971860703203,632.6868192952194,283.49757921116486
185.72650567500676,142.38423055807456,359.0228196407641,354.023328302132,289.2557293949671
215.35903474501143,208.0507090592835,432.59846602938217,666.0521474124176,297.43102596392504
231.22618313617647,164.31860239064628,509.3201708366572,662.2566500272522,442.85498410574945
186.16872438631452,100.73604377929003,438.5082246031666,703.1443256263676,345.4751491553826
221.19372206321862,123.556596915369,441.6186086337061,541.5904732843294,325.1182180496913
236.75053517754083,120.07500457129524,387.7131871285294,435.30006198272906,358.66160773893057
211.90203904313475,143.0282379831372,412.6842637387171,764.5869444658792,324.45626508340087
168.93356779235214,128.33113436333218,408.7459094592627,383.5397904083637,353.90378870852993
243.69500469647744,98.72462573970671,427.4246210785693,451.6849488721159,376.56076252803587
194.20104846255853,145.5790734719034,419.682295126486,576.4640845944823,342.6532931760963
181.88256986777247,151.08924384902076,460.5196027277357,445.9484258063339,285.3065546374273
180.10174313605373,147.0852985111132,378.97146167980736,483.51176808355467,296.84156216596153
237.60647316798782,105.18812959181277,422.4922313448011,343.48079538836527,426.99120293944685
154.92581659787072,158.68253603360645,353.8824446068231,478.17493556544736,274.0209874179028
255.64226599325877,110.90619256435028,389.2278760574785,486.4002623769525,422.0467298011996
169.23610061394126,123.79006571943714,422.02626125056133,725.221391074402,346.49062716393604
225.83316841811092,137.72856452590105,412.04663429928803,534.9184562063144,358.0646068627119
201.62573030060628,161.94862873196934,444.69714852584644,617.1851516040231,357.8872655596455
220.04845811050387,179.4887615468309,455.2573352891215,461.2665968060668,299.2456584073126
195.5798752898831,153.72668840700433,446.3558768616812,543.7145940063167,340.0182406160415
198.52782427380328,138.45660887465965,506.0835835823861,424.08728419587646,445.2818514799459
201.01821029825908,178.34958057390605,423.6936585128279,662.7002605138268,322.08426213508403
200.96301261929509,132.04592654059886,407.706743179384,647.3477293743645,417.15019037527765
219.91177110163835,157.12003136377857,460.5157744925225,586.4649073215597,295.8017749680122
177.74795181893646,160.65078854471955,440.37482598831616,761.70318944075,384.3474871767206
234.13893555651273,168.69789050149558,441.62183188544446,589.4360213108083,325.17101951653547
170.96593832683976,145.3933140219509,389.579611009383,633.0214006082115,363.93486197416865
236.20940469534364,105.05261700261634,409.5792966726025,594.9856510164823,365.2811995556319
186.71278959969462,121.45219528914551,367.3529415213833,413.6424704664162,335.6583834354657
191.13224251923063,158.51708780554898,397.14246450526093,711.5544123339837,345.89605571912284
208.38849827380656,143.9492194259219,430.33991875493973,664.0987992078946,341.667969140298
222.663402096844,173.12607796007384,436.99075107870414,485.43181576571936,429.46231693798507
205.13291052936165,143.00247470833466,451.67117322287305,592.7573057090608,371.9298840557928
166.1959280295294,154.6071368058497,359.65655426656417,356.77520003823884,389.7343621677254
252.19449759408107,167.24282935018272,438.17482466571886,344.1332336603662,346.5423983706702
203.6648105825162,132.2599265961277,447.796316306347,492.8589540200193,302.97831679251044
192.1853630689521,154.87050935920954,461.75804146980767,625.047544405028,314.8246363658024
215.79362431552175,100.98618068449775,391.8143873430503,441.1465731836704,347.13762803166685
201.56548244258633,102.34553961315608,394.69702191975966,361.5719276546371,282.8500692657929
191.71256679229577,149.78968791745814,426.45139318160017,656.6916033870247,292.6203003207562
184.01441037032117,160.73295982617887,429.64640791159303,654.79143538576,293.86803974636547
209.34729970119818,118.29272313600802,332.00903914972844,433.4683869643709,275.3697240917593
224.49782595446226,140.14454243785028,486.6719091916996,620.5807344120954,381.4449461172591
221.88559489813449,209.59312198968115,460.2410206156658,747.5369160107384,342.512133863326
163.0560099378438,110.72194716550106,330.6038934686051,426.68101051097887,295.9442118645056
156.39834621997923,157.82859875052952,431.83237103312416,488.73187260157255,345.6357831013974
190.44177604804642,188.59885647568265,459.28937775897543,700.9382891069088,331.9690840891779
213.87375181595743,201.8855290574502,504.8270438556459,516.9384950138425,344.63552021373346
192.7116931775331,170.55619380778793,413.0949520073252,416.4082824477531,275.30398454222563
190.385328215633,126.72570264606544,486.3730108597645,539.1727873975792,351.134756464517
206.1177509241728,111.75731015432322,390.1097225252654,521.9774837384095,388.6801183692759
219.20197507351455,128.40631462350694,432.08070981648444,509.2460420534635,369.70976502800517
203.80281290868956,159.8915774431338,400.15454212294054,666.544543960929,269.3290176911332
177.20388205735298,131.0804502440673,395.19445795651626,493.46030335607765,311.5612633537942
192.32738681103748,206.56494148912859,528.692940652108,636.6554293061835,342.6827611954446
191.14525494899604,157.62225986178166,393.9825214811402,364.5759196557969,277.67292608412356
238.89917294429742,121.0717610586579,472.38236149743074,638.369147880292,356.8853414480885
199.3723116084232,168.3912541163378,544.3346699757856,471.69038621419105,322.84522441539684
223.95949508870922,156.04255201307274,443.3172781736646,463.2777960844022,372.23235598495893
238.05238148330994,143.57403903862294,363.8149758207103,697.1856624228056,310.9406613625083
168.61396527575076,113.65195854896666,408.49878836083525,475.8919989546521,319.80496903910455
250.32120297262418,171.4697758593575,536.002100394652,660.6364158165698,398.29850402358085
204.0674216580817,145.45730996677878,361.0506162556379,571.072324659406,306.65023454604227
238.53452022228575,172.13543455174315,518.6940608654081,759.1180550739374,434.011404522421
219.6079683525611,157.0098763951849,462.7560594399748,578.0916231507647,330.51429916964753
202.802030659291,140.3940280203101,436.043683500189,499.5566178257783,418.29708262141617
186.7269353756993,140.70610955612364,439.5266795926993,471.6508743872954,384.97752327449365
212.7150661439159,158.38812148510678,373.719769936142,568.4355671570074,339.60740892589234
194.05703342373604,167.4650568031479,449.37773730829923,623.2010606852335,372.8846337483565
203.20880952943745,161.55873299695628,421.33230396823353,589.0946436409598,378.36405160085803
171.91771249019308,138.2586631694223,390.8824071569431,405.31195889783834,315.08940108754746
169.9975406698265,140.4294591534488,507.49603013656207,614.4793316004359,384.13432994887916
230.66567475322168,162.76558227242913,448.9175246943975,594.4958994612582,329.02344125038894
230.6464338901538,135.72700180225436,416.10625717200156,677.6434888994319,404.22723344646374
257.99212810338923,183.84482215908264,402.03282519434987,516.7512847020928,347.8286853936354
208.72142581224887,151.0594719205256,335.4247536860723,408.86052008291387,324.13931243795133
176.29613207238444,148.13680316403412,462.42407467756425,611.3809242149836,277.66320423405807
155.736030381833,121.72916794971059,352.22063717258374,348.2418041719927,320.0676034423321
237.8322234652716,159.35381938893747,476.3663805445347,380.6796281987535,370.3839517626782
192.9911830404171,158.08105927178735,449.1016396001043,571.2179632932739,348.36058544719504
244.7415478794595,199.5940483233186,459.65791516098426,717.3730411726121,401.63336386023155
242.8984600948245,128.2084357908391,420.28717481336025,678.8818846110112,291.37446117396394
245.06988337600222,171.28990162672656,435.1098680952973,636.0378217342052,405.1495772499979
246.59987765811823,152.18356417300146,507.316591207637,811.4864210155002,405.093019124872
192.07252950108924,141.7842836507201,471.1651178788825,537.821252407571,401.59419108649314
237.80834143635414,141.49807393042983,471.3291600645939,586.6554198397665,363.8361652402097
168.9878017688822,137.35125233798706,411.46541582893906,816.4055483378529,324.6245407256201
212.81043674344173,222.7344063473282,445.83817599265745,758.035523821466,329.7560261609464
201.37129975086287,117.95548681502522,440.735040373437,687.3541559848594,352.55709616301385
245.19007605056802,203.15914778538175,396.4429126601222,739.5808539730283,306.48031090652614
201.73977886689525,105.32804907808692,344.00108798223226,425.703641533946,344.2767725602591
198.24902504072037,166.6760281527008,431.68003654665046,593.1364513960127,336.09003133152163
249.72612322852726,150.55366479757495,418.4145859910114,529.551112033594,374.1928172807197
227.7349584911138,165.67811867538302,422.61820555545285,529.2626227028029,387.73478115502155
207.90816667710197,131.8304041522611,414.91145569953653,524.8700552006721,373.1831622225193
168.2413407398722,107.83939031826253,327.2508161239396,371.93802701506917,310.46071446482256
199.21490371509825,150.41864039925625,475.0721300992454,495.9885498751614,417.4672563885635
171.6067345862332,138.40970762313864,430.1639092264834,441.9019001427724,277.48485225921127
191.64135238529585,140.1684286809142,420.17304526492495,788.6817540644843,358.700671059912
210.83366958130446,142.25383447844388,422.37406065235473,335.56374780254293,351.13870944083095
239.76838891056903,163.94744274573944,408.843456631542,628.20179934253,351.76066820227777
255.32414437187055,162.14730695472744,489.09452732262406,668.8164913048279,429.37449426068383
165.750239348196,146.68606356910536,350.76983115035193,592.3888509740466,368.80806867278915
206.51555724437836,167.31730242046245,513.5672299191197,496.3716663397149,364.9765712405368
188.79245082210596,195.9019090992177,507.0870889290324,668.1290608283543,302.87890930203105
201.5951258909725,140.65246210189284,453.97431179626886,473.36772775495456,369.2930061606961
245.01782937711008,196.22881751082136,375.81324022190967,467.1823538971241,341.4071981085168
168.70889210278585,159.440944180036,425.5465047080063,412.70193608791055,274.4352319733076
223.894732248371,126.61061063123742,409.46735848491016,604.5588424497407,268.1660781345198
201.1726020854551,202.4772691708599,431.93139964572623,459.05491248299995,375.8130193573792
169.96612511366163,153.05779613126765,457.62408454674676,484.78791048753885,309.29985074186743
205.61016550313624,124.59922507239315,454.36205954676655,542.5371530394599,356.21435959715706
226.8137600000511,149.70864261302796,436.85133010015414,447.7103151161096,306.393788753162
206.17987680931137,107.85336425415672,388.9455413142431,497.927830318929,322.6443415613256
157.8494965209098,96.68351501452719,328.90728027316845,337.0105309118251,278.22143545393004
197.69855985155687,106.62396834219567,412.7192062365569,572.7626874448459,332.74440607448184
168.14523655842845,134.79612818676028,405.23491867752136,468.2107358545068,355.6304121521312
233.88710103433382,136.45498308550168,440.6020012316233,814.7365493700175,322.6987963659293
193.800801993292,136.8970352827897,413.2078636129549,472.7413557633518,338.82344122715324
175.90205488870768,168.88563780618887,476.5043642017311,622.8231652140256,304.59692649634525
192.71001406911503,222.94482181320913,493.2077588892942,858.506518296762,346.7361797044171
205.2736157263129,119.83830540949593,489.24476679061905,821.9608556550307,364.2079219808489
216.75542314863714,129.96985098606083,390.7061702038628,399.4505944768105,353.7681056806711
236.67911579071156,158.56879487147097,446.4779304684721,452.67346024377673,293.8227697953765
191.84080995419822,168.74100942716197,437.7998340866575,827.2196924208738,341.77755904279405
182.17286977408233,138.05014589350696,378.01957670958825,465.2051085245739,336.0352003385962
215.71583441791856,128.70255721078018,414.045014983931,589.224103537893,360.7129484953922
155.36725621034495,141.95625305653536,377.4700966455189,363.24788197487743,347.33628876040024
231.90238408568013,133.7388432405677,497.16276547539303,517.4829466163688,430.8608906160778
205.5472219254388,98.66625665961553,362.8017961295723,480.52686855588445,296.3090225213946
155.76057412772957,154.8815242799054,411.93030777908706,497.3075360150224,311.0794637190352
164.80543786151702,164.73713162631432,411.4371559292844,595.3344261676062,327.23746157626954
228.75002304764558,108.60608172210432,479.8895201972923,623.3413180142813,352.821754840265
165.36418060672483,150.63076970718618,412.6043202039576,524.2850509324206,357.99413818919584
213.77774523090565,185.9139778846973,428.4813097648485,598.1003445705734,356.60730773485915
207.93847945586444,161.03439816989376,496.20150013385535,719.3171822930748,346.8776351726694
197.39226457753628,137.58629263418902,361.69758213938917,687.4742706182399,383.226796373978
186.6593107277868,186.5794094313146,452.21071195344484,556.3445703783344,381.5646221814691
192.992884015947,193.18831109186115,407.9985685296764,489.22176828697616,345.2798911651484
222.96459634356722,155.62981581510465,463.8531698897218,491.75174216802594,295.0645782706422
208.53952033359693,138.3582333680098,376.9387063591993,363.7903117898632,358.4608015367206
194.2663587665898,106.59627220100565,376.6512032981153,582.6632355477534,301.9906056947405
233.69742056981886,142.74029412651694,453.01769452403397,554.7327605608733,319.42659407025326
212.72989304382205,171.37761254490846,486.4485448485052,646.5789898998034,329.31266530674355
188.96075655401154,149.66310268375133,522.213499212413,785.9294830786769,314.5585521227721
197.68184731652678,165.92766018365444,418.7352951490707,638.7840856321344,356.0545765364504
208.3591716402455,158.36325212667575,386.76822579636047,559.5370374465405,308.12231648859455
185.4120969731453,134.31840068444603,466.79937249791163,675.9558865331364,411.39090060670446
224.56579051919212,154.51315179008452,408.771935737436,729.5022911442364,307.7573077709015
248.55625789182386,169.43382453621496,522.5394382784929,803.4749393952703,350.5208568863076
188.5791018933286,165.01950446667797,518.9263073982701,744.3625055242738,363.77227998728415
193.603571326405,178.67720067339886,419.85809124581124,694.5468573803261,334.7525143203973
198.5578239897238,150.78088161007912,409.5005931197563,379.26220485189265,323.55881272247285
213.59466606816656,134.70414868271595,449.04286881811214,646.0468951639616,377.4527813620373
190.1169953960101,210.23644552350842,509.7837992762705,522.7846160889752,376.9515029702276
228.25981327962674,156.5339039735151,406.9415156311225,384.58866063316077,339.7572342030114
206.51548526437261,115.22268892245184,438.9933809046038,366.15311627982663,336.20572731763764
209.11049146873916,135.28008503376364,360.26893670265883,605.9378873636314,311.59799811972016
233.43945677256733,159.02868126290969,389.17549828867493,425.4669582394424,389.8676143343248
192.72492220956045,122.76694409565425,430.6096402384084,525.9136448711004,373.25996182843505
176.87926179232855,134.96955784242917,452.89213014680416,467.0845242105897,379.05266634682744
204.12847002872846,151.7585182949842,429.66175719260127,849.0245675739816,333.74001662376236
166.30066438502885,116.66538930960236,353.6430053975171,371.74611666928394,291.78480797997963
235.05707116629895,142.27530190872457,348.630287821957,737.5741954654408,284.0840612527658
188.1388822649973,177.84620806823943,443.1598753569897,578.0814401416891,379.4589326022726
268.08729861162317,202.8958295690041,494.1430753991369,853.0369199245814,439.70154365790734
235.57380985130624,140.8917225446751,484.89216239396575,598.3749595581997,396.4386202664194
218.23222792552687,182.6297224188844,374.39720868168365,383.573397412856,307.24083214533266
221.9975188412513,138.0640843441484,418.3066233204965,782.4257597164845,339.8413301480785
189.24748544678386,141.43621323685565,451.7500299212213,495.8936910686395,327.61866658282554
186.66901332985324,131.49570397794795,413.9494011961542,513.0382754044688,341.876691684912
228.7318488828524,179.70488106798362,466.6831637390783,811.9262702566566,387.61315239122115
239.98647007133025,154.42783396992314,422.38483984160587,459.56236435587107,328.133176604134
166.39812104380772,127.36121897865353,416.445289676979,639.8662482586644,317.8864563677269
182.360107008664,133.59150875455722,418.65717932810844,709.127889430702,332.2007199346307
187.92232567672693,130.81689425374344,397.59691516640726,520.2384976285517,324.83607509839766
221.16792766454464,133.2212255794678,458.51712916449316,558.5893587499895,383.45629749197
206.03156304130977,163.543185618328,437.9948640934761,433.51753366209397,379.25365957477374
213.53853389784953,132.1838489843683,411.0413728720615,547.9225967408631,339.60407715807133
185.84536538331886,189.3508260150904,386.0425610554786,627.1368328499941,311.21325761299505
165.66770929610618,133.91063080800868,398.9766777835071,542.4762161625072,282.93376920189894
178.7223994451068,144.47015432247565,382.1125966870116,390.0217126884312,267.10433011455706
226.17512603577143,143.9711242172114,479.23753579985214,532.101121270916,374.05782325897616
229.04693077735274,142.0343606341636,440.2700124658783,627.4169926491072,313.6498240722057
149.92797048964405,142.2413170556175,367.72035685964335,346.63739374815066,287.3034795770809
203.68380360415037,142.39667085509708,439.8126983323871,378.0836067543182,330.91343793832027
196.04537419537834,144.69585366278662,475.82832173097034,481.8615258584688,316.3001400033717
212.91884734176332,133.06679774655788,433.9781400104931,786.5093114520448,359.52644579765285
214.74976942273778,144.9608491502775,430.57686473308445,774.869359117112,322.376920881936
201.9026862503938,119.03981030620218,426.1474910584057,529.0780687206911,388.11978187068655
209.58520016569096,115.33657736507828,427.5508517467098,591.1045522465696,350.0186569003323
254.88701231929014,146.84864569001735,478.44767376219556,595.8576016518414,389.22961489504695
202.11378271015568,147.8680667345387,425.4919145678516,487.30613647669446,336.2693141332578
191.4877158696437,147.10793794401158,421.40559556656456,580.7316809951511,392.56365289635505
211.08936939403654,110.15298129460726,426.6880683410183,420.4651752909829,353.6805032924245
208.49256955708665,127.51151538515855,454.0263785846144,620.247424306117,423.4220908337354
229.66080249838654,183.81449034110665,428.89785214678056,538.0550265554492,338.7831431007224
269.15085284040447,208.30247342557942,485.9559194197903,545.6619109422631,405.93504856732693
203.42997329869283,151.63654453801124,410.7959822144046,450.99670057932855,379.7677710267301
173.02651159648107,151.42949430790435,456.65348242942105,503.0414712446115,351.464415871999
172.07965625232706,133.51127647898096,330.93075085560776,372.6190605007242,276.89701467748966
217.31910499632852,154.33567070583155,428.43198616749146,489.370282386534,383.3674501193757
201.20834442009868,173.53090639944435,415.30527143865703,508.6975739608618,375.644466364796
221.49328920710477,189.53063672376257,400.43093867960243,440.9297282718559,279.06435973379985
187.28488828153826,125.85988691204416,392.43522184752277,407.19258356981356,321.6561547511178
226.51326108173757,147.1962288283293,342.85339402762503,460.9940412408138,335.14873267166814
151.1054287880873,160.90686561485728,384.4237175116244,413.9566152380089,285.38647710355025
203.46276298187206,152.4431447021332,383.06161864448916,341.4410972735071,334.3101766377295
176.30348923918115,155.04440376103096,452.375191558471,540.1226480732279,298.02953014369103
185.38317171084333,156.27524580294542,446.21044775923383,612.1365957386597,421.9829967889755
207.3167967044804,157.98888352643743,438.32009271436135,467.0568282045787,287.21252965883247
154.51856232385921,123.27442043506065,338.105778027763,387.7704353999634,303.9330593716435
224.11102313493376,149.3693308810898,434.32100203442644,418.6163919111243,333.2653825728117
174.78545776090573,153.4950559112352,414.64300472470893,400.5997574720521,334.59207477936104
147.85060277295503,146.41412483526312,332.39550163178336,366.7664686772095,301.0944125869888
206.48399315887792,192.09811862346416,503.321160806432,657.535162807438,395.0926982303559
213.3492552084608,141.9134254510115,424.6293661360469,640.5526398284062,330.85035629043875
230.04173472207083,138.33069055240588,462.8236036257428,600.0034538393937,377.4083201144163
251.0828578253372,177.7540262736334,429.25624400586275,724.7929200941227,358.2044913170478
209.61195768608738,111.20106830200358,363.316774168852,473.8225470934523,324.351016496483
192.30919630654282,172.43815577334496,469.18751032471727,672.1876778398387,365.3027615699656
232.60077573586773,105.28478843875374,426.5826445031551,347.8150481569028,442.4689867953114
181.49496057749542,161.88633317576537,447.706286176145,405.6642823988832,429.97765313028054
233.83102830826164,170.56656562908609,509.99154873499145,743.6498640889081,378.57276488456324
216.58469119732948,179.99571913052824,441.211647927176,770.3186132240529,350.5318695860833
188.03768505033844,185.81182048008785,450.9922636574954,676.4027471700098,283.1572951174059
176.2766487455337,147.2931620098906,454.41135782317247,452.6943415048034,340.06271176755916
166.31056865250275,140.0061550648976,397.40076628954364,340.2392681551765,327.98599181004386
202.23696907785643,141.02578023461527,417.80325098272186,514.0792154029768,329.2648910539008
255.33734839235325,151.3004211368856,423.07999480247065,597.5194440709945,392.1368310627128
234.48388622097173,123.02210441248627,460.20621223518935,539.6617990780476,344.58183953594096
189.13015691044592,145.31224393691716,398.35787064875257,628.9229125379172,352.6560462824141
246.70220966261536,124.7600548740833,394.23614606172384,333.71926252747954,358.96216982328264
171.21449054055392,106.53174683458533,343.93644272254625,397.2861488150944,340.9095090641302
172.53445144924427,102.65950300627564,385.51575654828355,447.4639495533418,342.97702244547315
204.55383265096583,123.93607388786896,468.9549684183797,503.6699355221487,310.55631207496464
170.24955301571313,134.74857407635767,356.5350263496221,329.6765532747867,325.31730526813345
229.2013929511244,157.48551490727553,448.0347899888697,582.2375286792635,363.30833605136877
207.6666279622156,132.76878060180036,483.73748810050904,589.1036867746171,359.50713489352535
213.8165182566322,223.5956790216094,444.0916609107344,446.8065351941024,361.1319470420253
216.24300547183896,114.90227150206623,451.7991384490921,511.38734188015053,356.0964027929275
199.9332925938635,165.06916259006226,403.32955419582305,491.02514295002,279.85462865177476
210.83157303532556,139.86932760693375,431.7114513749073,432.74857115617516,330.8885085538117
168.4029727191785,159.1739665345066,441.62366114507563,507.06565020583184,355.9436973265457
247.09715818042886,147.0733590479752,406.5544565164976,537.0766210148621,350.76050156557034
251.2561200153578,168.4913160338534,476.52512153798267,679.1476855081346,398.14106738401995
238.1613351571527,173.18185452996744,428.37920104262935,577.4486896502175,284.44912599104697
232.58750739622624,167.22414953624394,481.19878624867476,732.352728986865,355.15807377947556
160.95538666611827,122.6107919325377,387.1118231452762,479.1637916131163,322.5708638347699
154.95477538274065,171.66261733135462,350.45534652030574,584.5671863217779,282.58303750118455
192.78816131386793,183.54143594080918,422.13509989754624,498.6634116417588,352.3037180506159
169.3190541795761,155.30004206105679,359.16708631289475,425.4530037426982,267.35152938398835
199.7134595030218,107.18329262150802,380.7359630555958,438.9704107285078,383.267393699909
188.901782879954,115.01518034396076,386.46443593395554,447.53575534204674,326.0948152456465
217.44364264236503,150.50245697875226,502.00231721765164,644.42993805309,389.36156774046935
217.36121307297523,124.93384076247722,443.17466726018773,708.898817415739,371.3622809305719
221.51418795170616,152.8090568458988,431.65693198103315,834.614705200712,417.4119048259761
179.34769236315324,121.53197629002412,353.46253591458174,355.14938229799776,288.70222909518077
235.91859104365665,174.55844112730804,429.7347253696855,575.3934657810835,327.6633643973943
235.70419962155336,108.62172300228144,430.6402683582056,407.7481281812829,355.2127165062254
168.89274686135886,99.542022321575,355.07354146645207,476.82777559618825,292.05742253369567
187.94866896936503,177.92091480181134,517.2686008037261,654.1608202857552,401.97488081239976
189.6077601281979,134.6418440405234,507.63049710928016,865.8359084113041,363.54864157022416
206.58984018784852,146.71034607362512,531.0906152064973,771.696606223519,434.24798567098736
194.15973151683696,116.50853277455401,437.2644470065881,431.62873665046317,344.4820114898684
211.34798231783236,145.82860412195657,373.295615993507,675.2509659631876,319.1518146756711
164.03510453541116,98.70707898988047,334.3918469032791,503.89111865407983,288.55047078081293
197.83460215669444,126.21377668541511,390.071384211625,468.06189233335465,370.2606601812925
220.37088263702475,128.66760523220717,431.1938601331053,691.8483178645162,373.4201518812508
206.48895275225857,138.56419744157103,459.3158967400061,530.8708422326038,306.7914436559609
252.9089627272636,180.9462159702737,450.7159132541543,676.1388453801464,369.93216916176107
197.94027401373833,152.43335732739246,518.3591848790098,579.9149116144829,370.95462452873244
195.42270211586833,127.60588707464179,334.694336769768,433.28320115310436,357.271025507804
195.50136864754185,109.42093118443412,404.87531580017566,466.8040701750657,357.0708180744009
204.4905868761918,155.54647540662936,410.4224885424897,625.517343823712,347.286637723882
169.1679757979808,152.18553539933703,406.1116108081437,355.91923397276616,335.0106589489076
212.029567335938,160.61660842087696,450.1129521150242,568.2482277995246,337.0121273960032
203.91117451537994,129.34525329671013,438.53644100693106,659.5093812177676,396.477174974185
191.4305327722722,156.78943984831332,442.32801344062136,440.9932530324951,282.64317919278153
196.61476171270127,154.05495096654138,474.63409831520414,602.1062882465502,350.70160772510155
188.29606141855365,117.0518612408632,415.5342764869576,617.3262863494439,376.2408996420004
193.81614413230523,140.15065632786474,386.0368141308093,495.2372318871914,351.93262876193717
177.82400130845298,119.64350101780423,393.1604399249845,411.7201503980977,307.8953667843107
213.6302525360568,220.29523398989934,450.8385011418712,682.9578615666992,358.81253578886754
174.5417227851436,160.86686117370357,430.62137508698527,669.7609344753131,347.7634972429589
176.53694631202907,154.46465699348778,457.1833264589977,581.5269260080745,327.06003528239
209.48505346727077,142.77457350342573,353.7056863376584,388.6215125348675,357.88159316432376
211.22755817693582,133.08759294115634,466.0784285145828,640.6005995852079,421.93500656500476
267.0173548608072,159.84111794080204,487.2169299881043,681.5573301393254,358.2571414286945
227.64301252319365,129.80121116607006,438.98953469699893,607.4495939623499,355.85878121228524
212.80568038112003,132.99038249454537,429.9527658569536,684.9629212680818,392.0984428541389
189.76888055033436,121.23344037481458,355.7658859955969,388.21839693566966,344.8784559728727
194.76124446523673,157.31458566550242,477.5388237633872,641.3564287915526,359.19027075397554
201.64393603747737,136.6232205912711,431.05312010195917,459.1936900913755,327.5698501264957
207.21635267101166,128.4290497200356,479.5045576862165,471.3046168671062,386.056687376204
228.55364177444912,129.17940688124202,366.14945112138156,416.1382110053869,264.2833099328142
219.6933513891155,146.96046778578568,409.8888749758328,359.03440283925573,308.9312772238443
150.50548717706076,136.785446063208,353.72015452044633,351.4712626656872,318.35587697226276
173.57936671533628,149.40556365007646,405.96432888769493,605.448152657709,342.6267858420303
273.86759941239575,201.0004947470275,454.0039819963242,700.5493519124085,355.4420545957994
186.05659272825454,121.25873997129975,459.6948376525269,369.06112633735086,384.69621465731916
219.8513276516402,99.89219543356928,384.6793070884233,378.49246313214536,403.908335088446
184.98046159775888,103.64046840338764,441.8385094360431,371.44237338814196,358.2412107853334
255.34989928567143,141.99285180392172,509.23929700080237,576.8762382262885,433.3837213285894
226.92682615951983,138.4805349002661,435.81253942220894,460.56863281913945,340.5500896069784
227.88733704583794,113.03949839976575,437.53645895108986,504.7301240877524,371.3829400834705
224.95687313432435,156.42255852141543,442.07994751770235,761.6679261434248,330.49709311005097
181.21379021660056,143.93510952898652,414.972894134994,407.4463557465081,379.9751905435516
217.01201692357355,140.94294731155435,381.7246539554798,678.4434359374839,370.03878572746765
204.41516583696497,130.8428151829831,415.5991242997632,614.9411976708042,357.55645376047545
206.3248599162881,168.36579889763038,482.6940900758669,716.1587584538381,361.67108441069337
189.74195827764572,136.35454877663312,480.49632755666875,707.1002102835588,346.51869909752276
213.85905364698493,143.5055173193797,442.36593225171794,493.6246045064221,383.9052797660914
218.2059044754795,104.90352032119607,428.0663790022675,673.9613753911641,353.879150934459
207.20522944081094,213.1354989918168,464.469191618495,712.1265679306499,341.932008996004
191.91217429266302,106.51506429493891,412.79704300551344,404.1674302578237,385.16821094529917
214.9905248819576,163.18064360759033,458.8479083788744,680.9537828717555,356.40467297998026
224.42588384396544,159.07986689906946,454.12981237789705,406.81116469591365,356.57887580712435
195.10402628397495,137.7167445141128,411.59577757650015,420.7607794384882,337.64560149578307
217.364330209214,142.71730899538474,416.40117454965116,568.1711771808838,377.8491128545631
212.1429085061189,158.56644258932187,460.7282694267521,723.0299578053251,357.2281444150904
206.6055361033557,130.08150088155256,446.01559625936204,373.724265789363,339.0610255883964
205.1321872003568,156.28143069146978,352.6203375425111,427.46908414797673,312.3733728964572
235.27767851828685,122.440291408039,391.5833263267159,515.2787853160937,333.8432003760235
224.88551682071005,124.65674054044237,427.6298043197324,418.2665093153744,369.58966349028026
198.68205820321083,137.3370818854154,401.1406827565648,623.2092484413233,356.98445764445427
235.82037280501052,143.8778599924712,406.37160582831035,446.49807927465304,373.3118382834498
184.71608233068702,149.26465663997882,376.8838687397035,767.2963746173627,346.57514947818936
194.66631821786336,163.62586994546893,455.48152172119813,492.92765403370976,267.2391273918667
202.5110564713416,129.188394326997,426.93888232916584,543.8833569029338,346.48281708592657
191.42537135080534,126.57128639746931,480.8681067518698,508.3053442419242,305.79625093204515
195.7739396922528,132.3482082328923,380.4410994843738,549.3065999329737,333.7382095594115
215.71406975497217,123.15208822357697,472.8174995268762,408.0581572214774,324.84501946200373
182.9619463617138,137.56348613057915,439.0829003001009,531.3318873690046,346.4412622439221
218.6848329360015,124.55973866559982,431.379281553473,451.3118140010518,331.4783390748262
235.9177981244595,135.8528671480048,433.8130305928634,773.6621415785941,341.06483189162947
201.30402982256197,106.47783610204974,431.47135217486334,552.7975017319966,346.1792608668542
208.7777838958739,141.90171989874358,455.81371367887846,649.4476618735578,397.3043359079229
203.44275137859418,97.80401224901584,361.0717725903874,347.1420823027058,309.9460042320427
157.01679522233272,131.20970097510033,409.39221890177686,483.87951269977236,329.0904105361805
151.70985582524804,119.01101940271961,338.51146290941045,473.296182376361,352.639727642776
153.58868009596802,137.89761834859766,390.20175277341286,376.3586648386178,280.4306032786695
189.88455516565193,140.19521181006192,415.3248956903154,602.5882963539535,279.4909233428074
215.6464145630427,104.20428947680037,394.6143807793871,530.5672497361675,344.9785074662926
195.71984894039247,192.38598949809094,441.6856448430012,793.3091223724571,344.28360169089046
204.47808831559038,139.44206343632854,532.020551910866,629.680875031274,347.7163554194942
212.66354942593986,160.20713849615035,471.9401110755431,567.0315488865991,287.96306602292526
199.7681455998461,159.53493435866085,383.81917225886707,355.61399495726835,287.8500967533907
206.9448375998011,130.75659124396137,396.24769368755,565.0568439266921,354.4317564882723
205.2338728902118,146.90432572923928,497.81373257626643,579.3245129639982,311.8579762486619
174.78274424868457,150.7226664737601,390.15005347842407,431.1268861452645,358.6093406199748
185.30051352685908,125.00781590992712,475.5175570719399,675.9091080537871,349.1263347445132
211.57225215854226,194.1870119926366,449.9050619298775,591.2447022502254,360.47435153722324
162.3590752310795,141.59993283758402,437.43253869456765,491.5230839594905,342.8034571604472
172.59034363915214,116.3417377245748,369.21334769676133,542.38540207325,320.53920989303754
210.58043329539305,138.02725866848996,429.01708367532615,391.4003263571357,341.42309348545285
218.81048133793323,202.7003011883584,528.8027645892969,583.17388676301,388.70981680268864
148.52507688004886,137.7380417690129,422.1020409460521,450.2474773595248,319.93084210832933
223.2547744508403,197.04791318987694,464.1681690826893,615.0099520771969,373.1777434793463
268.3650870093862,178.0304259873107,472.34111894533225,782.1129197860665,365.4670098806597
248.2551944146536,161.71907843423313,468.5978486022298,750.5196205758074,339.7355875270463
219.21574399593112,175.45778947247754,481.4465418563114,350.88604275914116,340.21912651488196
217.7681075437281,157.96599641031688,429.33196587943877,527.2339537201941,386.72250962382896
258.56805220117167,167.70327688874102,529.9240244702559,539.5616216705716,287.49002966170787
234.65809810092895,192.96233947632462,477.996017692778,522.7237648002497,406.6621577967562
232.28501566691207,132.71644198591588,406.2889817689327,592.1372034298353,328.05590312091414
188.38050143944167,193.2112756142912,453.9811398990719,357.4266822029855,365.4791331050046
260.19513866418686,168.92896478946102,461.61351827066693,681.9166388907241,378.61973400758836
205.78490280630825,172.0078337793019,404.91584973505104,591.7964525035372,342.52621452144007
209.39111980740373,210.52749561569684,498.20951321977464,851.9555056180141,352.613514785874
203.2099184747264,182.0839989876911,447.21239390386563,649.2403771007494,353.0036089606034
148.30394946611284,135.16037802238264,381.94883705272764,337.9957965618194,272.50470309464487
170.00244434739952,152.52735356083812,359.87122056877394,651.5704152754302,335.8226245445057
272.9203892603217,139.69502851242032,428.3083004022548,572.8740507413319,361.7028741948992
260.1057856620866,148.799377449718,450.2360592666434,600.6509954073152,348.3315814611221
231.1119487273894,163.14495764685594,436.6785952718106,668.810652888674,271.5106774926823
206.84875210929215,164.92497001815474,415.387682885778,728.4721615086046,336.9014895435522
272.72353902917206,154.70545928984106,447.9191338100114,528.0007271528535,322.9460449396293
216.9175336692637,106.16855172007665,388.96352247532343,659.0096802650194,324.3440517858763
265.63978536011314,167.32113080459376,470.31304884992,749.5671373252496,380.51148302593316
155.7545895270712,124.25639746085733,382.66849493141416,373.6161613162326,369.0204652634143
202.85660675367282,151.61052906547732,373.36772272565526,629.3432399440585,354.2866472650282
191.44390955789314,148.19078087921443,353.68777791776324,422.2892396697405,285.72770982887977
250.88194166720226,161.3720729496891,479.2474647221827,573.1778579527676,387.2800226560387
195.04474039815565,148.38248639546407,472.5185732017431,523.273340992685,335.1507149930038
186.66478066054316,110.16148139040105,430.77055929148946,549.0049988332913,292.28942940145095
186.33486995778784,192.16047936826405,393.01999103754235,441.64132955747294,356.3226961236671
181.9156237100347,136.53167171232323,414.026052635215,407.6709876322099,261.29965503051864
231.6102192959452,163.87913445953004,453.83055972202726,663.4264405900279,375.2395848662624
182.75002751626073,119.50028896236617,385.2679044220498,478.74498649737626,291.61740817017017
191.16249804280667,198.20589765342228,418.8432120636033,512.6796236498807,322.7806601372077
180.90491242644376,143.32910689221094,409.58419345205084,574.5541019446412,316.0590352766188
243.72510320359098,167.99426101882844,513.4003919570977,630.5609279251768,331.45290155804156
193.40909755069572,152.67443412990497,477.85196529501775,824.2830619336652,312.6714588213284
230.84628164266118,215.0147975091678,477.79214205917344,852.9398090548286,333.41297379639263
191.89808733226045,152.6000233428686,346.58245758704885,481.141249646958,331.35994974046247
248.70794529440124,134.558644655097,447.352196731835,354.2859490346207,364.27537594555093
263.32236849389153,147.65923962060987,443.38156847047196,383.81560955954745,383.3039650500984
204.84883058217585,140.12720637394474,413.47672355555204,807.4588693284102,399.52684992010194
178.42771049410433,177.16240750804923,421.1405562456991,405.59195484796817,344.0825024245341
205.6481811622027,112.21251394384647,414.93571445574366,331.24263170566195,295.45480528611597
213.11772225306268,109.89976028826,416.3989626076878,378.86153693947176,308.5980765311652
260.05038301187994,152.4257844570355,363.9516784718181,692.4234816701247,384.3921363906947
185.45145067310983,142.87164932283684,409.64157970165786,604.7867344971047,386.93539539564387
215.52433037508487,193.91454297954127,387.4175428924118,799.5480156113133,295.24585036307906
199.47157724195816,152.6160101651312,425.7778933934069,722.026007596509,399.3900555456896
228.24675297656023,187.58968037282807,495.6713862665514,656.4832109291472,372.300944000362
198.68980196465589,206.8727981367386,440.72872808103625,743.1084330692771,349.815663830414
164.11780214212274,167.9763588022734,362.65054979811435,373.5079352236418,300.5721427388239
246.58448563168793,189.60399695952862,404.03632694732244,689.1905461873017,342.01888598915764
228.19174537756925,177.85915224498316,429.0658588027121,803.5666156098356,314.8082449836036
189.55080000338916,133.7739311675208,446.7011331942532,608.2707409105798,321.32482788424966
217.30144318378035,121.79971986358119,394.7452149189907,489.6660188477748,318.68148285546727
232.32781453285304,132.59838843848397,446.5910305083841,810.9144870347025,393.0803671335383
203.58485876485653,148.23964351291247,443.27440922909034,442.4318712378721,276.2092315683848
203.26404779265934,155.72825320414046,364.9339896630421,377.7623292826003,352.37430466371137
208.8245256526012,123.89622327713697,391.3911056241519,587.2502728058313,265.481445512327
208.5755275259158,158.3887648344385,441.8505018094356,464.8911463620618,283.4018716353968
239.68808400059447,163.4232453804112,490.85264669586445,612.8529081417892,393.77507410964597
181.0041341973587,105.72091059543946,434.9709991682149,456.28569140330126,333.3386974702966
264.34028676040924,187.51116520442417,492.98439403859527,733.0362936410456,324.4832815411506
257.9518824278754,109.98896872992259,399.79505723989575,395.14272988147223,354.8031697399066
231.89043336472,156.8794159776969,497.4884794326262,668.306031692755,322.9353795281643
198.03142899251884,151.33142307885225,408.3617673917685,479.6795893185076,382.09997290875765
173.4908570786983,133.46078208370798,439.4309534873599,644.9698931620142,354.71714710963806
218.76591810102926,196.73838850266117,433.4017664033277,803.0993564089626,404.7222581717877
168.37828607263933,122.95293866225026,434.9638670541997,446.2041630442319,334.48233129475176
193.8583629089659,135.42981178433777,460.43651061902875,511.5109322555742,360.8591231500599
216.9884753014784,155.5005318439906,414.81591889334993,607.1628239908977,326.685237723406
271.5593707068635,192.07004922222745,445.223495572078,668.7217863681847,319.5888975431749
246.77559260844922,161.1388068203828,460.9647216777633,563.5660073038486,382.19794838441544
204.21683172861194,147.22507847813355,400.7067230716729,453.9018573861429,297.7739685179077
195.94083641176147,133.169705543174,349.8134736559961,397.32580180578583,295.15676320993873
183.59461310639585,112.2819239553285,398.5141692074775,536.6765017418409,373.81573754169693
174.39631221523695,148.46996896039036,336.7078563252797,472.58798605705306,321.55585231815627
222.72864009872518,181.00788003325724,462.57108238668735,750.1281551409868,394.2241627710953
213.48336414875627,105.08582986001491,394.9404258619667,449.0447861621419,363.5378953176228
196.86654249693785,142.08851910452339,408.5112078523011,464.0471719910696,328.22694378985375
177.10137663046228,167.96349645316363,484.28612945587145,392.7844313720106,320.16474148705464
196.2410079652888,180.60906023861324,510.6857640280864,750.0574417305653,353.9577361106703
224.22025497926242,161.53275332741174,428.90286514569675,822.1146239484028,344.93970542770046
201.04668958183237,146.53113062125732,403.1237550858311,400.2423726997338,340.16329904398157
225.597938569346,115.33657287035861,422.93685550190395,643.6015030481649,320.2053499075894
179.5122546581583,122.48052975444986,410.68491451891254,330.65790369384365,393.78520365795606
211.54266811587667,122.60766226270795,451.48739284310716,575.9257309932674,291.27690834242094
255.46653454555116,121.0091730825709,370.5759754324043,842.3535854975702,355.579865677616
249.425001879638,146.3136878503749,450.9319216324173,599.8850044954636,276.93843468995374
177.6009020588271,150.93062615151703,376.935397007353,471.18051663512847,364.6268711454745
172.7134525668512,162.85783142721738,434.70104865012667,502.4395234718253,343.1630863510607
238.34760273922072,189.21037015084744,369.0072859617565,711.9138080199657,338.26277917507684
246.2455886304765,161.34221494988657,421.566008972006,546.9568933726318,380.98733485701814
174.8778423138583,108.75476836072238,340.2486960891367,608.2352708461574,269.2913881420407
212.16584159468283,168.96956353844595,419.8399418100219,513.116278922432,412.4959413071338
209.22582346495025,116.51751847089402,350.6024599470798,454.0709819107695,288.20655814310726
227.64082422572375,157.86594928279428,419.52289190962125,485.876245776025,366.9692019120406
168.41105917982975,129.60383830554824,420.0933927280724,389.8009543799213,340.3728126220847
223.68582442712284,211.38136386315625,412.94858901281657,696.2171273855728,352.89932918840054
203.31914226266625,170.07200266770508,358.79389979405653,463.11713326822235,335.9081925867443
165.82520048355602,149.91799639791145,397.1957446043587,469.1080892362646,335.41964721316356
244.1939958520582,122.4812433990814,429.74733039563245,540.4181397052514,331.7689400703925
209.97150821239146,146.34043907382798,426.9511972201263,461.58964995677576,354.9710700906416
243.59871578310592,172.81218919840327,438.61849677951454,542.2265143511279,419.06022907550596
186.65466654068734,175.1884903809376,401.06557157585297,606.3020770019451,272.08454127545934
219.6730850828936,123.95302396585777,443.9535994222379,354.5571632383838,339.0458702829205
173.67484914279018,199.70049679852923,454.0379298633859,601.607468564682,369.0174944270031
239.17324219439496,180.7260205728231,395.3980858480023,591.9909419425766,351.0666405444068
220.8652929448483,150.62258705184126,432.24965486010973,618.766491223586,302.0251958359352
172.56044239916284,137.49431893036373,428.56033430716644,463.2457070927397,322.31003488643574
181.26589256609674,130.81638109893711,355.1186316194681,406.4694448440543,346.9292798454753
191.20402379793052,123.84423490633641,412.19129926155364,446.1835598164081,310.89993658693356
229.75404104793367,149.07155587001003,480.1341427673504,820.2243129951719,415.0975443264279
252.8946687568933,115.1445401665688,444.73942089571864,583.5118467227865,324.71547850569095
194.21567073831105,168.0556177810819,419.34856856321926,421.0377533415718,339.945820479894
230.2577912798776,161.16908897077138,453.49948333479523,717.1793517886902,379.019744011631
214.53151422299285,131.63013579863406,422.51331658071706,419.5372053867489,360.9060575745356
233.81261829978163,112.82372830066119,391.3966508478712,530.2539787082446,338.0168765362127
221.46347099301474,114.68262252209425,364.70963989768376,442.0091111469248,384.086152443901
209.91950795898407,142.28623713998198,371.32953371823476,606.159794547177,313.80386116964047
207.7961828765295,150.8666060327832,397.4052785982963,336.98645640078496,328.401596434015
195.91377832871726,124.06700354178052,447.5755949086296,560.206904146003,291.9851144335919
160.21871478613008,126.1697252702572,399.0072129140549,707.0382818272537,300.83582820728907
162.36168753694514,133.47284421814052,440.87933704076914,698.6309249550484,355.15741395628953
196.94862341628908,186.52895809893653,412.52065234709903,654.2605207147184,331.68702432587156
222.99718496341595,136.42861952011677,393.1373758412069,549.0436548238844,344.9096903332343
202.33836760012292,134.62394576858628,435.77843898871845,436.2456531330908,355.4978913318251
202.49665027781546,170.99137201780016,460.4333349502008,493.39048253400426,312.6576468072374
221.07137390257589,140.96735785549987,467.4623431884796,688.3480049484608,343.2562535048687
158.36503319527355,154.41456648822867,379.4047419048946,366.16142893250014,287.42482272467316
168.4076717737095,114.1248561200445,380.5988908984041,496.44248910871454,352.2172140802571
190.28467436904194,152.359594067697,419.197614142508,418.3168480460781,324.9338017944501
246.44797115661873,152.4783841182242,412.1452801996667,468.53724086118024,405.1108633993258
207.62739342941214,151.18650469946724,417.62435030734656,510.68071600470336,339.5029684705897
204.26827987873477,122.72235931669604,392.19051094816945,431.0845514221325,303.17611161304416
202.82786463806744,147.16818653903636,434.0969669988684,573.3940832025361,341.94110673566547
216.35597221229187,149.5018940716427,409.7930982293914,808.9996789469785,391.4768435815071
185.96645745378405,125.96865267815801,357.39734081770695,433.43917813980073,375.47471430669515
200.30600172257434,156.96852395801005,469.91020011681593,667.0367150558636,401.75598917709056
236.73491934360368,132.9601330394813,417.07493233754167,523.4867612159691,356.8507800765051
223.28991420573024,190.05122198262416,435.2337558670889,760.495442400818,323.22563842783865
185.00481943479184,110.72833080362116,390.37028074977223,436.89110572729686,333.7989744825323
189.24945610113036,150.71449442599305,444.2150853086282,565.2366872291924,325.3253134865876
217.26964423371723,135.5183026890398,352.181179092704,611.6856838051523,324.21739820211866
215.69689688297737,170.30289466405998,455.90103448523035,834.9678220448756,369.4613336835142
247.64485901468169,172.61675830447143,490.0262673392914,715.3827641654059,435.7267574372557
216.80841522183863,155.6930171932404,429.95582502543135,441.4293517383352,313.5457355776009
231.50426038935112,106.9441431353474,396.77757509516607,411.9621611044796,330.16669438126314
212.38669930533385,109.20789107135408,439.3475221492485,617.3735906028303,409.34950180043876
159.1416394060691,141.2715151258,421.17278400846845,630.9965461962668,346.83171200252383
210.54952582606165,176.9048784482632,417.6802984931246,534.7908637136052,304.4350463042754
249.9974676740498,140.43644270985175,388.2787057157648,521.1386761152331,383.2192346932092
152.86059281820653,127.03315577505899,466.6821025886483,421.9022263858328,362.8573580857454
189.69950008655647,193.57989658066427,447.0174356181468,712.693486577948,408.58700103957693
233.32823417551404,143.42089672401653,537.9821457381599,663.8625836182359,402.0156228174737
208.91366905044296,161.28553999562232,443.3373244603874,675.7016695717406,442.70488164056906
173.7571938033756,158.1513849230264,455.3067162682792,536.203019581769,344.90312741896156
188.75273275267702,145.33325498241524,438.88933040231535,449.889913681862,423.78792512178035
206.67972030474684,170.30502730660902,497.85547737865454,701.3167527953175,349.23524480752667
211.7328932646539,118.66208379110236,368.14245050111043,513.0826424069849,278.89379824246885
203.44153935409855,102.5178310202358,360.78433901233717,401.57153132445586,285.8348870583427
235.42607934389116,142.03434611095943,443.02248197272695,489.53778838419083,347.05630358941903
242.3797271577388,162.7749422908556,422.468273553794,346.13949707337173,350.87846006095174
216.37479516675657,132.08325623183256,396.37038652026473,594.7334568275563,351.4145399072239
213.32683334981428,126.1467303546077,389.9717325549185,690.5673729835796,351.8498673507186
214.8352374471717,158.1224294436882,425.42741808499073,649.5370548126132,264.0704214066248
212.52932755167276,151.80397332108404,425.8860788802297,571.260239836869,302.0488802529746
207.25555131849754,103.34756530622072,391.005005985678,691.4470474210136,427.17323574989075
222.0439689039948,156.04695298190913,418.87990347010776,600.3779463628375,374.50958460761814
179.49837692317536,153.16637075138829,485.6282429610025,556.4959844573605,352.0959725934787
180.51299547583068,188.1192485592196,471.7451253831122,380.64667878768,371.205551863503
256.48534275226933,145.7035171508569,495.8935281986551,600.631598499679,362.9410477345739
199.76478256114424,130.17194433723353,441.73605732610804,402.54065044276877,347.88965255933255
217.95249260054555,171.45031736790648,387.06625619883425,619.2113123876983,336.4336851215024
188.83271482543725,141.72751573722454,391.61920389177084,506.7463139876388,378.0801909437749
186.23863535193342,154.59063890761848,459.21129036611524,430.0831243394935,317.36511251930386
172.17483884292844,167.55924315472114,369.3114295303703,438.54926457972584,284.7725140330855
225.76273194951915,165.19202251725818,437.7548288025607,520.2890445467444,300.95115502620956
170.25110506208824,134.00011206026454,428.0099398505919,665.4995377649735,319.41676676269145
162.43066835127357,145.83472067424557,380.25508250907893,514.5364738775468,265.0319313978272
201.89019253976699,194.7823546307923,388.30603052639214,647.6186436114797,290.8382750187987
189.3649605553968,103.15151128610671,414.44301172153257,353.0422056153727,307.11223268687905
225.70722572432217,148.347997908174,413.7531724271079,628.3400503232733,374.0669366798175
217.0805706011104,112.32604515413445,446.6873620795876,646.0612142358043,343.08610117407653
203.446697326773,153.6825879692972,448.5678137465383,501.21096052869234,399.27820612263446
180.89427102542433,159.95798931926086,437.05580451896907,664.0872150586114,297.9183812826127
205.2099334515249,155.48332937237254,358.6415436705517,534.7287113014365,312.90318684667596
216.64822462130167,158.483569807489,405.08251123125166,514.7868280860844,354.4492857661296
196.9150311726769,180.83987750622714,432.89902785997805,505.6009935515357,305.5215370091351
191.34364641045772,109.47568706683528,385.70781673139345,333.1405094880452,311.6648102515826
216.88657872854563,110.13778982429002,489.8223547902706,481.9657469543727,379.19505023164237
195.70572009054308,149.25726027613612,443.93004490522344,460.4158500160511,281.0317587179421
192.8163493037271,132.20741274969527,418.2314325106392,492.66593264284313,338.9208482584349
193.34870637046168,181.41089432414574,480.10637655142233,859.0631658083537,320.0833647948041
239.71854676949084,150.9564220855464,439.1420690021598,714.8226171153188,369.2836377118013
227.76822837179552,132.7271688290656,353.7141331555115,637.9625049581086,280.9351608571152
199.36694177703916,184.6193861478225,465.62348566780366,580.9625562054433,320.75858070842423
220.62589720596287,157.13199783415237,412.8713548776662,533.3677686241347,397.32855814134535
173.702838080093,174.0668016928529,460.0623627949321,508.2580872555718,336.54898351579425
176.2223803249158,149.37903378236038,419.1858123561881,512.1503821612458,339.18118011703706
189.33573415165066,192.66402660031662,406.5725126997963,387.9515271298974,330.53587331534237
150.1308263499136,99.47499615590392,373.21527109593103,461.75489460350286,296.3636047673382
180.47387918106932,112.03278776459335,353.6761187926116,401.2879943372561,323.46934400942
220.1309103353721,124.56047946138985,500.78167080221374,621.0511725374894,360.97886209015303
210.60027007348893,178.0199120242621,452.0505263128806,564.8243663692862,360.2441764741791
205.37068869546312,106.51006554990974,394.92728800554613,383.1034395722227,325.0304000251943
192.44171664127492,141.4678507467387,423.28810329624855,511.7088020683159,343.4248895886912
220.81421127929553,200.01386704405564,420.95045925141653,517.2975699016276,358.96660813388905
233.78793130715036,145.75522796650745,456.83712930118645,547.5137501144868,331.46955312888343
249.8283845450722,217.3631864327713,539.0964514220607,731.9380833751812,406.4797385137813
216.6761961003795,134.27260839431906,413.3681660735785,384.037378067392,343.4306465507361
200.11953397206742,166.91754340206919,393.53208210616594,432.1508177345075,349.711305905578
228.87850360027645,168.577938417944,421.09753951819596,577.9594771199274,405.4412686311038
211.0232835972718,160.17295402964209,422.803925228658,704.88563343537,330.0773784362404
260.43487256934156,187.10072775900306,503.2159633127719,856.4568445205358,405.1916077146098
197.10683897991822,136.6430799133663,368.46972561302255,391.55184293954943,298.5181456385586
215.230266178618,104.20515909618115,420.6105827779007,463.339571739882,394.18470657251754
212.4765615302727,124.3718222748584,383.79197492792184,591.6486724498887,381.02108870954885
220.03950732182403,123.78266524435607,427.08545904891963,591.9800535221057,325.57791286470194
235.3659908201811,170.90504215269,411.39982481246534,582.6005680113093,359.59628409537083
221.7262452318989,162.68761754301855,485.4641013592953,814.2222660601159,414.7413729021031
204.9161950467291,138.68241027753996,433.71065534272213,542.7452122920869,328.3536955572308
259.67500221179273,171.5509932725172,479.9723820799439,625.7771055244792,419.4988752195597
197.46384712278237,170.17126674838025,534.86675630949,593.0454412735462,334.6585542224751
250.567884759734,159.76747637900112,455.7117159868514,688.3215995013699,403.188359683099
165.08365021136012,107.11434272716443,407.8470684959082,815.2648470842474,368.3245972510724
177.2507303666147,144.50007573671928,363.8397583714727,333.76238593740084,298.50511980185047
148.7732817408667,112.72499406702256,335.2656239703862,400.9357231421389,307.20060434378223
209.76799443680048,156.07824234040476,386.37171620219334,608.1084695571798,308.66147795353424
184.01467270506825,169.63432033438278,437.2497790732645,424.34525039674077,322.4423775499743
232.89289837170867,134.93577601313257,471.5826616785013,538.0459148648713,353.32012539072974
207.57303145141873,163.51718670869997,411.772824734147,512.9144074357109,375.8448133875995
235.2589631191149,207.126531217824,404.00846534560463,621.5263789164977,399.07709653130024
224.40035998713088,177.5692406530067,342.30035234144356,337.4473911517825,323.6179550169754
209.17692653132002,111.57980220211954,455.3612756761589,571.6861886697955,427.52374341224345
262.65097609678617,147.06485175425226,521.0965582310381,443.8354925829993,337.2374997378024
188.16617477300056,145.22895249640925,426.1114320505667,474.7352871297294,346.77835791909064
192.23253769054284,124.30579474312997,423.79680589144004,421.99043400518633,362.6876933255361
234.47475878846825,195.2150776348249,530.4812025703592,757.415101977891,331.69846296132624
244.3191623820921,173.1330511165143,423.11153679336815,596.5221926939336,348.07023903671495
223.304849913535,178.41289125162942,528.5808318781803,548.8841605476697,389.7320752506142
236.93111073178582,157.95986108023732,382.6056130034794,462.7487005030744,310.6635575736842
213.8604873492836,219.97873403470544,391.8106949091315,625.2658877208337,352.09745226764704
170.45746030474407,187.32611270650204,490.3042240237406,759.0287182059201,381.46783328506746
270.6409557070081,157.84127974102975,401.91830443068966,623.7145830750308,386.3797869794352
224.53376676419026,166.72879399310438,473.7312895004362,597.6605945907885,326.0868588111477
206.80697452660388,189.64536300903112,452.88970166516367,393.61416525473845,397.51933691032707
216.91684667486237,178.94785986013923,384.77044587530753,438.905255387053,373.36091435014885
246.7007876585552,121.7497407545498,441.4615978554443,432.48609068439515,362.5781976195695
220.0475379125413,123.21914727675313,385.2434595515229,578.3838981109119,351.4989333596997
185.240726721921,130.47065311709665,443.7153446217946,414.982329378673,326.870218154505
165.40021356687623,110.37112018316478,369.0165334907366,560.6290520188147,335.9619930262038
195.91983933656041,112.977275116098,384.90366406182835,449.1307418178713,314.7830835778509
177.9529272517382,172.05411220057587,394.4601402778281,570.7196306091965,387.21006777747465
179.32974649446197,160.44580912548025,443.1758196131035,667.8390524982607,353.0928433233606
193.4886651034852,158.5760655431458,438.74837992415434,607.166733208299,377.5027462583694
228.17223385726686,143.20321363188617,467.16796352370693,532.3044877053328,318.57854278307883
202.8660813015916,148.99567364997066,462.11841764614996,738.7415217033995,359.1367516057009
213.60512532262584,170.83371327282268,416.1492342183798,464.4714504205521,423.6137878332504
252.43377606823015,181.58095303515137,406.8729960268749,494.14217704961834,361.60097154885597
172.68018397433923,138.95656393236303,412.5431838852988,462.8830239150586,289.0239806767377
185.54186086916923,158.7788380792382,449.93721243244204,596.4358027980705,330.3063097584404
205.61718925580706,159.0648984126562,403.03793075750866,626.399555256798,335.16315481781743
188.6662916928646,170.52187886718087,425.95708989374543,685.4993953380903,360.97699647809094
205.13845867959205,144.20915579734458,431.69910263378154,803.9368139440829,309.10757416135993
185.60563021616562,193.59721594788192,469.3602518796648,455.0489424426024,374.63742486017463
193.8376343348408,151.00734204922733,447.29063690220374,627.6265334558668,304.08981467079116
217.03382942940814,136.06986718175847,417.9348779528572,337.9564357272404,369.85685349392605
190.90187585011202,149.6077379717518,433.10599277996835,448.9609206948418,331.41253462801126
201.6102447641222,110.97851021272186,386.53692754623336,442.5444948605782,356.2866413125964
238.94447889765078,200.67269433025467,479.7305311388699,496.01664099400375,394.13970884872936
228.6032522894698,131.1327727714478,443.4496278765091,477.4163580100037,335.2917253610779
174.3863771816346,153.1046787885255,414.6992566643712,547.6997901869136,313.46883605802134
185.58424388207422,126.35309222909576,351.15096524867477,381.4586268032016,273.6728500596572
186.58898274014308,193.05358447801544,491.0975998656396,514.8722370121206,377.1749287830753
203.50119206430483,105.11505811481155,452.2791053669208,358.6039372878143,381.9518544706831
228.11132658928403,169.25246817625737,404.20499251748384,366.43984165923365,324.7001947140178
205.90489402773386,107.57777932844098,416.22579007098835,438.68359056310106,334.48739693880043
151.33315001277902,138.01290213553222,413.7197643002397,456.5105638103805,310.9290643017469
195.76349247991868,169.84767810232984,410.26009502711037,512.1299363977855,321.56492101830855
243.28636510495124,150.92149086697907,431.1837978618076,828.4311481153562,329.5578880839825
181.3455956789252,146.27406485862355,429.9046659326722,603.5356783571699,345.6189535484173
194.68074288746487,164.9755279735396,439.29118388630286,787.5762298269575,344.7961764612893
211.2556416697377,133.15388856398476,454.68459883107226,335.16296835959463,299.7964839065449
203.8490104427663,101.9553400304483,374.8655479681606,441.7011828827903,391.7861676206733
220.17917704023554,141.61044739824425,442.5597896392403,398.4863824604087,368.0548383056849
171.75038080754467,116.81332786333107,431.0084506234852,679.5097739830844,272.216413810483
225.92471265728116,149.8996523059468,506.9282395844162,471.5420651194088,313.8148060057261
191.12759069988462,217.96423388187748,458.28817211456067,543.1274610192646,347.5861541453697
161.40707160971252,95.16695697870017,414.1828224860828,566.980729531103,329.8354657931756
172.74763168974042,147.80124014759903,378.8778415257193,359.9389527606747,312.20807699343516
174.87841117268553,126.12276140290305,461.5363289254205,402.19346185586653,384.23463112113285
157.33226488514703,96.68150003719529,343.9852380310499,421.0113477133826,340.829386827957
230.6196555515087,166.50394249266367,512.6454672966221,638.473937002344,356.16144411990143
219.83021588384082,146.19657677686007,367.5373054455664,618.6044048082085,303.1748974408591
264.7476936831289,204.55185588791133,464.73275187093697,817.5093062572391,446.8527443005829
188.64172529808613,151.56225215805839,400.57020598964647,480.35609064037226,307.9632219901685
168.2878710125477,151.66015887847897,448.7087455719797,535.2050580899415,335.36805941911064
252.48980814104388,145.08747888443546,391.68848004364884,565.8619489085609,301.5472408129266
206.21004949493891,203.29606438058497,417.19130813885084,616.7165900855183,360.107923844703
185.79959193695925,153.12104613968884,351.4866817945793,479.5265203861765,308.9236879038505
203.3074444099786,164.9722431210361,455.97766591942207,740.3380788264924,373.528079358257
214.09089083809056,157.75408928988836,434.58378100892367,555.612249087309,363.9289361875749
154.9590341998032,101.2832095278362,382.4802988070934,328.66820394994073,289.2629133500461
154.6113788128292,127.06304277409083,397.71595259738194,557.3170580495732,342.0579138987654
195.55718578768284,133.60557778001984,411.203282250177,537.2616286863046,357.0003333771326
212.46242549675597,158.3337786735302,499.5819032946694,634.1495129968678,388.463871830071
204.3192890692748,107.95571757581368,452.8112728837689,654.988512996377,341.53182424983726
239.06763307184096,162.86932801096287,400.5606762708929,330.8757095870344,325.08884928273864
182.0177473346839,161.56479305014008,469.90457948470794,496.5877172668341,315.6449760377184
214.04677083557996,126.93819500139871,354.0467676010103,543.6007102800193,344.42359028908123
198.7049371759409,143.11597630115895,430.5836958628681,621.9979826169302,338.7178273172256
209.41687252138487,161.20222705452028,459.500032580895,463.3241289935094,293.29823563322987
204.08094382563752,158.1864086126488,434.13433698326287,376.9845406726042,364.2394050756612
229.13763624198214,141.80230061568426,411.47699725375753,477.9046056954662,370.4832985847054
217.13370107811855,123.43259277551411,448.63882945049465,417.63792817982335,339.9603684144408
195.6133566005166,125.92086637044962,405.1742045874229,457.9323663522168,322.6202961990393
232.37551411795133,148.5943535792857,496.6550479952834,689.3166266854886,379.7877741022217
162.77329504357883,109.89780089014623,412.3880591223637,560.3679731994382,300.4646179298571
224.90361852728998,201.81518992403096,529.5078209732304,595.2865733243044,399.73933152116916
215.50498979226177,133.24419648400544,373.7790076279401,401.8774751476319,355.6754390906593
160.98637434620096,99.22660097443276,365.8083120081374,498.81126592998476,325.153984799866
150.15169836248887,176.34096623744577,441.8156890877454,444.3010205959748,301.5475778883076
175.71970430424213,158.62726901908798,404.065153898987,554.9897809592835,411.0432210123769
169.52718535122685,156.83094609841254,390.2917725082198,522.2413218504726,311.68333287822327
186.06087237830442,126.34776495146653,359.1807148859557,566.8434084799023,297.6803533502946
207.62612599844812,179.60607059590347,440.0594918215445,462.3198211564298,438.8255920200438
191.69876720299592,121.45345178681268,400.95092777629077,362.1826467280129,345.4058741499712
210.35496322165565,175.478387149757,475.8380750271807,529.677897625138,346.85183484234904
207.18179358082034,159.55086520243066,340.3712697795671,338.4012509946938,355.82661144154537
218.63834477790192,132.3248843859642,392.60187208316336,596.5744273883115,361.39280950126505
238.43064452013985,194.28873731011535,439.2540122180426,556.918804096713,292.9030579481102
201.66167958889244,139.79531131252463,433.43754508771025,482.5369318214291,344.60010237512046
205.4216757052682,151.6908951748132,382.77759807392516,592.4972492029951,305.46904365825964
219.77770700802438,150.51927357767184,411.1571201379318,552.05664907989,357.2842307019529
244.07215743323684,151.0049123289659,466.3594795510261,518.6594875001787,378.50724494421235
221.0375222915922,140.92679393219657,399.6907942748846,623.5267605778395,378.78321551247393
153.0137392945951,172.07386921798297,411.25498701067727,580.3269019010305,310.29121793808224
254.36825287290318,170.0544978138806,536.5472485478564,751.1135690960058,357.00143213945057
200.72680544705315,116.15711814005907,355.0035242527185,747.7386203031351,299.98956076776136
225.67581340871956,124.59200014996087,443.41102122565354,596.325496074612,338.2572718983182
215.4834682447759,153.22856472561145,411.5589053661839,391.75235403412523,357.5154856468335
190.45872435454618,171.1962374897971,453.4621884311929,646.7648695327638,369.4674712058835
227.72230151534134,102.42634317487602,374.83874403994656,419.8554443248404,337.1593870967029
148.3705576815282,172.2484131351706,477.5135375501769,507.61634253123265,341.4587429594467
236.55307857843317,189.56375438176585,513.6368041258885,856.6622794199335,359.7182150758104
204.48075956186608,96.24809030765742,386.5994592928142,432.45791836468993,320.77003964375854
222.28370914276329,159.69623181443643,511.41461685910286,872.630428016782,399.0664471743317
201.34547849637525,142.4919965441771,474.9348346485169,394.89422864592547,440.71293408799204
265.9876057827294,139.10298181008793,414.4950107935312,419.432660339288,370.0236805508883
201.98925420475487,170.2155267042013,424.7240119170833,427.3572156718731,393.243610596711
188.87862707605123,125.14861670820976,473.7448196857741,752.9703634302283,379.2819751418447
199.12410123176755,117.6200573232963,447.29669812151934,532.5194528934038,358.6965597634039
171.4719195398746,147.55203458365145,433.9041115315286,478.5965608957434,275.4178818348989
211.03873021657006,94.95229029937772,409.92169672278595,564.3310326555023,337.31471425276897
213.83955309146063,148.39954831632016,416.15317692846565,476.9359681017851,329.9287844712288
233.33646875784643,149.25383482293583,446.35597173621693,834.9152732535425,322.76003759610404
189.12204472213685,131.88634294160215,407.1992060804952,555.6800778769249,308.64440682648495
208.21047301314914,123.6994288813863,394.4602168686563,535.0299941210599,383.22158907317737
244.82323340815975,169.97995553980311,414.53411062632586,720.9985057624527,321.89952448290876
199.18082371503758,157.34867110790074,452.60981835447126,645.9827308527929,341.9754904599883
176.83410895498756,111.19656686981915,405.43187092926286,488.3361566576902,298.9231603297422
183.89926491123205,127.3097920521699,444.42038179228206,343.6843968482687,352.3717366954011
209.66030972887427,140.30230182342203,473.5704471760884,622.9880528283308,338.33609560025207
177.18615778419098,135.94324710616598,377.10171564438457,568.3345138097475,388.7538332549164
218.94923706634836,149.13857639485911,476.0154486876771,764.7746529855175,426.68734575049103
193.43658689349292,168.8135991114241,501.42479377712664,367.98772874773204,360.85316873930833
153.9775469566994,183.71072117909378,425.3161561145118,592.3938350596392,289.8737079109816
189.6180218300671,146.28987885258806,422.21725302745654,519.2258871856666,356.35792322683864
178.88608101994288,196.0761200793517,399.41958041211683,500.80195988947133,359.43805871208946
196.4364506207349,191.71686212817963,427.464464300487,530.1055679574744,333.32871485038146
177.35412411456372,170.40545477402682,489.1087026543812,635.3061488926762,400.04558315420644
204.4593546610004,186.15942673373303,380.056203494191,534.7365921085562,341.870211329228
248.34978831816633,141.69504770479205,516.9389818039073,682.8877346442912,368.203186109681
154.02454665761525,138.43852215519888,413.29792008588174,690.4835164327801,306.33938934421286
260.3383663154771,203.37721632478335,425.81122342041465,611.8890630071543,444.7200905114656
214.8335474688516,171.54176703793416,391.2711331350057,436.3274175975653,361.5822597532176
231.7713795467898,129.12505998287025,424.1700001865431,682.4811455666611,369.0368026924506
212.45352159140293,176.33108707608466,449.72604915644615,727.6024027208605,343.19903468002497
219.01442319876722,149.20966091361058,414.6912714050632,643.1501540619658,386.65368963208175
220.84261376864347,163.59707116198783,452.3709261398892,831.5252734922963,346.9705664310293
252.4533956859104,178.3802509053985,485.6177922827006,718.054617717462,428.97667053179055
243.10735297069579,142.0717922021108,393.7397323136038,498.84956217797514,354.11045888124954
152.22193977243947,153.64442346190646,410.6069791930188,418.83561030257613,355.87676876122384
212.19779416366407,111.41556925770324,389.65207769583066,467.47326763630315,388.78666151688253
189.7203868440799,112.62955160351113,428.94469222555625,612.7879303111331,327.8759052435016
217.00110365285497,158.51783785415944,449.8477434487184,595.308853561363,352.0070271927306
174.242602528224,156.03767368894367,391.2692073674664,464.76987344313267,374.4895595243475
179.00415426150693,197.92807892394563,425.2578123747659,537.1488643361714,273.646404624258
218.91048455697683,158.6810396672133,441.90040863086114,467.6913011664476,374.49414242964815
168.69077236523728,142.42837271925535,369.3358553655114,386.04482880691114,326.36049534709656
251.39221193600798,173.01706160544143,438.3405402108899,780.9669478028122,391.2986808330543
243.67251422775735,131.30880966748404,455.84819841327214,437.98637267215855,418.5043653588222
158.64252008539594,153.80779585664817,391.18278032897115,557.002694078689,385.2027884621927
151.48590747989596,151.28047859539595,404.0690503341398,562.3472408019005,311.5697524050765
210.43421885108086,198.12393676430673,425.7758634299582,657.162444955848,360.8805591554198
199.48603063144694,116.16877557684774,366.53033697563376,614.5707672905505,344.99840657107444
232.81866783439182,136.83567990150362,515.3071833518984,522.0637882779199,389.47418569478793
202.7546926985394,157.12582877665147,439.61195530797033,548.1950073051452,357.2725152462876
225.97165996920756,149.9355095760341,436.0540802772227,393.95537611720397,379.774847154785
205.31253171130925,125.1873191345678,416.48688680610695,484.56640093258665,304.42093881682996
178.69573768524225,158.99319843725314,337.97456656419274,532.7874156504569,346.9922155876497
197.99367590317001,168.02469894204307,461.70470889678444,856.2398255715102,416.831577857903
175.93637773196488,104.1817750004884,333.8722803395754,342.1080914080478,312.12098102311796
236.83499006923427,170.90534148059004,519.8989536056583,594.8387211776148,441.80252326807494
217.57154805456818,163.70216079251264,413.1541617093627,516.1674271802825,369.93936177208917
166.1880994340275,136.09838263824028,443.57237954652686,411.7260131076473,377.7402689896826
211.08173568711865,134.5965232307953,462.541409419302,482.5250333675283,409.58764374763734
172.96417110210345,94.91816269876884,357.6091395661413,453.3391020136281,377.57171737226173
176.44665199711596,114.83713925141822,417.558866731303,490.87061205832015,357.66088702189296
239.41414621519888,123.07376252294932,467.0107936360022,349.44525403295313,378.19438360619733
219.50273813220082,127.89782687417917,436.24095400989546,579.8446591609495,399.0199501073561
213.39124852060294,125.94918261013864,466.5511138430844,379.27944938105713,433.919766997998
188.95278652043135,126.16449361774771,394.93549027166506,555.153320133473,308.63536870140433
218.9677430989525,145.4337594444419,434.40426924635966,652.1540050307187,302.4784536837984
226.4377428877161,171.62873854542983,473.4926721738115,625.3073922603472,326.47155681847653
249.90864766913984,167.93538332746468,476.7521257785919,701.9520555448671,311.2323822462119
251.85012035348905,151.64061117223258,490.2507129028387,506.4987473190302,347.3076687026985
219.99380315403832,135.35870015818534,430.9705981730692,398.5225318674739,323.6135650832697
184.83206273342643,166.42511856367412,390.06459103165946,728.4290876430857,391.6318273467996
202.99189586615583,155.61863948863,474.05519750402414,420.18740398274946,326.38596726497
222.84427065607326,209.87458356607664,515.4649873125971,721.0950046603322,365.6539080072371
222.8375222635123,158.82117256870433,410.6028924821812,647.769459502354,353.0863542639203
192.67024168344406,132.01270021492365,377.73965786531846,846.7033259250462,336.8588915222678
208.6321211053662,127.7568698759292,476.66985292134467,641.6294909494038,355.20523846332253
239.2110019746651,146.8710111674867,417.82869597590144,603.0978699920819,389.4951725434059
226.91816745884276,144.42859358853957,393.55978178722717,765.1055911437455,367.4111856891928
216.79576463700437,132.87387731237777,390.3882637846973,572.0243212386832,366.13395176864435
179.48924239929775,101.6959100931343,350.55019778089576,498.98728197330547,371.2278979557258
184.89440943325303,98.59824930339265,364.4092658557352,563.4655687215237,379.9984676449403
212.6738512327102,156.1334543135619,416.5894055479453,727.8330606878058,267.56510509631016
250.1774804706485,221.46002712315132,449.88878102454026,575.0659185527147,348.2067784007166
247.33113651166724,138.03757495434607,533.0136078280507,721.7368298116955,390.6219116819426
206.4327728805698,173.76358696802163,433.483565746747,502.96113581378165,363.3422445671485
221.64554566801843,111.82198197706828,433.82414132311084,559.111098651543,342.5173147404122
184.0270296470213,139.25814175571296,339.35801643802466,388.8019635683239,357.57751362977007
190.5266610783207,132.00889818932052,454.7449494611519,496.0200294436293,290.0296051944787
266.05064807660074,142.2471957162583,372.10587200575765,615.057564735559,347.3218780025349
178.9572554681096,145.72738144398377,502.373850958864,474.8266374229837,436.0171833797427
213.0489221779512,165.57112976055888,472.50869385638623,510.378964601984,383.7780111515851
220.33699695304762,133.16216003401323,403.36094475928525,551.4539295647193,321.5454788887192
171.16758921804632,171.9415573650533,407.9440685752704,422.07339125143835,319.32712682334596
210.42948052358526,146.9416484259189,409.36492135431575,454.9959891019602,320.37700153681004
240.0458648235483,105.51767602498617,471.0213707895304,696.0928222326135,328.04741689530306
237.2553383654634,190.05522178270806,426.09508787281084,651.4681229653442,310.3311298998652
199.4269004984401,122.46249689014388,392.10044260149334,331.79299050207464,325.25409578945386
190.68292140194217,167.11453600475173,427.5808507339725,600.6527442890061,271.1694699870132
226.88953371410233,122.13672654352001,388.46180728380824,439.6304614608714,386.8898511852533
220.76294847105584,153.0263170529501,434.71983260191985,426.1063982572521,313.26194540167234
184.5629424985832,158.60947955110808,430.5898167742103,734.6311658228877,386.28075979528944
177.22058762032626,158.99120994495036,369.09570724336476,380.2061474989252,354.8782603481533
198.7187725468522,130.75235117239535,503.1196829878369,524.8405659311859,391.92050358347944
256.69157029992635,159.79067430496383,401.94764683826173,474.2848446432633,347.8088860256729
149.4035659540709,103.24360527067333,403.03551743096017,593.57564269337,307.914605719108
225.47491010221805,145.787316606195,430.1278696761856,578.8650663370051,335.88298167902985
195.8593646266122,131.7329795477866,464.8311896214195,714.5227751188365,375.94322789968487
178.1111141024499,194.76698734254262,470.67863882463047,783.4541934070129,399.5545611755485
230.48354601367268,133.6499576834393,492.8459377717044,619.123997745729,401.1849693037877
181.41264006816957,166.61318968485708,412.57712862121986,813.122482180154,343.8111953389942
192.7541201866826,153.4207033435471,404.07966446540377,359.3258427377495,346.09510228338416
226.1571893563284,138.9398486375236,377.76727000654427,531.8770451011319,310.69342079190096
203.75535444971504,131.6339029695705,543.5578754688148,531.6521792586461,391.00532456757554
185.52884929248847,185.12573768019834,506.9609958429487,646.7371289914613,337.2134770996258
215.0687534716659,95.06414335616114,376.63910590301793,375.8676658844915,286.0152585565496
236.0765396874505,153.38119698769037,475.9418647909458,552.2835137541765,370.8384215058189
231.28414075678663,165.58320361279928,437.5679337491452,639.378283417649,343.6587774145217
173.45789838891727,144.59899225750914,404.65767423762503,513.5838516429517,335.8926257417596
188.3912068576753,123.38086361272208,384.59660489679794,509.055000726334,347.3801853298236
188.59054705465988,97.64702115275513,375.40243963430925,379.3154096466378,325.44663881143146
204.7954230031024,160.28457063632092,460.7761264520103,671.6766090450077,346.1947679047467
196.84055888921128,157.2225322588937,473.7786380190385,740.9923186079959,294.54968541293
158.80523885418864,140.58135188255605,379.53878770013114,466.8190029858525,310.5461705983057
205.4532093183043,134.898130778097,403.04579225404575,607.0541669402342,359.7136195194819
189.81514221600165,146.14240572820242,430.13968083059285,664.9760907447609,388.8649602457675
249.80442732689878,190.01470090849662,508.41529202461857,739.5790823210425,338.3375315376887
219.20718196853144,182.1575235676098,412.2616198590534,584.4046160218692,385.43866456505117
203.59835096052103,155.20696590577464,423.63509100070183,782.8387150906831,325.6156493405533
183.32637760562105,128.06114972124251,392.11022836184827,417.45248011857973,323.18610077078483
155.50820973082952,110.43270373935003,392.8220860157488,387.7325523889859,276.3061617661604
197.8544045763571,143.7441567351313,396.98570607031417,456.0989878944077,296.5167472132351
233.2644722610292,206.1174024139531,462.5685462533526,832.6344090959337,339.9815430738183
206.44169174984702,144.33209939249744,446.0952471360804,583.9563608427593,364.07248044790134
197.3393570106166,116.34781263637852,382.1211124240248,611.3913966568285,349.07859848902075
195.03705863577653,206.12394180031265,419.6616406682639,693.655765343978,327.8514650852042
189.73321435349794,141.07067980457373,399.3617904039462,484.9158594984174,281.8998787300788
170.45952903387686,153.45106144765467,440.6543657141265,487.5432024100142,389.9294419897781
147.9176603684047,194.3376895697733,374.68922415028607,536.1492142604654,365.1472761424369
226.47360721059567,140.75246198539134,418.55243919917166,706.646613145524,340.1828156459608
225.51863566890037,167.96461454669537,398.41132849684203,612.3571314958275,346.27145714155614
175.19719355032873,142.28614422677634,346.19934060296816,420.66902306816934,275.197634725338
183.74907817293033,165.4242476171797,432.8570255898439,428.6260857093896,338.6039894287317
197.71608404950268,126.44210178222548,432.3152631449517,498.4357172983684,298.75750548902744
161.06306115369205,150.73556634410028,388.0197715372319,669.8225599211077,341.8209690217154
202.11875644135023,146.59489001045696,467.5561280445129,527.960002322211,367.7485161568395
204.97170744885076,122.19088175079708,457.86235345305175,826.3339344477117,384.7430823426541
242.176879136146,206.5754347574314,537.82146681333,734.1667244759609,348.7097147023138
206.51128549839237,180.32413352950937,475.82852599301805,701.2269593229963,320.2338778497567
189.720214544527,153.0117528502449,380.5124489676395,448.897181369816,324.78704461634936
228.53437903555397,153.34284933163067,459.15087883537194,770.4874978058643,381.0200958634929
236.7474931237293,140.63638150700132,416.4396469295396,461.9734819574971,361.3855025480808
157.96973009515813,142.34414656186485,451.58461191364165,690.8577332058179,325.9755916165663
265.09612947002165,117.425924361587,382.3618565379877,607.7090525183213,376.66810795288336
204.72571365932953,171.67340246956778,376.0140238810606,540.5027229143742,351.4813534040871
156.63168508478788,157.57782240058847,393.4179805650832,500.90837383396837,270.16974650287403
210.43149704475846,108.84728355987473,380.97663856903137,664.3377815258498,304.5397554854936
205.26354154782587,154.4921411056779,432.2192146990214,512.8380426315294,291.74807169290057
228.42589285674094,171.1449266596426,469.0541628193638,586.9743505969892,344.99721152596845
206.8804197745809,139.05724176022193,381.3389886182132,371.18978928354875,333.2404338050156
202.42624317948707,207.828937950003,436.0601652519681,556.2945417192816,345.02497382701296
197.31960477445102,154.84885446350575,360.92765466843287,453.89596627757606,323.1388249906392
240.24370141202326,122.01076953290368,413.67738625480365,576.3544218795158,373.46563336466346
187.6663341713498,162.85182711155534,425.0765992748465,549.1238875847326,292.62158373941435
167.26727964918285,113.31059203211818,357.9089692999137,401.33498564070516,287.59809686689516
186.22181203840248,196.59862168923814,477.86040425735195,818.3678273006011,356.8791893394755
234.09470584119745,106.22857447418325,388.0983590203269,602.2574571086666,364.6556400219592
218.77834324677974,166.64578423121847,420.16074362999507,773.1534307962767,408.2767139185846
241.25207909155012,131.24316191337903,424.94256954724824,549.3559759510857,330.28816702134657
212.21147747941225,194.32947808697907,485.3058862330301,691.8160713670601,287.46587428097547
231.39256615545105,142.9580889628683,408.6643348837593,539.4513314788552,278.11698712849113
163.8225203825612,123.08005840280825,399.7577080687515,395.643435646919,338.5604071893859
194.52764901516238,111.48208597026179,396.1980481493972,562.2501576754271,300.2606634772504
185.22632898050466,147.8578851090074,402.6472974221347,399.0746152981408,338.47698112302845
225.1291701344914,133.15669372792468,398.4009859251493,495.3009718298436,311.5648262396392
187.2193046719055,128.0623860913072,413.82787009473117,532.4910934679162,308.19977609304624
207.85555271189256,142.6157769919463,365.01865425366134,348.64393451708463,322.23942719163836
202.0896141433371,151.1761593789607,398.30680771862745,610.0714937509156,370.78121290181565
240.7706157300479,153.4750731598316,358.15919501193713,754.7918050167935,298.73299703898766
166.1181162198011,122.40205756669427,385.50762467829844,575.0634912075491,336.561535567106
187.31088991863047,142.33756937586347,416.268961422319,523.3364166904981,346.4977410974554
184.75202370708277,126.37262506171814,405.9683275624261,334.72660181516767,371.8604725616198
172.18387866475382,155.06688178158177,414.37985814650835,580.6094842070346,322.62411414742803
222.50534521535366,142.63693199273854,486.7308562893864,520.1483657645458,378.8523089910648
195.37583844706725,127.40933541267954,358.53429852942253,427.4935088487881,305.25760796929785
159.6767240774172,97.28440515618836,373.99485788952023,515.1901246788332,349.01113358715753
214.75932967752678,118.6279458796906,350.2446352471481,354.31954529934984,325.7864517135482
242.64935637200682,145.92357228644323,468.7914049471509,616.5561774369037,373.3608610376341
247.16215881949503,127.0009577554381,447.48607645432253,466.17134623694596,390.41211201146353
216.55414885809168,185.28644933075404,474.2382822299158,634.318771317653,341.54487802589625
202.50877491982084,166.4938687570696,466.0027389335309,419.5228711937161,342.85385086442045
183.77975395800934,102.35834896559977,361.69198245435126,470.47115726190157,335.51842659979604
223.02541715508772,192.16617984900995,496.49488053796824,673.784981534847,304.23418934185
199.2765415508528,156.02808765897134,409.33682788701446,496.6305636286858,296.8644787893553
171.3699013300927,166.40619992628382,403.0372331913318,572.1264296639989,299.1804960438336
242.50237428117183,137.10353118981928,450.4229274237235,577.6761230356637,358.9338729656102
184.2194212031257,95.34250254504914,423.01046480609114,482.965686844354,314.02218431432806
231.84450408584055,144.19873678815395,450.9476621698089,866.8467984585249,378.62075031940003
172.51324888571688,110.26448980709361,362.48456703873404,452.8185450553061,393.5247205827462
209.68019015383945,197.90728358659814,394.0676324461162,578.4546546005395,331.5979581309736
250.69460437625398,115.08462614623973,401.62015224976363,409.12822579665334,369.17849219617904
212.03966789005773,135.6134879820721,441.760700600698,451.3289298454753,342.7168569237404
165.3935457875128,103.30397621846079,373.58618019847006,421.2766993707287,333.85284507585095
254.69909735497802,185.14660948311925,464.4712756248071,498.6756501985905,361.8743819350546
184.7056370386113,148.52571935591155,447.3155355967604,526.3962160356622,396.1375751727958
178.4790716849023,149.36782855738508,509.99980085441365,490.78070624077185,392.3067271381171
188.04105325240332,184.33644871442252,422.5625537307799,566.6357870186237,382.60988641274685
228.72651628399322,173.34733722399847,445.1257067282492,710.2543178792863,337.41554269333534
233.88634159377818,215.34946550557106,531.1918129408364,831.1398026885984,324.5936019342883
195.44336896361787,121.0898397284886,331.41054472428544,456.471274136025,263.61652763297883
184.37922823833358,152.57107396755242,412.3897717360494,592.1099285265408,366.67636296817903
193.69128724044523,118.51537734990474,416.438159429707,446.6726818905784,344.6295057550883
218.2159409921119,108.46549627728373,381.40768956167113,444.23510873393366,327.5538600941073
222.05586386547787,159.95990151118534,386.3621462792984,724.552048273433,433.31152800430004
182.90323078628384,123.56468650289104,337.2703335038287,383.44801891357224,298.64100875446513
242.3298784575403,171.71875901497705,479.28142375176776,616.3616464831554,368.9056610101833
204.7241432734036,183.34248483711994,377.16730582222755,359.24314002734883,289.56294842439655
207.08934770927462,159.30405168838996,461.6304363757795,524.4961885956897,339.7310846151671
203.97778078340846,106.67061694052327,364.4155768879788,588.4663607044846,417.84374824348794
212.2844533699273,180.34876605432171,488.00870476561465,666.6807840695708,371.3164351625491
265.95699874398025,217.3699719164317,519.3750147859707,768.8171978679218,324.2147352598786
190.75202437766413,158.02289606526395,376.8603209488845,638.5821304160418,383.580855393608
218.26665053309432,130.50164920074477,463.47653996708044,434.02524818503105,352.88712382191335
231.61370729126662,154.61292998713725,477.7706874572207,581.3590901871996,325.42004235026553
168.91185425102742,118.04946445537205,463.0975564367406,478.48852444693546,311.30632688645534
204.41006367753505,149.68519390048118,382.0897217236322,365.9001897731696,274.21323475438135
170.0154091062375,150.8495591965081,357.3930456731325,734.600373902413,347.29749490716733
226.882874183804,139.9323413378248,413.99539946287007,626.7029346366512,377.97117747335795
201.90118093877433,198.6815151638584,473.22196553683546,604.6574243136613,392.3557710107418
200.25217602682983,128.26353766951598,472.10962481118787,630.035347511274,350.3716457901676
202.25234590654912,164.9945741455675,378.5687297274622,707.5130480657359,317.2657093477711
207.19937696760584,141.03476570352237,512.0665417520561,820.0017462885771,347.10060528737984
175.8975490945623,96.5793601671399,370.3040865212824,431.80261215785464,358.41892738871144
213.0853309293742,188.47430695313545,480.61018963456087,875.8486747436094,370.75463363405095
239.80522152062423,185.88361917683415,468.29926808181096,515.2615422511486,400.42341199512873
220.1080366603027,159.60525714163637,460.4142367231621,475.54346142841763,344.5851293377757
251.63530049879932,165.67314425933068,475.6783414046292,780.0283265999502,395.68411335561825
225.45223946531678,129.69277436500542,459.3503446591322,429.48293463406213,405.1493361316472
193.37505347071996,124.84059384717422,434.18304304081147,638.7022280533814,319.9683124714996
168.7735309227658,143.65279627986544,349.23145780096166,412.50099794649805,336.1457655512289
179.28285066134714,135.4773643940168,378.1065687424102,393.1636765251445,283.4596568517986
233.90816464849044,143.6599505522911,378.709973128091,697.7001631441038,327.6820652688803
213.84114853791556,124.36982557320769,449.72169244345184,580.5164692567917,357.70348480091747
209.00019217805675,147.9212136355133,418.2242659361719,714.8267224417042,340.6936792220584
182.33413315788553,167.1537568390413,366.8521504758114,430.6014026832762,290.5964651544409
173.08552640015492,186.31668286681966,530.9029464830669,722.620254080128,374.2358377647785
218.03191752840635,147.97319597685356,393.07650566929,617.3578934389345,379.10316571158717
187.53908950781903,140.05951159320622,484.8902173594841,513.1313743635179,370.86479761330486
220.91034864483458,143.88142868580056,360.64615576804084,620.6056490487152,329.59824124078415
186.85200240127017,162.7947010738633,479.16111780005986,744.0664677687352,431.3203181024301
211.78327968543874,135.68850853434355,434.30196628486436,454.91552338163933,403.8863566608203
256.0912088196673,150.32623355946066,427.7607528813389,459.61036068804634,355.931421248661
185.53559345026054,150.49978539602148,429.9431353514186,505.225646383105,344.71162584357273
161.3696071453456,170.86669497045156,345.34918456194555,394.17484058443375,291.51775347445226
199.04574552018371,156.5341483395225,379.1921791976135,440.4848151235228,336.7211116737107
257.60180176995203,171.43593235579678,521.9942668058083,454.8147132145534,367.67475458372064
184.57975721640537,193.20054168943008,376.1502364751345,479.97554396046246,406.6340200435382
227.2803715514886,190.3938810681899,461.42185101174965,549.3984081350121,300.5940006046616
225.58802255157562,156.31012777662602,485.33982336439374,708.4307849798729,326.560460389066
186.13935894705696,158.5047700158361,391.8230788743626,539.5325409601629,348.7819650576495
212.01474962366166,118.58718728621625,382.0893649451774,393.18647882717005,331.56702185411365
258.92551070116053,135.4239131739567,460.6085670024836,480.6048942652779,343.0976156747061
184.4932215796874,199.17321242606346,390.20274623951184,556.6144150041391,311.234113820107
201.63701954822332,156.52196788205435,432.03272841178233,551.8572163184751,328.5686935590327
221.61203834484408,146.61627751786128,427.3752224634974,563.9353733752296,329.1424283309414
219.69584007100022,110.14806536477391,430.46084817578424,495.7316327460032,358.93936896675996
194.45819569836758,133.19494146934522,404.1964701079137,414.5957690100288,326.51891439334474
166.58207837704737,120.05572430048294,351.3420579215929,457.5050655895635,318.1797181014854
170.52890903104534,139.78683550991656,439.86302946460387,567.8575544693088,336.99634986927055
212.07628959224013,127.19139202771488,461.20949903464464,569.3954078508715,325.83473415584075
187.4932306623025,145.88264439189433,447.65193629018324,520.1302393381109,313.0331880268625
172.00968049056493,110.26108013506399,397.0658507080824,448.68930246032244,320.167746879745
238.1955505632928,196.53303951829585,460.35548237767273,541.378603218657,354.88097246839476
198.21447066636776,168.65618023179067,413.81581589843364,676.1623005622553,350.53166115966434
202.92626547507007,146.92276780351492,412.0243148907815,638.0534124428976,324.9740772432716
224.2799028813539,166.46355617648473,419.03424347320555,592.2050715895107,362.9211429926939
199.70003520333876,144.09123007442912,481.8233755805207,444.5500271317097,317.7025469823562
198.9831954236082,160.14474476303926,424.9286818040165,503.42908147181294,354.1349567837725
157.24761431236317,151.09979050774243,444.7853282961041,407.8148062268231,330.1627955781309
213.32153109480896,149.95786361048283,468.6604521291187,642.0761802142741,356.2567254736261
201.1527188456592,169.9316606250649,456.85605624009247,720.0972865460501,382.17840025395674
222.03591197148376,156.28658399874516,410.40933302438924,596.5960397745763,301.74960272807533
210.9144332457982,125.11474659402745,434.9133895002424,652.4414495466675,365.343187841899
190.20038241815843,143.07780308245674,332.51148295521,500.1558700221462,320.23679767463994
261.3764627425828,187.96102025551582,468.8288605485837,716.2319552772283,300.46074391279717
172.0339123475616,139.27749071116764,438.8665135959503,438.9512940308404,322.97831987196395
191.85879343700637,95.70555193892666,342.8779429184355,463.37721448868126,369.9992876774127
265.51544757244454,163.47216748630422,398.86543479619985,599.6133214591658,363.76440648830305
239.686359727667,108.0816874484797,412.23385797381536,623.9635390489917,386.20301673487586
220.9664907519449,134.07876145141412,423.1424609120081,635.2902678306963,402.5907897446046
218.5271511171903,125.1491636293969,421.4237733249194,735.6702776328241,299.1365592126099
163.79370822115158,128.65113011291524,417.89976898715287,568.7437785719096,371.70802380311403
208.3231887373752,212.85909473094844,442.0979011328964,633.8367355638923,294.16996233790303
187.5011839730041,149.0924614068551,447.88721095198997,510.4704139641351,333.56308623617355
174.6868200059231,159.73303707193088,377.68508374555813,366.49455277882043,350.37664068250655
175.38830791749635,141.58871947398006,463.2749121759247,628.0183960010218,348.93404465226064
176.78746479487253,171.09363405018289,423.09976843727077,659.112644913935,326.55463568258745
233.1236494578322,208.39232946462627,412.3352046107572,699.8983605907855,283.87662569856815
240.3462795698154,125.03514220210103,453.32402775547297,691.4070308999874,357.75154553054705
237.19911260345782,172.02707082008996,407.8119128894304,642.5285722525064,361.97783201458276
252.01632523237453,103.18400120750289,407.8590625486202,359.440437738594,430.7855405756092
171.58268747701698,177.00511111739775,406.12970685128414,466.60464285681877,322.67117881051894
203.5871376518876,113.93917679876733,467.4908380736269,357.6596106983475,404.54684279705424
187.3128836565302,130.1491764992323,369.7914403433557,498.0779271669046,347.4303927474754
203.36731457556016,128.52395527239295,432.19259522666715,474.3873625380086,386.7055610038913
201.1854708051637,125.65389742218721,414.9896395532128,531.2083116736394,338.1971772136161
211.39144239268515,141.26835848474207,420.08180262438606,359.6598424846484,361.92333531463527
177.50713947684028,137.1722698923499,465.75069318795437,610.5603566522838,322.0217875076629
184.67035049229187,154.46359062820287,459.1337631907106,460.2247448004313,344.913559675603
162.8766039962706,144.8182686513942,381.8782777110832,329.4291625918879,307.2944282184883
229.36761138587121,192.99437283431806,430.51617593756015,653.2617211855336,331.4368413440912
204.8332285842712,172.06163636197223,421.95403007705266,654.5412019183035,404.1382767607248
181.9845824066107,146.39563083051004,413.179424824984,522.7283204893859,337.2234958459624
223.8148565655933,158.8700806773289,419.9075222137927,379.005417800124,364.86064020371583
163.6794274139558,119.23204819229721,376.79220198937463,554.0373736813973,313.14402169949057
217.30046493712777,190.0553324811513,468.07872606620384,367.31943091064164,295.55777115608856
195.76101890575904,113.19554334474576,474.7059415644838,422.29902618077296,378.88077215236143
213.11746736702202,99.3488635560652,419.79854315210326,356.06026621453447,399.1273999049436
160.05550054686057,157.09710479085183,397.5765683135582,689.7174790114466,335.0750466834768
218.17292597996837,137.16276203569262,417.9591500480602,643.4287099198615,340.4406607074095
245.25570943418126,140.27502113592053,463.95457136498584,387.6341794653647,355.67706328213825
255.9594528779424,162.30991404534495,474.68595380618467,699.5837995318309,402.9978296141883
225.67481140820246,186.86240851107493,461.1671277058353,781.3553200753729,367.0138525650555
176.28786267469312,157.13828656497114,437.11965082050887,524.1477544885722,275.47025813456884
220.59083933270654,136.8142362091515,431.72512452616047,601.4866373386799,382.10410830053377
180.68206101828693,141.59844036302295,348.6712267488827,422.08704840458194,327.85562352997346
233.93304290972233,142.68695402052734,473.90963097801904,594.8012005259025,394.37898482654697
184.0374950075387,146.4405117929585,408.8165848306165,689.286311743306,340.4578614638486
220.24366720940824,176.0021917058546,404.1384534674697,615.2729827848536,329.7081515304556
176.92364823937132,140.53993920662822,376.4326492291757,690.904381433405,368.4244080277158
183.7556975810009,153.883856129466,426.1985039679742,645.5671928725423,340.39004973839434
200.04091655274146,137.54200532868245,448.11904927380243,709.842192485469,393.2027930948259
190.62830617518568,112.63146019031035,413.77475835198095,659.7711406334923,314.9164332231933
263.00636807624693,180.9607034032646,388.06440964262,413.4828532535611,304.5230002661647
190.45491403417137,143.1358989607557,389.08755130358276,355.51635733290885,344.5730625321034
246.56376615514844,119.37441366803745,386.26606782131023,774.4144071270738,360.27435145575913
189.53522981919406,138.65885217854222,419.57838489022856,535.3617570488625,338.865250511644
199.89755663038895,170.39247158916348,478.57224019269535,713.7964420950749,331.5208877918443
182.93639035271812,119.68645276364585,427.90609696726517,669.7092480822577,324.1918097475544
228.5204782367265,187.19383485622396,494.36327828982945,760.9427882555688,374.6611486033192
197.508267389935,135.5846376001727,355.99010767529796,488.79213849148204,339.5609680670024
231.68750977363888,123.17938826616165,431.26686436630007,383.3759067086722,413.97871357009734
255.74477615077745,138.67026376895143,469.21561071086353,850.2276782700898,442.9434498868384
151.79273860705445,124.43128032636136,356.3858010661547,368.0083569469954,337.48516283316025
233.92178457194817,155.77884156225258,374.44517647740327,552.8387735567591,323.0900566012815
201.92566637045744,129.90391658826377,332.0289316576074,400.9395473669516,347.337310576277
204.38815663986904,147.73039574757658,408.7374989653698,409.3454871438405,420.45212129476175
193.31534707469234,151.10329038814373,469.1855042174502,450.68301887712084,344.94980036643864
148.10239232545968,101.3502345703305,352.46906669146694,329.1448763981757,263.3063696178767
230.61043448288106,147.1187579765499,392.09114002506936,519.4645005829548,387.28601559748637
220.30427373627367,222.05593651106483,471.8558715116241,706.6118295516847,405.41367476285785
201.87037293312855,138.8109400607676,457.11320946470425,695.4284463404693,347.4653005017867
237.49942257093264,158.69334143314234,450.7202811146606,526.2927106515737,428.5945948741943
215.6200315014056,165.6733127743278,411.98356835110656,523.3875446217556,327.34410563349707
159.00151809630225,131.61390515406663,385.9972927644164,329.5687940125475,344.0004253339051
184.84836753581274,184.52974781569313,398.15474042668586,368.5615108472719,339.7373734588772
202.51747899491576,166.49564207578274,398.39288263504886,423.44946800191326,330.42346782102004
220.58556087587704,206.57750062307304,530.2668121475873,726.2530339970971,418.8724246656652
260.243447858063,133.1157820843254,412.2506155913577,348.36774889791883,306.1532432853576
213.1052208269988,122.89166602054566,424.3688342119367,535.6626222372553,352.15439387587065
205.11202360919202,102.65164961825509,504.1021951189129,637.3929814565797,426.2248310275942
202.09094391929156,96.05763569591505,475.8210053668806,476.9688471043972,346.1184935307646
238.44043724042874,169.31166565193502,454.9898865914272,519.1143655521756,361.76453881162115
250.11078212077163,150.60702796593415,434.6416038530878,673.1736003903204,356.7555477501877
254.39209331238948,227.14646102280784,544.5583338995878,703.5814308545872,401.3761413653031
205.9553677476975,181.3600105475497,448.95007920941316,630.759531449215,409.0843394979977
198.59392127109527,156.8104075494752,464.17041015423194,641.9633780433934,345.67717404071
166.18302707491873,134.02215677580702,405.2006634287008,477.0516210598155,295.34072341920387
223.13042284332317,173.22681834893075,453.98734216832946,740.8165879461944,362.8784782545536
201.20915291147918,163.05560392813297,483.34775063841056,455.1904729283966,358.06596594353687
228.68341128117316,148.7539973035106,416.6884138553159,433.44042300762885,302.3475795968112
227.7793685452733,174.57048229968228,378.83648336262485,614.6323051225784,342.4113142124084
234.76040161555198,160.5459200112659,529.6605956366597,653.641556329467,331.40809084873166
209.3121628431986,141.90416003361116,449.4221038800388,627.4054231328028,317.96476609556305
226.30602615794302,131.53410514292352,410.7798607102855,423.58617803688577,286.8634335404099
256.97525800175623,124.64676969782226,393.1673928049712,494.0630182323323,354.2223182420387
237.37672858496825,201.09026397792766,411.62920096795415,656.0596045819392,435.8855800660546
191.84711632904114,147.33741112363697,457.34766893174776,608.1455593468272,331.55356149455287
209.65404307924388,147.80471760386737,416.6980583936483,733.180975191203,402.4494838792475
198.52511218956607,141.99534023952378,377.6690811322427,458.035433628545,345.11647368820616
202.284447968839,150.52865498246544,425.7094605066213,514.0051801540687,354.69507151061055
169.93887493340412,217.33797942832376,453.75566655550415,679.9545756140515,407.71175487858983
208.87244234574072,135.63936091125024,495.08885353259006,482.1644294772906,306.7451343741747
177.78499067882072,96.2772439882066,395.9949129348743,336.7109720054797,284.1731104043565
191.71296227095024,145.49355212351915,405.94172004179876,513.7048961755913,366.4803471561739
208.99821376013313,171.66375203087262,405.37318467909483,391.83613212747355,359.53693723342616
161.02922555038907,142.27539844266812,392.7270245784086,633.6807366390756,332.7409289755487
200.53144367515773,134.1750255979207,403.9430534365163,613.0564919145195,336.6998299360528
208.47937953502333,102.85856240331552,420.2482480261124,369.55581239369496,380.0760597259027
164.45637299897726,108.34193210010409,393.1668545826777,338.5439750535751,288.6696705515091
183.55518775781167,186.75614908759056,399.5029636073725,513.8677143891616,323.85536356971335
168.27947369328785,115.61239573905871,340.4725396281278,334.53555482149795,314.76344206547617
186.807022997414,133.99325129958794,400.1051367441994,690.598705311932,379.94787918078134
215.43504197466604,223.37675858057267,479.3014995536183,780.6206926093355,328.74449060025273
237.62084879429042,111.01355975500246,444.9628049291987,546.5560510695833,361.6838021898852
248.067946996134,141.94281011632208,439.4020527578712,549.0867633568706,429.4136967452682
204.3140581703432,166.8419433071192,476.1281473309845,749.4477998252506,394.007541292098
247.52231741897353,183.09422400572288,475.1751507208938,709.3323592314127,398.0677546739696
185.91032850022006,143.19604099917885,415.7465326071878,615.6655788071574,337.8072844154381
176.13710813684563,112.71193114167848,341.2000510819278,468.04671536863987,280.1151871828711
164.62225923940275,184.84803652575474,506.805365234131,829.8837439012543,343.9468756034964
192.4736313050033,180.51848575256346,412.65510814997066,569.0229129723659,334.0636027637137
210.5972242682034,163.9858088106937,439.0671030338503,568.4974304667138,347.23598813451844
203.06456494221703,194.15726372770325,395.49247167081006,580.940253972082,354.44822621896463
209.7094543417774,125.66539103128912,461.36091411753233,480.29259374671574,352.0583714103484
215.59475742851123,165.90424045719004,476.55076815683657,638.5790440869047,313.0831184357974
216.85267523296625,141.8143851385345,455.02713758180556,537.3350904053086,390.40981774597833
171.8587276427551,159.42175225644505,405.3070738436216,595.5783717434568,361.63244291360405
181.95258423271227,100.85206863491221,370.02169702254423,362.10607201392946,269.8017863203849
192.20836380489797,149.4921393879309,447.3084334028597,704.2633788623481,351.88974904262176
200.5128125590734,132.24810218504285,443.8793520448626,480.75170432205596,323.23356392688237
181.03528120325717,144.5126183201393,417.1143207022605,425.0249558917975,318.15541623103377
157.90166949806724,177.8913545690632,414.456565736703,558.4507822155242,312.4727224675445
203.6361504854897,202.41829638450756,486.0935065676651,477.5042298854253,383.5667348815253
220.63968012694386,123.68893868144781,467.90716882533417,612.7961123589906,444.2659519250053
199.41260536214125,127.03092582027135,424.4600262471656,790.8323003795455,299.6427423590848
184.92031616208456,119.32144074247533,352.8456710199326,409.03530072065564,337.51580574963447
220.43131035488923,137.27367836316097,463.53463170688656,465.3530573061547,407.1049922950978
215.1669870431395,148.68159750656403,485.9937627296875,478.5816029030315,328.19321467577697
174.68439828426997,177.48034303426084,391.04742374620605,444.64164172850053,330.1311156931399
272.40960412236416,225.5673287069399,492.7794735688697,545.7111833771852,421.13275446039904
265.65541674070505,148.15106174447683,434.0239772807464,693.9083463887332,305.16826396976114
191.54074385444386,110.14286996955718,426.5922467672043,533.6010092088025,305.32568399351027
187.07398749409745,148.89838511288937,391.85864159691664,756.4385239106965,372.08576058125925
188.55617457828995,138.657287527651,414.6210487379432,357.21766520918527,327.5545382772079
199.41839893739868,111.38870262054051,361.44217848265293,336.56377500129145,321.97303743819043
169.5048377652564,133.2694051365628,414.4282768011255,638.7335890283379,321.36652224857824
214.2156665484494,165.78145092710375,400.1788647506319,692.1909466961907,343.67450501831826
189.71296423584766,201.0848572328679,443.9442822518892,678.6199492141316,319.56076917328596
189.09183358726798,165.87642835380922,466.7019680612528,392.86330133299055,397.1792994623242
215.75132756768411,167.92140155752097,467.32960079378006,695.8950229481419,412.80921228509703
213.82755262497778,159.43595257065476,468.351040144749,817.4558798766897,436.1879301248392
255.87288374745796,113.80585296255653,434.3951838397672,332.10017435811676,319.81155107632577
188.21087537396872,104.7777498717395,423.80447557208714,608.358624260402,337.27916563462304
243.16963083462147,206.09390642889767,432.5018088417991,647.8130785408839,334.6664982962948
228.99903574128027,155.66405415431046,486.43940182045856,642.45459701233,368.34282677113185
224.4711533077031,149.59844610080748,423.23351839244856,398.83729433366267,366.72327527415865
222.09438824162527,211.21814097748577,502.48295347773717,642.8898967322185,380.75365459543417
203.38883930702744,128.75464967423213,403.523110881254,583.9878156823872,396.32797681374
210.97231495316228,195.6691035576721,367.4541545098588,674.529690047697,310.5221506642874
200.9974452391655,184.94510279183916,455.81252013792,657.4806370572971,376.61015717474925
220.09757597057146,130.7675165326261,433.84107538318096,486.33707004286504,345.6690344864185
177.05723326281728,127.7479016915241,420.1479614558887,464.3523443655108,357.6320351232303
224.5883214591629,109.148851972744,410.3309304340164,437.0543237155274,335.73951094801487
170.18186156377666,108.67878980430537,340.9364694700125,344.6325856685133,342.2442419205146
207.07058055807488,174.47033849609187,366.18165094511227,547.6959919380487,328.7003973984005
229.43192082092307,152.42130207411398,503.7392282464031,764.1989694556231,394.12717362352686
262.513765212385,201.66660303796957,471.0623296664098,653.5320391750458,328.46675799088655
192.6123367772279,112.35602384105584,421.6428990453912,397.9556215077203,334.37586778798726
206.49626797817746,133.8339747371912,376.3895269377695,453.2512251056395,291.0531467058089
215.13979454833517,155.6136100196916,452.87270811322566,472.98920050210864,402.1725520324275
201.12971406855178,143.11045357722128,433.7168047971534,373.64803073381,369.93698372059623
157.0934214486849,134.3119946379516,396.74061887643916,385.80657825774495,336.7586666534995
236.52320635884115,137.18640127719107,447.2151094482986,383.5613289998282,360.6414390008815
190.94366668618218,169.04875095748451,391.97208505304087,621.8339175890327,326.9493264839503
229.69907816333523,166.5503341547939,410.2043858975222,684.6499033004409,368.1193567547207
176.51352447165604,112.89896779870755,409.0603437041652,541.7055186051496,316.7494540906902
211.0598678942754,171.4038312366445,452.97620801922164,439.4307440331498,364.00139831415123
225.63156407234538,143.3952118464191,380.2957594200145,441.84953187059966,372.4630645894659
223.51999517036543,181.87505132248813,532.2549977462364,815.1713185922596,374.9057031965792
189.4280767797455,159.01294046186447,471.263147939975,516.5143419895545,357.4048267106951
218.33328527708247,145.71279615315763,469.3698400107061,477.19375090444566,338.8909607452628
171.35645265434303,178.47639300592553,477.2646133761563,848.2397884755071,349.3223478002884
168.3325876323699,158.70832428509888,419.28509505881226,425.9244315840108,305.39757473046683
206.76160943145592,138.78930695788293,417.9295179003949,420.13686417515436,354.6639799521002
170.25618290552123,133.34654849142424,386.95046337293707,525.3033390571516,297.72865938181934
162.36810484911052,128.84278941550792,412.0659967573078,596.7041476494161,341.30598980949406
223.8381192183889,153.32636839395542,365.3825748078466,574.2789397607273,309.25234504190126
194.6347108553556,134.82870547048583,447.5162490987181,600.5949094183165,400.1767444945111
189.47457817240127,174.89193687140698,443.66422245776243,761.1976197830921,373.58108941123976
209.83549392478955,149.92838499351143,505.2927156152195,594.3092523332625,416.12440154841875
159.01790521080346,186.6064691224694,405.82560117021825,701.9543077235587,354.0776367887894
159.0195752477529,137.39694014464453,365.4717876920811,599.4008814060087,432.3371873548046
236.94998137179888,175.93317954507918,485.4534059572527,664.2569139864381,298.770921209949
211.9286202141009,179.43255358021312,356.6914408102098,621.4587291702031,383.8459789283339
179.3198898793967,119.14468059278765,397.0047602957891,561.0316614196184,318.1485463544121
231.82728989391993,185.24595411078047,411.7487995934437,582.1765568470247,351.64976874220133
233.11557643381445,137.15322242098836,476.9085379674959,532.7191347298833,307.64563658803615
213.69156145823848,165.0727609884466,407.416537441101,646.5727623811928,298.74580395695966
189.53332364105276,131.6354016176321,348.43438847516904,536.6615433748491,328.334542784223
204.96358393817692,200.43328265287,463.357193723814,716.5701008688076,339.94471827865846
179.96365433441693,150.35649388317026,425.8866492200785,524.9735473512343,346.0839839091599
213.4511927531762,141.94555345034175,458.98683651112407,434.3206457425063,442.2809292004461
215.2201310585335,161.7691746539699,469.66161208622486,591.0103175490631,387.2154403157342
233.65444451639078,131.77362262271896,489.1243235889532,520.8630656492415,431.02035583174194
183.32176856684674,140.02857090014635,358.3332725744139,513.5642660881009,324.2918108652463
244.11641038091008,160.94960983366244,538.5126042837628,504.3587611088597,400.8014144896591
218.58971067633206,225.33022695217068,527.5195966583323,636.027811448934,406.9124813428684
241.21759618637165,165.25805133537435,524.0604022901338,639.5046525023546,389.017357307053
191.71249162111388,128.7367188003082,446.00005902794487,567.9762758618936,419.74482256242396
209.10718361483924,160.7863431973989,379.61054335177056,532.0638912269527,287.4363452928862
205.21931156005394,96.51582502956647,374.6640896086173,388.7982758520162,299.82243027260563
178.46183297651143,165.228577894876,336.2496020537326,527.8512737098848,314.17208430254755
200.11236504555654,177.8324442016472,471.80848692737345,765.3040383335505,370.0206084821296
201.36979793329374,217.70684996110256,534.999719768435,649.4031035411857,380.8891137296294
190.2192388230499,115.20912498260637,430.6430910808364,426.9067433650512,355.6276184945199
182.55318296817737,151.1181014377006,503.6222510906782,589.9818417027036,410.2698804047885
227.28019294621348,169.4825741990306,433.50043104354864,541.4085613629693,330.3698455355448
214.5826158692311,139.2296667676842,403.0053268218521,420.21991060942713,326.61139943789084
176.51766850573915,108.22569877056836,400.9501005307412,368.68004619578744,332.97890489490504
245.52950456327972,164.18722613430063,398.4890243830605,552.9255870236506,339.33262194679264
183.06708199341153,137.90408173923888,383.1094845032585,762.444834244349,317.61502110579795
166.28632789594138,118.4062718573636,338.6507277618024,337.05403611298954,304.168602204461
214.24783724285638,164.99871445052347,521.8216948411757,693.7202115417697,311.94583139012906
166.7715461049786,163.76268121007934,440.9198209106704,675.8769499359571,378.0781568649644
175.6462126220831,144.9107098442519,400.27081144671394,548.291702849547,263.07232498332274
206.39499665641182,154.0334568934791,431.2394874111284,691.9672990907599,358.488811131524
185.8463598116325,136.89167638667618,415.80466327659923,475.4039620332216,339.3301840101005
190.28316645875148,160.67646812014488,490.54659118663324,621.4057143724252,388.15028337014223
191.1116944542415,207.58523099525507,459.4591454900211,663.3434971425435,296.45875541926495
246.03151821995965,139.37193738140715,388.70059213716206,596.70755236908,379.89976733242736
225.74652193650073,155.6127075631964,376.850917813856,347.3319179315031,343.9422451876953
179.14628844667538,122.22988574872969,480.43852744979125,499.9681434921751,337.3474494570655
219.02605741401993,143.47943438780078,425.9411471653303,366.32112093657446,380.3823468454499
182.40477996155215,141.88139424222817,476.74099101454107,599.3269988307502,349.48310928335985
243.5122097536661,156.6312584589267,454.84878256475724,701.8348641371795,357.7126629628992
197.120015446453,149.27749704081396,403.9039533014992,491.00482189093873,327.9994849926362
201.40632213168107,112.4062467984889,406.6062247062409,459.1017965154797,300.0760803859076
217.0066439621499,156.4703102585077,377.8023272365497,693.9064977292004,326.6700741514532
249.59620184503527,158.2912943734957,413.3860834401796,360.42584364211814,331.5130895188951
233.54816903789578,149.25916604764708,388.455771247185,630.9830312492419,322.27969042018526
197.2133451626365,144.41815462026523,494.36527198723314,477.8338548313164,428.00398654499236
230.04295400248802,184.87403698925922,418.81300069339454,540.5143956527664,369.63625706544093
200.35665910523323,160.95120089878424,503.99820149016426,564.7322216193572,367.12214147292485
201.89813851773383,148.60282998414567,385.6253752141457,338.4714466911249,354.1806774469612
226.6470781037064,144.96973859471828,425.22018991396425,537.2473264968467,343.8995339435471
176.39743670357652,157.98842458089447,422.69447680679076,596.2378883945626,383.3593184129508
222.73556871353412,160.11277690434832,483.95226540283625,862.0783630519579,337.8962314596321
197.5410483695974,152.1463925009897,399.0751849388464,450.2527374459927,294.7797986404526
195.4432024901062,165.90820911703406,457.87087698280686,500.4486241139914,353.27714215763297
203.81635981856522,150.76558284900312,414.27039684316094,613.3327101819945,359.3495950575555
239.0533343776236,123.61079491935809,487.5221943102153,482.0661540830067,443.0348110356249
201.74007342305939,146.19750085697657,382.054514618332,422.8250905081321,360.59376581161894
218.21688989432542,150.83870473545142,411.27919822225425,490.92961117419316,387.79126333378525
176.25746775533625,100.7086519864052,379.9247943589045,358.39969353719977,273.16651138489794
196.07918275371298,150.55908621274358,346.1938621466528,463.20780443874395,326.21849507422587
176.56939650014016,138.98120870642134,421.3938971441154,528.3846557513784,337.98095932632833
191.59663516321982,167.48567521181093,441.21869480375204,658.7099586431415,321.3380704933932
219.6524913738518,144.67923836604677,421.7097610124418,655.260051381099,335.85212585256227
206.33492805522246,162.9286200402469,441.815095868059,425.6937160962271,289.694971115226
169.72295089413524,142.44304846309922,408.7949477829722,503.31485768250957,328.39773804059706
217.5412218849075,149.55920052725693,415.84508488483965,559.3035937345009,343.9559728547742
224.7430948051229,174.07500846736374,422.18810208861316,434.25944327942346,305.42306465459905
208.95594837129218,188.12182327337715,444.3974465376498,718.4497599577516,306.7588879009437
228.3672134424391,166.16182018573937,435.34014671667904,630.0791336520203,321.843719676548
260.64579303318783,160.6628491999615,415.414240225694,598.328678850108,323.52515548554214
228.47841809178948,150.11604920064215,375.7393471375022,532.7438846719466,418.9141975146795
203.3329753907799,134.24515131371615,387.1655767502195,369.5333420348355,369.90212284132906
187.5809232940224,171.67934894617812,495.1914778908196,604.3729988205858,309.36968516535717
215.97491394128627,117.59972576916945,447.08180615728486,489.34796435724206,334.30711161937626
238.7546733693018,118.51577215193721,400.35422191258954,373.91196117139646,349.24169385146894
169.88068413341784,110.9054177046101,365.05555513844587,553.1791937499045,435.4554052409216
188.72342555856696,151.0259276953113,491.3957197016042,587.5620868752957,381.28848063480586
179.99005209032472,138.36407229225605,379.3608100472133,414.86260472466597,329.071232233194
200.04687083866074,163.5750465012747,464.2712178513585,388.0232245283143,343.65412806130064
212.45109787219758,120.10177222930167,461.81763931146565,724.6354433049461,338.57701285560245
225.8703043418345,112.53843307488425,394.20854388019796,344.9475412372938,370.895098394654
227.03760357551832,122.02266003084071,417.73947951230895,602.3427863918708,388.1075673214784
204.18982561810503,97.79897424779949,403.24940312033243,443.6134311594353,342.78071489177523
213.481432599094,134.55149190126198,426.22830928734743,485.6730175824695,360.69578230119885
160.37760152788215,170.6932860319468,447.4458440441021,521.284874214929,353.4077380133577
157.03321236794307,139.44702787446946,446.2703801650787,454.9497006915472,406.26121987414047
181.54794111297343,111.76097182005773,398.8936962226991,498.36028636835783,312.4471659553978
168.12576031227852,171.7956905585734,390.5252707963995,729.0710436508095,372.6980007122749
204.33893705710756,213.26745499533888,449.65516438748693,477.07375090842874,267.0543930660515
170.17406465184374,176.8786081365238,389.6300748485474,339.6202868336541,340.5174867933729
195.8997842278423,202.12808576093997,417.7314119109667,470.1005216631903,265.52137224882097
205.0236028283314,148.37179739921936,482.4843316414487,445.21982170363816,337.8717280576295
215.75116076565826,116.94713666805731,434.4616052815702,439.51329023120803,387.3882388078362
221.27775465890798,146.2635357996044,442.51967089025607,800.0653460154413,385.08450033399913
199.92590944112237,104.77589146603904,410.0240587234415,406.8455102928478,298.4259221470359
171.570950039672,186.20593928990624,426.20305999687054,550.1562015090547,408.83449047230783
190.5052946317793,150.09226845586934,418.09697318041685,464.3782132573301,349.22796907152986
164.64164295849488,112.02176814617938,333.05206631639965,347.9760747130257,302.8608208415772
211.53750224217032,142.69084686813449,452.0139878870765,522.107414087865,292.3762184318812
191.00897950675616,134.8930208313238,344.2129968369224,435.22073261074013,300.2239684185424
170.85399408679558,150.9783379817496,471.45802291753256,511.3320924424499,286.3524730784917
188.20063053664992,160.3033865260463,439.6880827346185,419.60956726644247,306.5939404550588
195.3621842365265,171.06781561656493,460.0678551519089,521.2035560580625,372.30795526363517
166.2228076538034,119.23292624115318,361.76506313436494,438.76446825383874,307.8262587691357
225.41988203029416,161.80213620887426,485.77015066433876,543.64844062053,394.66033717183524
248.57240440725855,202.04119749337158,493.77070767933554,825.140144406018,396.50225998178354
250.95364939971404,181.78922854282374,476.4837148946918,530.9335427550564,346.85516173628486
177.55388368390578,144.590887775986,446.55122977699534,649.7544570157407,341.42285807085113
211.50565039372455,162.76173314418563,374.05676305056966,447.0374290214981,271.6545851540728
244.0170546283818,169.75960789425176,498.2692281940872,505.56522083681244,394.06853615411165
237.24283662551923,176.90922305612568,495.28384911983534,861.2564400795344,388.18611859007984
207.92875110809376,154.30897953106634,429.87003194902246,463.87130671979014,335.8520109058609
153.20928118210398,128.07731795809835,391.0758932859186,394.6257048118115,285.23964733329836
197.56439895727942,181.6852834548427,421.145330389129,677.5615311017898,318.5458473878627
188.6961514594767,177.02550677474164,418.25514036244897,765.3688387222386,337.51080232522406
196.77673339374687,167.50584351629578,455.3346265416097,589.9886337011068,378.2411749413701
191.17377089823708,190.90150892456336,442.6130572587126,583.2553361784937,341.1029565876659
168.3125848753879,191.75875634698411,404.4658480770445,475.44315211941785,309.97431803400355
234.1040291416796,132.28130427831772,425.7047915706037,607.0641446828616,369.87582983895084
197.1500631268487,146.76368458718736,396.342682237514,387.83304086165924,276.6100526026647
192.97495360412523,146.86663989450932,381.5851414203807,373.2780388589383,292.69572846808865
198.36198743167765,152.11854172939047,486.1649864588722,732.4401081120528,378.8596464460344
207.80755048833655,191.14550758274464,517.7388615561732,605.7378209840031,381.0495122302411
256.9229766533078,149.22400423936247,398.0476754352665,456.23709670479724,423.77865194107255
224.41036974834438,104.5746905302966,496.31174451237655,565.7389757252963,386.3610329052963
242.51065718444315,108.25818539133333,425.80886384328176,493.3558590597678,398.1011556699343
219.31084804265706,141.92407565091116,367.97318785428956,577.4253311361626,323.05949998213305
154.58621419192733,129.3424643920039,366.1246207318201,448.4004893161391,302.6740718157913
202.30525299135428,166.47902735177482,425.50735647495134,589.6009254707254,403.40641271777446
189.16925660197032,184.36576264125807,440.99177915252596,756.9836935186239,314.805963779392
190.36367953570067,142.5707896810697,459.25144761065496,478.4473636117183,408.01329421590884
192.0406233724642,124.18315411313135,423.18019172372084,509.51648419915006,388.26583404369205
196.53414313597042,162.72260215932158,406.7866940520481,564.7932116663753,308.16903055534345
197.53324307809822,186.12408848802812,450.8527700895818,730.7088135579552,308.00474591615597
214.93381799892703,147.57483029389982,474.0362758817851,615.4486300114656,386.83007473259573
177.38833991483057,120.28595597855781,429.6942083925443,621.139263624741,355.50317112336546
149.68752101600882,114.77995702797898,400.28174205594456,333.2598653023972,271.8166480223905
229.5270939914294,162.23138607252815,423.37878245307115,390.38457233815075,330.8308576270017
176.95352008816124,140.85520216917055,456.9158250394638,439.93555494027504,315.5295435281746
188.28673598557248,187.15317200943724,482.68577588465206,610.7787309109681,438.6988401901937
262.0644937871947,163.50596178322488,420.3973342986161,473.5275118504082,389.83046242237447
193.36094351610902,107.70776871368277,335.9771217359337,366.76117434986224,300.576257263994
194.76993725364062,215.0896917499294,439.22703327835393,647.5692042047294,358.0301605926993
211.87442541733176,204.50407207163263,451.1158273954773,641.5835605882572,321.93754981372666
218.0084495347677,136.04166689598622,400.33669451155464,502.3870008942309,303.011563972465
199.88353062817222,151.386299248483,411.89112902825394,643.5811430652087,313.7724741262006
211.15707138939362,152.89252707015513,431.1565040106628,492.9869006076038,373.1563453352236
229.2165070367191,148.78251809369823,479.3236227294559,455.07526124657574,373.46438941711205
255.61007597268738,146.8748062957705,474.23616798223856,798.036235995898,325.8636302540855
208.22968109601658,95.3689886784984,367.7661576476855,467.85415927629197,336.5835786435906
182.51006026895715,144.8202512962165,380.7174668774714,560.5798872382774,310.2250123826831
218.0802701367385,136.68032168439484,431.48251765152435,681.4553418300833,366.62701993780854
205.29559536813179,180.0707757244269,407.77978796400305,458.52434970357126,307.2356142352684
195.13188201242988,121.60244891044665,364.82800178844894,489.81752283690287,362.7652594752878
156.664307498338,131.9770661176006,343.11705236038983,450.62896308111397,303.90372920020707
180.01968369617717,213.90530439212625,403.9760990353486,514.3380442994813,340.76403303436985
239.45480236167023,138.00101361006168,467.52219368469355,475.1393845099126,411.8901376119386
177.13161532730538,137.55983459201957,403.9374090472263,454.3934357782724,287.52309036793577
189.317590911735,172.16030660917312,421.4811012322724,459.88038929684046,346.966738243775
168.82196898592895,162.49902063087094,388.65803562929807,542.5250122099895,339.7621423767461
204.46472310608422,125.81849896847844,398.6708231355908,386.7695824832815,329.5226389329525
211.28074409754615,219.10207792992878,465.5357600567834,601.358164012762,350.87793262039133
245.69509485041823,150.45314908000336,484.6835199710599,591.3919470972176,397.7813824631814
274.4527541400061,148.0897541818548,512.9238769112835,490.01561049818156,394.0898728880408
236.62417057948767,157.9776904905684,439.22862862456054,505.1231568903001,343.4126584731288
228.5879839417587,138.36208723423863,440.567445689021,406.1634994320217,323.4491534136127
173.3957585942513,142.21815735506786,437.5578057771434,509.32126506087945,293.4749577590748
248.3560889699456,135.77417728378234,497.78105721953176,542.0865357419219,404.5602301427353
158.70904195234294,158.56091818241566,367.2087140091157,516.1024517797198,290.1811094805498
159.004896266508,96.4680709500099,376.9730383005941,349.4471855894491,298.79464350674596
170.04337372824185,144.03584335882442,343.26136559539077,347.1238868942032,286.1045543651702
230.3583713462106,205.51370294201502,511.1283837862689,849.7761866239636,374.6925320417617
182.24866209566687,104.31986542424336,415.46237070620117,678.1051006579139,302.45813748566826
187.3681793383485,194.12190360386955,447.734055797905,774.0465966505861,365.85532968121174
188.19282718868868,102.7564126123285,421.38199297618286,435.6858845900093,331.6504212899269
220.81188973812567,159.496580377199,434.50366621249344,618.1165288624495,371.04042672395934
227.3926434169485,148.3649741568274,458.29151589990215,842.7824733401338,295.29974151980696
195.1465718174278,200.9716963879751,488.799063196438,842.905014278024,370.6920462506648
172.61989604807266,145.12779509351105,429.2257664957259,394.4406662385877,363.37042127644094
193.52153788273623,163.53843289380228,447.9666152076864,479.433531254313,407.5460396887511
263.7242533828321,165.53484274356924,505.01180027720784,705.9790193616425,358.8586778063436
196.89683412952033,187.89261225995045,425.23533420826175,498.79556194871503,302.4425165182299
203.18234810905733,162.8303143055832,418.1932487763775,470.76249129832763,302.90641997137806
187.2879025994569,162.30009826218145,367.075098878989,527.6992726117592,360.8860799728204
165.50743106384994,175.9179223396183,421.9631536179514,674.8606788645487,310.5768211156404
194.21773668941344,135.81399529223611,395.35625145739675,450.4227154635577,292.3399377253052
203.71453010930455,105.5331648006711,377.3006116377428,376.4634991781464,346.34561450431414
224.49445025799847,159.34732809885196,426.5355370100426,528.706048223793,356.73171515282496
216.19538531342158,150.5136345110086,476.704677216124,534.5736501273167,360.71646326237726
235.31452006290036,154.8369715634159,438.50710727669167,725.381797760129,409.17960633676853
217.56432682310594,187.00564127401617,452.7254887622653,540.5264590140457,419.4409447970138
246.42550143580246,180.97193770552317,404.5598443725772,488.96700960648803,398.7950661502509
206.7387583263116,104.01802750397134,332.14981673420795,432.0197892981851,301.92686556667144
168.74327770958251,147.30130291154722,409.95420447834647,655.2854453424866,366.324181355392
223.2879607150678,106.17171881819787,397.56138996964313,458.5211496199982,440.6654261539397
190.50493299683714,150.98956683116083,401.52650337888304,371.7316118331828,323.818570881692
250.18233194161118,113.50703801878451,391.29206083820975,488.96416046596227,315.8039580845049
188.76012130871513,181.91207255626512,468.12875542361843,620.111729012698,331.171120366367
178.8962776344843,137.73836290158397,414.55744581601306,659.8777869730359,343.7389954222136
274.4492565578598,163.0488567524567,451.7990098385655,425.3401901919694,400.87350382535755
233.9831559109806,138.01963442212542,411.68721708900705,417.05293303660153,379.11462994239315
229.67105592326521,137.91976729337776,365.34466904841344,625.6008249422068,360.2448536831661
224.49437893588316,147.68112570738467,437.1701158196015,769.3140301705627,279.36244418986246
245.28523520769753,210.99212922312705,420.4728325999275,829.4454327595017,364.61480022634095
217.55343050932794,166.98018528877702,407.83189456060825,443.1583811867888,338.27982352803957
214.1802245447939,170.20833167863597,491.41523922846864,397.4526979714523,368.75758083924984
247.6264772459307,136.1356190224145,394.8971616180903,416.14005220366715,377.4267329046923
198.25134934935082,137.5794024356294,367.38838945417217,563.2268775759363,265.14473070605413
264.48320796779564,158.9508830825117,397.7239084437843,428.75892359401956,356.08941737303405
179.39031124735922,186.13916781272076,406.6573357733147,466.2530331426068,380.9656712814218
190.95153374703438,170.96032733638134,422.05694642235255,456.31538721724456,309.5629383345725
167.9997633523615,139.68201708335775,386.8546647776916,489.81139152790996,316.18518406687264
177.92601935077636,135.4279349383407,450.594407837469,585.2427526861879,292.32890522016794
206.27280022102187,143.78722707768773,389.83246781174455,564.3131423291388,304.00886970446163
196.11747350282934,132.60549171527248,389.7556100963007,351.2996647955914,265.9548388992444
186.45243767082206,148.3970607578762,463.42022060578824,607.6058597199495,374.8241557171896
232.97549176824765,158.05004701955514,412.68328086891006,413.4968750359551,333.08602643951195
218.56222412676618,194.68144853730365,471.64225293463267,608.753660605179,353.2729827375386
187.9285124104047,142.14724626283567,342.1997632006486,400.15107133458486,298.2308375659022
224.88036154608722,221.8284886170503,428.4079579629903,804.1013830998684,355.2589589420876
179.55036618939707,118.95653161326314,417.2044950799375,629.7090013802156,377.35344491009243
238.6003075146838,142.2931335405791,432.13858266114414,676.4768056852901,347.4452764673531
260.0600283385482,168.91444311338614,441.1346540761156,590.3554448830981,308.73823851154475
235.68411096661276,122.45213983171952,457.3749931972216,502.2284092217452,326.7377027111158
205.8248004081371,117.30167723729427,384.84799460118273,515.3295018012885,330.6781479120778
225.5408069785398,155.82376305861203,484.43516527310607,772.4978399098287,284.00611848595105
189.28918915883642,130.39541726581703,423.5621635176054,691.8740874608668,353.8467732569351
211.24623416799284,136.9609691829321,481.4609197394278,344.5851387053138,353.502650268334
205.94436847836513,166.135785796463,489.3378719727411,514.354207474573,318.89144495407504
214.52411354074866,121.53470828053743,411.92549167872716,444.3245024836101,395.77376645062907
211.24175161797217,170.65211713545085,530.4532251761201,809.5243180546811,384.19960673553874
188.82075299832712,100.60634266890449,413.4984765148359,512.2176662332957,362.7387527728157
262.75530081408533,149.5992887927949,445.36200878793665,567.8517429004843,343.90885483083173
238.5888347498565,164.41627183561036,438.75755926962046,546.9278775767293,344.7125723828799
207.24207598841264,105.90085341792845,353.57310771926086,372.9648147865645,280.15107787081956
202.77490159360948,153.18417504590624,449.1468784526068,589.7590046190811,333.5944834899902
212.23066930998337,144.8101928010657,401.51254692002436,472.21354691046497,378.31656826073134
241.56103862570404,206.97422935551867,451.16035859556825,435.1996279424641,360.9851194610886
202.40624588252604,193.06575835529588,477.4885346049937,549.8902807538996,370.4214148669928
190.22354702772196,138.86699770668343,416.34047178955444,586.5333530545313,332.4364865041177
192.5480704152453,152.599959313014,399.7053455662559,686.4184699978592,307.6327370955824
169.20650881617271,142.58005997716347,447.87136086573685,654.019568033446,305.6275205578496
226.42569502060277,174.7150285191811,485.1362045073254,567.3381985272583,413.480316685308
207.93921145030038,137.5929860741731,429.8370853087333,652.7902987703224,350.70272488303635
221.90129432031458,143.7299697567305,390.6561824718738,549.7160031230895,344.03340882500936
231.2671101079135,129.65553385775422,464.179505441551,829.4211013507056,341.4775048743258
226.10366002589242,146.02993060324704,454.1545220971937,674.5600272449041,321.1774605439041
218.08689357350258,198.93862582613127,418.2500253862562,470.8352484788228,370.31403931740823
255.73184164983465,141.91775792330697,486.07197816350634,461.41238725220154,428.7123702452585
203.90855803412404,136.49634708492928,466.4798820418085,476.83296947342376,350.96392482604887
199.37890317497346,164.04754610226337,416.3216559970804,470.926830853643,314.74703430792323
207.59994119938315,122.64974235627878,435.8553226286498,600.5056679828078,329.58633227323156
183.13084081727055,148.11500263023896,473.98921368178065,455.04345446811857,397.7988186153808
165.19058836548865,152.43410942064276,475.8819483599835,445.3940342286698,326.0781094128289
195.06586348414595,138.26996659302512,419.87550869243876,466.470604266502,380.33611210227014
186.62519370561958,173.10568757739446,466.34484387861227,629.9392914006162,334.77935984168045
224.40750801808386,198.0248575561891,394.320652273759,554.3908252305174,342.1826173501786
218.34144862619831,177.29061804788995,385.5819898300577,452.5140520320059,290.9877624392218
173.41429273090392,164.19860438830963,414.9677096999299,599.1121422709778,362.14738587280124
194.42827238857754,165.8611038956341,367.97682195457327,457.6426703424061,328.8995505798084
219.12342910941734,209.6398479900637,532.8064719533335,843.235985340918,388.91347845797446
153.87200237312723,133.08956808211772,378.11979719797955,479.37009512440966,266.47270861158273
216.59218628651956,135.35467086899575,449.2261078846977,391.62424880976647,330.89691205619897
173.90022095775402,130.44366891771656,479.8904251001202,671.2411474985897,383.9733687132375
223.5403687581689,168.72672519508086,495.96369130563704,421.77832291523316,444.67532379681035
235.61238486909656,165.04179193607087,455.70715153394684,642.5634274222939,407.86264261555283
264.32009180761816,159.459723607661,402.7348414221233,586.838448543721,365.97598739281466
232.35443138625428,141.32013501247047,525.922282392856,490.05211827905663,384.7198081538291
209.11852885583576,125.6349350212998,400.5116877250356,592.5656074469275,399.1653740880274
196.2990080580312,137.39408980251477,435.3855742051699,424.9648166046905,345.50340631651693
221.53276383701092,135.77579330858183,462.89242256520566,647.8598940778395,354.2346714690188
169.98387074691183,155.89769460105373,386.5412512328799,509.6503328775255,317.48692427240815
240.6569672782415,152.5508874305741,507.9652708497921,578.9415393173847,367.2741256081904
188.0546804009706,180.03511852835413,384.66900636020773,525.0382472620641,303.48316671023423
259.15670220378587,131.54065415292294,437.4713307657762,446.9478763922186,382.9533921594598
259.424142562528,113.56303945394663,430.94674701927676,810.9321505302445,363.13543686481904
196.51002820467298,163.81764430567787,358.6425758066648,517.2897814119661,333.33339354493546
155.34232625128908,148.18405235345242,386.95259384935434,617.1676702239346,303.0320125436809
189.24417561057618,106.3898723208084,367.5764638516107,399.8789561507047,346.0599060598382
267.8129999988086,141.04418657739237,416.5262298839616,577.9589142695414,384.9083015982465
206.67195085451291,130.90726597475384,443.51740287641155,724.4194081033145,293.2497464854594
176.37616022119968,167.76844424714167,418.8150202544796,332.21538188512073,296.84019215422313
216.5107165274691,153.91643556645192,440.55708596259007,613.1456592262398,305.1852179853108
219.2155400513691,119.07195086582306,387.4584549125711,587.8275466078875,354.6275644654506
240.10590421781183,154.78657068091997,444.9846106319336,729.3592686470439,422.0905206644653
170.83483846389518,159.11768773607938,415.2562055265346,796.4384559278429,341.08310114768216
236.9185369981822,203.62533014105315,484.1381752165696,845.3407208918078,354.3473954308013
165.2510129444917,116.02229421510874,406.0659314319216,497.476498217126,339.45882344694235
189.29141822506867,140.18727589368677,394.70396245817255,655.4470660446945,295.95929868644873
212.39018820192925,126.69118013233667,444.53541616666354,353.172180685184,366.9813460118623
214.69590220791386,171.71758260598884,504.88311810065403,591.0997264487056,310.3123479476176
203.60658866375277,136.49413670409592,440.0826595035964,508.0813336879038,352.77618649285284
222.666882486489,144.05161599934357,404.6687651722979,501.9396320205492,386.7319471056126
212.94201613907077,162.98634404690242,419.5658918668519,760.4996524282844,311.56718929837655
198.77628458553602,99.49536166349685,417.1241510437289,476.41793568156487,329.7261102819096
251.85335830919803,151.1647305423265,441.1277577363425,413.9905090541364,401.6297473927165
200.5754572453899,139.74445865909047,386.6596359474362,413.2387706831468,353.8791079575924
261.7826234442616,173.03956141334444,519.8001967169351,553.0430482766643,441.1900908702842
154.58521911846233,163.1465330451947,440.8541276284788,457.92796368344204,295.4779073804673
227.04592331767626,215.04797013021312,537.6537572840019,842.5584724400396,446.570698741272
232.21381948982517,136.64890049992567,429.3167622505412,703.8656572445345,395.65119600990397
228.9229415187415,144.49974142854887,474.313885415843,658.394020858563,360.95740645261185
203.916655381981,145.7605049158805,454.18314910279696,772.1505635805393,337.02773629824065
186.8582211496181,122.24557828127843,333.21418094764016,520.8312076186915,271.12047137573614
224.43260864717107,153.44270787025502,455.9168227106299,625.6308451532068,346.52655192906485
201.97137669781364,123.27685106793732,370.09339142398534,370.5807846954345,328.08152418701724
204.87804483026562,124.76639786540959,410.7167195912331,709.6433748686103,331.2261881896776
212.69855950183623,151.93094399044313,502.1719348722621,629.183409873666,324.07029939857273
210.42342498112257,160.355145730821,420.0822009388586,582.5862540985909,378.2193102210859
218.455411891663,163.8779536364174,428.89387496827686,433.4955526120668,351.56553639064003
238.39264808243968,124.62274723518125,466.8170489320908,589.8192898776075,417.37204588531307
201.67618127270057,180.7796894279588,396.7139923045532,437.9545571352627,336.49095458057934
172.46970747125786,100.01841725922684,332.7248459571155,422.94587859598124,292.5887202209482
221.72178352671835,120.46500910544506,433.96454031311146,610.683411000523,264.31730989274155
208.1783117252389,155.03326600932547,453.4693407252452,732.4625509914305,388.411809511131
225.23948500617308,147.93114629003313,388.32873741300926,409.82463178587136,318.3208840761038
179.87550305692952,165.31039571252904,400.0085803187129,353.7709051809419,289.28286937579895
220.05641878067246,151.14312277972405,417.16263625940405,760.5908400476098,299.6493561870875
201.90377942677932,148.01765606243208,414.44201581991916,561.0730588846311,412.62971449950135
238.33167886161417,164.31942521995353,470.23976696034975,703.5509258653774,366.9923352646858
183.88166018220414,111.26339800739846,342.33324683550217,763.8901587319693,339.68640555728393
258.13231368406787,150.68378013573536,460.8673192296446,745.6065189589307,404.9695008188298
182.7478402397998,121.7586538225538,521.1435793891235,543.1141642879662,388.9094265030687
207.6045612356181,112.00951497858786,330.0047107689113,466.332197998341,326.3078092171477
214.53514293378726,137.46376670846578,396.97287226394957,415.06676740409057,309.07611731306656
198.8124741555119,138.33040429849243,466.50182679646053,600.4229938259297,369.91400685544335
244.83168452020723,120.76330433577624,470.7726941097635,544.8085311748794,410.661610032601
245.0437734313141,158.53161840672118,461.72719659276953,442.0219934674546,299.97299259932737
159.52236368977614,142.10742970600754,409.1014350086392,453.6732903086535,344.9163655194005
188.43104036082997,122.0870687681616,433.30585164942056,535.9845697918507,374.06233692909353
213.32840452172815,184.51670024215684,455.6027204564158,544.4016208477609,333.08852461130095
207.78422040852143,141.6119797447597,490.26479879111776,569.9816156561652,340.1201883896412
199.81248560191096,165.21857174182676,430.42835814023243,631.4191350456015,326.7381477000684
211.20481930259328,146.31950894093896,489.7012346137305,672.7210252773856,399.9147996472266
227.66992132232394,130.03392968166597,388.0048201700931,498.2649818614346,357.6562510289054
274.10546783530657,108.32993803911744,404.67045659546045,462.56464538603205,403.7553655570191
181.65040184693277,127.8329142039712,388.34218657612325,351.17810851769315,332.09510286571634
226.34740584893876,184.2697771246908,479.4965597043238,551.4687377262806,327.02757702878836
198.48337765529044,150.2783700364081,420.7924896277747,511.7864739810595,335.90089988649106
156.42488208294543,133.456072191316,373.65791841395475,350.23616296401474,336.843828223561
221.16499334311433,161.42035510479673,481.5378995543673,590.633105128449,354.03597390021173
192.20343147174518,146.4370269278884,431.6788502218975,645.1125909665193,352.0418802468975
198.0187602251122,124.35177369301996,366.87378570881344,524.5726328297295,290.61721854585176
232.89102434579917,203.60699650630238,490.4192415308267,794.0221218941296,377.8658495019436
215.63093067400226,103.70703235603867,396.91997843858553,552.5133198875956,354.1290930280419
201.0373717961531,171.09931331385232,407.92269420205145,548.7460523339319,294.0083309758799
197.9124733988989,116.41462072948913,391.86430679601966,348.48477346689657,327.13202640608444
215.83524553747299,124.96186151772464,387.62877523843065,583.043281402842,432.12164049538
217.0059539230988,155.0483999125806,430.70295681330896,439.370782642417,359.6169394295262
178.27807796491467,141.7287831881545,481.5854933769447,706.7334288960335,319.6597244009676
231.11852785373154,161.17182751121362,494.1080392001513,678.2377917339693,390.73243957945397
204.60457157938015,131.81984715503913,423.9716524334711,330.43282430549664,325.5331081256088
195.648051918639,206.06783421084526,477.39600343514644,875.0106555960223,380.0077876749703
199.94183847623074,195.79666194960686,390.40948219652836,869.5870387101377,380.64800565897923
179.37678247126976,107.24390175647277,440.1971726922632,834.2174541012829,368.20366128188454
197.06892710092055,177.892012060676,373.732037737345,571.6903438819799,292.7821288694311
189.2571860259094,135.3083611495684,409.2609534293731,394.017092125631,353.28693265621627
203.8794415062917,134.73831130914797,388.6803063824023,368.1581765827982,357.1616720025708
225.8378593666518,157.25839601110647,380.4149523759368,629.1926350741624,333.89267237992397
209.87101483452338,174.73317841806465,376.2682205862872,440.82288860168774,330.0977162923405
169.43092099642718,177.859228753046,414.5633366218038,734.7111974737649,402.7966269245993
204.02957134768326,196.9895187058819,517.1095188081183,731.2804009295893,351.4578444290399
204.01110201387422,171.36488057457836,519.9283502470316,560.0986774637269,360.46159079474137
180.43768445566752,134.52960846307735,407.3629517064894,423.11227139902934,353.8806531545854
216.73713155120097,186.15195881230838,543.8935128192439,840.1774042302476,432.9612863772631
173.12421130364467,137.83696366245886,441.7693158375056,635.6183444797006,330.7134037642735
220.0254247843223,132.39354818643875,393.57908216908675,612.0749816046986,350.64758893470554
185.9148672364674,143.9389167997485,409.5640171032501,541.4337260503128,356.5124814924147
229.16179201899755,116.6399345398832,384.7792877331381,552.6835200943775,365.4160460410401
227.69831652093654,144.70905861126676,466.701302634338,838.6236579318273,387.61794307750625
220.190408184218,121.83446679722276,338.79256404765994,436.52856224095143,295.4445521839867
229.66507031979353,150.87721213202647,425.46498944266295,556.1171387503434,417.22006686350153
257.5962842898761,138.49802319130612,371.0957909307866,475.470996253233,353.88795526296485
239.15596313178403,159.50826759985512,473.42753301076624,512.2513154271479,365.00351168913085
156.53221236578136,123.65404798662193,369.90270988851177,377.2209887615365,361.0238438692583
182.14730260223143,154.92452962378218,364.84660831423156,626.6720382161043,304.2752066909769
157.09700630064683,121.7030871930217,412.13396075543767,562.269158396459,326.6170882020533
244.83306582931212,181.0067741007141,436.18433165089635,787.9893214573383,367.95773639676287
162.41898846070967,138.32082027215878,393.3039299148108,438.3773060715041,267.66677659524714
207.59392846320043,100.61015821549289,388.41148240719696,746.8130977791286,370.4548555877587
207.5716502574046,209.743975999009,469.53476343192625,810.1863831965195,309.2543314019379
210.73837044428558,135.01055515694728,424.0513626597593,556.492476477492,379.92856137023847
187.78508689836156,156.15912284525126,423.66956590038126,580.2851018932577,306.26489340491435
191.19374634179536,159.2677595619667,431.8339121694969,462.901307348455,338.07011277067124
221.65121957332934,147.7926028115999,511.68413798222565,509.6619387679338,324.3122108034974
203.80019540897132,125.76368376741922,438.6512707793242,597.9837053096851,339.30088728084405
166.70412165303506,155.72891933367026,416.33888508182014,596.88888395373,384.28904467903254
183.67722969807312,149.4254840260193,480.9857288259312,640.341511040836,405.03084666923445
170.6931894684677,200.95888745424722,420.94304356116515,506.3383433361772,372.1001815558772
222.88073266489562,156.7600220694407,432.37145876815384,360.1222003987094,272.75888262509125
210.28645823827625,115.76920007124218,435.3116272117278,656.6849128735216,413.0836334307966
168.03346106448862,115.79780696525961,408.5068432469701,340.8059947309008,365.0351394653826
187.78745445537717,121.97306756149973,434.5097380861823,437.424410301132,412.6761234843689
231.20815984564462,207.49354113338964,448.79438623050834,481.8453844129463,385.66616164365405
212.97716877752524,159.90740575467225,403.0848826485026,526.5636581898638,394.68390771846725
218.54553091161452,134.90588220003866,464.80991171364127,517.2711678526676,320.4087611528725
199.46957755959446,187.90129323553654,492.4972764488838,784.536177679953,368.13730287102305
252.90724524660757,155.433548486069,528.0577425735893,799.0127328030891,397.3569274306382
198.71830939573024,133.11365865616793,349.6174810948395,493.2359377024484,307.1268969876851
207.2550596670773,146.86513698032834,426.60241360274046,465.2137757975413,335.59667292207286
212.70708143716595,123.81138572607746,336.34402254101457,427.66257517838125,352.07326876588525
223.22771712524604,121.69899852309295,414.7819142092495,568.0040815891608,266.5204366757345
243.69914006562752,110.7394351816892,453.9372839670368,587.2569542962232,344.81166270403867
194.22945309474258,144.8210929754726,379.6949877005478,437.6000483896246,263.5130810561366
208.23423770919769,137.35186534783986,414.03185259441074,551.8306801442079,323.7390038208453
225.98717273774466,206.97614865608014,465.3559131172684,614.977582725333,336.19918694557305
221.97264253121705,127.05019105475576,434.8361510574293,586.7664751309132,271.54029421885497
188.88191227497603,103.05647424696352,327.8088797148585,476.2144941324277,298.2132563260274
198.71912633870076,158.7981856757847,437.69026636942647,471.39016029943,358.09631550727926
197.0319929247148,167.9952970527634,430.2355207618101,765.136456522405,324.5024246002229
198.07215575512092,126.00553420816114,400.23970758355733,419.75454105408676,325.0912856533914
175.4719002322589,155.2307604862545,332.86064731155795,501.5265209285505,264.5086325771277
182.28228698930218,191.01225084202207,431.4112737641024,541.6061701850508,316.77510556847005
230.23387705907598,143.87798337427077,429.14049556223046,750.0196777689049,355.02863965507794
222.64094001300853,137.85482136589488,393.34801519136056,591.1446914132492,325.0055248399968
195.39167653171478,170.97127523385984,524.3419619969515,748.7710725177457,335.0073002426466
206.03280481989742,146.20283518704392,372.77535254015874,476.23801464204837,313.02126893433166
185.1224816171278,139.72900688135533,457.8654588071335,666.2644422177973,378.74696068032983
195.45381008505896,140.33967938547394,398.0046478762793,405.22601221444364,350.68669244568446
186.99148040809823,119.01689911775985,372.7000170641144,474.90319592225256,321.51447850777964
179.47473096712875,97.23716907093066,388.4262370513526,545.9265565645569,321.7810082617889
230.6474727234177,195.14306066349027,458.1790053738322,549.8256601079124,393.01534692710135
199.10792171734542,153.32981075067426,518.4664670254331,809.6195764762788,342.50985929818455
208.64877632850042,161.73873459050492,512.7958522078744,762.7156591928747,409.4079118542764
198.05532791269715,170.06444997186537,445.6717116702697,443.6113571520875,356.03079703909236
189.89000101385167,125.60288106006948,377.26507425209934,633.7871125242121,339.52025273673604
170.9604756121043,157.27016672617623,386.4848155984489,401.0447769147958,324.4922597227788
205.00546318995748,145.86866375207757,465.43440797987205,534.7881201849603,360.8692978382544
215.5667416875856,172.66828949664546,438.7213287694222,738.5036622659686,292.5087334766259
251.55064982323145,147.06950335104867,403.13056709137595,562.7520614137451,343.4318194637323
215.6409221421692,137.78064977511121,446.97513009344647,758.9975003210575,312.41726424217836
179.86507865218664,122.82634601443777,455.6585271048412,530.7169156633822,296.61485749423514
165.6788569645041,165.95675960355672,424.5731599404564,786.8342470081888,361.6934132581027
248.1869665649799,161.89816693927162,439.2325553222589,362.2020116399025,355.15887182482055
188.64464104707608,109.9957071349543,361.04357512294956,432.08866467998206,374.2363083156772
195.43062864863523,143.26760524703656,404.60544275365913,480.81224149433206,353.5669926195523
197.55604052845945,183.11027581409053,429.08542676745526,480.9004924768921,389.23139122813757
189.8748040141846,156.51617694733898,448.34753545701665,730.6590303340454,350.21984872067856
220.22568754178138,145.56831051307907,431.049485435717,510.9533489068014,331.70294931395716
183.5430307374456,169.40716543057746,447.85981109768295,436.0171453522883,346.6729591593714
188.59423399398696,96.04723867625884,385.8513601239243,361.0304172659641,323.28968625016205
184.58467492895625,109.41900491370974,369.6439889701363,416.67918343924833,281.43811641945024
214.40709513024333,99.27582656780865,392.8009527112683,445.44582535155376,322.2326491318122
210.7091383641037,131.42197834344134,398.58016876287365,512.3235246983129,370.62419616377656
180.97088897025318,124.31599690621154,441.21315666140504,452.21839449374505,339.8990338852108
242.74533144592547,163.4265680862896,433.0929134488748,534.6175284599128,326.9473508382854
222.57265537553704,142.66484458467548,460.6298903373986,495.7199814207674,372.63343600894257
214.15734003808623,145.71968188342208,407.4631131442479,586.9438960247007,378.4256062722894
259.3435696133982,148.55845996055479,386.99632747131,467.7565476475143,373.3620679159894
205.9275845725692,139.69130886063883,358.0622990557561,376.3969130805064,314.9750728138887
191.95063241645104,154.74585698126964,381.16797327149436,565.875406561467,270.6663611555338
194.99405890808433,205.6809877773423,500.0041385297605,597.037454458945,404.09135082374775
212.64578906760494,139.06668951455612,399.27489450477646,579.4189004374638,323.9293776170498
225.66082273003332,122.6562031140716,469.6631022732165,483.5027568086498,340.24501007348476
164.51668309933433,118.59862923784354,378.4827512845871,334.03390288009103,354.2477164938261
196.89313926364352,174.68721033419178,419.21245251380714,693.6789022804093,351.43424200350495
217.22994548090622,142.4756017905563,411.96271277147594,424.04068015988383,317.76624730388
175.51196229268103,178.73432469373986,436.5496148697861,443.62022584222586,282.3354345630511
214.06396511910498,135.3160502293322,436.43857785554815,606.3351219925696,327.8927638097068
228.419892774074,205.8191710305106,447.95279162203735,438.5363294327405,334.33766949025977
148.15425058567473,210.04988233748074,420.3384227522995,529.3825866743522,314.10870508816043
170.58742457003322,155.30149465418108,371.59769684857076,367.2811034312051,290.6508210707151
217.1647245147517,153.88701501896776,390.68684220038665,536.062900093241,359.7022440524699
207.62839503079135,111.7501405918147,422.8345659773598,358.70958846065344,345.0491269923904
206.12919831270932,151.88694821477833,463.8267927432706,798.5131577496528,413.16841312588906
213.55781509171206,134.88773926288377,441.6083140737228,786.515188329123,361.65236337332976
198.68046085363125,136.85872969368157,347.4297170931735,348.63687893383354,348.0863610246311
247.57938921973835,110.91878515080914,488.3435723719835,681.0668968196991,412.7163815888397
194.88592616418129,174.25424667203998,501.7504514438886,417.8301479213362,368.4716680229979
151.21344214277582,153.5433818725292,418.42967453677073,572.525534382403,330.4257990225334
207.33220289176015,206.10941344464212,455.73699361332757,496.40298387592327,373.41029926284637
191.18199839855828,192.36810556183946,441.5524042061853,726.3803192098717,403.58571930804584
218.61956707938646,119.46207551303476,391.0698579342054,476.4201729417662,354.30140207671235
217.17760093747623,202.57719817450402,402.10496368075434,786.4198644781189,326.675260810135
206.5744168916252,153.5749296716401,375.7511466753127,494.52012358226204,338.97676322195554
195.51603767852333,156.32468924150965,462.60849446320066,642.9931024365306,354.73722968578744
228.0535671335143,168.4350948910465,482.5805161057504,534.2774494236418,348.7836432636377
228.25118297214328,116.45228994076419,428.50506739459735,521.4945199166699,353.9699295966523
208.75073257107647,168.36540197438464,519.8145853691321,868.2454058868689,356.5794292239949
197.76788570606246,161.18740525261993,404.86594715789556,547.219619796014,381.01877088624985
228.18947310660246,119.78932120536896,404.2052211012093,461.2807411842013,368.74667545475353
164.6985744238246,175.01315485842773,475.7392967475756,582.7892003765353,286.20942378543344
215.79744106630162,186.79367682551717,463.91471447511987,503.6407141278483,297.87813716931987
195.64935245396637,112.85633940337533,432.11302082313625,593.4230515982722,279.82687112442045
202.25826617214747,145.145937075767,401.7229705101488,588.5185807931567,376.5780501242661
236.03573175944143,148.03385381187064,463.97388668096613,762.4064203020049,369.06737198392517
213.34982623967414,159.3382960565013,404.5850050658523,566.9011501872908,329.029888515462
235.97955132508048,184.52403118399758,530.8624046042503,820.9975934295487,423.47594279865064
179.82361551435264,137.28570433714913,410.14799028274507,375.8941534011249,283.04124378098436
192.43484924194917,135.63848891068406,394.63229412442854,491.62128424599297,357.21367047436524
201.98899034518672,144.57814159369244,409.92581814194466,447.73467584917097,351.8777904023683
244.29470438316156,165.80396630987775,367.88662431235895,438.47779659322424,356.4095491370561
222.32219410615008,104.45079588489155,394.3646185621015,387.2062954528362,271.42192094972984
231.94391185142788,132.58821216550922,473.9743674127706,447.60028692386754,383.6524003208648
159.4999832282658,98.8631745871658,364.90381166006085,356.1715996595395,306.4628613083328
179.0515766382004,116.61634421081885,429.8039711528129,584.6991626621818,433.542302006882
218.22289886073835,174.06639419826058,396.44009752934585,472.2916365576809,340.05062198769184
237.93680891813605,184.8664422146642,477.0104401284723,461.30430918355665,323.84414625360785
193.83444852793974,157.20122721887105,413.5470326047788,353.65817687487396,304.95906914993947
152.69307264667765,117.59846893032135,372.59399809529776,401.20945869948184,330.00416876083926
218.06052504392136,126.60721645203598,357.33273139488017,392.5838296701429,333.9922322927913
205.0371837561721,133.8186872000307,424.3947829743926,570.7052532172764,311.94931561138765
213.45377177483738,147.78675439205853,461.9199511809441,439.6629678760348,329.7493240937936
148.9387022219773,131.08486522218485,335.90468054154564,442.20805975403664,262.82161342902606
225.2250673105239,154.3779573006782,397.3732670080799,369.9680951840376,392.6780422966308
229.45041260703596,179.96556795007837,489.610267946094,598.6362398645459,367.3276314041702
215.2120759506712,162.26671630446853,396.77180453809973,411.88355814502853,300.237691764159
239.13986320551052,142.47454933560283,453.6544463589535,628.3031236896389,372.30543842005517
209.54321543643513,111.8837368641349,400.0680366628551,684.0973935305486,349.9726605203823
230.01278363729014,98.49892073389982,387.41521054164906,483.37252640530454,421.00275395548437
262.29526254021005,158.9950709707984,451.63465800733525,586.4125849437669,362.65532815116524
247.3058737624888,145.31776822029062,481.12409659954733,874.5063246570099,339.9509365417415
197.18712813166653,147.3629682390212,503.36814954734956,590.6128286655032,343.69657742107665
259.432337852335,193.70749900045777,459.91635654300893,586.5647400825992,385.89122520047795
241.97215290807995,210.0281938843714,394.99742155133265,664.4524110253874,381.14728874997706
227.3357088880167,155.98455053067266,369.79709226211156,587.9888967432527,318.7947639125466
220.0048329277412,175.5393673479634,458.20820301105476,651.0065326886354,344.85528180325895
247.21358645930366,165.561023837465,538.1729415136534,744.437754004795,347.61330149840825
199.91208454762872,100.44111153831072,398.15553498484564,473.30805048066856,340.5576996781625
208.9764737198733,186.47895925133523,474.106870900224,386.4060435374285,342.4806358527512
202.59609888305724,147.78608889002044,357.7824674152553,442.45642223261905,305.9539908272118
227.25579451335835,149.84384337107207,453.85427505682486,579.2805246074709,350.93100334240506
186.95449927747643,169.32354094582445,370.22167727879906,635.9589142942891,372.44280172635786
220.19578991558134,150.3010003903182,415.23502483173047,551.451755110387,325.84330423415605
224.7193170134106,149.71349158998595,421.6996564907191,357.300856665369,382.84517807618096
227.96621066469382,201.78095968059768,454.9794199447947,762.2488585260985,414.8054873610079
215.49359171416145,190.0508674753541,416.2493100606497,482.58197185521396,316.8130631401895
247.02029474168214,109.7727713665308,398.28693268803386,498.9517955102985,380.8734379454836
182.90602717591753,150.0998339077927,384.0976420353004,495.84293994418675,333.9899086154286
246.97497664622568,116.66246344598488,439.6735119372519,523.5117141437286,344.8563836163975
179.54928677491577,149.09359145208316,407.4609896429889,694.5790227489549,352.87703579560167
216.2509819881271,138.08164717239245,453.1770442449285,557.8627968537526,369.7232821983628
237.9265331259792,103.1123525937365,462.4343860723093,499.88191905725057,423.40882731407686
168.48199217040252,96.41979649206544,422.45761309330874,338.67119608178916,273.8360883826769
192.8643152638068,123.65056996182722,367.0682024300213,339.7195038051335,296.43717019550525
175.01543107431968,139.46329553570288,393.1814400625928,554.4781952607848,271.5173596863224
185.8563346893845,149.731886146143,433.5032060476652,535.7074448144916,313.8104844722594
228.19500768640324,149.21373519531028,408.2694234856754,477.4365956781929,352.5872859476717
237.9321276267717,140.3008551984493,482.8009187327906,614.7568077361833,416.881048164452
231.3199891366857,131.80360520355393,455.3026402963418,657.1606191654209,373.44178439184407
198.6057966223332,105.71414996068138,354.3941317904365,527.1446276619325,372.54497227242456
167.67470653406616,165.40822725747898,457.884044441712,502.85921568094886,315.7443911387561
210.8507886446723,194.63349597106213,425.4836210255096,332.1832209280264,374.42276303206216
202.65528779264565,164.53009614022972,403.9786938479038,630.5103364709447,326.6831390277708
192.3789491894694,133.30681418326768,404.8035249709412,627.5439986895592,361.9173826634542
175.94563542705188,129.24399657947444,406.23843285747336,384.50311741867813,377.48116399006227
239.2308298477213,147.22079556875053,420.5376538776753,535.2468835462632,364.1511760978602
151.40595359754636,132.5964331443627,428.0646214556497,464.92007483652435,379.2165799516254
192.21747861158295,126.62088078852032,448.1438725297834,654.9747885695359,413.41088296352734
180.45607378027586,143.49492875917258,363.85667651181774,557.5018508581693,353.6670473457284
192.03105301830698,149.66421675357216,475.88993006596246,784.6724888526186,419.3192158747928
208.22818980341776,163.75115138836938,468.63299088760925,738.9063257804542,404.15448595710245
182.62875191395293,173.3211346892574,409.7432886716724,494.4481417703016,344.5175326732539
232.00267809010293,121.90117813333553,458.9534785292048,446.7042642210354,377.93564765853944
178.19102716149706,120.16960999919627,440.0919828411948,379.9026120294509,354.1511974032588
200.28198396027423,119.02950044910048,519.8523711339436,626.4564871775344,344.88251254974523
225.5058199240861,159.6938592113498,397.5425823139874,692.6268557608311,307.353238019982
217.95098498962426,174.55985258297545,449.55194847729877,735.709065096012,389.2990723781137
225.29650395897482,183.6426009586063,510.1251382614667,714.0734715894147,397.6913496571007
157.71788749506732,161.80010655214718,351.49038442170314,515.5053433996871,324.20666753534766
233.49857840745554,146.64879391100038,435.2449616317956,553.7181166930845,359.98740051486067
256.01672053952484,165.43830505652795,468.9995507618663,662.0656682579468,390.26364224618095
209.7043239595907,164.0386460548685,402.15615780411935,426.4939129275707,365.86399964555375
184.08421697800995,126.48138770990944,387.7276893207439,503.76615387945327,381.10503532057396
163.49518153059321,144.06864894187342,380.2789101674725,591.7927041149837,344.9756139064469
213.547755907146,157.5648318450962,407.0708378081791,647.7628104235222,376.1464277484669
192.88204355185377,161.02662171902773,455.2211843373289,592.604529323544,400.73742677622175
214.11250149121037,150.4772442173068,384.7330357185839,512.430567293584,350.87939002493937
223.61290667827618,126.16829837577451,445.4965302401223,643.0740065441386,392.581934526386
170.6770206078148,138.55289382362804,386.22316684986396,576.4305727215531,309.53085409781494
196.0159047996469,148.21712047621622,488.98474448137375,461.17852142628186,323.4861513875977
175.45328474502085,145.30570298434418,372.36085348419124,553.5473001277478,308.0589041374223
183.0744897280766,123.65095774825704,374.5656670898411,421.10754953850943,292.4877146635751
160.87675665477116,133.82285861072342,364.8976695715819,336.05146621219853,294.4179742357032
184.16958046162253,131.48756640001736,431.22104751081986,480.8609245141013,272.1836154640379
186.807660523805,159.98248448745116,393.60557402123356,605.5405618516749,334.4062792204496
169.32622134628662,176.10513304221735,345.18999026683565,342.12833024671016,347.24080419749595
214.2763426909377,107.66581964894782,390.02981657989005,388.2315468012023,308.0986175119829
233.91740558494425,221.12092624635702,439.98772627677727,785.2991841500227,401.3146321911239
200.66747694306787,115.58559502947277,501.55008517046275,851.3584462662258,397.6980899158668
219.4494749005972,145.23540435931994,380.51518531742784,354.3503042811348,362.2816210506514
228.06716500714552,153.7901747937912,513.8580235685885,665.0706796282418,356.3057989858337
237.8830194916032,145.1781392886827,443.8923730572714,611.1952745865385,301.7505552862774
219.67507730950186,204.27702853811726,470.5884399013555,655.4649513684461,440.1982302579386
214.70859174354433,135.88666434130442,410.29988425716084,498.723573705739,366.05391203259586
207.92327360594714,206.68495729924888,445.54969023677654,669.2181823470825,333.3128202574275
217.26663481353117,150.92632647557318,430.55424138759736,441.0226854439165,289.47187073906287
191.535974857789,146.43148430788233,377.33408071405347,376.22218398936377,285.5477288315231
219.61835516295875,197.1962069367107,543.6961060029358,852.8184970799149,411.67737044233394
231.13228369765034,160.06468470025638,412.1078542555697,375.19648979353593,350.20425149582735
188.00552809229183,142.0862745800865,501.2887751675486,722.3906107389053,372.30427991614516
201.51141514017687,147.68113621079698,352.5723330107014,366.69277861674703,338.60136581384313
265.9548173513968,98.10598089236119,401.627305189727,702.5906634655142,324.2700246141888
186.62727339781372,160.43771492998403,387.0783341662667,427.7199307737086,354.6173264418531
255.77370451264127,133.9201736143719,344.13422531186166,610.3527706935853,319.955454990296
231.43113682866672,150.1843182913801,434.3277782439438,477.9418302579366,330.9844599808079
186.57412668162956,172.72984595895906,348.30061931025466,638.1045345412587,346.87057565387016
231.32179430776904,155.25422293349243,526.4419818384863,514.5307253336109,344.3428896143657
250.2562657194272,141.5540455464605,418.06441925541327,584.1095599766787,284.6427336151936
224.85888116999377,187.95817206889896,457.99325161831524,753.5646483770461,326.0370737459228
195.4743157957133,151.58102196057297,422.18866414006794,709.9162679542545,360.5101096622264
197.2174388761176,118.30150430287857,381.5236146308301,345.31419351880646,265.4248038099331
218.5152151182524,107.4575473952617,428.12286059453515,387.66264527585633,341.1450301186273
195.80956741462947,108.4911905880107,368.97907666746494,368.1437898917749,365.1347020236729
215.5371497723364,148.20743494780282,440.6680002966046,572.8225074184315,321.07432922415563
196.37531842285102,146.25388206395513,431.13423666532026,719.627596202517,371.03420454259475
274.2749283316646,153.94405935425786,430.0076087126197,770.0291558853321,427.2293774526644
175.69897206293874,118.17514925813768,435.76010364182156,461.083244759227,336.10923217418497
211.26852230113064,145.48974789979906,437.30752160691577,523.1277017774463,350.54363479322285
182.92221453471424,156.849287888192,430.07262158098337,590.0575682971787,361.0407541836257
207.13291404869366,150.58983224140206,452.593565863983,563.2046384219694,339.18624700166214
241.76436411119445,154.5074243466852,485.87095002881983,586.1254026501857,439.6494926166698
186.9033741792702,154.25601184001601,448.19307498227704,491.52649817374004,372.64777632506633
172.9611187647494,131.6000300399184,379.5723060649802,541.1302336000839,362.4438258254904
184.17066928804996,167.68687519852287,433.8557031329423,699.5065231878942,369.80793796711805
185.9696232006948,139.360369678882,402.53841374051416,502.4598336629878,311.5027413156813
230.67809847453182,122.38881544243151,440.58657994249563,681.3956881851343,356.04794570216313
233.00949048282283,148.15781362245545,407.56121508435075,489.24801279771884,341.85275321391737
167.2733676504679,131.62571650997887,426.52643374788977,436.6094283113023,341.31634088997464
204.4292363793432,135.6698694493114,411.0549562178244,537.8704919807485,397.4104934922605
182.9785757592485,108.48552425552778,373.8360545221458,365.34119111890055,347.218567934643
175.38475710074897,108.95229207501761,437.1883821331096,740.8659992179203,342.5768093148067
151.39123480751357,102.07529709262391,401.28278245735066,364.3920755755122,294.3605587926157
194.3300425933259,137.84608844657768,376.5774021518591,404.35157360111253,305.9834931775946
193.36777741540243,175.96820380807463,457.3347617030901,826.8578304738924,332.3507497122978
200.30307781871662,204.45714025293563,488.7309034993337,682.4386635607165,434.05087256922207
203.32219860695295,192.98463669841118,458.4725413602106,657.919666009964,319.9900358771763
246.70852792682962,195.05615852447403,545.9801965432663,756.6338199961439,409.1124489990197
180.73184162354923,164.95042743348841,458.4811031041147,544.8821488191672,339.8249181744721
188.88007122483424,144.19347198791297,441.2782020228057,348.134071749557,312.7146737993761
247.53469684269078,116.58399783309584,434.10687380691456,507.9370089577808,349.7726620639631
204.34820814448986,133.16404387376144,416.54993308506704,566.0339604885231,380.2712049464941
204.40550579068255,118.9589236098115,362.99994437290434,451.6490161695016,301.8636800845726
176.922103902352,213.21483752043056,384.8085597964281,730.6684321951682,336.4656246256096
239.8869186111526,127.13034141921736,473.897011101092,617.2156446711929,331.23366161305336
182.87794713720007,122.0394218544741,356.47425829413083,743.2112443099433,269.85337011066895
225.4999506055601,140.08778979865312,413.4706852785637,491.2157773763264,371.88583788774173
212.5634636210919,153.5467296672742,457.2126033356616,521.1140577275792,322.91459076617593
271.217703294406,175.0767461593714,463.6683042151317,721.6921382517801,335.94159302662507
236.8559773794042,153.01205743872111,477.05540063634993,649.3209655682872,379.0425718049365
222.36835057291336,116.03654846088918,408.80792079830076,356.9450432882125,404.1141262863947
208.58433122863352,147.6249620642478,454.19836361662914,566.513610911215,343.44871743447476
225.43922975926625,179.3239966674015,393.8135306227477,571.9201605714017,316.4254633142062
218.67138446996844,111.07341754575344,494.58338852382474,560.9475328576265,352.3160261695354
158.82795953063135,151.59191817740464,395.09696699111,714.5947946535802,270.41278425986343
191.90329356921757,158.01204456633135,428.7987478008761,617.4346805133144,308.7939193364547
190.2531325623449,156.37787404093416,360.02788809951346,413.6768591050467,344.18706347105825
200.66429007023842,153.29825387632778,437.571411107183,522.1380450761068,396.0630145594217
202.56845199762884,142.09209963300555,503.7732729243577,543.1260461084373,374.52370465036046
235.68088748969063,191.6014204471918,475.5361811812206,775.0308470582966,385.7574484121998
217.59063177688046,197.61627075765523,464.69361858671067,386.71122211630615,326.44800918095575
220.44670685126536,147.83360677935906,477.5999270320428,611.7662083172955,322.8585251080404
243.92532519971925,179.80251567209822,457.697634796797,742.0694426406759,402.11997428998774
208.65046120123097,124.13902377247473,381.67712101845115,574.7955300807703,335.8388844249191
216.44433026566188,111.18283825562557,415.89850170014324,544.8860076030918,409.23652075689915
212.07781696812455,125.50574436578421,403.04209067034884,487.3515873228843,343.98895604482783
219.76171008181515,167.03881037947392,349.6756582053277,643.8806347735726,322.9775111592849
168.5004200687577,158.37745738352157,471.52688219604397,660.645563741584,378.85205419586197
175.97772127736843,137.06605146764593,440.81299150367516,534.2352700534261,307.92667181618253
232.265392704823,115.10705409908357,439.44558174640565,540.2067747807585,340.6013263796713
214.3615354680817,169.6855062411861,481.6404005740098,535.5039765579187,296.32499220662305
247.28213592215502,149.258149564965,428.35176071100113,734.201830739064,373.808370727693
171.50096464070904,94.46909758669604,351.9009342777546,365.60321856597864,354.14670303697585
214.055816859419,150.33390617557956,476.12087947719215,570.5347985329292,393.9201142231945
219.9499603483207,129.91445386060732,412.81254229517987,401.33350099511836,305.5146045245014
208.97808100751294,185.45571551502312,531.4546765391402,736.1265924151699,387.84673105404727
186.0189895606176,172.22014882433038,348.60449307667363,364.10180557093355,321.8193836414967
241.28909858552532,193.86963118424248,493.2263448519272,689.5529978558939,428.31099085040324
219.715379279305,162.70769562130027,471.12007654627484,735.3296147000734,405.3236556234684
221.90067962247943,111.34532732363608,332.64369639228124,538.0435614912675,297.6875652069639
200.41492788076937,135.0901523315186,457.9504224110823,453.02977952054897,334.1045409105012
236.05374189686373,150.14610182430377,454.64136681161847,519.7531113973482,361.51152288096085
237.98653894239632,112.56671719745206,514.5477736324607,656.1476424025914,417.13005149096085
175.83452241915535,142.34962337045823,444.3535799060358,860.8571202483137,357.4875903415609
220.29498516312688,193.29873079792466,411.9470098437958,564.4972268447585,332.271395988828
193.6561941709872,118.30956272444456,414.4496135701032,437.487966008884,324.18236873258326
214.49554230137406,160.32873140090297,445.6081111740954,492.1482248839089,322.6738377705352
183.57018570041464,135.1713309372117,405.4279343603236,611.8992211876532,302.02383835923973
217.33404893206094,191.90298356767974,419.3420158549279,521.0256705990198,345.76134373796503
236.66617759925637,182.82755932672157,441.1706088313573,579.1719976425188,330.87059755383524
245.63094968363868,179.55957923562397,471.0139171806391,379.7223374908448,299.5193970996701
223.1460995536191,193.26200583648156,460.25817379548437,628.410174185689,360.3816720262366
193.76003653112994,129.39682827860108,412.5025244030269,681.0430936884554,298.96747714038554
199.60064597881765,121.87623716937951,484.42514866978644,576.3845971590267,290.31712631626664
199.6140966715645,147.74595850530747,420.5501615480833,582.7304705893324,338.7500941693944
168.81950703178765,147.4768849164986,385.73328119419847,340.51114564854794,306.3114849482784
225.70467768905124,211.96183095250566,422.6528007293969,608.2634221350983,370.61555996280435
224.68754938203332,149.64088358002684,430.12859268854567,734.3891097328274,317.3434122930882
178.1730934620367,147.10386197918282,424.5920195992767,347.9501647364531,348.30446753951423
203.01750630190108,151.95510897443302,426.7798853195,790.5134450738059,319.33386420892873
208.32648850040553,116.60055528517692,345.721041642963,472.3415089802059,331.3153176331397
216.33896923678753,143.49362263456203,411.5387493832161,564.1691338411047,362.1193081697405
211.98246110605638,140.93468543172287,471.7367516014006,857.5105026626485,367.25857667452016
151.50772519307725,161.1983886357048,508.741587172799,418.64954520085763,359.140305699962
223.14796136491975,215.4887586408184,514.351603377637,607.5092718607227,330.1033150251482
164.88380934545143,157.40795922233187,402.8208472829824,359.7183625512627,379.858866446041
223.0102993238341,133.57450646407244,424.4422010744493,622.3607888582308,345.7075864433933
200.29473706956742,107.83240010806361,377.7995083053176,396.60862468274115,310.90429489701626
236.94524103641973,128.92765786747947,401.2023374118261,491.7067017786387,305.51380574898604
193.7152671114858,194.818272504429,412.5928344287168,334.25566559161047,356.53849494547944
171.02277457784837,119.2491835745567,383.63699053419106,408.3109308185735,266.5532792310564
221.58001794628353,116.25963701199683,362.3296725958344,478.00163511119234,314.28948374667993
218.4299923343627,173.84292775095903,416.5075499666507,611.8159943676313,299.71447675124347
211.31741364518237,185.3899856640648,504.95481911903175,761.7539604784394,392.32705511020635
212.33004973955386,193.82673795236016,395.63132295980284,431.31554367959933,330.4365606743393
201.36180228598553,171.16549560251048,421.8256081751988,431.6646262430319,331.101824304476
239.95815700701218,144.8972289348131,525.1935318416354,657.872326904365,349.55292511811996
188.57246552262592,104.161499420108,391.64617755815027,470.8612769505109,319.89747157999074
185.9085159360408,128.1605367519257,359.45756553340186,383.4069491903009,304.3053290552073
237.29600364996762,147.69942747014477,418.29960806684466,662.1963737023511,324.90571968669633
201.90617907750263,128.02343421009107,424.15026842948214,554.8745711306096,281.6280333460272
214.5826011889094,215.7989092540678,484.61502007575507,653.6491141129499,362.5686426146922
205.17558354058121,125.17507540569682,405.3202496701512,574.8014532378135,270.4449561629317
216.6072624825591,183.2509313459916,385.015031231277,806.9817219990504,344.05283708459615
191.2319774202996,109.33830523253714,421.27393020276094,392.43593003628405,348.82168896448
221.63926905684878,185.73880488339364,476.2264683217775,737.6340326594387,421.8436537325709
165.28941771501323,153.48080080218955,454.29205155254493,399.74124848417625,331.53473756282546
163.12063095652263,130.44801542088155,368.70977397810185,495.7630523372506,330.3930110199111
216.65226084179108,160.4117065151209,449.53113515857916,414.46776845688163,376.545787867982
206.4962758277451,127.4986573245959,492.36348985004076,452.543293188557,357.1951587490763
159.8499820975128,130.28156566027914,414.7703792473449,542.9842335591615,335.77580553805547
183.63094885717533,118.92574663159371,460.57062641203584,505.12003246480344,317.8277231904616
219.1506021512462,152.19052478679563,360.19564390644655,687.7182334726766,315.647796136931
155.96054270192062,147.9305834430625,390.81232147183044,556.0213891239074,339.1266032185504
171.40398065423003,123.732385023122,408.2015961947669,591.4714504716414,342.3777438846028
240.27717904239918,172.364144767043,354.604248185331,369.9433135744827,284.1405673148565
201.78780933093023,168.1169797642472,411.4307631916769,614.981274761486,320.74177807838487
179.45973889514576,111.69038896712843,372.4421414665719,404.1616792400889,314.8233337047924
230.25027111076818,220.60861199265375,486.78625648460064,766.1084800587854,381.9151100536788
194.74515577174714,123.04620007003393,413.7002910081685,519.7245535040124,365.0326192565641
163.43183421028,103.2770720312037,377.73539154709675,534.244652935654,322.6190489961673
176.3589905082277,101.53819237175503,392.15448256308434,614.039212549613,341.71275442291017
201.40313813532268,156.43743984511164,463.6308651894321,722.7904595811526,322.93842210941807
201.5625603436231,130.1371015213753,359.7482750489354,446.9278004386296,293.3006679159705
191.4175929580475,157.5711694560434,434.26418431734356,507.94288428218044,329.6022664524358
184.04510324612374,104.3960244070177,376.34249918295905,376.7065306460372,372.2713757893921
188.06768103213543,129.8401708806926,495.66146113643896,595.2479871041467,386.0691050778137
203.14543409440358,168.4500504729322,435.7335670342628,490.8993961907825,295.3483521455701
186.93527384743217,142.9311752216072,406.8123524154308,464.7290249385744,304.0853226610453
153.29307492319714,103.30996982950452,394.5573303766431,329.37258991108814,330.8515068995909
191.5249466283004,101.06452347418352,327.9094873406478,331.45457349491875,311.0990118448112
251.16551003723362,204.47924653432142,448.09519742986373,686.3834233810452,386.8766298167238
215.78386620192967,146.66617037203636,416.5624452565817,464.39179258048574,356.94278844521455
237.19758861920397,170.4268366119215,437.50508850115165,536.1635775539006,386.003821804572
220.06510785776638,147.61912192037144,415.98127010411525,600.4953383537905,316.03966360586514
167.34883919679217,128.9159608987788,408.1553540394428,636.7587961417009,283.91489378877293
244.6817063897803,197.61034404888105,439.45150561506904,834.5479456104979,362.0316451400124
180.90444114597454,128.79033954122852,421.3886732030504,426.87221996063664,314.623239509831
251.18875800958693,165.91781356478347,378.81056931875287,679.7406109955048,391.92776942116586
190.09333948271947,145.96728087250537,400.4051256166238,419.96594819995346,326.5852462795255
242.29573536981988,131.87321328047983,520.3734867296481,756.4958331128267,433.8060573196367
245.00456316145667,145.1870640868638,484.339556981623,419.7273248840741,419.8244624326916
180.1565888521716,170.54849235487185,461.7616484268317,743.072454413284,307.69632435743546
155.60115774973755,197.3078486015859,424.2708398170856,666.6535470696969,291.6139738396366
202.36054700185215,96.41881079523743,368.7471933447291,481.7689300919131,392.56154306665064
232.17913306844238,126.03402816498762,428.31946789850025,486.1945012139641,351.8318967809014
181.20654027751974,136.6058248587968,428.7016428900649,575.3385155149875,326.7657508040529
260.0827083553255,180.9930599988905,472.9488240956234,811.2632138172718,344.98280513199626
194.06636924798985,162.25747740195018,433.5549316643543,492.2324360822557,317.1889976133878
213.19948589003727,117.5141595530968,424.6898171705684,525.3111723484484,358.92638240377
168.6473367808534,192.74525163991643,461.66392384477075,620.4550153052206,340.1300854417168
210.81969098991792,174.51704513183554,482.35711411393856,372.7014326771286,293.50629171513356
154.77261041095514,122.48338841209586,410.6617769438533,345.59942884196806,332.5702271316822
247.59280571946096,189.28245109179124,530.2981847261204,792.819596303326,386.98921769749836
187.7591204135138,162.34996373195426,422.6531227396443,386.0390839200836,384.43454163595266
150.3600411798252,168.0573583770273,403.8242569265671,450.51197932185516,301.6697482044259
170.08740942221212,146.11245476605177,447.6267998194203,726.34510640977,330.1890823252744
153.80753927607563,152.5018008659959,399.35115904421315,471.210937776267,270.6655091378628
233.51057933124522,148.5238169303643,431.79983931729214,539.641820126004,350.74995597517227
186.70488885874013,120.75158859895333,362.5697816165585,448.2104676475799,330.4925966879951
204.82353859826836,136.94150346902506,461.01579803953916,406.061109916075,353.1393918562488
183.17850651962496,153.77591045765007,430.17370340269184,558.701384452947,306.69228765136546
245.70222230602704,162.50489016894196,451.6416140081633,420.99461397458276,413.83817464115674
250.33689780510716,144.23178083128977,446.5252336548818,733.9796969661478,380.03729000313217
182.62758610989272,146.97082099265296,413.21836821394857,470.2507632822679,364.6952062965773
265.6101142721219,112.77781741757912,464.7085178333267,715.8146094967285,429.8403281797558
156.21611838505854,113.1433969592095,427.88795756944216,486.03287131942807,373.26787597856475
189.07320773043367,151.92852716161295,380.61468584631115,578.9581354840169,365.1737069350175
196.18578330703795,158.9173391094764,454.9581169221171,649.6997756837663,314.37978171404376
244.86754889901738,142.6081065757793,542.218489116311,831.6192579089108,385.61817624787705
194.67014479149586,121.21810302232974,352.69570417013693,440.17217548164547,269.78494863296174
170.7501073952678,152.24698821246548,413.95346641265706,535.1024421363994,344.2425023490623
207.04191707337907,119.02988351702457,415.3507039789185,593.0606226881451,361.5127036905047
176.04079028364035,106.51419656385345,394.41191151908174,389.5262170965582,317.34975614433915
192.0951232722149,140.41578310495112,481.2840126164541,801.2969771406966,384.88779542069955
221.6767062685098,175.5736344250099,439.8334232414008,525.6092011316531,360.102970247098
227.5493286398023,215.8665429461032,445.4896569001366,753.6426448105443,380.02703714869085
194.75273952940012,147.52889532567406,437.50595818488557,475.6872035476034,267.73568884665156
232.1244352054327,125.16768122824608,405.26142097809804,555.6295236792392,299.4067774590402
203.07150861365133,160.47234824037926,384.3814512872673,586.1564425173361,417.5761995983301
181.53322892043118,139.28590221890255,385.7015863286442,505.5508531100691,345.21067116947773
173.7089070397722,169.58936441934804,426.55608068807425,616.6584308186902,307.8103121649783
265.3820107844387,153.04611146187864,408.4138811197454,509.0487144549476,268.90670276192213
193.0502475649421,154.7682952606973,427.2457750977705,563.4032205091369,345.46556885763334
159.2055675511234,151.21108850410104,396.63398529761264,487.37053299862544,264.8406721082041
194.74380425246028,191.02309318737431,531.0051577420912,740.8778750377774,402.53536266597234
201.59200460702408,145.04760563065167,381.5657638542555,555.1798169181665,337.0625424720483
209.49715934441477,111.1743902527373,432.4305575917862,433.16928148744256,323.32102110624595
269.2448890598101,159.77936130258877,441.00728415436635,527.6127595433112,403.9669377941038
185.44691053845588,103.15713738640149,402.57627666908144,493.83163263878043,377.6136831898176
170.15980924902283,188.40805918148055,482.68359053679103,620.5194916011869,399.6573932184361
183.64597109921203,146.4521214164251,390.01686282449305,554.1830665690526,350.8961360561443
172.9909973331707,136.6855595217703,411.2971013900032,508.09731834379113,316.5146808264917
216.10899157649698,138.4029233683179,462.12788639674875,711.187783942117,339.148748439297
225.18734118589418,116.081553068009,373.02369481484556,392.2858640391001,363.4965588673655
232.0093069973529,145.85457252473967,463.1998924784769,487.33339018139606,353.1337935218097
250.9636247781073,161.56649429861653,441.5368422255223,796.6877456442984,345.6110794955706
181.33067160610238,131.5817431945822,431.33004970854626,488.71195585561617,287.8348993229268
230.97128376179052,162.28196302444704,449.8120438036204,649.2577287706011,317.73917978787125
172.530695625693,171.71235051018562,436.6667088303786,680.5634767669375,322.6619435695495
207.03739723953177,145.82952857048213,401.3796206032524,366.3965993230388,328.3819466422372
182.9654798379945,206.2549391218294,475.99194065296507,802.3689438337867,347.34265465339564
222.69886632400915,153.02233228235113,392.8079498347942,507.96960903214523,338.5408393240618
186.70711137697828,168.386986424461,379.2748061461947,449.8448519494266,307.44514276253653
181.63900905450728,113.62618411360747,495.8037593544127,754.1736047586519,387.1240311014793
187.0605899171218,123.94672168423172,440.7070631313475,592.4939548299942,350.1619919170368
202.67404564561372,163.86207614108955,464.82509177130027,751.1535080198419,393.1629746817235
224.6353819114941,121.0841064656308,439.53399448199144,485.1442950265917,397.86651045045704
167.78824217910807,113.9944364177258,369.00514586420184,452.6338058284465,285.72840308322293
188.7481794255342,98.45183964392017,448.853530782187,395.7068368993277,321.35086550482526
203.4151318875107,141.90104567865802,387.92864304234706,515.3975817996696,295.7117901208778
172.62239718221898,116.79062556146297,405.1822134811576,554.9616776080509,319.9309818294088
193.12868142842692,132.3236160700699,415.6470688663241,798.1345907068526,334.06310631774505
186.3282870973384,210.4615574401518,464.1198291306685,627.0676175941597,403.4972745869783
244.33756386017905,178.41126375052175,495.08439444232874,658.090341403367,432.60748824114324
205.01182281640882,181.59073689525115,494.42738791543246,738.6844386845713,391.52360322060565
193.36176261739269,176.38353771153996,393.51553004276116,355.9199591602035,385.2791684771347
207.20650861539488,141.0523231241495,403.0718587078473,540.2808271194456,342.11428559622624
163.0459740373029,142.46268142191798,395.84664373913256,341.007428815212,355.68229740164026
189.285610534841,134.7862245793824,425.5845248083322,351.8377156682649,371.71225932174303
194.34185469793098,147.95449805018794,398.49219667141443,339.24444716959624,367.428625804048
166.55657034834766,98.76979377681303,366.26132606739924,667.3569709979752,281.9303749815695
177.63902960530893,165.30314478587144,443.5070472552658,585.0168219270621,355.57866770835415
243.2885872031967,154.97048824236987,452.699299501972,464.0655156225951,353.20003069462376
206.68139788939686,135.11208351997587,410.5977849848787,591.9993415760218,334.4995758116339
209.28374238567702,140.75116731026966,393.42239228259234,537.2961357048636,278.9124437495
199.9655439170333,206.84674994846546,472.4156853172381,676.8878142546837,347.94048816227274
171.96753772698193,118.9702664374919,389.9069958676847,403.204939590804,293.026029534928
192.16921786945738,97.83177775312976,409.7781584568137,401.47903435048016,283.5798137991508
220.72989125807555,161.11481069834855,420.73182453583377,581.6317454922196,332.9030820150109
186.08378874965442,137.62526075679224,383.7489475049049,399.0403757558068,280.2942616303281
237.81363838938475,160.4131208312916,401.27750163920615,621.0517688292238,373.009662145205
217.1763910190967,175.96570264733913,434.6741240113615,605.4751649753268,314.06524539260266
187.11338575791288,184.4419407466104,466.8688380869189,532.2701804779977,308.54224145348195
217.52600478298723,185.55595802303444,509.76811793491123,481.79100764210233,342.0778062293321
243.2612151324375,155.08054638722697,409.49831608798854,635.9879616842073,332.83985231833003
208.60359884782622,139.34973218552273,443.00631732775895,443.5443734731735,432.5696817323893
161.24854405832488,196.920201701178,434.04250103498396,486.34512462806157,293.66936779600684
234.47956285397046,134.94639904493621,443.41480225665134,665.1424422831562,384.0438240808928
234.30821280767185,167.48799744649975,434.32190086813114,633.0308306130911,378.09173592113785
174.66470322671447,131.8179721926053,330.92016977866524,329.5753243138841,292.1263265723436
235.3730238837973,156.6524565345647,432.19005543443046,530.0923640231224,389.9316559147551
149.36104198994556,125.99779337624749,382.79967514001834,351.65917475739576,351.5908400850123
207.05185882587318,146.49579293794153,440.9497620046598,618.4108196286951,417.12410586868015
152.81056140608345,104.59977764593948,385.86445309546474,550.1464571410951,270.53803596243694
199.74482816510476,157.06538062517143,430.87558732548956,694.2158396275735,367.5284079831898
189.63655036679904,97.90922410266059,415.35713497039984,561.9113699110644,321.3089997994296
248.37130004115144,187.5046082812896,506.81565183838217,824.9287325962589,344.40793665909786
211.90600506593205,120.50608151769532,411.8108167665911,448.74518271597856,332.5641651430564
232.34544742485235,156.21459880986782,362.121202993709,347.0819513391071,299.8713589737057
220.2585220992669,128.7402411769747,376.3796784835052,623.6172893300047,366.3661362001015
222.07312079151413,137.8642128537345,405.6326593928186,449.18066832231665,328.6333176980629
219.71594498080356,203.67056007786485,418.20975438975165,716.2255230183148,303.38274344343745
216.95203617138182,178.86023506494328,479.95537112292357,563.1634306642113,312.6452639175431
200.76203106259726,131.88923938411514,359.0421328232292,449.9901732749819,399.11829716068064
193.21553696268936,151.10064979816312,447.9425487252303,542.0929359381321,338.0115278954778
175.99384274288877,164.54784844515925,457.61996113752207,575.4424576007682,404.7948159454354
214.28381876998557,182.5882351935847,495.15570341319926,477.70063821372025,349.3243786209743
198.9938991892885,146.27043405935558,454.83321318974913,667.7053204928419,334.6465690313008
213.32143733163832,156.08254720002563,459.43184085708367,758.4352807495372,400.8952369675554
193.3764117847792,157.40512672084012,459.14199517291837,805.9516398196783,359.8737937844215
196.3791738605069,176.03790805812952,411.1246452707607,585.4485610616,294.302854622439
208.2605457624565,133.1129488913878,399.9497375704559,511.48872803285,344.9788162122165
226.08436964913457,146.7027308564146,443.43676529728697,711.2535968195084,342.2630413626519
208.7494228202789,111.27005316064864,419.9692207732902,464.6373832781195,328.61114282625374
213.61455677099397,199.3005633300294,422.0610264779345,648.5852818077085,437.4573312324532
202.17197432165608,123.33732844258745,460.1064444741712,586.5652001323156,326.29075802061493
238.81496772801663,195.9391620790362,514.0544275973919,871.2775399242383,407.5881624824895
208.36085301593673,136.95827244006355,455.88267668385373,461.37811175399094,321.86166604843305
265.8103438227103,151.51472301121916,419.06022907210377,532.5570804623926,316.315433872528
208.08890726537427,167.44102053277496,391.22588915453883,397.7809422090539,364.6628640814087
256.1763295296411,141.01841527589585,378.74060904836364,453.0565199324247,331.8499658922086
206.99653581107577,122.66838977294807,341.9854343983267,460.38635345500614,334.6379263650366
254.31807512916683,204.4850985475504,464.2717193032486,676.788545420988,416.395541226188
175.75860795342774,160.23675654944944,447.8814549085691,532.3200988000178,342.31517171337936
178.85760207619398,132.15856993843516,436.00402189935875,417.8864418621171,322.3732662844713
255.27719560385717,139.9906178983111,409.39939080711076,664.3077262674269,402.35671510398925
189.96854194862726,138.42010779454142,397.40149344640554,502.87347928751086,361.3319565630256
202.71398808317917,124.62282388526974,385.2149852798265,361.7155373079998,292.4466941358497
175.46485821957435,191.8268473677512,516.4011378384536,445.60103116146456,375.3865958051949
224.52959721648034,133.38124280802575,389.53229302936705,527.3209441347577,393.5379636198896
191.4842895614172,103.76684539130706,418.81491635840575,436.6739349750419,345.56574376539254
188.18960469074523,126.32601945907645,361.9028285924502,475.01919015786706,279.06234166318427
234.71466116711517,112.94747812014081,409.18068344738936,625.2659467239974,431.2266837058786
189.31326800637117,179.98467197259293,443.87615775340237,603.4734112572356,314.02955990610576
243.75345213369138,157.90060354436832,395.0059269595721,413.18692173541365,371.8929536700869
196.05694234833595,128.6064218651009,427.1662632881559,354.19879779985814,278.9429373395301
191.61344563504292,183.7813057680549,408.43609674731294,697.5680609783103,300.8101983249807
191.57176735220537,181.8316999986289,400.52916654486603,624.1784088124782,330.7024826300787
233.5007424802448,166.2609673336601,458.64562151101234,705.8256472002612,370.1507867574448
180.08452465186343,115.61572008563975,426.74558055460403,520.4295115973038,313.2866065997965
206.9355864890635,142.702587972464,340.0486405101,349.5251067887845,271.95784615159005
168.62988013451422,136.42789141691978,458.21131704883345,616.970357233886,359.46888202077463
242.11496935765882,148.36753092066255,406.66142205293494,414.746712710191,399.61240098515606
194.42644754480244,151.02243713900006,505.09080139799175,708.8235204003429,320.27978122701927
197.69256576346706,160.20761334702055,428.9804924993387,675.3401867240393,387.4180852558352
268.3047784790289,185.8526276408467,464.8393031294813,668.7458223880672,375.2650123860598
206.0110278732622,146.0676807080703,381.03733461077894,536.3123373632069,382.7046006368152
204.7607639865643,176.67648691450705,446.0962088262257,533.2623143111924,345.08703777189356
198.58915095393218,148.2626030884158,390.4303114612798,413.49432624085324,323.3995219952425
212.17464889417383,168.06562132886384,498.1453646643526,433.2793314846147,435.6618757111334
234.6213869151124,155.3376902395921,474.4498837612771,668.2034600833381,425.71620900509436
227.49821353533184,151.4139569570815,422.71488506644175,599.5530490137223,323.3525754658261
198.31995314568948,133.1312635463888,391.64922918299726,471.0910798057468,317.316029127442
215.6256193152931,178.41127935541041,461.80454524658643,544.9475673204064,380.58402314634185
184.1338442238266,156.7305738529891,476.1719200014762,675.0101307140272,359.61017106115463
268.3799111916988,202.10212324635603,487.79591550354627,684.990702271409,356.44348634312445
207.97058838114532,148.30407283011084,467.8782500968237,595.6698651026251,313.37349279479105
156.34244367099865,148.0703084044049,386.8079195241223,339.31565539260936,265.492895047386
210.13766946874324,169.7792927361547,408.98768523826976,434.9246815385581,404.8736438345268
223.63839102178565,204.35936513848907,527.3837471730072,768.6129522788999,377.04264227325984
211.56041226729724,179.83483727817153,434.58459742681606,547.9982387654571,348.45689076926095
201.66981731242086,161.43032121425205,438.8244293874148,565.9490230965589,352.37973814693356
197.71029091738976,98.55993312069334,328.5710711367217,374.469755497685,353.18639822395266
198.0210325522331,138.93903701708956,446.4399063462551,382.1935637111612,362.5339316471169
272.47065716139053,131.84090667418675,513.4112964343774,569.4257238228946,434.81856220599803
197.9352102124631,97.48473910404697,439.902870914322,345.21030343035227,277.13158961298535
251.53861209811487,147.2981384135428,532.9800884381862,622.082325660648,379.862807926999
178.1315780246455,113.53843999014069,417.97440477899335,353.03623686616623,402.70580915359784
234.125358786379,167.95560399633743,446.47251625286486,548.9430349161189,347.67995350589393
156.9282426868347,144.52342415727216,393.47681859026426,553.7240087768364,317.15996722252333
173.77672082683674,134.74360853727757,404.4114719169212,526.2548048658177,262.9184336744187
214.62967488022866,146.06880836363237,403.26371280370915,668.5989304303513,318.2992707925301
222.6663981630008,125.68817054071671,483.0023289670738,522.423185283713,345.65499880607695
183.42905060250618,143.0413202434173,410.82478410141965,478.02478403122717,333.71893735500174
217.53604754074144,221.2848951090696,484.36270906176253,775.1649474532659,334.3615394570088
196.2984640099931,165.3952775058044,418.7048778663876,404.9580429727595,340.06097352386024
151.17131829703735,152.10460262415842,386.11436440809115,333.4267858904179,261.9820284069131
253.17943534144598,119.69390928517147,472.2912118186277,535.3089257620242,375.8342292692663
210.07752347619967,142.97092125228124,388.2626030133227,465.62640607974464,334.35096600832685
186.63461543726314,144.67695506603758,498.26781893104936,635.8681335385928,349.57537343551115
195.4028886892801,163.71576675074178,411.80995681196555,369.2731191709276,327.13098632758465
213.9949101525453,137.62672446311117,429.0981187097499,718.5724829180932,390.0208000336913
205.39059884190488,95.45841288296272,377.283843767162,390.46130091892724,305.07712749568856
171.35981175836187,179.60020721132898,488.57111733831493,458.0053401429056,427.27019118301115
194.5685175620279,219.13752842547348,525.6782138211587,700.1832487663078,363.55646106160304
165.23207170112119,149.27675700970866,397.7861333689419,385.906429473049,344.0539795998983
194.65864786235375,156.50755221128094,418.17977580705934,511.69225070760257,347.06475052752376
161.01410498292722,172.76828739021767,447.5531935737805,481.1368178736806,393.7005977686169
184.40492128673114,180.8760578359847,473.084983021296,664.915098433523,365.98190567435296
220.8162445792766,207.08357846707764,472.0656820239176,569.1786928018724,347.0628714344228
190.3909825800763,154.63749183677413,498.13467608497353,751.8418190589422,360.10670913062927
233.888417223643,144.83019386099411,476.2252296958022,736.3355420848154,373.4949922718725
179.95573416614445,171.40706139113414,483.9414556211713,835.9862454425686,375.5918533223433
235.60967235966004,180.85414678596493,520.0298776034145,678.3722773273141,385.8564143153001
247.42989369957297,110.50691959998954,437.5062856551503,443.65593352988105,380.73882552632205
201.46567302998702,139.32083523997179,421.7832338165501,416.39088667361244,318.9965196028421
184.95568368560168,165.55841387614703,523.0443724552151,769.5614489262379,334.05195450660466
208.46494180844675,161.97928983953577,413.3887610704425,532.0299481527084,440.91980802705626
211.57919831947336,144.77306123360998,430.0635173956641,461.1936946289169,374.61456261186646
225.80267624573776,171.11371532199493,398.56715239455934,640.9268739973223,345.4600651721314
191.42781826792026,190.35478516674044,518.5981525893947,617.5716277293558,397.9579957733172
223.39886837863514,158.70672122644578,462.0826604633732,573.8750673858277,409.2729332062186
203.88216325144012,161.46170532849305,383.46218981257147,371.3574554727194,393.203554042721
177.7025066657315,157.47100323510736,380.43105641027034,376.0708673657941,327.2686431890113
197.90664839397525,147.24175074521006,417.1602617958708,475.9696694489874,339.0460658369877
238.65595008212205,133.73490288375604,419.6680992026412,651.8121114593127,358.82944325460414
196.83072798240684,115.58450013987722,401.30608395205144,385.9621412831938,327.35632562647885
225.91024150852377,116.7929618952764,435.0149853288284,460.95096629643774,351.83699868607385
171.31630545888672,167.66228017436862,473.8034626810164,683.8450615176397,326.6618577365934
205.68806206110457,169.42152549588104,449.14369697519356,571.0874842109943,394.29140533567033
212.0293944003485,134.7232200445391,385.27370961900976,671.0426815650839,374.0308510589387
212.7675891697344,168.22160655719898,459.78547622829024,503.12443614112357,396.49097363825575
222.69905018111405,186.83472755075186,525.950857760387,628.2051859562458,417.49797532930756
213.7257172032346,167.33645480691297,491.92418811615806,525.9103521769608,381.5347817233186
180.24503771530658,172.2305701928649,443.21908822663283,649.1544182281406,301.5781927487368
225.08920380358006,189.49205627633614,518.0758506340817,529.1950591690378,368.47415133455576
154.94039130597338,178.70239380529125,440.7710773135855,600.3179673474543,333.50045123516696
197.91899220486127,158.16242017158405,406.39568323819,555.3561771582565,301.14568496431866
220.66455453500177,157.75775707523326,484.40648766708796,574.915481472019,349.0225567141868
217.71098511973292,186.2332510027669,386.0930161061558,605.7028239079833,389.98887452189445
185.00136838707448,120.12473926793459,341.95927205295493,432.646737341755,282.6427361385968
237.2744670910184,173.19836550045358,458.44608681362774,538.619478367289,347.5907191591485
191.00357560619662,158.4493294147217,476.14885968498146,606.2126415930094,296.68015418811865
221.1671295825763,131.79241645906046,429.14256987171603,380.99376834026594,338.63383060562893
224.68779152554174,178.781601399711,389.74582271168055,643.803373315049,322.398489052282
194.02749363808718,127.31011736132933,415.6357523171941,436.1816675422379,379.4997435278037
209.622731358752,126.45548216942275,458.942851670437,425.40465520321993,364.4860218385834
204.03430692839441,142.9904301394683,401.03656582022825,419.2368818034268,344.92388257349626
241.910147729965,178.01491331929336,536.7975171892639,496.74353161655614,345.48178422487797
224.49183047342328,213.74514706745168,509.3521169569142,486.9490701371635,338.13417542318336
177.6892908840292,129.69667527987184,390.8583302214341,378.8906466672877,338.79979347782194
186.3848487430228,167.43811057174582,420.8253132681395,620.8007208093709,266.34846285316684
200.22740019830718,166.18982685068167,450.1362016576903,697.7088710550519,364.25125946036945
195.53556312271857,159.9051982442582,412.12733220105406,775.5908226821741,348.6998989126405
193.6666217294267,126.23300396567991,377.4572566726552,552.0764953551092,368.98623810294146
237.2578649722077,154.46518244793086,443.66849614081957,574.346702306074,353.55118779487407
225.7650271145941,165.31763783810922,404.4379784898105,348.38141651073727,345.18954067497873
203.93113475430056,164.06090849929186,406.69487961920896,384.8122307529032,330.6497024397254
219.24782407288745,191.02609546768653,509.8587849879194,550.5680866553258,325.1168683492115
193.74799225395736,133.34122565664887,423.6598155455092,366.0667977679951,411.2632026124038
215.2037047417268,121.70673984162609,401.6802537852925,433.19381606728325,295.9664086924544
184.4779883756631,199.66388153806187,447.5763239153968,652.6487656215505,302.763833704131
200.57328903546986,124.61399099405519,389.10941955474493,478.961662267069,318.8030805521923
172.55497227365197,147.2652371441747,367.01534699542054,391.62671227280146,407.67318996670565
224.37156355521867,108.01313161121587,404.6102830525295,415.72490972624695,340.8358474016863
216.78432963822132,174.4504975618602,488.53625705329154,497.89624222834027,311.24400589162934
201.32839123697502,115.5359402239928,377.24409175261167,344.02241018037,367.7654246890412
208.59843536461534,148.63463923137445,481.1181247499937,603.2868856752011,403.07772696925844
207.20575238559906,175.73316073311977,484.73768343860667,569.6220958893307,374.8326639451808
198.91508470753297,148.52655919566874,451.5680444504981,573.7228417537398,313.6014247122077
168.7747673265622,120.27382972336486,369.02458767855984,439.473049213072,285.0172737772255
160.31838726509403,137.4785080552808,371.4369600891296,448.44773110078967,297.3331250162059
202.01306145012543,139.75333303776304,412.6037638820126,662.444818446185,308.92205142681905
228.45974038010547,168.62141890608217,382.8760817893636,563.9196836901491,274.17012495431936
191.52015526789683,132.7560401258638,423.89429119358385,357.9341771088986,299.75284648524195
197.94304622970859,105.34598455813489,365.57830873896415,362.58863437038383,344.8721161186656
206.42208111194134,97.40550030466362,346.1636127376967,356.41111869374646,361.87960123234285
265.3206619630392,111.52706218490395,386.2920206674457,368.4111156201948,380.1725927409024
233.67152552719435,134.96752484456948,375.81373826887153,685.3074135927332,320.6898801842568
211.7434371958971,126.42285648547889,434.22596620321946,504.41499277201,279.397764528842
224.9430597483543,163.4098800221425,398.8851888334944,607.5923113214343,271.88615066017985
254.37943137349282,127.56051085924754,403.825813365239,332.32443492647343,273.1983169928149
270.5086622263627,215.12256563634818,478.14567017877505,843.1975582078262,433.390200208127
202.85103028134807,200.79878673178905,486.42625901880905,722.3787365877077,356.01235237149
259.1292607102988,118.95923873792229,377.4049918263422,397.5136734733019,353.411761090206
201.45524287162638,96.71929010114935,407.7514617014661,606.044392315673,321.6171768830931
231.16515729410114,155.0896293896545,441.90590716798164,540.4850117406538,320.0953939401309
212.60815035809344,150.4500079948053,364.0659714444061,408.71071024655816,412.1184857995183
188.32998064302257,126.04980289178333,381.4184612878299,457.0535851672326,332.51106617068194
199.721722385262,117.24948630557071,421.1382474840815,429.21299085405593,379.0208176612886
231.02997233788204,120.0545667658283,360.65007774061627,571.2577414015598,384.11407921908926
183.75973527023908,176.82549049969936,435.7607393063911,602.6922815326806,398.4630925122256
214.55104124999846,124.24512367389232,434.3290363004754,603.1805991137774,391.43578964512756
209.64899291208025,136.7412595115102,370.09852819338937,449.2156435408088,294.7912164968634
216.7682920133785,156.31216338229123,458.6848053830694,473.7707711482384,395.55443792779687
180.27380005060678,128.3352304155155,382.93378803200386,354.9563687432728,277.62799547764297
223.0777376060572,119.64951311695536,396.9249650967,335.01552356114286,321.7619803927421
253.1330282767356,163.53212293125958,506.496965923436,662.8010509069469,270.7059445353583
221.54694281331243,153.100927197767,524.0584720700685,496.3625607712197,430.4182169418164
180.6192580975155,137.30318476240376,442.7330725151388,385.8827395902912,299.31818481741874
168.9502442702866,109.4282304009275,375.4012408655221,522.8570262041917,270.3921308430319
189.84584490012605,166.29340112203795,444.1130772130602,759.1716423968041,314.51765571461686
224.67810390678636,147.42089183930983,433.9404635444461,491.4041682150396,384.1146646713918
230.58762563002028,127.91534749538502,405.6349542859684,606.2072374588372,345.93638264110325
147.99642394271396,142.3906282806742,329.70855039387123,532.9500326002891,285.62111432761304
211.13099624624587,166.15788342584355,470.21481915464034,693.525198498096,396.0671310010119
190.4204292837571,198.33645165017424,459.4035639625819,469.5038728188405,397.827874194431
273.10496276669716,186.9139738918687,538.0698167992705,766.746540798531,446.1157315592508
178.7564038441322,106.4206650784088,480.7275284712146,360.8408079759633,319.2485248033209
214.51438325793868,127.24560374434373,347.2739646439848,408.12326405222433,368.2751530385371
219.79210287950218,102.41075071530855,393.40447672112015,610.2198827189004,334.60480800482253
192.7675771922103,160.83661459512228,403.71236202041086,490.75482223205535,332.9172391314846
207.68872499713703,160.7752657475655,408.2397831854212,500.59678022701763,331.0659948268017
257.086199774466,158.30195434620478,461.1872882763621,722.2798042936608,440.88187460173356
206.73587700424866,145.61030935618155,470.21472434110603,368.32057417283715,396.43711392288196
163.45879902535367,143.9380457549485,412.31929067863376,399.78461196124573,401.9731497341925
192.56231049820826,118.67712625544739,443.0053808040432,500.1399532344078,332.60893325966873
172.83676414772958,129.51277635907397,495.4926744174054,382.95110709868,390.5043031654857
163.52307403534257,200.2115507466403,469.38243467929846,839.5145315010219,333.0812117138336
243.4127746418242,138.7144492930771,450.3506318829914,454.53914782245766,369.8174149647315
176.43573082347544,166.09427885988077,467.9475900913281,562.6277659519217,362.3607539257096
266.21239200906774,146.18549342596634,512.4120642572217,640.1320550920816,382.416320479965
178.63791871007004,117.14524460715806,357.1248412091693,368.08289569493905,319.9006143142183
191.35308150372563,151.17344573766232,432.11002727450887,648.7574896504818,312.6778835858555
190.22846411022107,210.38194803877565,423.03619773561786,527.6028796610958,334.3915817630214
195.34173652577365,137.44336888539786,444.6516285659379,581.4263326887711,385.22227851651866
205.7176583261786,163.05770992135749,459.9278544990291,497.7954130386401,400.0521006022839
206.40390984943727,153.06699115387622,347.0567965305567,506.73390317956256,299.1806231649605
254.03967899018588,218.85320028163454,436.16797454321954,552.5799232477617,315.9710093355574
191.2413998883244,118.85727555712666,369.0465193888566,474.2054539248066,344.8770179900988
163.68170254650914,134.86239658550232,419.90980019893556,571.8756719448605,370.9421880828281
189.6120056909484,148.21872759812598,425.3930668177115,589.5566865639212,330.8694544423365
163.03503686184214,159.1236917881697,414.4065670719302,702.1741759375803,354.5945294665442
230.21432048310433,163.05128823545505,426.88476631507945,495.7540867560085,406.04656853594764
198.2091186479495,118.09150243641349,434.28173898218114,847.2069264190765,351.9778576219811
176.2507004593948,132.9936803148677,414.2053710084735,491.9884782387344,327.6820710555468
185.09812149350867,170.22703519225368,424.0070162080924,398.1009105528399,334.32413856688834
172.6373023837303,99.65758971923924,406.3216178446093,616.3895041822306,328.3134863996994
204.92117642380975,127.99958767773795,427.2132196584428,528.872667868528,265.36798067131014
168.24833071280608,122.39460159480807,404.306181911486,606.0754701035619,334.0600404447061
210.41045236519707,155.39528633362647,371.7861498833554,408.8735415402752,371.82117316123384
244.26017224746747,153.61233342656922,467.2643951458341,508.0485836080601,360.59726631898366
235.12202498702052,151.0163007347494,429.6850044925708,600.4574314351939,373.80233970547556
203.54828742695537,219.91665969267333,431.84080329674634,662.0130663008326,294.9922949616191
214.79269857098237,133.97884486882148,420.5137541239779,497.7628774473668,363.6643316442708
204.121409831417,146.7067567394704,395.6703170094753,705.2132832360844,340.73359609286365
180.52536534717777,156.1777187739155,471.81384375500085,570.5214958762401,329.5919038118142
205.6175950326796,132.8695770891203,438.1860389346204,521.0819398233788,360.21025453045786
189.4729708920364,192.22052891066625,448.53089808590636,651.6833149140826,343.94615557547513
233.57873169280217,148.76790077578352,382.33589482777114,497.7867786299884,348.60659389528126
231.83348669388357,152.29859603923256,395.5247452954528,588.6359068352102,340.8046926589416
194.5874794342225,152.0142420337517,431.902314825971,442.77800105067394,332.26079905103416
177.4836766115356,96.55806095908767,383.909060154847,366.9197899480578,301.29295896016356
208.2889114598043,159.27912519483152,461.0630143552946,558.6166854568497,354.77568756916185
214.21921631685714,126.30655633227137,393.0573436513175,566.3861860664515,431.7940093203919
241.7584318604518,132.80161711673344,421.0600521607931,442.5742028105919,442.4982180857544
199.04373346396414,121.54751827472208,441.8004558822378,536.136106304362,420.61446391034474
201.48178192653222,150.6770497548964,449.412170519618,568.3781490261501,317.28393933069043
193.9027859778983,149.00348218219804,496.97141897437916,545.6887374458973,324.5421171325773
164.75705393324347,178.54505458425854,508.24282183198795,700.8973645547015,310.57705219943153
198.28558889787504,190.66783043283243,421.8259549852805,544.8650178689361,391.4083073087371
187.44882426426412,152.76123347819077,438.58570051150133,540.8269148781363,340.2309779138395
206.6415398229863,135.64737141392754,354.53285392838643,561.2206727221671,288.2482904711972
199.9876280520586,120.36105116899355,360.7206547772439,621.5550539327273,315.6723664572411
234.27839591424038,164.49243334657075,512.6060347448505,356.08192777066336,380.27335569907655
263.87911527688453,208.67427937163558,428.6513074913732,712.6057232484263,342.3112080770322
260.38333486533975,203.30384180435126,499.8748173731563,610.1261218000444,389.11123377498143
207.4891893080963,184.53144933952484,481.6846672974895,704.3519928319183,354.4940696144701
195.8122353051385,113.36914956991069,492.4058251093957,602.582378542701,337.2828328323673
161.88915411669163,176.6353460634416,443.52001161535304,429.98097143682764,343.9561036645212
175.8591241975606,164.6039062091024,413.48409075319205,609.5095809517663,326.84378125692353
208.05300287897157,145.31535512291552,347.30230266092354,577.0964426624963,341.0546919031692
196.51497898078244,151.51741248982043,496.1003755185564,813.2556920797847,372.5988110113064
216.57803525845955,160.96996959383537,484.6546821156305,688.62505131419,325.4196161585312
209.91515288842328,102.37064209753945,327.7639383853779,471.6259487678667,360.86339532432225
211.9270830980711,162.19127453775263,411.766530556683,379.33536854660053,338.4806237171067
209.52355359245982,199.23581392085012,481.1468430612603,583.2684341186906,423.769516212493
192.0581141417648,160.18003025383763,434.3225430802451,642.7614338015833,406.0647433619858
187.3729197134953,170.9082761458559,427.1837066299803,541.5939071685004,366.1418415793018
193.97982390284594,149.28694842998746,422.3652858134832,417.8282368266943,300.6946707227589
232.89729398369712,162.06445523314994,487.4674478464827,619.2152415659184,357.73215246312054
222.96274561720838,186.11519762313375,336.58765397322844,488.148077564851,271.65391703037847
241.16183648236756,116.67999046866746,382.0422813248735,540.2190458453886,338.78686658531115
241.5659875277664,200.664082437505,466.55841350722824,668.9419829739237,356.0065675843359
217.72509652038414,182.68548005835567,459.7861863988297,434.9719780757106,329.8646690098638
183.9824412175078,124.47600168317113,391.518037428437,741.0567860164707,332.997681800561
222.6506984166153,170.45479061822965,425.8560059041494,616.5610077543212,360.1236077827955
184.98991850589516,147.71223112202458,339.53008094259076,519.8349461286357,309.7753414604707
235.5096202552979,188.68179133821266,367.97257271892465,814.904657534926,342.87634006196134
190.25084411803672,170.24967604551196,422.83858695536003,847.045845443812,396.3790961267605
230.55301141505797,169.99465684843912,539.9763998235268,444.44505064361556,364.29049178105413
204.30806029809335,128.4317561099086,405.6683003727581,548.8467912255256,345.08195441309886
263.04639007676553,176.31903222938772,539.6003078676677,760.1294865123052,420.17397307416223
209.49768092280513,160.66477270690416,410.91873540891925,654.2596446025448,395.10175206023854
224.05828784755792,139.4514700387122,482.7491660976185,627.9752343515316,328.2197159486201
196.26326371577125,145.98578919698636,352.8821505395778,535.2717085630428,318.5627544529141
215.25156431562553,164.030937716689,411.74391126664483,704.1811018472473,329.25225916469196
232.1643822920962,142.44957882356607,410.2268256475662,763.4552696937501,262.37929430806287
174.80865913307096,142.34956836675119,355.4860057236926,475.8680465138539,281.2748440579547
218.59979212590588,100.53530233957355,419.4858551680815,533.9847745880148,307.25074283007444
180.6262016151858,154.947423767923,449.253607691205,366.5387953974789,294.76445028836633
216.24816127677033,204.10888399081384,488.18092059170306,656.1526040675241,388.58923076002753
179.14711535569262,135.37988999382526,408.7144167679719,661.8951680868014,360.10220004810606
204.39226694156096,148.2558819735388,443.6466754931682,377.81824058685845,344.79128128153695
184.1470190276141,100.14917870312487,441.33570222756566,508.2468139936054,325.0577578515024
173.92833899096834,158.85064680426083,421.9974427790144,679.1185971212129,384.9010456210128
185.38501501036268,140.39434850416137,432.15939254633594,471.2655328894987,348.533061139809
233.38964128048752,141.69973253272389,419.3377834905581,686.2121948000973,321.61690815163183
159.7631727008341,100.51865548565712,368.8823650196268,355.88920697111115,323.166028966857
228.39342761064805,163.9592137218311,507.419694596333,668.7070930713055,388.2088210672513
211.27699689782008,164.86220963905646,374.3311100967996,544.5095232397276,265.57790985479755
193.20951624234357,159.39054710225184,429.6742661957549,770.2325351158152,318.9041709029276
183.1354981322782,148.52437821172353,387.2336737452888,419.8145892495176,348.34820398944146
160.18489254778197,161.37853099897842,344.12708910573934,585.0784400727146,277.10056602926824
181.2980362986125,211.45292464267231,388.81910640641934,539.2442054613125,297.65838360316843
180.72877227553695,169.8684104597342,389.7668260888085,637.0254720145065,316.7582343503407
217.45614558146596,138.72678928822518,477.49272543778176,591.3823944986824,355.03203019102233
202.24105452077904,166.6220804699598,427.32489435125495,849.1768103823579,270.83468932225054
241.2746007091538,157.27277632725074,499.37013333313797,459.3677816400812,387.69146237730723
192.8051165494736,157.711740168458,439.8584333902665,476.09995597289543,331.0976626529564
250.62237515932625,145.4289120553079,377.9419831279786,623.1956577538105,363.10891105221884
258.730084837123,163.7389346887438,358.89440356701334,716.4702869802722,312.8897796296047
193.940769792923,180.02242633568972,374.8771479668989,561.3941499297279,370.1384158028665
196.154559576396,146.84860017527802,435.6483974897022,643.0448230663608,400.8193733024343
184.17000593488115,185.92354308666543,413.3130806980672,546.5812247576176,336.7257436810514
217.92285721152714,180.96271960992925,514.6583155977655,821.5210786790719,368.76119242029955
193.1223772584856,189.84346079689783,488.31849409598215,675.1202917239281,377.5715124384539
197.2475982131093,113.06878822850085,404.8214769117494,489.76400957879923,391.9627902864164
211.16661975270168,112.63708481368324,464.33505254042234,457.85582095243944,329.8687002786662
187.33586619840014,145.04750166116227,419.3112215504174,510.25908591196696,367.1616057953117
231.297036741924,160.54468088419873,464.40265714362033,721.1491464695115,388.6094577322364
193.6344084717524,134.08162965180148,411.8889379948106,590.5622504863143,358.2023680516088
184.5886406428588,136.5944286933918,430.35023752970716,684.101169404198,280.31689616253965
253.64206863968406,209.2281340429218,488.21555899038833,661.1933256374919,392.7530240133397
172.09736339678037,169.24064976341322,392.4573818925821,455.5750522836968,323.5997347681767
258.7260069155299,158.8555161154739,455.8430631161401,396.9283962876293,339.9197041004905
269.23261986665955,191.81451116083926,526.4238194220915,740.9443415507216,373.81941024404057
215.19787303301393,149.87091519896327,519.5386122709326,583.3230159813718,313.465150212531
225.24612610790996,153.69902807082352,473.8979818015747,837.7059066202199,327.9066709652427
234.27224290626074,122.26074804524787,434.62666987809826,367.36707013907164,400.67457162016785
203.36324597223341,153.6655889828029,472.26520514066226,705.2706653244722,301.04074671787635
177.37202550874247,114.74735140698537,405.7474534898325,439.84216504861314,344.38954930970897
211.44253167140036,165.20287519705548,409.41311531760914,591.1021796188609,369.0679777084308
214.66990209643663,151.7309740529218,418.31031821886734,825.8095256769049,375.7395674149323
263.8250692584909,203.92089631935409,538.8194041512015,803.1810896963377,423.2668585164038
189.96001548853692,126.55135604243564,348.80757594945726,394.9649051659645,367.1137299946507
155.11873815044075,168.32098772236156,387.01349450458287,526.0820634870198,273.2895167467131
211.58900275114772,131.43944100070868,421.44384704173166,795.374417989922,337.21674667341705
188.8706702734128,109.73499821211576,405.44023478034256,335.93303384326947,376.8625325976494
241.70890676097915,203.17255510621126,433.0050558753702,416.31315927553624,330.9021413352912
230.65188779760578,193.4571084555671,450.8735980642638,480.2295880354834,390.51598245509086
238.69532859825145,183.62406135318614,461.1549758630867,784.9024563324207,322.25592016599813
170.4215470323797,151.06486786947298,397.0548795744524,444.29072181973646,337.4891182987129
179.43978004171984,136.87354757926082,501.97107796179824,679.8627362045044,341.3389961991111
195.57455078240335,135.49559308488563,392.95504635282316,601.5286228064284,326.649792142024
239.19915517127004,106.7225401342274,410.83650351732246,732.6390312213007,381.09081764294405
207.35002064595122,154.0704175356326,392.56768701539363,478.3467626203042,339.50342061866985
161.358203037247,135.8701633999144,377.5368264221739,405.2463833685789,313.66338333181767
164.89076930810432,173.3897665064017,387.4634209785626,501.3055589844648,332.90585595784864
188.40770071365762,120.99062203439576,400.34999947496556,503.60596558435867,323.35536152430444
211.4375985419311,140.93656017107375,450.2305879375971,669.2644363463603,434.09581806820256
206.28398387289022,147.14000133175244,437.0536505723394,595.4763264749971,325.62973619570886
248.1877376225815,198.41286608822784,485.7957402436012,666.1004397662052,412.39058773009936
197.52333043983157,166.6704362026375,393.3785133481512,428.46554997824137,380.67408727827103
208.35927773114614,132.402579035479,375.3323821547211,402.287521629074,318.9779978719877
188.58195794625632,149.630911320407,524.3522176497368,726.7470812228681,309.59166384893234
186.69064162107992,108.4195910596528,380.83554955420175,458.8340256419395,334.0953112280782
233.8233359028343,156.57035084761748,463.7956395691481,589.3840081079303,375.15452968114397
172.59460103476317,103.72986807983412,408.96703001236165,459.48058607816074,271.0015859501527
202.98281096718802,139.7729363209713,461.01180426211454,617.2196597295062,409.8908255288988
195.2098376919031,130.94174605168882,395.3541037873428,425.5203597098308,398.2257649842027
274.77932292080317,166.1814890170696,533.9189800825856,618.4614708761596,378.6309425343186
215.7358688091788,136.28204090026068,382.38009575598966,414.47166282526297,284.3025876606595
205.0064303718202,116.67201538331565,389.1656829760989,340.7678248432382,397.39441822354075
214.650167855603,181.42459573600965,425.2229351747087,707.6566456909756,381.9885584691349
198.60737883127987,131.85461390828766,430.9173268894464,616.5482198726822,336.72065752351045
202.9147167583923,125.82747121272773,415.1539522790354,329.2320623388311,370.71189210129563
196.854630456047,121.8276307643232,433.2731109673036,455.6935556383529,377.9968257524867
236.77700114755953,135.78086114735183,407.46047600301785,556.8906311208867,309.681445334793
153.23854805509225,150.95521658938435,367.22510337443543,457.1545716945048,329.1964330984129
201.2848236531071,163.85422863697556,460.35642710194674,572.318604141602,289.0737366612981
261.56625229972275,118.12083527914844,406.3824856800538,613.810947408221,303.3749211219321
201.91567979450295,144.6224425373849,468.71281358918594,588.8907618121148,364.90390001719214
179.86501577992948,147.9234765068508,377.9251274334311,398.4991115916206,298.65076090280826
218.36063386760895,198.7835584594291,486.9478546331909,823.1700449093058,356.3121009709569
178.82958995224197,112.10140355761241,357.3363742340646,411.041728207015,316.45341523518107
149.7483146802438,140.57505257108375,380.93113189390505,427.27607825716916,337.25693720677657
220.70986900250196,194.83000853751167,474.28352786919635,580.6234656167667,303.1188129073466
184.34986892262464,162.31702396641685,423.0098404050601,675.0760744949989,382.9382964306266
178.6046004687082,104.58381346602407,412.1534149929186,600.2511582506962,387.38700251884546
186.01509209633227,134.64079574045624,398.4999743308395,468.2253052770931,339.4142420116619
202.17343843469405,142.8734287945238,457.2090199821677,501.5667456404129,348.296261430214
254.05099736040037,148.00646752609697,405.17214164567906,477.05331006719484,309.50439528902683
218.14066438542687,174.01155686159825,358.36011086009427,651.5156994236455,335.09542577985695
182.1773431803517,141.89123421723394,365.4233581460387,524.9534592230139,311.31639131563344
222.45402377089658,134.05629042755092,400.374189968001,407.9690916489813,351.04368550573
213.30063917826976,144.8788883234834,496.2858058068081,704.1747834699881,366.2975054167587
229.96827086770813,193.37402353216004,452.23099285220303,638.7802935007974,341.5521991607232
216.36817293859724,123.88189913345846,442.57132945485665,485.87167565214105,319.57382634644375
204.28411829710143,147.5088960416196,495.6407430104402,603.7182690495673,381.60841635605067
245.05661350745527,154.14484379489733,440.1894054679906,829.3717659023685,294.7586813059641
218.0409689572005,184.94942821848502,433.88374632355095,485.9154154800096,329.9875028071395
222.73270322912472,155.94777616584625,478.1490757706133,530.5497510316486,383.12969622878
247.6621046327591,155.79434536455696,507.2750620113176,753.2013798452832,391.67083473972485
222.98955457450225,184.1242994678067,422.9075980554952,589.8145733321464,316.21175804957846
203.95930103726448,130.06450208376086,396.3343341819343,594.3230583793556,295.7635521089786
209.23501545000178,158.1317619541622,465.6053842054973,437.57315532756877,341.42675936425627
170.4639898402635,125.37007492991755,367.48850454642235,503.661525669133,308.6691619900296
173.55099061939308,144.79555469752714,421.8423066112595,521.3487148660541,353.19215605745757
226.10593619205514,144.06194163204225,462.5015412228072,517.3702606890567,380.81369731645833
212.52368172823594,129.49627590093215,425.3087355171322,725.2064365056718,341.2505085527774
204.2766176969586,104.96177516566668,407.68015496978865,405.4536757294705,330.8958967442666
184.46068904069338,176.555517765506,451.5367450871409,781.5061769729294,338.6660762899412
182.5723528124543,127.9693555663973,403.5898930142906,685.9970145008965,332.4488949055337
223.10043455844618,156.54834044103444,442.55275986036827,570.2510600683813,304.0885073421886
186.15860124614784,95.67455238154751,367.17180765712806,411.89349405441794,309.0767044639656
203.78501911606529,124.0867531803893,423.6497542398241,516.3978587204696,350.2710984108737
195.84158699344516,135.34090936666558,327.34754754217164,358.83024681857825,376.30705944604443
214.9392670682063,185.09472847350725,416.2024957342502,521.4890011269946,337.2321281500589
159.88381249612704,193.98561389768898,434.2298102214105,692.1141310121155,323.8777223150263
164.43038288758677,139.2747861233402,467.732483290958,450.9462536182659,276.52007047625307
261.5058493016487,123.21562062155292,386.75542778416667,647.77922927557,413.1945094417531
242.81716702129415,206.6874717089459,510.0435953596625,713.2918008907383,433.037401417585
217.33411398137488,160.90589203848307,406.2876271645802,336.5216961344443,265.2322709704748
198.45756679647914,206.89349721534882,450.7398911779339,857.2509405027774,342.4644880876682
262.33742356954224,162.73157269057668,527.4190163472891,845.862671802086,347.3956935109805
177.73001963451821,156.5316758833214,435.8046966980062,378.85192688725147,367.0690658576484
157.00157256903708,126.97036333167816,334.41699131733134,452.3492962029541,271.9329117723201
178.19798731579132,105.07415051527252,418.0381496060197,385.71082072823475,346.7992372865401
203.9930725767704,144.87552466533583,429.53207111069634,584.9185962476038,338.993662731596
202.59912330526123,145.4949493884339,433.87153271704267,533.7726393821412,323.7502222224944
178.7926825350052,133.33935489139282,460.76654405922255,457.57095350326443,367.64340138278874
232.55939443994774,156.30466205747345,402.25167567181563,509.25551089760455,370.06932839334564
226.0234058846614,141.63793711793738,530.3366821098991,787.2702754560553,359.70964204188255
170.0993132164268,134.90559470240112,373.8997466542154,622.5519389944932,400.9263140588855
189.90059168982506,109.23386318291334,411.8817231213576,435.20893963425243,351.866970014192
209.76851790266207,117.91397961669739,463.9059483462846,497.9122968180039,350.90601589360784
218.99763592173977,160.7705233400555,541.5932196455302,769.4750482209596,383.8526833932531
221.14035087547632,164.48865866237855,460.0406736843099,779.6938969814133,372.2846382182792
229.93636442252577,129.9437516109269,420.32255684499495,382.29468589733455,367.7162595395336
200.7245762743295,143.30769560261982,456.06962930039253,495.28360760407463,356.16067596064755
211.06163660885986,138.80102072629697,406.74201006259887,647.4587517313657,392.05156839744217
183.74522509090556,121.36382636981844,404.07434843086287,429.67924313253434,286.46768526653614
203.16177566231673,131.70785280648474,406.8453996563306,438.6576316487336,327.8039768392944
235.9239974957929,102.91373461441958,383.321327337914,611.0079462246092,389.9337205552299
248.30354603352276,204.16997401965034,439.1147423050982,716.2180558477652,367.8678789318934
192.32089066481407,133.32295705625248,455.6876688147364,574.0772759463409,440.30791080245257
153.57786943399765,115.02312266432516,392.8519060157843,376.43021117335337,293.03650582913525
152.17615301443328,108.0752594360954,377.083234372059,564.2681609602281,328.5661124747619
194.75740428067968,192.05174325795494,445.9175162952474,417.6576184565913,346.5797481722065
186.60042157937832,147.01797033595602,366.2465389590911,468.5712489948998,305.0235924170649
175.3530424073357,165.39130190147299,445.6114757668186,708.2467451401992,310.7726374458728
271.35537209739556,156.93981072649072,463.9125336497341,681.191918280319,372.92708240859025
229.35122931447899,137.32772012957145,422.22550365191785,485.05510849849657,415.76317880524755
185.0905578166609,141.67943638769592,438.5110864899945,800.3918180860884,348.184839634081
219.15291663620647,168.6040370038093,457.252171251428,698.3423722455418,304.4207087279712
238.81989744889697,124.16801267258502,392.38972051734555,476.1627203864243,379.24212751313513
199.32945220059537,145.35022758210474,375.07925765051846,761.0152425724469,365.642043333993
191.54286020722475,131.71710945248586,369.36526152260484,328.7426806217127,367.98005712268684
206.56443634860238,157.34533955468294,443.02558782771644,715.6488388795166,314.87293203689234
244.3322283089547,120.83250960765562,331.69634115670357,749.3758621365079,345.81683540164136
210.58969848771522,125.36168779694326,458.1978009811217,474.9928134601012,336.277753377634
202.49634293322526,152.7311812848223,461.69633410981487,351.8887808101797,323.0320409458504
175.37969553864156,148.30261680401355,380.55655268054323,503.5987696762246,344.8144206888971
217.43351873956968,159.85003960377273,484.83464373886034,598.4965003309121,338.3144118736173
209.43814364766146,133.2129702955116,451.1869714415567,486.44528173102304,348.0130521206962
218.3516419766846,108.78579196787409,408.67070716988286,539.2979818956188,394.5707570926203
199.4069324963007,153.09441463094268,409.41530371836865,479.1293778827059,363.2188216529599
243.7389941310115,123.30203402534639,397.58909860165363,445.3842012949487,380.07477389010705
188.16477825289516,142.49354809560666,466.3576511546078,506.54206092583627,371.0016414207432
201.99579296625043,174.92967767213943,410.916145231292,630.408989860687,350.9979100551528
238.53801012301744,181.42357749852357,508.43517686497336,662.8247379611803,360.9838993119011
151.53230415741328,154.950273169062,404.128204687175,460.31508583210996,334.38416119826144
262.2558477166211,180.2635667506841,402.73592940427227,506.09952167675027,335.15539284966775
214.45646209642484,156.4150810805621,420.10878316577333,750.6938909037497,345.0537900517009
222.81293372848572,160.94125501663027,370.6055787489178,449.52989626681295,325.68160890594226
161.46637738087418,161.12578638784825,486.0325938629068,556.2064660926874,330.9721924053309
225.93843123672062,118.17865847749442,421.16003136875014,750.9432265747727,361.1143517969832
178.34758417957943,163.44923999007304,472.7948321258595,603.6817213032688,400.4917611478938
183.14804149637666,172.15132246476225,498.8757478511843,427.10024333347184,366.53413123624557
214.77032721100147,127.94237159189812,364.29764854582777,480.287808092433,368.44603844251577
200.91286816941894,200.7863622471508,472.41025234944,601.700907475748,338.0183193730065
232.0843713595262,143.7705336363629,489.20334972432397,631.718807609715,324.5764714252634
194.13702445661653,170.30035723789908,385.72956897982755,623.5080890228334,346.6258561904631
213.45312720922712,178.94444403314617,379.23314564255986,518.9617818216972,320.50200864380713
155.80044432017058,140.42167278673793,410.77276683853444,769.361155980752,299.8483702590151
150.8719671337148,152.19372995808826,406.321742510579,682.7998453821737,342.2001586677462
164.21634313605207,155.02448759203133,402.10603651478937,349.32616807590557,311.28046820133414
186.4343441687109,116.18486662179166,361.2635766708864,426.9242843898384,334.89668432388464
219.85069044646315,164.78846380131927,448.8905672777085,852.5024798491407,325.2877634944833
222.84646189085237,138.7732475792965,393.01104240044157,435.23934684893817,365.81770059924554
168.89487350403044,164.94565098075816,438.2948825008961,391.42975306490473,304.1657195831124
242.3423000775919,121.321333512504,470.30706947076925,351.7600746549586,350.78132295543605
175.6639219528797,131.77764964115687,394.82708274323323,457.8132656096391,322.24099344260736
198.80388914656803,109.74972485106649,412.7293219134528,522.0478989117875,331.4858588659617
160.4267294846041,196.93711783902378,425.9397658941813,424.29043843479184,344.1184969961201
174.36526133180988,141.30245339136238,406.7000954490588,349.7996991385544,290.89103099861643
185.32792844199486,154.20733575621736,426.11887365560193,446.46878319023256,325.54635295660455
188.71484375179304,153.74355840745093,403.67485807622694,585.5562700254205,364.3749378507155
209.5175535162157,175.3596561776561,366.9966577918361,367.0825273897089,330.90388674595806
223.44568348050572,122.4094322161989,440.2522578843375,608.4115384263189,336.4588647314039
201.25751383423693,103.1800526498891,328.5935739876064,493.5699961370415,327.48407742552297
249.6061662494597,198.46843267953335,458.3455391062371,577.8249777404197,366.7408402806933
170.61928189283122,160.87893119429873,441.3055919796239,421.4977492405717,327.1684594037809
206.9330310790499,119.8892541759101,413.7393898172661,513.1767915384122,349.7596340819246
204.88314357971853,156.31566476038282,478.1921458695178,559.8463682208317,328.6642625673819
259.3810667096629,184.4567168586687,452.3662112283573,714.0572948584049,348.6245751113689
183.62876700592957,136.23174498660347,405.0030760769988,580.507311065205,343.06883117151506
183.10951739940683,150.47179632602808,376.1999268811173,537.3667148250057,299.07240869978153
182.80908041213743,107.73973134842907,380.69041686466613,730.8686605585224,298.33477468964435
225.45385443279892,123.22877486734716,416.0107497856576,370.8960788825394,284.49802402802067
186.3554315195834,131.41492439024591,418.66601953015373,530.2295344127363,349.1256031339949
229.98794210028993,143.88800427330452,420.65550084444686,427.7686687718536,378.95634628715544
197.28895746403452,186.28739531865335,545.5320076680418,712.0533210426203,336.20852715235804
230.34560380102292,129.1155024149137,414.78403950034135,459.36397102383336,347.589814272783
170.1880959283049,110.2178519419668,395.0708206487979,464.39118546303564,350.377577550386
190.99384779156696,155.3949344995749,413.7792431510048,593.5199003270696,331.55406530230624
216.52934031930425,120.82058605851799,401.89304780013674,686.1793524657938,303.83533436412205
207.94404829840536,143.45398203046585,406.7007458865828,352.0310091394407,354.3575539515623
215.83312538156974,114.2317652023662,359.8928449357505,530.598752590238,378.9475478027759
184.2174359207249,187.91384904754955,428.1773162044302,497.6065038685806,328.73558003002114
158.4786894217305,120.50674732164008,349.67404746409784,368.71207584067275,299.4539404342107
212.51429188962175,155.37436627151328,413.6452866247626,611.706494053063,374.7524449628899
271.08632304578566,158.26768017887568,493.93079041172757,370.8262307285784,415.5108103832623
241.5245116703854,125.48673817426236,416.4260892280887,480.8107877727478,390.40063426870785
254.46532431971931,204.67095945894545,422.0280745276364,558.2004547001512,383.52424470181734
185.93065798864117,152.78468757167408,490.9735532607257,415.4973548190572,361.25886340150714
188.18561343705423,164.1902642708355,457.7976976066817,579.4456358490755,328.98762669322923
203.21157930320982,152.45757750690262,369.76950371342446,613.9290672666116,289.9911456141633
197.30468581927772,142.64828680455688,434.2190846329612,776.2229320976174,372.75961108784367
161.1500750679534,100.29852567864556,402.8132936218676,610.5436848889366,372.9203479362273
166.73687751379427,146.697621448563,417.19903666785405,414.79142110816707,427.08649382508924
239.5922190357075,156.1817763194375,444.0411353638833,468.4454041261634,351.7865272774234
186.33782075283995,125.48540343454508,418.7753449587704,627.1518215808894,347.11340271983016
213.66906532601863,149.7478399407373,400.6834595046176,504.7529852486631,303.03555479919834
163.53334807241768,98.77559566891394,395.0570125923206,490.7680757731449,309.5176380955907
238.1857230099826,145.46533461192655,440.84981231245416,575.1021494629515,370.69486204088497
218.98520246337768,159.15240294072743,460.28738916995576,661.5731355199206,346.70745890604417
192.17241995710197,143.41118838220825,419.15480848058036,425.05003950053754,334.5312130108069
194.89325043059947,155.91370178339926,418.8147940303194,540.7671175888238,286.68931055995057
194.31652367755842,190.06058942684288,484.232896546691,725.785268773012,440.4589393272456
156.83761001578125,108.54507864711174,381.9781086662818,515.8323405768485,323.2192110609905
193.27519802214613,134.5888332845226,415.592753668779,653.2832443889982,271.68340750802946
176.44037895674228,131.3838425094791,340.3170304352493,468.16963850259884,263.446775779184
182.46281729402642,134.4200606984943,367.2479099115836,450.8241327064694,301.02826570541373
194.3257733338405,95.40775003780621,382.80144228791414,429.38999874104246,318.66289974988524
207.8942396142779,136.25066800580532,395.66412100543266,566.0417889003161,292.3156486985444
240.40361056300233,154.9321437033269,419.83783875016456,796.5496610713134,406.5742114219778
181.50194306364386,123.37162253864487,363.00258739698694,524.994784052956,293.3656335806414
219.88906458679128,159.97658690929478,465.8192390878683,471.2476602209887,400.752898703589
214.62119368850514,184.49508291192916,369.68377469218444,378.7769878032135,368.43191398844226
204.02369710303108,171.6198425254913,457.3003090158002,463.4814594298123,406.84545995257855
164.78360346608352,167.00783554214456,398.8070277722418,497.01134772271223,275.15128695678527
230.44819195133095,143.94809113479494,425.8852738533152,617.1024712703946,405.57127901881074
201.955710460953,121.57949907599003,397.51418477133456,534.8942797580366,356.6068551834844
180.28610599365246,160.18735328876147,382.0287591089217,411.0369246803886,339.60420134433866
179.67062605805444,160.19660337071437,452.03653982927284,440.509934278037,310.8435893288474
202.97574312137672,106.2875429694031,338.65868215344005,632.6241541435165,370.8615923213973
230.00137668335407,128.49263729954478,433.78345837456817,619.4052722977772,398.5305678275745
203.27976814276187,163.04201106322253,446.3975841045117,519.2961962457115,288.5389869074519
223.922747382098,165.82990774626828,474.4021768220624,446.96130788458527,345.9662553641593
191.92539537492956,151.40372296232167,422.3004135137927,509.1961749328122,345.94845151008525
178.5648197606171,159.29629714909478,378.4938965755452,413.8160088776745,343.59583283119287
192.590603268966,129.0293445694355,396.8956498174294,510.28554592865805,360.79884580772995
240.86477049963975,148.35773630125334,415.1618534774242,382.6925761253498,364.40266189858124
223.43848692552146,149.97113777820175,367.86665189878335,709.5447239202489,332.3292066447583
210.0470473279765,142.65317240187224,457.46423447871047,635.4864119132267,317.4455121885077
252.35062385548912,161.27316599802725,442.9321356655229,573.31389911484,345.9589614427493
225.25123959394313,143.50134603862952,467.77535664269436,746.6676782118591,389.32645322760453
194.6895097876147,145.28964286680656,419.80075999779825,550.6836785619777,349.4132683879056
194.33044262040025,173.40661054717884,395.737478252413,620.8254448376543,369.21791344579486
208.29176322225376,172.24606396400256,462.39331734297514,574.1907972476732,327.2649986596192
222.37214109641133,144.75190566082762,391.92075967980617,359.3054053590281,300.2945762515865
225.02739332494144,97.21938259124165,448.22898299483364,493.1152048375199,420.4694713416943
162.95665512906305,170.14973573108216,464.8976027746092,532.6703899708899,325.3044979439383
249.40001607228407,121.38655837378579,395.4339770762028,526.5152746536298,335.7631445100091
182.69531343256065,152.182581882646,413.06549660374293,779.1860154143294,336.13020235819425
192.33149368863312,128.35543814660463,429.1818637454952,489.3816185416247,387.453334092832
228.41181558817163,121.01907035370861,383.786090398236,401.50455097684966,363.2051429888849
205.6632675849051,168.99992055622624,488.07918582595147,773.6809179774723,352.10766951610844
188.70556397341758,173.84463177897263,450.6984590624068,801.0543357875258,369.4412146433176
237.71272616426117,221.8873393976705,540.8826182691864,732.2053675662903,415.58943947234815
209.3349569501247,118.57794787517359,459.15775780055014,455.23250735696143,344.44188085678735
218.248681270229,126.49545023976857,416.9379768689171,354.5252139050144,344.73648309405144
168.8966288569096,142.4719668761991,360.9287109686779,448.9299198928342,330.88744880616736
200.58050181607982,156.99615489486646,391.6161578377168,334.76446216402854,325.5931463746029
222.44315562591962,142.52403071621217,449.22150038159,490.83839912872435,364.06933060080326
230.12206961030702,113.00976279101523,429.85594626865094,479.9743628957453,439.65362890465735
235.93442590617633,140.0841656819858,518.2414002299377,463.5169564654491,383.76622160927724
158.40416614967893,137.43796328647994,404.76014684446557,553.7144587035257,343.2744695385198
194.4778636013877,123.55179319671821,370.6733804938502,411.38888612919965,322.58120159690134
244.44197634948563,131.65390259290055,389.8125803450855,454.8175068153973,368.8336997613836
215.1384437448389,157.12206739975244,389.4506729050821,523.3600322664455,317.38766138506816
179.28445066854596,143.00109065077598,384.35607849016657,572.702659334691,341.56868207691593
173.5739214748047,173.6627779558289,418.0487526545775,361.86970755875024,342.64687171904575
210.96972135856447,194.95483466008392,498.8570320035645,489.9681760028127,421.9103763990754
205.15180516633953,143.28960158778054,386.0434810915521,464.9476779693177,325.87685377456745
206.22298066789637,131.84224255054693,374.85759324380894,475.7373630043123,335.62784403797855
176.3176545547912,126.35756472136762,420.65316869117254,348.0742791778407,355.4366859369868
197.2848486054631,150.76304489508632,423.3336874228395,535.2763147835383,340.3809917831442
256.87134248245997,140.20079401808613,396.89905944379717,682.3717724667648,353.07213027921114
215.98818269977278,204.6238235873994,450.8596805937498,809.565647013785,359.54537766750013
211.22278902230812,124.12642299001246,420.04594452597706,529.7720542028294,263.27427343566217
223.37803294421158,170.11928337034996,508.0148761978983,840.2859148734697,436.88416069722064
219.35438006051854,207.85112911770085,453.3925946184737,515.2935493076238,390.494040358822
196.77118238294864,109.18997294940442,427.5954721578271,510.73853447353935,343.18787328810276
214.42180883686007,136.80719534572276,337.4705603444895,357.5379953175112,350.11754305727305
242.4727440638713,208.5233488252518,431.6006695998812,570.9958022751384,381.87948381550694
234.67017190422044,125.54290465074742,451.5764407952951,442.19111667355054,348.91989210978477
186.49135327936486,149.8807192969272,343.63148002247266,384.1829240103438,267.1887235935185
239.83384626434622,143.28683086199584,502.6057663658445,607.1681455325769,412.64542527171716
177.58312527935863,129.93009979666883,369.3486856250959,466.3478481144557,323.6027225966784
230.64174443192474,140.32328556085497,400.4080614355514,502.48283127407024,308.9496614273675
200.40214623515845,124.36327805108118,396.7719132633621,454.6057441387821,284.86301567075174
199.3195337562788,176.58202137738297,382.8083930414044,554.4208036767259,357.0924971583346
197.64189163193382,147.35306566471692,422.92645854790584,537.6707484853712,308.27542003024814
198.42194354586124,182.20852132360994,503.72060619101995,442.5977681840286,372.96727170529937
176.96482548247613,129.8034472458268,354.95106787127474,552.7707786080429,328.6759154649888
205.96771693757464,141.35179465692963,452.1157463748143,491.2523690466799,373.7869763125402
194.31744142823626,211.68592685610608,473.2294588023839,569.6888881861715,326.55983221814455
197.95956724936985,189.64554820572351,392.7158042557718,497.71846974953644,327.1026025873489
239.0268815127714,149.67719778551762,446.8301171093561,651.2219686548198,413.4962055741536
217.6933685865945,143.5961406845997,455.47130957187943,490.60420591963907,410.02094323764504
208.66604199334702,193.0933077958527,481.74422315933555,654.045137107802,282.62687492365677
196.57155489110477,221.7463033194981,460.47590511683967,589.5706237306848,304.2294801684506
253.80368451855577,207.19715943626946,408.8500983189013,579.410369127287,355.1666241801288
246.41916971231151,157.4478977407966,426.80283076636886,601.4702118672695,355.79817510017097
169.67894961791035,139.77918332210962,486.7695821952226,398.9684601272312,354.1390355704167
245.81521523621927,144.20452378259574,461.86826643607907,564.9873536524922,389.1491226458305
211.87123789823823,131.46897312948911,401.0031937391769,453.87209301467504,374.35023525283873
227.31811123309285,220.85984262478132,456.2310145754674,474.2033601506986,350.56360978668977
167.11785308133125,147.49026660022454,420.9977862165967,569.3741549995498,344.0027992539903
213.1699744147931,224.09683921461223,504.236276209091,849.8887293850792,376.7966515526226
197.5138333994418,176.71161044224286,469.8308026935002,576.8019932685934,360.13483322347474
231.2134277753287,180.29039020503905,447.3087989176628,641.7261773781985,324.57721278751393
182.37766941290357,115.96184512086141,427.900524302412,549.8516381868043,354.13010093486383
233.05418933693332,199.11633581403922,527.1653110841982,840.5919363141448,323.24198993806857
236.1745980369612,161.09479812117485,475.94856750688626,590.5873071200034,335.56536966522833
187.25051120183198,114.49730967500575,386.93994806401435,407.5613042446141,356.31100487089344
224.59995420019615,161.41680943519233,410.31745936620024,662.1318247324521,325.9503756532044
222.63541736478268,190.2108711976923,445.409496622851,770.2512056248019,325.50098149453083
243.44296455599857,96.35189578866334,410.16459607828057,422.6429072263328,339.1843198279436
157.538133080994,115.66890747849635,394.8162255126759,601.7946007007375,346.16419144908315
198.98756814867068,139.74350177663285,470.3934731814703,480.0519751185978,382.1344033384597
185.93003261706286,133.29503182432174,415.4205041056017,338.4778013694075,334.26708771106286
218.2589046581539,139.0610694550041,419.4447970783502,585.3558763218336,358.31807032267926
190.99291242888816,137.78777351551707,418.45225295334274,488.57203483794916,350.4344090913637
259.5792811685083,160.2162162033824,537.0820757980723,792.6591907055573,432.1112299905591
186.08877191561183,144.44609287352196,426.1165807561157,673.5581017222577,375.5082645250874
262.73584894164856,148.53415505042673,542.660189490412,577.4435773696572,378.289671988974
234.1303064131566,192.63345575735133,407.75043726882166,704.323996374252,368.16545626464034
269.22858621349553,153.73723245071218,431.7580271765141,543.0681181612429,408.2542486934915
195.8518488415921,190.66000784375152,397.2607314566691,552.9920358832593,287.17171076212196
228.59915755656772,174.22742627171036,435.73509282778576,510.43548747089073,359.4273851999651
171.49233144447646,164.3222205264554,439.3789022469541,555.3304387400411,294.6002139971615
153.56711375590444,144.9130675191514,402.60091845702664,470.80314792998684,277.1516081191388
203.6806971179379,139.268130179323,440.2424886783697,492.9357734017492,372.37916896803654
201.13472050816566,174.3415620625514,463.82208103339684,566.6383351947842,364.59856629218376
197.94177865727448,144.06300143229316,425.4080162111876,797.3448266855588,384.71806649515037
190.70706685637344,158.1253628878187,434.26620302620347,564.3055339531236,345.43894538966396
197.96375835726923,148.53731407972953,421.4927839765484,585.7909245370835,359.76158713007595
222.26036132587805,116.80334134604836,444.0024623455564,560.9214314675139,360.22718302900154
192.73263864793304,173.03755745395725,418.08196326777795,569.5078306638445,325.7792480605673
212.29476821560024,165.53531842449013,401.29789992416715,433.38308673664125,319.7024353599494
185.03258029556082,174.45357052607574,504.5994354400834,727.3225876672494,393.652679400566
217.15844638543086,160.08388349024435,429.98165335747854,621.6607096621569,442.5522419810746
178.4571473305353,96.63233434909907,344.190056148815,333.77890161487943,276.2153582196893
199.93338403768252,145.94967309798216,354.9405520448812,424.3211614038952,355.8176123081684
223.4653535422283,168.99371461912065,508.8857366539568,468.81906440808467,400.7077065583555
265.09176511329525,134.34652026362772,405.11262661697805,551.9426382197212,416.86670510087623
177.60226587674478,104.27904296553977,411.26906554579085,434.38503359320083,348.213382237995
239.60221509785748,143.89477097251105,452.4604601559511,686.0265513408668,350.6814537192425
252.789319134957,190.71590306517618,396.4372108364006,681.1389153519717,376.0598663046964
216.0142322139353,212.4564938497948,414.15118460703354,480.6329176051631,335.5654691420285
208.19237420005754,158.11235698145987,375.1964092332251,422.17911318977326,284.92306927795227
154.03508115310916,119.18604604115029,328.0466018104599,334.56851725061864,269.19124031453754
244.00805249497526,173.1170583182984,477.3871680920243,682.4867986786052,382.88728529378506
155.43873687356864,110.12761980389492,454.98679794442836,556.9511523730342,304.6682973271814
244.66968746039137,180.684165726878,490.21473722562183,715.630496401432,358.76640957561636
250.57674118361538,196.54913374720883,541.8769792039807,504.89396834161164,376.7688919991059
191.77825796098975,119.03769966160324,332.83494266554766,388.91297867217196,261.51405522046434
227.71312154282998,137.85126204176717,399.83880065976007,448.92724956038495,308.34726829853116
212.89977579941018,96.16567849244886,348.6893188666475,547.7647293134163,317.7712052736641
233.82293817992314,157.39057461410192,474.36804017507177,627.8694800403392,316.5670447598447
220.08706041553842,202.48672418702816,449.65618719698944,637.43010119625,289.5456125365056
213.48181420421423,153.84745137892278,413.5433757826743,518.3879333652184,370.5237697374287
235.50843451224566,151.03867440519656,460.23555675139517,540.2169873222836,369.9604924938295
209.54319385396883,217.87623252648285,524.4656338292793,664.5293655341264,355.60186456785135
224.78814254773528,170.4598980636963,392.6944487617166,427.44340539553707,359.02628514243656
189.50716091867974,121.92691237707001,362.752691498857,483.4361761099458,316.2420857658709
196.9859059030113,113.62546777767226,462.88327585509575,396.8643785439202,381.7571722458147
235.0637270722607,148.72361903631037,435.74599002132527,701.9770726723434,438.5198919270416
234.64747158912064,114.6260863064535,400.4355980531254,331.21498647338893,386.44186486996745
212.4345155849821,129.46950868000246,416.73961460487203,544.488127303531,307.9177167961479
196.26514662894982,119.1079562932478,406.1404734178752,345.11274597124776,392.58176338379343
188.29174105000635,114.15887680685202,411.04746213956156,495.1597901552999,374.8172924869512
231.00821657589526,140.0460283466821,425.4411351669461,636.370436695713,289.99325765756356
196.5005697976238,116.51100218858961,412.7752206789982,442.5164873516111,371.33769101555515
211.3663936248708,161.35891997293214,432.98518724603963,614.5386437003062,279.3959722438515
190.0281872513871,116.3299418348794,392.25756582905456,352.5465737565036,328.8629090610216
201.15563242516828,116.73562645655966,413.07031999555466,372.6495947083262,325.92925887562706
202.5289889954142,110.13654955249642,381.7731449761984,393.99294570767296,342.1039384056465
204.47056124242684,171.3595948660885,453.2675587585456,600.1839187534171,341.0896666524277
161.37846496067294,137.38698014871588,474.85179106415876,612.9249445086928,351.7940385394409
223.57825865463448,194.6980434759059,396.853687603689,552.5578770195368,302.92190701957503
165.19575044326632,114.97692912317576,391.33723371107874,414.1543038055099,336.9082542693285
217.32352270422976,200.01501215926248,475.0900062856798,719.6791331329317,364.39531886410543
208.91925907132153,155.01848444115404,464.2213778082112,722.3564930649158,306.70131641840857
217.27617751141634,180.5655931344546,458.70905582057037,527.6557463261674,389.23618239715216
220.02194816023916,131.38080500967467,420.1792727596165,658.5168510824125,432.820503057356
254.01875068190793,219.4165004288876,455.1545748441419,754.3509949317089,443.4432437742182
231.3228148895916,152.25523305800334,414.17522795909707,556.598946429843,334.76512296358305
197.06518535852913,141.39411895455092,472.2860084254933,624.418931634556,388.0505712111062
213.02634536274547,103.82833461837265,443.22260071079546,562.2957911254814,343.75155254748114
223.79125482679032,167.7202049149269,422.5415207208715,810.9557633283696,383.02496328955596
182.54889406690768,102.23038549202926,337.9253967525449,391.706794825935,287.9940708072759
185.32100872133125,178.83943252817895,429.00487231652676,449.7842333624605,404.82110537485016
197.5703912048486,163.8141534543526,468.45499488638916,629.9261670713988,267.52638746091753
212.0056651537108,144.29963887250375,411.2684452520718,475.6842108324645,292.22285592081147
183.15326354830108,130.26345434500365,407.803303676837,627.0367925506991,326.39224960849646
178.87042523483078,130.86010100431403,468.05892300919095,363.4160463381453,347.1234200386132
196.76611439173007,163.128991689037,405.3641284563327,395.80933095006606,383.6515020999753
232.60254141624992,188.53007172055382,435.5502524562074,812.1130095334457,369.462837770431
236.4162043142911,164.60925264491735,508.29111573630365,442.08888819728406,397.82340185137735
179.17807657553521,168.02760569525088,396.1157455711171,345.11207701043986,296.7732949542079
251.64289264482892,223.71944310573033,518.4485350465357,534.8744156979799,346.66530827469563
239.7322920469652,157.09186312020054,471.2968354664182,688.5252831232912,307.6592839538785
235.28191362372993,170.73919521714214,428.9430216419309,841.942193307351,307.0588628300728
202.3948874618836,193.1111105658173,442.3822218312078,387.44932106975875,422.8953208774415
207.65869897990876,142.18671624039277,427.9901696021517,856.1760133746935,370.94972787547323
250.00893558090365,182.87810146151105,430.5781129087462,643.1174739005185,353.50140101477535
167.13812302358156,136.74123808596397,410.5044299037171,533.4716482568812,297.69706065573484
216.0244931867416,156.46983165085635,446.28586285239555,505.21325273377437,359.49509274528197
220.881667134885,168.570847546692,414.51316230895,812.2927225632976,363.87702897489754
243.0526238599094,175.74943904764342,400.0568509776088,745.0213734169542,329.96351569509704
220.14738177715884,154.9949150717748,397.25507139389583,692.9410246912003,347.9560579458642
181.2885704099017,113.90722101959776,384.14087891891415,431.239912089375,325.40789189451846
177.29880630386117,198.937745309562,447.3520293832372,421.04906701745887,339.8433985490121
150.07834289872653,105.59636426200139,334.91838927410976,390.5360965684911,266.1326521152747
215.157264567251,145.28003418909668,406.58950564699484,343.45079458365313,335.1751530288592
234.30853910314562,101.5313706438645,415.07582297225093,478.4218823576995,379.76227640777415
190.23464146647171,124.8384589044221,418.2754169068615,415.60165846744906,340.1654325339607
192.20327394407346,152.76063307404243,387.41786349989866,691.1746927231277,267.380269129696
215.42342810257279,137.4613814433599,373.33154656584236,725.2043565986162,334.93460975352684
192.11822443082687,161.69118360614678,422.16676139126133,627.8073569229343,270.9485081530757
197.21960934064157,144.1138193548055,449.2079218192671,484.5802212707815,333.3066002874045
193.46036850672544,147.0556896741416,417.12713177317346,355.57506108488053,306.7019469299864
273.4711670579558,187.38455910206565,509.0805930169986,757.9795338404281,386.05767134861037
240.2252818935943,137.1374690042987,453.0621184273911,665.5939865752931,328.4084665654098
201.42181786399638,116.39238215909923,355.9887734996657,527.1764882192379,269.6132135595427
184.07537069366168,152.4435699636897,412.28532805823704,541.8271821471363,323.9625663628322
200.90426978494523,170.37171081923242,460.1490950073251,647.2277670871824,363.2696482759427
228.82500386549967,119.11451893440362,447.1344192552601,728.81601355412,393.0190964834205
211.04376077035755,132.7220669150308,415.9463210236739,602.051812742942,384.1740475816817
163.70668512448844,144.92998780810134,440.3282808496954,462.25183078967615,281.0189545245071
223.00688135906452,156.70283102211994,444.16806303687673,662.8356536988192,423.8828807381003
153.12809763822645,135.82314577229351,392.7234588253537,431.0639559118361,368.9016174033067
173.53794604005944,143.95702654109127,336.5819395189926,437.7659157061236,281.82505808421166
251.43435135864766,207.65354900237733,504.4672477925667,851.4683749109035,381.3346693110292
214.08928337899445,159.07942976981778,439.2705726920037,651.0769980263678,439.12383320395577
188.9569802337101,111.00918205137023,427.76388182212287,622.4274652455343,315.85791825676944
216.16770991883612,103.20231794186826,452.63310822501603,598.7188030834716,308.4727316641825
213.08104197008933,193.13430842847959,379.3146919397748,368.01938571269574,303.0280134992092
230.69069766241125,117.40406289214205,425.64518063124183,353.8744684716646,338.1569441222922
185.39704392301525,149.03210751583674,408.08862456448907,411.0748395738036,357.53416743312204
169.50626031111102,149.54157801589113,417.5541607430302,484.2288734795147,332.0268094421667
270.85838072408745,157.40759221833542,456.34762021507635,769.1757489855114,426.13105071905227
190.97735534101798,137.9855720131192,476.34103976055917,520.5027676357226,342.8131828480163
196.50614426980792,140.83645149620526,433.89869029850547,685.8309961118817,279.17572864356185
201.01771699394925,167.61266818753847,428.3595637728471,809.3877699880009,369.52202369386276
241.80495925330175,127.57171236804027,371.62676184710966,486.4716225239399,315.78464550024967
206.49093017970273,133.1194048301581,373.891082010119,393.2408943909427,294.880904076255
205.21867816438964,167.1015795571761,396.52382277021957,337.1961482448266,352.45176667063004
185.57753125003882,124.04614851633369,420.5126613448286,422.33159514823905,335.1849551620424
218.51853342634865,159.99484573891306,465.7079604195913,799.624567818164,331.19277164778214
169.30367029742652,141.5603581970335,354.08819269674916,526.3470689599502,350.8951462691125
205.08759575226884,151.28371884533365,400.4385334083016,638.648629547302,296.9440071626467
224.06881394885977,173.33957264198568,447.88314453696734,721.8262587282245,343.8364465682537
273.102231294577,192.66918882326863,455.19177722578803,573.5938257861719,422.98356763311426
183.25199257955506,180.81605751269188,393.96908366158806,654.701914621749,314.42388404175165
197.92141339287693,135.61506844567108,439.48020497292947,470.2653646652396,307.8887045031264
195.72646112352453,136.1008194699883,435.0025345076837,559.879403529837,346.44018187375934
209.06258348984127,167.2648286172424,443.1227215597967,628.5774221000505,395.2630819097925
176.15620841448725,158.4487399239963,385.9927132022757,461.0038115292258,308.7611731697985
220.06159466210227,209.02883283140451,406.32430614653083,537.2053853724278,364.70508359879034
161.50240215785752,138.64607261969377,365.6698820132271,435.2878564257076,280.07411113739784
207.71447092560587,159.4277416061702,415.5422292555026,569.9489144447731,381.7481036423763
251.6187640699289,170.94012190439707,525.8595423334842,608.4277550012135,348.55799817169355
213.4054710393438,146.8356948162217,400.8078067095714,719.6882005344067,406.78468400341643
172.8763523968396,98.03423717133882,444.8267373475898,563.6552444495946,364.2223563917053
250.6533207544949,163.9273985850486,481.5445709706282,779.7450320304489,363.8023727153533
231.28791562806853,168.3380140032547,403.224025583172,497.56395609423214,275.17053053904164
242.05326481328248,146.4063260144196,447.6573890014411,663.2271030072346,310.6086455301253
205.26105025028846,154.87984192387162,408.8475201412755,369.2562622462672,317.612543731383
185.80218831741885,179.35368890941115,394.6939697179699,433.6457289295928,292.73099559371735
165.9433487953582,151.60201788451138,541.9178502937457,808.9412344172864,361.8369505328238
220.81790195657072,155.0788206918937,437.8148449124493,428.4501291213592,348.91325306658183
198.6212976669606,156.35765494266863,406.5209150663902,661.1554365784392,367.79346105954005
225.17551170553975,211.07413360611417,408.02096385205493,625.6052755938106,329.1240514278354
169.81320462661137,177.16795332076143,386.94128397094437,542.5542602701047,344.9222008295425
166.9581705269947,146.74465934276517,362.78514304052516,503.2223128377312,271.8183502014718
200.88946740147,151.58535779963566,399.21052965867085,357.1243153731702,351.08396945412153
155.40063968970355,166.06063868272767,516.3677525131445,557.9628996314666,356.18893882024145
221.96116391123587,161.5146597418493,480.2866435894834,624.6601945078635,363.4434846747772
223.00117404398424,146.7995860039871,513.7524899854224,616.3154163885322,388.60653832036536
179.39127452240373,120.34054487007806,421.46449898114577,685.1484678072237,342.59290499538696
224.52669251552294,111.55922176193347,401.04321975230744,537.044791203233,386.57277644937835
206.25014509316992,161.0125467435221,455.83449660739177,540.6966511747164,351.324504676719
208.21995149750563,218.1602283079241,390.2937115632607,340.2372739367108,269.1062337166096
210.87644607362145,156.79490361789746,456.0441551911507,592.2670780875935,363.1593175749551
196.99056013560985,121.15308022783562,366.2794102444586,592.6732883772914,366.86935168882616
167.59233046171116,144.41485259079303,357.8488278944597,438.4760022454485,321.4185451639868
201.24791164068245,126.51370320283964,384.02258466777005,773.873128267673,316.18851442164146
185.53230467984932,162.65411376177366,407.795315964483,466.448108090087,268.75745575007943
206.88793836089081,158.74561251399274,440.9387557521595,493.1410714074268,414.82594958667744
205.0974158221271,152.52021680947615,346.19498040536376,643.1870703496704,343.37563972899085
158.1461901566054,99.69701173461262,336.16450186875056,410.02335038885894,285.4666482457386
221.06023260315865,118.79489168319063,445.21331877982936,492.9563084793972,387.36477487164717
208.31342804434553,129.33503687461447,360.9800108076561,538.6436654902062,295.1259939240186
185.71822231139006,108.60079784761642,421.44481075660684,547.0662194791815,291.01326169588793
204.26267870938833,223.85237624674707,437.0186475160962,614.7433909822727,286.8310873752365
269.94723213474174,119.05056691008295,461.418129841866,755.0952236385392,360.1441692665611
223.84552688699497,225.48949545897116,542.8297260855585,828.6040463509663,318.9264910802165
205.41859486158347,107.00246077386137,426.71399769080364,538.7572591836439,304.6102292906266
229.76790825476158,136.9402410673545,409.7937124684973,587.275026913964,389.47637235530556
199.74086876661136,145.95525460249908,374.8463520647711,382.6646687686601,304.6399336580446
177.38278553959222,148.09211270033884,439.2201884489335,438.79653380528504,336.9264981707399
225.32080638329518,178.98823448906208,534.5999496745517,563.0492220444941,352.1051420617715
164.8318524864003,116.16628095764698,379.1271546804978,494.08324097036905,299.2173791996749
269.4889881285074,213.24093264186638,541.5707224978773,699.8212218232018,430.7015138824761
251.7700041784673,197.54140688310048,495.98458943803246,582.967129342629,378.88622962612044
231.55690599149574,100.80193650475007,446.3155338858775,469.38804471234124,345.2377454986773
196.87814935037605,179.19591121044908,431.2607113251761,484.73239982797224,287.637701531422
229.74396149729742,139.95488791481964,461.71174476082683,521.388806709177,283.96155060460313
169.2250003103067,157.54936385476933,421.3616739399488,426.0101152918621,299.81058008388135
210.2738845570323,150.0904141093839,347.7407903366569,362.3370263803578,321.37135432971075
169.881045322282,164.02080872545278,461.5143732571807,451.8288990340269,336.77971603973464
244.50795252808595,149.57330791306111,545.2082288038945,810.8933618362912,390.29556615677905
219.39866037843083,180.73997886694244,484.25648917356585,404.5407434230457,374.02442160432736
205.46863000855703,175.25402357124,468.2314421496661,495.83771947570744,310.08005637470234
208.57825889693913,127.56719000063993,329.19823536146936,425.0149124004522,292.19904555929224
232.62115511339888,166.68431663146578,462.87389768871253,746.8109554597117,347.78762801235985
206.65558094444907,144.6098171176635,502.7559659120895,458.6758256188453,294.99176403623903
209.34633270125588,164.25372565525575,404.02252349119124,689.5604145248293,286.5681402252842
197.39388398788122,162.8779447000891,410.440161147049,654.5959521440103,346.6513134442213
181.99181192302066,126.46413965262387,416.31445123978415,394.14679778974323,301.2390561789271
201.75254111524427,121.53625237143824,443.5385940542353,690.6986948429347,340.53068800017155
233.95078327409533,186.5249993935735,464.8800456602956,610.2912690454302,389.62500506371373
171.79837219148823,144.88345307279047,379.3939659628762,579.9242378675435,363.2134218221911
230.71478975097696,163.61705813549756,445.79672511408614,742.5514277233451,406.96506312065264
208.07774173446774,124.04258350496977,353.7998907848027,370.6280021151781,357.0584651757491
231.40758001154606,151.6252556665247,358.06770265595816,477.7599001612374,332.88113028129806
204.86908078115357,144.07962968280327,401.4559018772631,770.4685207927514,337.0630881736034
230.7740424465455,170.09761923674952,514.0499259061319,549.5197455949883,421.390125983434
213.89196276716334,170.9266603866553,484.30808852216177,607.9255919008323,389.72071043966946
162.5659965114717,124.9106767522925,355.86816042954575,375.18857763623174,285.0056265132556
231.29468518983154,151.70875297323502,521.5368748868951,632.2216063305716,309.35464576196654
217.68925125655554,224.36084450034068,504.8737361189192,876.0173773872332,360.3260267643166
208.77244898132545,150.73888915232203,435.2722923496106,569.749194174389,343.0981869561544
230.55972796318076,162.82651089115512,418.6076027331435,684.5664272155626,387.6891539261462
216.79817248608418,153.95694426203997,416.74295919202973,524.8365218646388,432.70111244194277
177.40099949119914,153.7896951534445,395.2706282762245,606.1935795189,437.71051972042665
171.3483933194811,128.68339358285206,413.1530720647583,392.014047593497,278.6291706972237
200.15573460581953,153.01887485892107,370.6202911536191,496.4371639773988,321.6836376788194
178.02513607315703,181.2584284130526,416.46564870767736,604.3334278604684,349.26001477761497
177.09109144451224,150.77475195046725,511.4503992790438,571.0828320689714,342.70654986429963
242.15888276817168,161.30218593726076,398.71810781343595,654.85583298121,338.88304856313255
183.83881259406277,158.46831254263049,361.3856530225143,471.8764668508473,276.2246783974276
159.9515416510224,136.27435395771536,403.09901519585935,456.86969785969274,282.50236810384934
180.00503127672957,117.46202402537749,430.8864918583677,437.330052891139,324.6885036500961
240.88975620236465,128.54002721300728,417.5955880307238,412.5170077539173,335.11908538647657
224.3742814646234,196.056406138586,488.4266610055299,504.8203855462627,362.3611172481024
213.57045373817093,157.51338196640313,376.039789889234,394.55058529781377,339.6145657157217
184.2540099065321,145.7410534751987,447.7746776973891,486.5838941132092,286.8109872224289
194.89451511872977,131.2245424120572,447.4397399530582,653.8436254153779,412.27440496952056
217.5259347763629,126.17885902689497,420.3083143237732,498.6810828250523,373.5082261170677
200.85477974885967,170.65129656856806,388.0540366546668,497.3257651361527,369.0147418939854
171.1443910619497,171.4994469054318,397.9325436577785,558.4084566213375,311.0583669922047
199.10331930745642,142.93766746734758,400.4263143361781,558.2186594537072,336.7406104571855
201.29654775614895,122.17893914982736,401.6484758951075,493.7407030822202,393.7736448181856
191.32294193163517,145.64124638694048,372.3981540867681,499.94824495383557,313.070099012771
222.51086200449393,141.2333290103287,373.24573444120443,392.9865816412522,362.3737263375681
261.38089010275013,200.03113695009975,476.18796989220704,617.627437987352,374.9998911421429
211.72478289784985,163.06702778491095,463.7193930302854,473.4575378596723,398.09173416700753
238.25884089138933,185.296497825157,466.81906014167777,623.1196268461293,385.7389494531166
219.6250843090707,153.00896580602105,398.97917087927016,364.78376040488564,340.9641708350856
239.44208797891048,181.83355599846695,422.1688147263504,524.3679326195075,429.23765816065367
160.04479981578237,168.13250931665482,346.21115650490543,527.2125559392697,355.1570410706312
244.9653756075489,171.42608284945257,473.1184863896651,567.0335016937618,370.8049391058162
165.56052929001177,137.35445136316972,388.9219557466274,466.749072116232,330.68319324731914
250.09692056068337,146.7881990363861,438.097236181257,481.05437880200026,383.81710445123235
207.83014938416338,134.0579655102494,434.23440007784893,436.8214540682596,368.56569680806865
186.1022264419559,135.68314124703699,446.08259617343685,407.85804345859054,343.4574352955033
194.04748428504678,118.99990441521304,402.6104855127606,356.88616757472226,352.41071537931356
187.9831546064427,153.85372473899469,477.54459873806627,595.6604772126242,300.32745804538644
208.9774673247495,172.27846178900998,446.66532633048024,462.1119450128482,340.85411289715324
172.70614212135172,126.28643393115225,432.06715992709815,607.6480418722223,345.3622655475683
173.66030689234003,138.7249476529587,380.3438341139663,479.0823140383394,279.08738881621355
210.81378291647212,148.7578022919913,429.26762598392605,374.61437966728244,367.5982174600198
207.88345893985473,148.0915108228669,422.7166366126679,441.511866325492,318.59557716901014
188.42697668421164,173.73277747022092,414.90979013288626,605.8763557707235,343.25578812828746
212.20412711427764,148.62759611394958,381.6913476135516,647.7685710914138,338.1440584300868
210.29832016469683,164.73571792985322,446.2105497560053,426.375797120619,382.4086013288992
220.27211229086942,157.69645131870132,530.7453784760545,520.354246341524,372.8944298768058
179.68804441178398,187.30474117483465,398.0072698558738,709.6746764791365,366.61635341769767
182.34681258617587,129.54813652421683,421.94967661354286,577.8885322793873,342.793133098102
235.28527070539323,138.26697512300154,414.90491881407644,692.3779189925999,360.6888998733911
224.8392858214614,162.2448464749967,481.12922531778514,771.3876124197692,330.05201232950543
178.81836440002866,145.18733929094066,481.36709589106886,659.759352718202,352.55993229560124
226.3507898971897,159.62450991981393,378.6266877387518,657.0814478806124,320.645832729921
255.6660173381637,168.78887078869292,532.719365614302,810.8555525617984,421.27174089142767
208.16589232806507,216.0838287941166,444.69974491328753,716.1537139030445,336.79682133657275
195.41243570337167,106.70890816294556,414.2068972169644,472.9726098743726,331.1777312835654
195.31759741488142,140.72921569952936,481.23886048397236,675.964075261534,368.0351444694051
196.6804704746075,130.96237735799068,438.1045344649639,554.3927516517093,355.7296076317749
177.62167780358615,124.86438160216969,425.74079466868284,483.5413507211383,291.2924597538679
230.08297978095024,128.41390823104072,455.0627233103561,643.078400427805,352.78993532550163
180.1856914666055,141.07257089901577,422.1337200179405,692.6160981729852,328.58097535741007
216.291305707418,170.44814935204818,458.89451318217823,682.9553492440782,305.2893930037829
263.6266458305817,167.20655739787387,517.1360850802049,720.1117196807847,392.6707726465741
205.2772004944942,148.81431805936597,381.3281721801569,431.9538982234456,272.45921475775737
233.28723571807268,173.46725736724417,452.9596150235759,657.2019926386148,389.4426515230944
191.19684147623968,132.43240892521663,367.0930982709042,652.9553834011436,340.33478989700035
168.15339703098888,135.10661970253895,361.5991597152722,379.2225767956133,423.56284095685703
235.37767718840064,172.3816661575307,542.7897647318496,442.3641297436841,391.0712549166076
231.1883575944593,121.61066188178619,369.6757058026837,495.9286879108597,294.53970607213114
164.20129047113502,134.31659018712176,414.5973189024234,549.0790548346498,283.42772192197367
196.6065400884301,158.1673960916803,474.5418350158475,670.5381961169006,336.5655477012641
254.42102249157224,155.75824560307748,477.96376380877655,398.710045832366,416.53165634099696
174.9797421801976,132.5220949019885,436.8702323867546,577.4034955102293,309.5872419931494
229.34550256395627,133.5665793494746,426.21707465416387,539.0599832439934,354.33568492765994
186.92855749482774,172.36288648080253,408.3438685139672,651.7794571470239,321.5322003611205
181.7530149490118,130.80332045928895,420.6028841256849,630.4857372713084,317.88708950038495
228.57915117767826,113.60392041613927,458.21759841121064,537.5614766992906,388.4299859523845
212.38024805404717,152.13639745413005,396.94045215801293,448.8736773463137,281.52327419327975
194.57875442760908,141.28702415203014,351.8591961275163,545.7510981771999,406.00266332755535
210.39784531948388,134.643688650137,366.85190339425526,640.5920208361678,364.0220526866059
196.3421786013211,98.54579800359001,398.73708343249587,390.1886496645582,386.96532752388856
234.57520823625512,140.15693202065034,442.8927195028808,405.18611599374026,382.5254579470063
192.78908397429876,130.97718702836806,444.5196494235363,669.9351905122406,343.1107798403224
188.3467062974529,170.66790649293148,424.87255471869514,766.1162329724054,347.21229250977444
178.21922323073383,94.44531936567547,362.8294266933816,363.233651073383,279.65116400497305
218.39699349516965,117.48490984117063,504.9176643861948,686.8249079571817,380.4651350992764
182.9301052098832,115.95891227527964,388.35135011921466,365.2120910353765,329.27495179704346
192.11976008919544,147.3192385409292,387.55772274658807,679.29269141125,342.4121550607696
158.6955959692871,120.73136669969911,350.20714572507086,499.3782986392067,305.5764663377036
228.4564329953388,202.19317790065028,381.4591987922911,476.1479297074362,289.11118466030706
207.39093994157707,135.95657646397345,457.5379850423841,676.5643501722868,352.2543884890665
216.56091537869995,148.63890119263453,452.00875460351875,763.2731385391294,340.257291448566
181.37105514685965,117.32507726968382,407.09779662753516,392.400927388215,400.2117299184917
204.12620235268398,111.02267693689379,390.81553455870875,492.10742773563265,343.22259723806644
226.1464351158604,151.86072209950632,395.7549111009779,563.8740251785832,357.74034688046436
229.93162759974604,98.85862252527765,344.3832272423901,440.73507619625633,313.35237297988084
191.7480022245983,140.62790005248675,450.3497955652556,451.134025555377,353.51553804681987
171.16083987841418,142.84492595740124,365.68012868709513,355.6296722667754,283.56508872111004
157.63050674661596,138.89102172152732,414.66040230529654,590.2045528177127,268.84832049909073
204.51725090875746,161.1973407157763,517.1534833570614,604.1215838437511,365.8616082052214
268.5566031112892,104.05439971115952,380.3505581366199,585.2786249910245,353.5104787570576
198.0168722711164,133.8993903862754,443.9991870066463,443.65061240337786,297.5741958262174
211.25048139733266,214.1710716834774,459.9751321288044,628.4853317439035,345.3617400624298
177.2823546954596,171.5711770723827,384.7880135812666,416.6269312651262,379.43783429601484
174.29345162465327,157.66478608407482,376.2581270240409,456.84805633293064,345.6571077242221
198.45225691125242,171.51524287093986,451.43190455021494,770.8354757837125,346.1875505737236
177.134734198768,193.2310305606099,406.0812195237944,631.0733253120029,302.04248641542915
238.32313744868884,194.54257529007705,498.6579593652132,737.4719421112959,396.5739825330299
230.9078882182399,100.49840826192337,389.8998348554759,508.7813381560633,391.772815420846
195.18688393206793,121.35363057442197,463.84126222681584,440.75258841828725,288.7816662324676
189.70511070885152,170.04248595257505,412.0040198957027,523.0593658004557,285.13152297519366
221.98183912722496,144.8681692571846,438.9087380048252,522.8652020703889,357.0029560585289
193.79580856628564,148.6805971816411,445.66413428720375,630.4784833642519,405.61091183908843
186.44145868826723,123.3688268198403,408.62614613165334,412.01833607299176,339.87101801115756
220.5585261863984,131.92325095325458,399.6522469025207,499.35684402975727,347.57268088906295
195.27079444657758,174.80102728917066,405.2582589759951,516.6967346338907,407.5251716047633
182.8729374639234,183.59752875328638,450.02423942190956,603.2630649306827,345.4984643044495
236.22516082233437,130.4129424742929,420.65301107209035,804.5782818569363,318.77212060329015
250.1781249367692,182.82127327876879,397.04549155549046,527.7734061204652,326.85901798562725
214.49066294290267,170.67647551303642,348.8537390047119,344.40198052516155,357.342179329623
207.86131106546486,156.68750703502022,508.2920379214529,541.2702263196101,296.2902452241489
212.28734940547346,184.64319743067085,404.6464477260816,553.5972602676062,350.9200682801493
192.20875925105673,143.78016912040303,370.4838210112319,468.44976114705685,289.4055768697414
204.1817386753406,126.35769949212752,429.860930485093,553.8930744863983,354.4267977338997
239.91278330811113,180.9733379613012,501.5204561449458,578.5616449901556,422.94229854835874
189.87335917001639,131.09270731210233,370.52850842096143,540.1958064244998,346.1078575599576
218.50636257057516,161.2329989720657,433.9298796964517,516.4921649209004,346.9466167092306
180.39310455014504,129.7369011041281,400.42840366823003,580.6164505180653,337.081078293281
199.84380091150382,99.91164700744805,366.7187121599103,635.1352459646131,281.18030414276416
155.33087059367065,190.51125194348924,413.82771376241806,569.3465791064405,325.90206914341474
178.6119998048222,135.59356380833972,373.8414060360887,409.45676931589736,404.2282619375719
259.5301508407751,158.60466756493048,462.1201681852722,637.4694600759007,414.49063607021225
261.2707068328559,189.05057579507425,425.0249492276972,742.8619253366943,336.3537613549972
245.00381080442375,179.8505858001907,426.2320592987349,790.9921090544666,400.79526456542703
206.13760899637794,105.7482269835489,359.19741751235955,462.4908405645364,317.18343219886964
181.8600478884692,95.14084928785584,460.85033003388605,497.47267880336256,330.8034845034369
241.05879284527404,147.92716310442074,422.6723361554083,483.79560761572657,433.6298267645419
261.9528477078124,142.05628125470022,366.4819215980868,579.1059738751525,403.28759158070795
183.09893569346636,181.44035391963,387.98885304989386,362.53047810091675,309.5803324322844
198.74396397330747,155.93749733997487,440.0336157678127,747.5509868150613,344.6039188777544
208.69140064468974,130.10418426603803,439.19740674239847,655.1419335914774,276.0022691597931
162.6850902866593,149.9044119409086,440.31125301875545,400.43075985084636,350.07371694254925
210.32567059756096,125.92608268155377,477.85765246090347,545.8907102049344,319.375012053584
200.40140245894398,169.0636845300522,471.4411467523876,862.3461854968281,350.0015894127352
212.47481976434025,102.41618232920129,403.2575808907946,495.33254213148984,315.55893654969765
253.80187769545654,179.92642129898178,363.834184854853,697.4524471082555,379.2615776730578
160.8907065437294,148.28644797628007,449.32525322105636,394.46798857326206,369.0985593505858
179.43516141226442,140.5421535126173,470.5788746283004,345.246115153441,315.3528856404336
231.5975070753792,165.92165665368017,444.01134305666113,548.3396037880103,399.4867339128593
180.33702264227455,106.18781342865807,387.86101743080445,361.27028543123356,307.71897664313775
227.0284477935724,169.71576683630946,423.50771147099124,635.9005388689262,439.75962800807616
194.50511313654368,185.1439956299683,516.7918157950182,697.7882035297054,353.50513632228325
198.81248282526397,98.71471361813848,399.2796918259411,547.4121763996824,267.3944801231248
213.729586375276,157.09184455667744,411.8052490812739,492.4627888826069,367.9340738651708
193.90163469365638,115.77045227237365,430.1379114410585,409.9886333143444,368.7674988230113
246.87776578880823,156.6629254303999,407.10457537779047,710.2987441816734,363.40266399804796
190.92861170772255,119.00334877125162,361.96209732317715,329.9014829985355,365.508532426875
157.39450043184885,114.48123770042139,411.8807797867387,419.4108778392579,359.7839897142616
195.35721972336714,134.6881266322556,425.5761054326649,444.3813253634875,306.39565499523127
225.4928243019387,156.3899365806858,432.03573034245346,665.1410211573724,363.2920731643458
200.74480434755148,122.65446504541183,426.5992620102709,475.2867115365178,446.724778589009
233.79668571251057,212.32974756544354,376.825760077293,570.0258253815022,335.5783787220753
193.33862051526347,203.40275879694568,509.1928927734817,786.7774059722198,419.1033936194647
214.98493534637316,139.50439585719516,422.8672037977335,426.6869022469243,314.3814210128989
246.82676454817076,171.3939308890248,481.11943795095976,550.548941244979,312.4408256343464
206.22063489522685,139.26244551438072,452.952587751299,544.0520121036662,318.89903310969277
214.099356057084,132.4497287533118,423.80351638387066,648.9995466884451,349.88887945704823
186.90430150379183,116.91295702820697,433.5736846233509,455.88401075822213,357.5460475199027
178.44551479554227,141.97768183712876,394.1388582121553,528.6775474487727,316.95488425753143
212.9648117355844,177.73892640892964,426.063221967791,575.996935946417,363.76995394661304
259.12484676449225,160.41504396580953,458.9949263581507,383.109493792817,429.82363477106816
233.09841141321183,153.6000282333333,430.89068725851956,400.74930878245544,272.8800532004403
216.79713484120217,139.95167227423198,334.5354139120432,402.07698312218986,336.7487835937862
195.95783452411655,149.3269389930158,360.8446007151361,686.832260916429,270.2347823906282
214.17719568322798,177.3055334687091,391.90990768406414,672.1738243215041,323.0382916981845
207.3819108451521,190.73866316470787,421.9539488270888,676.4482532754972,332.92515313481664
213.2735288910802,111.04983789489395,436.1777655992885,394.956344502073,420.9181552826281
199.66750419358206,178.24201550140302,415.2779887543498,451.8609965932946,339.6149269007558
222.03540241551357,170.61357928650293,422.16256845392576,492.32408588208796,366.52610008327576
217.67017989273475,115.10214726042342,374.6773690656949,601.5989934891404,331.32476816308196
196.04994645655003,207.07330935727953,413.81760949614534,751.978654246348,332.65955770794613
218.73096891151934,161.0154145174948,380.34972698080634,364.64626732952587,284.05018874786543
214.40350731136502,155.59497986967665,433.06487608935635,558.6130345090855,308.22386062813445
204.8270442519362,136.398790198679,445.6040477567578,520.7607862074025,277.0506645145225
192.05750491825657,163.7476070677618,435.90896547236355,479.1668425209646,402.41185770049185
182.35248305115348,126.80370540180711,441.4823168439511,460.7294535985451,351.8735665531085
253.8124056775525,189.2371857236992,449.2335051006979,818.2649589107609,430.01792482676854
157.00309365774882,158.69790567574597,345.9573854381816,651.6861413184604,302.58427402963906
214.86399044735234,132.76808931071486,389.6321437651086,538.5628045337446,294.16303852688964
172.6853675869294,126.28407356053009,421.8583994943503,341.1881126700199,317.41547815183037
157.94804827202802,168.51205301278299,364.1526940353632,463.1207352783946,313.76407873857374
169.99275544366358,140.70594941455892,397.30554516721924,555.9375509668646,338.4674809227245
257.2377872584893,206.8620923188685,532.63167985872,831.6849162025072,409.5679154228228
194.92827400812624,164.66938580651757,398.5972125656005,441.85882895470496,294.66751231524836
202.18420583442108,148.62736903391968,487.95868690210943,400.1517804384972,329.9982815276641
238.96810072209541,163.2768055003945,520.0615541450445,692.559006553366,379.403190085884
207.9657583184573,200.6899131986473,500.55791438503474,770.6782837018225,361.61012536522003
212.55230812929764,147.61727176587004,439.75637015538973,358.20510702446103,331.64406433759507
243.29011459454887,145.91400998613142,375.04036513784564,437.5041614146146,376.2138778013879
220.7942500991574,101.47211191735806,405.5001066840142,519.2770806134158,340.10764596051274
208.5915819849878,153.21265727315432,474.7118955150506,862.4868812975172,423.03601560601885
224.57034171867627,134.02498400960366,421.10985262359475,554.0648399506775,333.62352268003406
184.134709006434,162.21643379563415,474.40630565602436,595.568227633761,416.49434220220115
195.88851767939175,135.08342692956387,400.88725420115287,480.30705444984824,341.1457155481265
197.77438037514054,140.4207999930878,433.5057596083356,555.1375966906455,414.5239052602258
244.36929313854804,160.99843076449477,489.4458102365247,688.334501408319,397.30641319417947
230.34746981172805,143.71661483495606,432.03290968415564,651.1016561480125,398.9399182417536
192.8296472381154,106.8474127241121,400.36857680144647,616.1086293976789,312.70600126241953
172.61283560302712,148.39079906997964,385.38320513288545,546.5784873237969,358.0212275568609
196.86551303596727,224.88714986535106,496.0767427506036,855.5217530348283,399.52632114647884
188.8011512761169,115.82940499365833,392.522430966131,482.7588475165315,279.90269093991435
215.29678773373737,165.19883390545417,409.83897158411816,583.6294736768076,319.2820284813029
214.27733744231594,135.82755248418485,453.0796046727573,719.7705998890377,404.147270243343
191.70632777675857,159.94100117783358,394.50289208738974,540.111553508501,374.7131678408741
198.72173845017437,126.34496392632667,465.477416512328,393.1793613028058,340.21623653569753
182.15268538819038,139.1929090395632,335.2465574560853,402.9617019189345,331.0257490831003
179.8974660631426,153.56100449959573,412.96654481238204,389.6541816832718,338.56942683806784
189.90437317293998,150.7752233146451,383.6840808659768,487.2578853925559,313.13669369347855
174.7708945007832,157.49931045834936,403.8084348802556,690.3635686527796,353.0200521370455
197.77648385568838,105.21166052628814,389.35647952781164,655.894910864895,363.95355980602716
272.0854578590096,125.87203123436107,437.28345672029764,693.4928399656185,381.8113801393259
214.20998512094525,127.1443805922418,488.3372537326275,537.9473602051952,298.0420283773972
179.58654402984266,137.9474603419552,418.4266331736898,388.81251291537166,376.64370624557364
188.5319092437782,146.5999957184329,458.04270957828123,465.9489563563524,316.1304374129912
221.1508759679008,159.5010770568016,426.68125058927285,625.4601994438859,359.45977182494414
256.2401768864531,193.41761729421393,501.1591804207855,447.63795750719487,389.5183712371567
244.77439495378786,146.5560915292898,424.21164309872336,650.7587324419791,341.6518078140898
220.76441774239905,165.48517898937436,398.28318000706776,611.3947344245345,336.84780035600875
211.84195159323593,120.23080077268195,458.0747159495645,538.9810447301537,365.4914143263713
176.71655877289254,155.46807987965667,386.8738089839576,647.3781477643328,359.78288316169017
228.14936879031015,155.39981354735258,390.17190166246627,447.2356816037748,340.12107494203565
220.28201547011398,165.24739230950564,387.1687017289324,579.6710120625507,364.6047920193577
257.74950027662175,130.79867547377538,425.4462011427135,560.7168620507036,321.0911763707951
212.10294402465018,156.84198624084192,469.9710660263565,797.9575138261308,425.9441642109489
206.8786433359343,103.86155313465618,430.80285333794734,595.6433966061019,363.4514116351795
221.93448005311947,120.91840590451943,403.2834891199222,497.9924909273174,320.6340883994235
195.11895762860036,112.78785509430615,374.2450216940766,431.6705841844551,336.30800962594094
223.2011689106378,132.24814548038145,472.7467604046102,399.1785452043431,390.7618036129567
193.79885629010542,113.96799797233517,358.19147858763785,753.5074241108383,332.11052680466634
231.9348197530971,194.64325408961736,423.4123578874399,507.1419250222691,344.0349320911534
238.7499578638387,154.73375420779723,422.3222487554983,377.5624654491086,322.97668032523853
176.30472542538718,145.88400853419245,436.70485724125007,447.19816960828274,390.8884813309117
221.31009656646768,132.37252973532168,437.9221824174744,737.1359067771581,322.727830682803
219.43420288440748,162.96686082128537,441.2703836387391,446.7192233579288,333.6582227222315
169.9613057256424,183.1758225064113,497.0389489335774,676.7319361568658,369.5868803538946
259.89681894750333,210.11618126059543,450.19646471463034,851.4283341563687,366.96142015091766
172.85472261127998,185.4700721272721,440.72691243590305,861.0008243256888,358.7145516104085
184.70874299595744,169.42614432827574,389.1113860255427,617.6236259644627,350.35591140046057
200.18876047616106,182.99533306160453,472.36171415760157,790.023823939208,404.18156680281453
242.32078449939985,135.53591452892604,400.2201995835491,453.57195240758045,333.22240782774725
214.9773712579213,146.18244589435673,404.0398390310736,534.250194853475,315.46106549125255
221.9381507565855,158.58765074502978,449.5676080569037,372.73321890992156,335.3782003715632
209.02133555169198,154.48511979107877,451.45379845269656,441.7050570374275,350.8648883471334
218.67452750947103,188.791168539644,458.86405414839044,688.2640604890895,348.15907477628724
225.57576385670967,173.33697625509203,399.80488726213366,541.7235130623194,348.8180417366647
231.58110781337106,193.20787050489955,451.58035039061235,739.9698693235547,430.51463911560427
170.98389410371624,180.70436355109842,430.9553145900035,540.5064964251484,326.73802156462074
167.37578886467276,177.49310861403478,400.69178088211066,558.5940788088576,320.04026710516393
156.5246580846089,165.74000935536242,391.4984071666083,530.5776235328244,304.1368851390902
180.56039179744897,144.57423954430504,405.3252670792021,382.1430023687692,333.03400563444103
183.7007620217918,102.26180411504379,347.9688121112265,335.29621973779,273.41308130959436
224.36454859415167,163.7742432349252,434.0690897163361,462.7303135769081,340.9243993746867
231.80917292412792,138.4772678857841,444.51587203108943,610.1075677061311,362.1296889668658
167.83280932750495,109.72455278062495,379.16677345025477,422.21256395922643,329.102047890065
214.5852635321918,139.4128177284806,423.04261076263396,411.75450580894335,350.74453322975785
147.6945132645707,109.24411395755743,335.8237940943222,385.6252591815865,335.3536354094669
234.11236271334974,157.63349495878933,411.66413355547405,715.4750063490427,381.16141415916394
219.23569995136464,154.31031166927653,480.4919607746293,596.4908925237816,432.41333243398344
197.478088451423,105.32871752506647,357.9153343256882,385.471140681177,325.94053403093545
187.40503054380957,100.37738556598077,374.65781249833475,453.9470464985911,323.0850042011792
214.8600623911087,153.75524426161286,464.48436742548483,539.8439825720648,347.6283438617999
212.82869755209907,134.7582984082045,472.4214148946775,566.3362744717288,306.04542106760215
215.04761745809483,146.69449595125715,398.6206708112157,682.1941891402522,339.73970906895744
226.75045363729737,132.39589332690113,474.93689147979694,463.416716145558,322.7883212063423
217.83771954282054,129.32532053581934,433.1623525598955,378.0630456373891,338.6045188212432
189.72021711995424,101.02476990318249,398.24902127594623,459.5268568306934,346.82891384108837
189.84789192295418,139.3560982531963,371.1893459114427,446.60160752124176,334.02291533627226
149.4389638537954,151.64482751262756,398.58912685568174,350.5351540243014,358.141499311718
196.95169530870405,142.6582617245779,399.741936338618,403.6638424808345,293.6956692370956
214.69638446079347,119.07584735167852,469.2029891378548,541.7774935728711,380.31860736617745
222.7450069607255,132.72696545862453,456.9076351033777,506.40980159784726,308.1757507324464
203.8955579744216,118.00639339983687,395.9352605555956,478.70143165682026,341.22425798712044
242.11948982129715,216.42677110603287,525.7355710777589,873.2480250582247,332.92682539930917
216.88696382916388,177.3925178109792,481.07137485963693,746.5080859075152,359.2780297835918
216.79755507022108,165.83544531760762,456.7675560644651,816.9040786132614,440.854049099863
252.44913952070073,155.80097710006382,465.46380722218663,556.9385753054185,366.47958781071765
222.43162580104146,157.80596989492972,442.7230734890185,624.7991331947397,357.1770247159138
158.8987569128218,129.76438834798512,379.34696286379346,517.4657027190829,358.32756510800067
211.6787118006112,107.50548942796947,454.8522685820258,779.4434560645878,362.6916643314494
205.22175646573132,116.720369500874,379.31710174524244,672.3274294975579,347.9298770803282
214.31570775184576,145.98950201280766,434.0393290079374,635.502296522945,332.99436364700847
204.12802894870507,125.80023220046277,419.72091528636673,746.4113811480332,336.2677178058811
213.2668186865814,197.14528779762904,508.47617584930356,739.1569765431877,329.45546903891966
191.2513069494653,159.3648850327056,478.9398181625769,520.3661721234097,388.5213806760311
188.05959530609164,158.8196717867568,499.72075287447916,466.99891925927443,342.5119653194534
222.27438385437551,204.52867925320464,427.025474226477,573.6190423956452,352.34396881438425
250.38182248898954,152.85875898579886,463.6079257611491,754.1888060593695,417.094583347482
230.62071860156098,165.02316798922178,498.26665150655856,560.5486208700393,368.9536277123367
226.9021513541139,159.15427992377468,416.68500821571456,447.77554215305844,349.17544939187655
241.79212189994408,175.29080559402513,496.12979775663536,829.2592352552779,415.2592223939184
241.83429273911906,118.569697814363,428.2528845459736,528.8137790308211,365.619825915107
231.76734678776396,193.7632604188061,431.8086561747624,607.1504436739435,381.0219758991479
175.9386131070922,134.3771094971399,417.5271492796049,503.16161123977065,359.6313434897432
231.8737850676257,127.75888786852278,400.5354929959748,552.6657818376962,342.48476039052497
206.1172580174305,133.96707742391922,426.1235146804433,607.9296074773956,380.0083207637942
256.56708822503106,139.7351017260267,365.73429712690427,334.2343732935772,329.63701125651664
153.64204471601235,167.23126427172173,396.4474528536069,442.9344611264406,273.26117651379514
245.83632721670557,172.96965272737987,444.1401952653977,765.239498046986,364.02326163902893
215.61543455872308,149.2679487834513,493.2667623717415,519.4627786023859,350.2010453060566
225.4863025765852,159.81868510679953,483.3610133416536,417.9875737945415,318.4332703402165
238.558647182694,155.89419776968643,390.0048031417896,514.4686211337655,329.62723401342066
184.7331376861328,170.98084574693624,366.03069353790806,539.3983357035439,282.03957584214766
201.9323541785148,136.6107882846073,413.04054112676664,488.3457725336798,320.24722781179804
186.06664927060865,177.57581213565635,456.8036904804898,726.3730456556555,438.82523643252296
221.19319088103356,168.93151646553696,527.4983610557942,743.646415941575,360.1981497209716
174.82467088440467,133.10670404163247,425.1911524537025,366.34224186455333,346.757909455141
204.029482114257,142.76254975906465,520.4276653078338,536.0355692941018,282.6814419019951
271.2087828237165,192.97877874092606,494.9543489094815,542.6774099215287,368.3388833492275
188.94784107232604,214.32651579014484,412.9398156310408,771.7873177743886,340.3019368098169
200.39168663150292,111.2441370856351,374.270615617644,397.3321291688196,349.835632298116
190.05077040644335,143.99385387491157,362.0782037946889,498.32276095856145,353.886402437041
192.56227461215403,144.96916957573552,500.3985759199169,522.9028641463394,350.6419767317198
202.02529060486998,128.36772443801118,422.61498350012454,438.6311542780344,415.77144928047824
166.91110909221413,150.7920234557267,423.9224640205796,507.8388022427749,340.80575450524714
196.1493644942397,204.7220118567113,511.5685391189019,527.9262827251963,347.50887245738915
195.69998251261606,136.08297386167357,435.0668177780689,576.2244637661854,357.084938984082
178.60847907560324,127.07819677482478,427.15936638351764,454.0941656845248,368.33302999673117
222.55702406841274,162.32346015548075,439.3383532540542,834.9939238204797,313.56616326763935
270.2303674591063,139.7098586736237,446.65137655401116,785.3921684540367,348.2319922793549
217.65340635864658,115.69415929731683,388.7792455286007,613.9703929078806,409.7495927660728
218.03500841921655,120.90467146230968,441.14431465487775,552.9118324634494,323.24114480272914
148.54110710208576,125.60104489843073,349.84249209118764,466.88184770396174,261.5979291719951
190.31212212639304,168.99916998456334,466.0519433318484,548.0109846587432,319.74491347981325
211.91717512553694,155.80059668091178,457.3102237644507,484.3626880182289,348.8848396782892
153.71749702017473,121.91942938780491,379.0368172746431,478.12975355173074,336.5286705224743
203.4134676622329,140.20726572313674,399.0679306485952,548.2190495500449,334.3088347749718
215.52589680898686,115.79416123045452,357.9390081676775,531.6248727309352,328.45114473761276
183.30752450797232,123.75483393248763,352.1574821908096,538.4819944016425,331.73257522660447
229.17535346770924,144.57079640316658,376.66269884403783,428.74141407050615,398.3429700888814
208.05136437999138,124.51458916428821,428.9175295386291,494.6957153312467,406.17315409610194
204.04102245443727,174.7428425302544,436.9343493776014,587.9703777872987,302.2666213302159
218.83916669822818,146.50816228247007,430.79819473923834,719.298453282669,370.0812656748653
215.11733354087514,162.7179885580804,423.3360747536542,500.3380096093965,395.8112942954819
224.53919084651312,148.34355358438492,426.17353254979304,629.2621293431938,331.25078364400906
155.46597909465729,162.13036055850327,345.3947121237889,436.67638957738785,337.7981831919662
185.4428276189703,133.02396405513397,328.920783170585,586.6730576098707,273.7703482094505
173.39086558537343,173.22127796522477,438.97226786591335,518.0636708011069,406.74598593083607
208.35429258256735,173.9635162676047,539.5401199492428,443.0528541528549,371.85507600366856
164.5269934860266,146.41723378214152,344.2837205211865,340.15484490959244,276.48605224212326
251.30510472355797,219.35950931781852,519.5502901643187,639.6262887178561,381.3635670641359
190.56976027582095,138.10375044338934,433.1891239138098,483.22583222445303,407.64875479427474
263.25014911032207,118.84878731674196,394.96137875808216,719.1741057484962,364.1310503639496
235.5108070334978,215.69625583276627,434.9215360621862,632.9841402273413,306.8546326725318
210.5160841889403,115.42705088843142,347.14210168720075,344.17337432713293,370.43035701057755
209.1039424893818,179.72217480380692,404.9592376472178,556.3787931693638,338.6877884581712
189.802502788978,108.40105113900366,380.4879689066046,467.7760945668856,372.2522633260621
238.9843217626274,182.34824234251508,510.8075078594001,860.2026708516775,403.5981416782696
153.09910242088674,98.39679463776163,336.76054698429033,409.0978114201199,283.1593271974051
248.71536740163666,177.93336054775298,440.94535176871125,643.90146149312,376.25491010517914
181.56727644191398,135.07108401684084,368.30249775654505,527.2350567248733,346.6379405970917
210.92159360193924,189.25464594090488,434.26991377480374,624.848250303818,285.73225387089326
214.00982795665487,194.9252986706679,400.79068008635886,719.1759958837905,366.1249221189168
155.99678165911843,127.15923660939418,400.8705276309925,692.3855089290536,370.6536438792621
193.53204367998325,148.54160918525596,361.541819191182,551.1832081440289,322.3634150595426
198.5570692482912,141.81455848911997,425.1712811998441,506.14501104361045,296.961008431897
214.893756586128,129.49993120568,433.3398735033655,627.4464192852491,345.0728530372936
209.2157024497169,139.71797268684745,451.41367944638546,444.65409494355214,289.920725192206
209.13384833161436,146.59159922475584,542.3192740157197,835.6157995476564,397.5142032893432
215.8476803807562,138.14920293154825,430.4908763798955,414.74092282159944,369.9832139392502
164.3895814027844,183.81976556403333,404.58923675770706,357.0434184035606,297.1357265400726
160.6581159393303,134.91592466366703,446.1144835652853,344.331973987777,322.82084111572357
233.35273042303987,150.07196182643395,453.37380391842623,685.9339046409589,331.3722449016416
263.30009817446665,218.16550998994998,444.3526977862106,632.0523868179232,395.2331731341242
230.05779450390094,151.16889734011932,435.6265938951932,497.2317863589861,383.67105070310544
214.3320576293927,174.73445824226735,461.6655541619565,643.2829079616969,395.4744517890452
213.57525041581997,139.64413607481447,486.4449991003368,573.400191131183,410.5446529503288
229.60616679416287,164.30838621829628,427.51145669226565,642.6657107868049,411.45518533465116
182.64579378823677,154.9413695971701,391.00815268819383,480.9792345693535,350.47526075949503
221.27438973735332,123.48534846845789,455.88643864546805,753.7817392882839,308.3672909539368
213.53600492897402,159.3616517001527,433.18519761956816,380.87333400089335,337.7778603417805
157.74844690309175,164.46190357287063,337.6965583055035,491.109803403597,322.3515351177641
208.04221999556697,97.1864422421004,443.41529403060406,350.87966290518926,329.38441046251256
224.95808334497295,110.1219081179809,463.78029815322395,736.7765390301287,399.2535938450248
186.36922374077497,151.48861303415094,519.1452681274714,627.5548811040192,346.6419200149976
261.8028319672568,172.71027442525025,470.71761674028085,827.3905345930212,360.05650297622685
248.16914454272032,142.1122759229767,427.0382458561124,535.2487182887908,362.3429682428094
189.0652834260543,158.5368081323928,476.81413898692807,628.99778117105,294.0873770933772
205.6547343565188,130.81520841795026,427.36851946564826,359.4051742123711,333.2733388776871
209.8628469746266,154.86424742517204,437.3440038396829,751.4523372123459,340.3152070098082
156.9550053230419,103.10696897606095,377.68008583018144,367.64031755026275,353.365242593549
231.3880262329801,136.45018457395705,485.592977482414,649.4227997618863,418.02666050695535
165.62061769600774,119.90503612171034,349.50864768854075,551.1734337640862,427.7121092221944
199.9258264926504,225.5246591709982,470.5408527061829,653.2424567960621,440.5399590651656
191.95302479447295,145.01541118066208,485.4020634002938,629.2745813815701,274.33784453012817
159.7424356244184,151.5302928230103,413.5247137637512,676.9921680143441,320.6851868340457
187.85165617685928,153.4704781663882,379.6340174513156,641.9471534213344,284.95794028882057
203.5906537875168,124.95795132288954,374.26183483423034,376.555246272564,307.5527406975071
153.44738427056862,160.93292080998592,482.44666051221753,489.4984024593036,357.0049195548407
212.50939591329941,104.22695555091876,379.26565348952863,628.3989037347267,309.32173182646875
200.96616401904095,171.26791771391152,352.1147575775377,615.2716903868651,284.41534966386587
248.30067603379493,145.3770290489517,468.6684647959078,740.7191710984526,400.28723374844003
217.0861556696675,139.53279182442262,419.3929573101435,522.3389845319622,392.58774355506677
195.90885024683584,147.33940258935252,497.85863596595357,582.4695504420789,422.024463398971
190.14525402856708,179.04348253914225,514.1640853226687,667.8920853117198,414.6655006099734
206.3545220906338,155.29661553447403,486.64812023419074,643.5289818287091,300.63536120722904
246.36103005427915,103.73612180588886,423.4365465320955,488.5522816800548,372.67330462839317
179.43995603425068,97.75159598491285,356.7039205477614,334.86370690585653,310.3242320802988
196.54642094933956,162.85860427644838,426.09181339469916,707.6036568119201,325.7468342914868
229.8184638491864,154.55743223487025,377.1000945232515,378.5349155613732,402.8579566726346
250.78361470263073,121.35684031074379,378.53564053484365,650.1325050257582,309.10881376868014
218.0451318150458,177.01831994448338,503.04996418515987,544.2126021901641,382.3026690040834
190.17954476921668,148.72531802993805,429.81926982840093,472.4207225603615,310.3773722548528
239.84964508789736,181.76489105992007,526.6665525582387,797.3711672024043,394.1671950508929
178.1864206653872,113.23989672901567,349.56161477543327,426.29600441193753,319.050115627292
182.96887777576276,155.72238984668903,451.1588905408361,479.7802138568202,412.305760497591
212.43964924723542,171.97026453836258,450.86592017689287,518.9206458082631,318.82187777739193
163.19902969225066,135.25485858411164,388.6323658472737,437.1937993164618,323.3887931300623
188.66585169691646,139.1049071359943,454.1133479735132,400.5568812503991,345.027814409106
213.41270876308315,105.2934420149093,461.79214029942057,442.5213418955152,329.8087798424639
174.3820679919313,120.55356924989375,334.8272492649959,553.8590842314919,341.8938629351716
217.53993517377836,208.84963127076963,529.963948948831,804.4692984009016,347.09620100792546
193.0563223487414,165.1287889191082,467.2855134625299,448.1015566047883,329.67108045177343
233.1948340139829,144.9424995045332,388.79299079061417,778.7894856735717,433.012417420266
206.97180308419686,155.1081835380477,462.75450651605007,422.36750316103496,352.7092697622571
209.90977205735373,161.58981403698596,426.49117652689034,618.7707346651987,330.63214029888496
244.2505446506762,137.41969942657803,379.9013615559988,439.0158216620425,400.9604018003944
243.41830543125891,115.55408329975218,381.2692154879995,552.4435122531098,377.06986156260433
218.6484243371908,189.83006907904297,521.1519589981472,582.697138325265,378.9611432648765
232.42449116202218,151.29459330705419,530.459770630849,738.0468382138449,355.282217446284
178.74846024952888,130.87920316713726,411.38496441730786,396.3149286413534,322.83212835287355
225.58540896116682,146.7974057333628,427.3236900859608,383.8257015289297,337.9081435035124
219.37108702126645,170.73279385415574,469.01912939581,747.8086188229861,325.03584132508047
163.5885275561851,123.05507349387835,381.8115136530348,388.8414751617608,319.50516846746086
213.40223814164486,189.81710698629857,457.9146535449637,539.7511750033774,343.431160351322
206.6694156485821,158.12706552510133,350.7811651221185,479.1268344812985,317.56448056378
208.90606813756526,113.71724911259759,417.2919666028776,389.0556931708414,349.7638262091036
223.5156962974793,154.17723778878542,396.63635500801354,581.1782416973847,353.0227539978573
212.69643593778324,151.49556422630204,509.46515659112754,641.1296488395997,406.0313277895236
244.75175286783727,150.35686230171552,442.68610831665677,849.26848610164,374.0648367084679
208.09824829241543,171.18613301144836,447.76338636504204,528.1617633312025,377.0205234731083
187.31550626747628,140.03596194898154,404.5172275498106,462.3459923037972,377.9822609736131
250.5258313316057,181.5693954052584,458.10739819051446,640.0764843245215,436.1107585776806
203.9204345910713,152.41217484065427,417.86815237371314,395.5837437456577,348.4040455810376
202.48705172988417,106.30648458723707,406.92154664412567,364.47564802749804,372.33733121660606
219.4494860702986,140.0056167119837,386.3495642035002,508.76920850082433,311.36113898551577
195.72629389495887,170.7506036189423,426.99719007916417,558.505529899144,353.65854752452793
258.30029898957645,125.03991796433768,441.1900149663881,578.8120000996621,347.15620742085525
153.24717811014847,154.29069077720868,359.724852132994,598.3466348792269,279.60823830853184
209.69591316555002,144.62561006090235,408.0068877654765,687.6659649214006,387.3738943512181
199.24581920318423,131.93665533303638,410.6273079378162,642.3999886467269,373.4566420299687
199.55859178596853,136.4396975664549,384.4220976049208,610.7797741763313,359.44443296475976
194.77556759652174,141.35471247458852,415.80532271538226,358.79277236073534,379.87958235059006
219.9288069703138,144.86500686589292,392.886869447752,412.20128594208103,305.5389351170811
246.6888977015549,110.3134855839972,429.7148611716909,468.5447134440619,369.86572832770673
249.2401525706214,132.2057299721361,448.48118124734026,687.8402811782244,318.75411501753376
182.7150573013759,196.58165611373383,435.30687505054186,466.24266885872106,285.1154657030825
186.79190904326643,127.86264130430203,392.6313440927384,365.1210423584704,325.7663079684452
201.20658784804414,155.46267144126344,430.5277779271599,569.0297184195842,368.08084783855116
225.39742866875278,114.20231396293084,446.58879377174765,499.5615438087588,422.9185143862723
169.57349488057105,146.81543300081654,433.5173178076421,680.7716345541281,344.4991680644917
206.746665357329,170.96501404522172,471.0105646484868,693.875312009115,320.7026519667731
200.2477273527263,169.03260016383038,532.7530421127651,857.7040563805202,377.9482856433449
242.9791788180737,142.26433227907552,422.4691400274066,455.57345314413806,309.3865472348137
158.22042533474595,104.92120684645147,449.4159397597536,333.91357854258774,408.0969461734776
205.30983885130868,189.2717294320321,426.2368824204407,776.771145996369,371.2777344538018
205.7575260899163,214.88944683767028,535.3327845852118,733.1555697640786,382.6806804476863
183.4168640806861,118.99594725998472,444.0983213989953,722.2132578191081,356.07457284043636
227.26546249350343,214.37178465238793,500.3922402348992,685.7297773934895,415.1439865139234
220.69279373925903,176.32780858048508,537.9101458929816,748.9367589468305,383.4038293723203
226.16987554396368,141.53557138411273,453.164754977283,366.0647096524988,305.74240776889815
211.42381035673168,159.9400326604921,439.07288780116113,566.9387455788134,321.3354463758655
194.4882607603836,146.56871013253988,385.13295711644184,391.3986539400067,324.2778539394947
245.88271385449283,167.37184156776524,358.63146823317055,472.8059954645728,381.9536231225497
184.51356851882605,109.55728126984188,384.05203800547673,561.1476961101349,280.049725271109
242.22953000380681,205.2626864742936,449.8432399896696,593.6021018048206,361.62233225607343
242.23649159560054,206.09942977831503,474.3372522395173,533.4102552346164,324.9138990109688
211.41372215445077,191.40886557004873,504.34783227367825,786.1075741565833,380.1677159633537
163.9180658445145,155.9106980456595,376.675150876403,700.9961216552321,275.6692375151399
246.5978869805527,169.96849127702978,487.09184030532504,648.984023449556,406.7877181069003
231.7461995036194,148.12452825000858,415.74650361162213,600.2122668080925,374.96261847500847
159.48282052064255,130.2687267985525,397.1152093104337,386.6751054608361,282.32574267675784
220.2806282197363,129.83778576108483,441.70727216896296,535.0664292898977,365.764120317341
239.28139237642938,218.5110416986805,485.0885361912882,627.7515429914375,339.72322101255844
237.88646298208985,166.05140461221725,478.4497347591173,767.1428678531364,416.2055470019764
188.78756567461693,116.68440297794164,396.170730301167,366.61899602548004,335.7939002080832
209.35677965769514,101.56337522376089,348.5696347713391,463.797903260219,306.6831764839017
232.99378240641857,137.7607837024245,454.3472858726651,692.5338224581852,322.9806963937308
159.41790339420646,183.1885604223098,438.0449903092862,558.5657571323226,341.3998213178789
217.50688314829577,165.39818548394382,384.08308225577844,554.106965210597,349.3377075650514
206.0930015873624,158.07010758605585,517.8493358214391,584.2294760546375,365.266111355124
196.85774549763056,144.94682459137928,336.6922527738146,497.7503073927848,315.0169908816131
194.3177475011784,151.96580440453104,447.0738616382958,542.7386882414946,362.11952715122123
196.8352580887244,165.46172661005332,523.4788540426662,599.0861857073677,332.63175869663144
152.29781581486387,140.20083385066678,357.65430884967276,383.2802190534897,351.0653619668646
169.91275902988892,178.74560363085524,450.15863109970735,576.2756406027852,300.87272255170797
215.29583522092184,178.69014916810457,454.8159541928367,519.6277481122804,365.0300841667476
178.96931528233998,176.36417587719183,433.0849872556056,460.2925321136709,282.8674086111462
177.93017771112014,146.62259191973283,463.08776880661384,427.51899169489263,384.4335970481889
184.71153982147146,162.54237206961184,445.7185320944371,604.1820926163739,319.3642474122484
213.0761227496777,205.79674369923552,508.84327839082823,622.1710946636117,392.3073616908755
242.7056855745853,168.3719565234488,435.8934285657044,420.8728303922158,371.1356657703922
183.12598101058686,146.3272581075254,420.57976850202965,590.4605154203092,316.9815477921573
194.62446995223732,112.61706310492244,343.8231450612936,350.38004666640876,399.1483704121905
175.99457088183223,167.2668006648487,519.4070624075024,567.9128333228273,341.81340648527504
214.65058161350365,97.4903715782378,425.6703816383017,762.9937563228234,339.57843835971477
214.4413081895371,121.78251342518305,415.834067225942,622.9561281098348,355.57526014975144
169.44005858410958,109.23675167874848,387.720657665901,339.3573197184948,357.163344173411
239.39049748020392,217.28997014806302,515.1633809278692,689.3040444566844,373.74087266053743
216.09652888748633,147.8085643932332,436.5384357315974,739.8649570165494,424.8424397267352
189.96680850211862,163.6321390754211,389.54810084273316,618.3948306989827,309.58173682187675
244.30490524036418,161.75746969024354,493.62632390841753,426.7724806806796,322.4610413477728
175.08363559751135,126.88016756543168,492.6655933345889,697.685579211365,403.68536109587
174.3409005199137,146.71144248589405,421.4900931409599,422.39478111877065,329.2520359163046
196.26133052578948,177.09628872352056,461.6924813662941,739.7007062667547,342.59083125276226
201.6209530907317,150.3547774219089,486.4293241196325,486.8375910312423,388.93545397182345
229.11378172742738,136.79602454082254,377.63156740062635,430.1410150855843,315.0533605509663
176.97406466486115,167.49876761987775,394.8236833900021,682.8105358527251,345.0528278439991
183.30147257559008,138.62356859343734,443.0061585797348,849.2005942010378,414.77316935395015
214.8448266685769,155.0352932432021,515.8945821237344,858.5754387975511,400.85039705724637
175.70207539189707,102.22335883685047,426.6816827316255,557.3960398318486,333.0272213740497
248.2710149363988,190.98910555759997,527.1312907114537,697.705223647072,372.0139079236654
202.93668522076402,122.05496462766196,431.991050300632,665.1816010944965,356.5912648896985
246.4364285541493,205.51801211051165,408.50572824100567,656.3823170723135,359.19391547834283
221.95512969984372,124.17623685974148,346.5032900333371,340.0102558538282,365.338764146214
202.37531006782152,138.40223487439002,404.4321042413641,584.3828377895288,366.0098575303949
243.2195669659759,159.29503444002714,534.4507077179934,606.9741658694919,409.81909231452084
211.8801338497212,209.15401645585203,466.77787045819946,591.0166814997497,397.4305361004326
236.51187230798598,169.0547673449205,402.16317740821734,517.1139389533657,356.7301113589316
251.99933098673907,154.9611457362895,462.51898346440674,537.952277053974,393.93166611498725
250.0477717014466,194.43168034259196,443.2583869014985,835.7841799299418,356.20423915607483
186.86756319858867,141.55433043512127,345.9092593674206,421.58437561238566,323.6788019953807
195.52812579781764,164.26037508401615,466.6672603043706,561.5763460131105,368.43822909145496
193.62680218137035,168.7896966801603,430.83492159560194,559.7754713744042,346.85397314072196
217.24345964474017,136.5317160333601,434.39061725028137,673.1541084966337,382.3762279648971
193.40043192922184,131.42837671526786,390.39005732231067,372.1578673362941,302.83429262716527
196.2844568506673,134.4748953032592,426.87875098186066,484.72353772639553,373.5783717325812
252.7358762662838,109.16233245054553,417.41820853322156,515.6769149284393,367.1508850591216
225.05016145080202,196.9120090441046,487.3613262585663,843.1266425118393,308.3316282674562
226.7652988077639,163.3360370311993,433.887096559408,705.6501821460765,353.200761467037
228.3478314107272,180.51191428730917,442.94041460035635,741.5939889498028,342.94713103971645
197.41155857278557,95.68331504257266,331.5043172065056,355.3646283184338,305.13964555217945
219.7168644777296,153.6847580110924,504.54356846054174,578.516754356633,418.04887660645545
244.18808073660503,172.35641278500358,404.4873262502047,542.5706344017526,306.6935439243226
195.215909220272,135.90758993181856,393.95646014812723,717.8112945183282,314.8581693294338
170.7797101973097,205.2955418510594,419.64228746817895,453.4582698177021,373.65821579937267
179.38012946959282,97.3453701400672,375.5759065527474,339.188290390246,381.99688949727215
215.91908981422702,125.56691865318932,450.85756738940375,510.54571591852124,309.86813116040815
171.96724519584276,94.60476085845299,354.72777839891876,402.5832656884878,294.4449570036578
208.43416046897633,149.3442043518804,403.3707528060166,568.1763098500511,317.56542463463705
189.62373990010923,154.7979905976821,429.09205353492945,433.5458276865116,308.95893456609605
198.6568444647372,115.97733404367631,361.85022847300485,487.1844071599435,304.1650439912626
215.99507105615402,168.64572918863996,429.08865895018977,747.0078559940023,361.016846093789
198.52155288379728,129.70404126085597,459.97065824901296,424.6684976060334,381.3634862599416
218.5669775986938,135.98744792612246,391.7620176261123,527.1975599878602,344.20729659254715
191.63046604957995,130.42512739757726,494.15523422977776,470.6766458765245,328.60184830187893
185.2554663208841,149.77883054174848,450.874845533609,360.75699557508165,342.9504142887955
199.38112233854363,181.79051479543438,423.70106107288274,446.9426715060829,391.9805626542381
243.94314382886782,117.44948282687321,434.25292399541183,533.499316652177,442.7641024214877
244.86643902472537,205.37784936500185,495.03360349598404,482.74516502254335,406.3590367696425
149.48633931603908,157.5288368949547,436.95648228766,467.22710888735963,332.84130936474224
202.3256256239784,119.75564873200493,430.35506786178394,525.3602081579819,382.63870441837713
178.60596507945004,162.29189787208912,434.2189782181,661.9918463450994,388.73670452669586
173.56025474291553,132.03454871792246,367.4379599418587,448.92599511628663,390.4312208329081
190.5204729098626,158.48226354376743,404.8187479819099,386.1715760058765,294.64926531008246
224.79190292814408,175.89458971465245,435.5886968285878,822.0684912731681,381.0859363726862
209.91369676391548,138.92498294006128,490.9410787173674,818.6140379886316,338.6681941880759
210.22436026949387,203.46838444006406,424.99165200912194,439.3910981636267,405.49484696147624
208.9693809043947,115.57198847195811,422.76103172023113,605.4732152112941,360.5658083113005
228.41078876252735,114.51922690723165,441.97187362764134,417.3742671669466,348.72904176492847
214.94838021308024,155.04944101111607,459.93737325498296,641.6265289576024,385.6839571139098
209.48706417389982,174.41870234042815,480.78864818324956,874.4522600141395,407.2543669511652
203.2901016080949,163.22475844220926,440.1882574634272,556.3542856357811,379.4001009616487
153.5654511516485,146.0565212976647,370.89802783859733,549.1534308407571,318.96190756989535
200.29415967385134,135.74434244320662,360.4316523044376,552.3936441978569,362.4458998725288
214.49095840947516,148.91498164317525,370.1238905033706,601.0650511157669,302.5025119429196
165.41254238315355,142.1091507118355,450.37367898885793,411.8916572700772,297.89500611383755
188.43576565485307,172.83678761183688,379.26709672847204,388.59351272648354,337.09946086277733
201.78771608066998,161.0485389358687,377.87332987782133,482.86392927376943,308.3305322608369
199.87129169042814,169.59224534297783,346.62035746563544,431.0847317832675,356.6399675419392
183.6208212588394,173.38324229447662,438.5157146528484,453.80506399021294,353.244217990779
181.15880641554745,153.22472743557122,399.331363795017,396.01166398885573,329.5678195073626
194.7538589124198,158.9620599067152,544.4785264021363,437.88884499893584,390.24781266046983
206.67830833807886,124.40042250629705,367.0547030930804,358.8548390423587,353.0254660868166
209.97986139389846,125.8416596664173,435.6712337129404,498.15489468933947,365.03920250673116
219.51451002704928,153.45958467561107,377.181616212634,396.54092148230706,366.4711902315354
254.5505129734022,176.93435834643589,526.3404278095147,533.4497510811022,381.42454114422884
204.94642209451933,169.7812845058456,330.35566790068486,633.6341551350868,311.78302651725903
248.02345848330387,146.33744471796567,457.23855413459813,759.2457965045191,338.1560521748206
186.8276460625253,141.1850756594713,443.40959450824494,359.54134061108766,367.550628274506
190.08970684717443,155.13863469901082,446.0550911077907,538.0339458251854,331.30142022840414
257.5119305240961,136.32177270055732,398.14193741507205,417.71531564543983,358.34536970674355
176.55094195854934,153.4533974707942,431.60701098263155,590.4353771697246,327.1515471069496
238.88672299194482,180.08793932414434,453.7486869011832,672.0885168279476,349.99648610857184
182.20985248529675,148.29574038042517,391.8692269066432,444.06868457049836,404.21267747797685
248.6171204452522,159.58932453756194,452.12059253021005,437.9727653222115,398.52545767413085
263.30927678624363,149.68648475390285,424.94149435798926,791.4131640810211,336.75639061723683
183.79854704744093,145.8129815180805,364.09994518382393,532.2107366736791,373.5080853123534
206.08364347809572,184.70271394957828,415.3942186295813,836.379557025005,359.91003947089206
227.0051608131445,160.34948267986803,425.99673875719964,786.5820402271715,318.4338351941553
212.85407199214774,103.67481128711029,386.92462606136115,560.2358196228585,299.3373716003146
211.55773369307352,136.6502974718822,384.77730255389866,466.74709711205753,302.7989616261199
162.24820140539998,159.68568981277647,433.1258239080232,588.7358120741493,301.68414583321214
189.05172808516468,113.91130613682164,387.19406895978625,582.6041648602728,319.3347178038852
186.35154255740855,150.1821149814197,440.08859589076087,565.3676140933771,378.7278574135219
203.8670799832617,159.040401892061,427.6660332936167,842.773338875778,388.0206731584922
248.5008663528455,158.93333765575417,391.3670072683995,413.19021223908857,322.00640404448063
216.4268483012372,144.62462442399803,343.9129579892199,401.3842700361053,303.42626558826197
179.50838526807996,136.0458180823294,412.0752957969418,375.96920346522734,294.79397085040875
219.57057136286136,195.44009217001573,458.38719184513764,529.8518681703205,284.6642982881143
206.1164010027936,139.296432567558,438.7015093523487,817.1442905510313,361.34647856037236
219.52554187784577,98.17864220072082,398.5653317232829,370.7863249540603,354.75792515039956
202.19957844483613,206.08419474634422,436.15768267639487,852.1300732939079,329.8524793621824
200.95852453409114,148.70869212615307,361.0727873359013,650.2493680958431,303.55922359107745
219.68698672027804,111.46500637939967,445.4722274431626,477.9129362754401,362.68207219585247
187.95731233323957,165.00326511871586,476.299699414081,595.2300316172677,391.75954822410984
230.4515363530793,173.25583834670346,479.0213088189388,676.7217057913908,357.67862224969645
170.22467156093668,97.83306834020962,329.08437612927503,357.5474397402405,294.08108834211805
199.0664946303562,113.95003509471452,430.9213647422884,536.3614232706668,375.8484338739801
233.03759467537932,194.10152125531914,449.56638353446715,715.7251919537822,350.2903338359091
226.84590184184768,198.682267279641,535.3546375104709,596.5928339842046,349.6529051773636
184.54935054394656,166.4472329427744,399.8780355437629,651.748936209976,323.29950839391984
206.6398196207466,136.9837360508133,481.8980874835961,645.1280759031779,431.5407499527672
194.0703276324859,145.4523817298236,394.0925566240557,608.7188929325247,307.8601178677731
194.22235532799138,126.87036208815883,421.5318155563066,554.6177157569322,323.71410862016353
198.62256245942353,164.17440689234274,454.98890235754277,504.15840001240235,348.95947825774067
207.7740811252324,133.61737363203238,497.7923102963676,558.7740215101338,409.21267601137635
184.6184920148744,165.16792389093726,385.1087116289614,445.1720148041986,327.63003190607014
194.23647411729846,132.72796377717086,529.2014752541567,534.9063671560474,369.0935379407283
188.02317061724636,115.52687470841698,415.8939379536873,875.9387972832722,354.0045784050635
184.62955573735815,175.42697326710226,375.67678925978333,763.4058159406193,316.1980921959661
179.8453214897392,103.1973058402501,344.62106837551846,425.0319266121188,354.83953598751344
184.13047086693425,151.29870323597294,454.7094881803331,470.59670573092734,402.64603844064044
174.00835948845804,147.79532365465803,447.0411970552482,545.0552176216213,347.97627569593226
172.11104813634705,135.81417213105425,352.6892381806525,459.5557697643188,345.42236807043906
213.16832819023153,166.47191596883715,512.8775202287317,750.5774231661187,349.9116863319315
172.83688391033374,131.75292550675545,414.58304680840365,379.64691510399393,400.0302816440056
215.8706158180504,134.58450848568296,402.1620115773236,498.92848038194444,334.4288510409226
177.79785369815636,158.7318855346401,422.99770396830735,585.4128779926015,372.8739847179572
190.56644063792126,128.00486601834527,431.40631297800167,679.8463341958493,389.8985005969053
215.7757682827492,198.80199234061283,485.61948162172183,789.2382012530553,371.559617417289
227.50641218391794,177.16499481768307,515.2911068747742,539.4782949515582,377.47283334638485
151.3755446335937,101.55175877006444,370.1773447692843,399.04528882102545,333.2275582485569
182.17003839473486,118.6805082934137,357.9717484940095,330.4651180268401,333.7582154239712
206.73525287413835,151.54448388096372,471.15409508991934,787.477334353478,426.34086726492
232.3515064430209,163.0089161880265,465.81893905849574,697.0785164768367,341.7100357375251
177.9641968831707,104.63304076279967,329.7019933566603,346.6089493779577,261.58199104014574
215.92143127279797,136.76493525730174,458.0581826606581,556.4320803750785,337.0693689708141
172.28404364407345,118.41754338490095,374.4999592918808,333.4862068480124,317.8381165232859
179.99207542848632,177.08541905226843,389.0310094307265,468.13128056864326,305.2144768743146
214.7591708828236,120.95346106686934,381.1862098880653,460.70109418111514,377.6995609658423
196.14630727801236,162.96987881871473,424.71278883039537,476.0331809468251,357.8891084650786
193.45812026500704,137.42491780956314,371.65093887411103,479.92077735325176,269.1475130442567
190.2127590145739,125.28624539432903,404.716904218443,449.40887208299074,369.1795496474542
214.40474010895915,220.40795143645747,480.9284193781478,627.2171565493471,347.02877148213065
202.2383168878169,158.7455216153361,358.02571525100205,612.5354474851722,305.1455944139253
202.29527985234503,180.85914502182925,426.36308608516856,771.4792450046406,374.65176991293566
225.89084243898537,110.6642250995154,471.5259667653387,513.6523771790194,316.63154110333994
214.28530052897742,145.16013762331485,443.91798288704786,393.6010084408874,402.9872715175498
214.4234018122866,144.70888827371752,468.2021194217883,655.342514060783,348.1957969497275
184.86049025531787,142.780704116122,429.9249837857084,343.92492057176776,334.9566824384044
172.89944036921094,127.08172249525866,420.6782242905659,467.95213519819555,368.0832069632355
246.4732124002345,133.88431242914788,487.7915414244786,684.3619113210876,375.1288068911593
178.1456754890953,153.44594793515415,427.27332252875965,344.5538106648906,349.78274766574134
218.19272390475882,150.60178149287754,476.16933404416704,617.5427189754215,331.7554434771809
250.1361754866244,183.91620933672363,447.2547423846755,514.8378753495863,423.4003902629229
218.49804373967146,185.68153373348474,436.3112790914001,607.645782104505,345.60607052850276
244.1490886385499,156.17172896386919,451.6525679811135,793.8808800331657,388.1228317084563
235.27941187294795,148.46085440329614,451.5356489556888,650.6488882629793,416.5619405053888
195.71271893412114,142.56424993337822,408.1097161201528,546.2806136741351,329.8959834162549
188.68096807311275,141.25846729201268,403.9585203342927,479.6819860415424,343.79688877915413
226.06085692750136,188.00603911309034,435.64406241172884,618.5219782220496,273.4106343530214
249.54472758252246,191.27386528567376,429.78557484962164,763.3465114225909,333.23585098007214
165.13122691356486,114.19239342164806,376.73646888692264,502.7250911189313,340.8456148744607
206.6521505079163,149.97666562843042,370.6088351735462,529.8422976125314,313.0085235148244
208.47443630154285,124.86921399008448,391.6626911800962,530.6184101351314,334.38650419614225
199.65973759891486,153.47118702678256,451.4612093854376,536.3418027772395,377.66145165616797
202.97100410490924,169.21766845854236,438.9893263538478,435.0407434080713,388.173962581728
188.1258824373982,158.81381433368065,488.2674918462953,582.2422127957919,361.3233218240751
194.54805671250907,128.11828470006873,437.2409738207161,423.73334206097536,337.8769095782672
198.34223037626631,119.63156569855165,407.2878495846156,611.6046566799268,380.09891927138636
229.61767943640314,215.61602894529292,441.36316546119707,443.79232435773525,351.2112636593992
205.38616253043904,157.016927932002,450.15921646592705,423.5323290796165,341.78370024657977
194.1606637652266,163.3355657363601,380.1541390337241,390.8246063599357,337.95787818471365
190.72487411535917,107.10006353872822,431.9832828754875,409.0235118880307,299.0635663533196
185.11338473717868,123.33369483321208,373.84282932388794,361.9723311897098,316.0422474483265
208.0791353341294,134.04137420136738,429.2694329156895,559.3719548348631,322.6349014016475
211.97055552205634,117.79973513037436,468.979339184533,551.3817330895957,415.64651806497625
230.22603212251025,127.95658573220418,410.0712327037377,573.2730184647903,333.19168140111634
200.6106859595061,145.02694275967656,437.83035971643477,570.3178062720588,427.01408515841996
165.51457707526185,162.29713894319423,357.27193838847853,358.37859552397197,373.75725674312446
189.99436001850316,143.7855552594376,464.2156163530601,460.2867338044174,381.04251407057484
187.65590139603043,156.07230310725905,427.27566949801434,465.9304605361778,320.6814608818999
217.0482556823325,150.6154642150477,426.7678447831685,446.96506460886474,399.3811302317037
231.33445554578657,162.11959893413294,421.83393854318,774.7239079340914,359.24136022379946
243.62158586679553,139.6216992600498,488.3563724742144,495.9712315190737,381.3871596081761
153.38500816011086,169.9455221024231,415.08098981899445,653.9985674179604,332.7163024239622
168.24985267907329,169.74956659557364,460.5535440817614,550.0333451124749,289.14630854748447
181.2429178405571,145.32590940327472,439.43412998098523,710.6259708596264,328.3118324612099
178.30890106259253,165.68772934,426.4243808937864,535.3146791364261,340.1211194580806
199.95434660133563,178.81482897502192,430.4303870412242,486.4738934890659,396.2972140490071
253.6565936955402,140.321259614624,380.101847198605,596.4917236202788,322.63003662570765
224.63754099507432,202.63923315098006,453.50035881061115,658.8894378430547,323.83721308863596
161.51744784406455,98.07781486455704,338.88101079269524,383.0101942708934,316.0471525816378
191.23787967310008,215.26539561139307,509.0846254221084,741.3534706769551,399.41854583513395
176.90055948705034,152.3106538831813,406.08756356547735,494.7374369874748,400.0162095428481
199.64617887258964,133.84411463524907,410.7555869821593,623.2115924678675,348.5198622122999
207.2173372358426,175.01700807856005,432.0776400510159,525.2310098028915,313.9772917226649
275.3848036437029,149.88121433751436,427.2090323330124,453.4385735326033,318.67872742471934
170.82491943807955,155.6263409384238,365.3411209760424,569.8502148368933,334.86581840133556
205.45677314859046,186.80373859093476,444.6216829386608,516.2106194335482,367.2230938996561
259.49777843761814,142.99194834020645,437.3997551946207,668.3517364995048,337.5129818510071
216.56003470697863,102.94501297841944,382.84883684258676,385.2149126628869,333.8087031596653
184.6063705902955,138.57057828975456,433.0636969651296,700.5310644182965,321.5398904179031
243.8552246458965,141.3058947142208,438.18312075902566,694.2948708341823,334.6529134449302
238.2363464632871,134.80849832556797,421.846473529417,447.3122202361223,310.59597960855615
183.60531554493352,114.89423574167424,410.489653546694,683.4680253186689,262.4728099324672
193.42483552993832,131.9006773981965,329.6098890733993,471.0165203892854,330.3955571359478
183.329221894009,128.1696093087623,427.69705007665357,363.6042584282835,313.4695536689718
244.2860038440281,170.21202487618166,504.2517017357978,636.4060755915674,318.5046483942672
203.59694980400874,117.66464957458041,371.1718819776941,543.8099314627859,296.6494052118735
217.97669252379217,139.69913065532018,502.0031847478385,405.8172343246548,418.2045134633299
196.12640932489447,112.59021314738762,328.1351152817188,384.6648223689002,280.0818914515745
199.24607648849806,137.68867651519534,436.76650105709973,410.17698665885604,312.69875187119777
230.1628304539544,140.64333055801254,428.12250011523827,763.6249287235116,356.9561179279575
191.3409408054794,138.48614551475993,406.42469960016655,618.1190864544886,316.42507074068357
186.7428077299409,125.83492546766384,467.4940220672064,637.6482868437195,412.2337034142075
210.01844734970214,160.27857208850423,439.9202443574282,603.4547356232708,375.87946054539805
228.91139866018668,152.3285949361581,459.67584960399336,489.77356670468276,317.37361045230114
202.55300852169015,160.32594621564263,468.35519719985797,715.586393825049,273.65596898241586
228.7485565381086,155.12291555684388,479.77806002089363,795.2202164726802,275.13599922754935
207.2474749821932,164.3938700555423,451.6191583967204,728.5777077236094,430.57784440967697
180.42472922642497,128.16579172723536,392.9912212568163,665.2745844371887,312.346244740428
187.23465326163594,162.71005743783329,444.83382370623616,499.658248379604,369.38945860803005
203.06234181902713,132.81393477486705,478.5734550519293,567.0063904182365,350.4077999517115
249.0857431102751,159.01373979715362,448.9397326203925,425.13176138737174,311.52120017573054
208.51212025536228,186.77590323524785,502.4664034682484,861.1389885771489,356.16846747234626
182.43253151455247,136.40789477626095,391.22544385608944,465.6689093616652,299.3915681273325
171.76375011928712,116.622952306204,439.2197868683076,437.9333260887468,328.35892854411816
199.39806806964302,205.88401159706265,382.1726634307589,369.70190154229414,319.63100273603754
192.4368783691442,157.87054500487952,364.94786698943705,570.1906517094193,345.9096752552973
202.829052600473,138.75418399062937,331.7510095267126,423.1951154516394,272.06439572581536
207.2841552690418,125.26025176786568,452.2038197106886,540.7110111620691,378.6584301049951
218.2271123173038,101.83202069714176,415.6889965365901,383.83275494047814,307.72667350159986
236.02976168749072,168.34049568647077,436.708640109637,441.135140538561,323.21421670691086
178.79142266842433,144.39081479494595,364.2010884478646,529.1175552519444,350.65326785519545
242.05669619507947,147.3685083802304,450.67019937338404,663.8694071126503,368.27974020890673
214.99214025092306,132.86001525622177,427.3078449502463,368.1609650245426,300.32461694505713
161.11475102256182,118.8370557436745,440.02189711082264,437.95005540013557,342.94011804797816
151.54984508629843,132.56781878247932,435.66445168503935,609.4070666628204,352.1537201572405
220.7057478563744,153.82055677656234,382.598479599763,455.2045190984203,313.10893328853206
181.60811586299542,108.25019230526108,369.05013301446985,527.2976913681741,358.9188504802033
179.55669041195415,118.8359582206316,426.54318835804565,339.5803279527031,356.32844570745846
155.450687323543,138.44337185416478,387.19136677426866,590.5246356875505,334.41329158419626
198.39664125260322,153.44469549781797,413.4603678222696,585.8950779183665,318.96997403550426
209.98343656238177,183.38650006115807,421.8867218284448,739.1825114873977,334.91485230512757
159.05479076860107,157.10167489920832,401.027836263115,795.5890424736206,321.3501592875117
187.48409645654502,160.98282973019124,426.8590273644905,603.2109589667864,318.7618102526665
171.13257929531395,130.91580426730064,430.2486323708549,565.7848567478336,375.97553546588375
203.33753369754137,119.61424296710861,536.3298426969772,523.7960870884065,435.15232202674906
214.60201611557352,129.39628721942483,460.3219703143648,452.6082209116613,386.54587543408906
217.8339219480012,168.24314482240283,446.1238318949621,426.6975521329367,338.58204964520723
191.85736327793438,160.40586745712096,329.96293107268474,443.8689164419201,291.2630953613524
208.63490710197087,145.99964302106122,422.2260967958409,554.6666931608917,395.69113980271317
183.46218272567043,154.1276353685733,464.82561235144226,707.9654613902983,378.4356717918898
216.46941157477897,155.1095972117689,478.7844942544976,874.0731494166685,389.5091320001215
207.30833477409593,140.74945085542817,428.28957182469077,679.650522224733,349.7960417542365
216.6147735984257,168.9971015705275,465.57839347169727,646.6857442620981,319.8592015018692
187.13298756774458,156.8192782874082,384.50918361127054,432.3334617458013,358.7040905670459
224.5461434698747,194.23399702075972,491.1307225886156,590.0131510715665,339.7499540160891
204.07013327640178,157.96554366812066,387.02219454537504,451.8271334752819,285.8978628857708
158.67386782621838,109.76075377244379,328.67655926469064,456.0966029217797,287.9779433274474
200.44868543640948,209.19498253883745,536.2850255740356,825.0158190537555,387.10310585659033
152.29304920376373,108.55634434171895,363.69065389500025,367.8472034235389,339.091323000876
215.19311919292608,168.32155319801285,405.78104721193085,761.2522627381152,366.23169991119727
169.90501416294705,102.39491076097669,350.8274011471659,467.0961095899663,318.0109235519688
196.72205765894205,135.17307802618868,412.9148302898584,705.1658464970865,316.87833858161
205.64548336578343,128.48991099021637,450.2623698526237,651.3775737441943,347.41933541603925
208.64682082033985,210.20939928583027,405.2486486721419,529.610581494354,354.82689128941155
250.6161808846631,163.26057950048272,473.9380599362079,726.8501364105692,353.97693702609433
177.50385214521188,165.73879942142327,443.013018493398,591.1045275962434,384.7192033486031
205.05930472919823,155.21251237531808,446.84271771737326,625.1646355934063,355.56778416608495
222.53094842089817,116.90929569967892,497.06033405030587,534.3080166356772,428.20843758915123
245.06003928605975,151.13899259100307,518.5016710189794,342.48470915918483,338.7402274842072
198.60528029649535,143.9003312850949,412.2691910617569,394.8965737113706,319.6329192558032
185.70513728329598,154.65158072669212,410.12912714154714,496.3082056496034,362.245523608416
241.00516949066042,220.3358761881572,525.4134818418922,875.6764381838804,409.506955215172
220.02364550046195,189.07557984490415,538.4476760231739,697.5897778624122,329.8171497663802
152.23099541575027,118.7452664202209,384.7023908102579,366.0193925653741,295.2700403899695
207.02790992360713,147.76419725182384,463.9636216355216,493.0426034894256,335.11382249278466
223.90604739015845,145.25015212372045,458.15092108062953,435.4923476812919,339.64602560372384
216.56671706409534,111.2532888058864,433.034082726967,582.7699337973794,311.8254826565422
244.60739252843504,176.38884601350668,505.1443106410386,682.841360573249,366.96823646932637
173.8703862989073,170.01682865597363,425.30597360660164,502.052869760025,317.3811054188082
194.37972856551076,164.37636265554133,392.29698989073705,496.79874102295213,352.6663826946561
185.09366438436473,186.77902137988266,475.57276146170165,870.3220774954622,328.4819940467262
196.90859438935135,151.39730680684247,428.12861700856377,444.88245599040107,418.6977576919047
209.5973191062205,165.02596287073706,468.42068816637993,628.1509436852322,377.79588125955695
190.08793374960968,115.41874526880649,418.05635386265857,484.06498265750344,311.3518431952535
218.56834220100473,162.1944100228674,471.0795483891852,480.21648555226795,333.12557117130694
173.76413005188954,129.20341393513425,408.08186589631816,334.00470450003934,301.6384572839045
212.27660312510574,151.09455740957787,461.7872680262575,523.014278481192,335.12415614470575
206.8333764070224,136.53038620517964,464.45264819945913,456.14396541852506,377.4367733935269
185.6486990815814,197.4020070285067,452.90101024318136,568.6731509259097,349.2316315470478
221.00214457444417,133.48194313806408,467.6927574693415,552.8148942772503,388.3922082987919
177.98390370559704,151.26119174734194,421.7186117219757,600.372192660615,359.2688191350846
172.13076114086567,172.8843860008022,398.706013484621,550.8340165488534,341.9804300527578
165.86950857891253,127.89878187532504,370.3315726000221,392.71627777285454,305.5031810796416
169.96353925288642,154.1241101931164,464.93442020812086,854.86854203041,371.96463309254665
225.099976168646,119.38890999923186,408.3814434130575,358.70894194282357,400.8433034800087
164.6704444018628,113.3070188184828,461.26629121030277,583.2889215383938,353.63114173312107
234.13762721606298,127.9801340220869,419.046469299869,404.5652516642994,346.91297658233776
180.64314343555114,162.6704818343257,389.45317390467,351.6872643973245,332.072172523869
180.9465999361825,147.69075336571206,449.3859638154801,442.4589537130014,307.10595546523575
186.10927917143718,167.20559750117462,396.78902528205134,642.3260076640315,356.60081057146607
195.0022781366934,105.86315226989545,368.4234085523068,599.9308999037283,314.0476821311212
200.4091862874128,205.45114399130594,439.89817156187974,722.5277123051499,332.48855957185276
187.3497801357801,104.11658753226921,470.7327437218252,363.8227484495917,288.74136050081125
209.89794122205706,139.0444742430237,452.2466780976443,739.0076543046458,320.80312347487154
198.13954093919432,151.22101417637666,416.51583070801723,639.9143976266788,340.4534223283759
203.91215307213662,163.85148779041674,515.2000829424381,723.8377956502262,413.1188609978225
238.77880310017093,180.85386717917805,411.45573734290565,582.6746442241543,359.4439011822109
239.67222867156485,143.82355865537846,506.57083368006306,829.9168411503387,331.7587821283899
205.34119391392176,160.49027431818155,390.12272366275664,499.9486797470628,280.98386797547397
197.11149074510712,153.43425891445065,406.4801729146928,651.9962946822108,353.16711894848595
239.15556671736658,152.29160593151468,443.9147046394045,638.3300609470245,361.43544768350455
177.26390539294283,129.4608026892023,352.34570378181945,571.0482162139472,281.61889799831323
208.19187800984338,118.50917267909168,437.3323267880161,560.2183937251577,349.73047081956355
230.31180283787964,197.1208741143607,447.80887068296505,713.3389330295408,420.0880549288191
229.2815524131985,137.5410432375489,411.3257153862347,524.60133136677,362.66435447793185
195.6441433756436,134.32506085216332,404.7690701909452,354.4616484179953,372.6467339334623
170.51761439823423,125.05376021146148,374.7222726764047,751.4880122552657,307.4531433935501
194.55060144309974,134.7151946005206,414.17899263751934,403.38396148579767,336.81779636221404
215.3030041967921,119.16897064557274,404.8666508440092,465.8516515198431,376.1241229921354
215.20647975093706,146.81174970722478,444.85160750354703,567.2301685390431,265.52226792549897
183.62765477051397,156.68998317494513,455.15045248334485,601.0782048631094,362.4291440823518
207.57607988416714,138.14476938500218,433.66212544151955,396.54467423812656,361.8084513314808
231.8645934125412,129.69884247952007,506.8165454655912,707.1720267490438,398.01593922344404
160.36626607862445,159.12249777017365,336.76585046349015,445.91142437115786,305.89918794475284
201.68672243605192,147.55676593330526,360.9542275534764,561.618652019498,304.51159469824
170.02559767990056,119.83477607232702,343.0883254338779,365.79040712172866,290.69511302486274
207.01693177189293,126.76069739160951,416.733533889726,404.4425997020311,369.9339177152872
234.0334406234902,199.83752567367117,492.791834094747,607.1898146331819,395.205586512654
219.68123557529998,162.1325289871544,377.22594347858427,574.8375033397783,301.3699932238163
235.2100320920728,159.1239228297506,448.9201226094137,487.38513248768817,363.46945383492914
220.8802993047221,99.75783407348762,400.3018768541571,511.4252564576459,371.75948632229387
185.8118071490111,181.0392695061632,468.44312176707683,606.9610303314165,304.5894049956745
171.6288115455808,214.95143394634033,525.7764101452278,516.4845401974453,404.50422105688403
220.73381114095392,154.1547734007856,371.58227666916787,615.061371640601,338.7750386886867
199.75938578168098,176.43804324184777,400.86736628031844,480.32783581318074,318.146933659968
238.1001072008513,193.0693402414417,502.5197728787804,869.6450304005319,344.74860948479073
268.2238987101439,104.82486194591604,540.6015231535196,507.02106651988356,429.6643644198268
200.8308025794001,149.16059164042667,419.6594207366226,659.8609070615443,356.2164068182311
206.79590261503637,129.0832859580787,483.08958007395927,481.6051181816774,368.6760428089862
215.103480028723,118.84946689907424,449.00299792053255,574.3841078693986,400.2087557089638
214.30352490840025,173.57078230389044,473.02370478596384,658.1115137755945,333.0109803989169
178.82701779822793,129.24821771810176,356.4433979846024,479.77886696399565,318.4111397259313
168.49422667620442,141.61583719207718,376.34879643887274,396.86617584070467,351.36777363127845
180.7628999625605,172.6784670322246,440.04551090109976,528.1238338799967,311.4632338846638
207.8916193980493,121.72887101918431,456.9347330750504,405.9869306117217,311.02701045392996
159.15602278266044,99.85747534278529,328.1062301268842,370.94913836108697,326.103640046313
180.01078377864454,114.82127099420863,399.8285938674951,574.1912922670023,275.94863465848306
184.29451145887512,127.1611149665182,380.69040636956134,424.0496724067351,321.1872366624692
270.2723588242487,151.78633901869748,464.5853905005479,546.6544078752507,363.6515937271582
198.40586188240698,170.8850175578271,426.06230965162877,713.7749390398168,293.19240946340807
241.94209294439153,172.9348503603834,489.2392645527809,801.7628154965143,379.3297970552233
187.56900176105742,150.10235194775305,446.0622738966644,385.350270778928,356.60219796873116
230.74469033900309,128.22495587105468,396.92257593208694,624.0865606618864,373.6697863349974
232.4696003327941,179.97516162205585,446.6712830262811,638.4588286462872,440.83378814729434
193.78331651812184,121.22064692228376,379.4540916643883,534.807294791938,341.54151814519054
219.9073150579252,179.89516079028016,520.300930309349,723.0830705869033,438.0943297788352
213.4806640336026,150.52120758569842,453.42577879137417,504.6122274661502,294.04045462617853
183.54942705231585,212.34245015448292,456.2938832026914,713.2252797061406,333.45980965788004
176.03927712479265,198.32669178911704,339.3367107900735,499.47502948527534,335.0873332282279
228.89652111797548,145.54399419246585,414.8669741406407,559.244904944959,341.6002152023101
228.62488010836412,137.62277649048684,429.31430179895364,369.8287539063576,307.6256324653503
198.28290660349938,175.10472657865805,488.0123651415988,510.28669770204476,377.08693712630236
192.54145136261033,146.778982100382,406.37408995318515,488.0754839626121,357.28510971865285
149.56543982012815,145.2761199503061,364.92815591506934,400.203128985344,309.72728020780266
266.5345357417504,156.1153825796328,442.0007442740232,418.28490833914947,334.24058174123064
181.38462094005703,146.6197526504314,408.52323697167617,447.6874810274006,285.17715021574907
242.36051433579217,198.39316381881437,443.84829154136446,633.5999591017156,376.2405178965803
148.82648385774843,142.8763387752507,392.8093383048135,420.63028102515364,290.4454046008404
183.27212782283905,140.15168958747722,428.0875193827965,442.48963560715026,299.67574830831285
177.0791370002019,153.36274005631452,451.8242158742099,589.5069263253203,319.5774164381019
220.0458591166055,189.87373845255246,457.7199496761584,826.0145158929405,316.8928596292668
201.59473599135526,185.73139341816835,436.04135413428145,769.5469390701288,374.8349039433722
163.5373220920829,142.45031660434532,399.8197739715313,365.57020395886184,322.6967177493873
222.02339190934515,194.1322515273421,522.4001458830081,521.4912821118786,401.4832639523283
212.4454883505374,139.2559165355618,477.50367370663855,397.8244226765082,333.6263355575931
162.2737392821492,156.15674297093761,469.0669780501718,624.9919438839937,370.59925992342716
189.09432596666454,120.57647656168452,424.8779988363542,333.9186950447549,374.1071755736452
168.09725438206863,167.76407025842255,424.7174320928996,367.2780521877452,384.50793358895646
196.24293155679797,159.1936792570808,399.4824518463133,461.48854076564277,365.21709316166385
229.37032164988872,127.52702401487606,418.73140543446334,643.1239157176439,317.04749938311824
177.6146730793689,138.47205588643456,450.8085320143179,568.2621717628546,302.12150445184994
196.3793262838595,173.34442501402742,475.77512089639515,631.6521147580467,295.27357452447535
202.74735922116224,113.18341388398115,420.42393332897893,608.277143714969,292.82905538006906
224.41674533436722,176.24871916883467,415.6214467669157,485.1343114693717,333.1212505618943
197.09069983038094,130.6007916204997,421.7547991983604,451.8646910222998,302.306077335662
160.4547757844663,101.53007098984851,336.8359978403637,372.34846360085527,298.38772749395844
183.3460523613774,127.09155876544789,448.6979950692167,583.0944802669103,261.880816608952
224.26041987227217,202.00205683153374,541.4548019647818,838.6675334129673,357.3066070949416
174.92375414822692,108.25075074260685,398.29643942641206,352.16306934075806,317.42113241146933
186.8123007287899,146.08781389876918,352.41153500489224,435.2669806738875,359.79146485798674
210.55512951864407,174.6506556943842,445.54758705853,657.4359207030827,350.2536798024384
260.7862371252739,122.3887764233686,370.5475683085857,378.4525493872474,328.1979056020864
211.29911389085566,140.77294253352648,426.902047734764,461.84248765334524,336.6926453888826
214.12445845355288,142.6426896633625,390.59438857456547,394.19124213149166,344.8275894035909
234.04760731926407,162.51182750093838,441.15363924784054,488.865230128434,428.9814759476896
171.49738587321426,161.20520822635922,512.7623279836882,676.2109838267169,320.3468833786524
210.08321689885702,151.10942938878426,398.14210907578024,491.40811037911504,325.1091030547187
180.50652591790097,135.4428674631466,391.24193937025393,530.8892414374695,353.8411226034787
161.32211008993542,151.43968227012755,385.3313573038271,480.5253544311477,336.97369812349694
227.9099275032725,144.77737304062538,446.72811604291263,654.5861756099504,412.02943992438054
235.8901902501102,156.8353979294106,405.6795533033189,478.6808116242635,349.30336177630437
210.87123425446828,140.119877241742,361.97132857210573,370.09000654408345,341.2726873124645
222.77687348369398,199.03489767022728,396.07539640273006,570.050407614045,263.2511925036712
235.69453700486886,167.529381350426,411.5926744700426,475.8571599520398,336.1882336466769
219.84364416570966,208.69521789978046,482.53212032422397,850.7766422754669,400.08133507928414
151.80362845816393,106.66530415211135,390.5953203749774,333.3761886571193,287.6138258947565
176.5539340706433,158.18643037036765,415.4460367106979,549.4856051456394,300.52549740903066
242.781612247011,174.35771118617603,501.641073720142,587.7449332212266,311.2504255734537
211.73072731125015,190.36158241607617,449.3722020806403,576.8615195848909,354.6864180735587
207.89810123552522,134.12155650162393,392.8733628258978,329.19940167030137,328.66485267692366
201.93324808221755,145.8057524531012,407.8773766357976,521.2124693607651,316.32400445321707
244.66956395759678,163.1638189721969,476.1322753649667,585.5315798915373,422.4534022384885
187.00813330024454,154.3540920240217,441.1678522197688,641.7262964289991,360.72604403723585
179.1418139466635,180.70673255278004,345.6265719905816,534.9963342940185,336.1555888139979
183.3043207116877,145.9368631090982,487.0258474913394,601.9480674225858,417.1083503997048
187.82534428252305,115.07459300985555,397.9174609011808,443.79129151042076,335.28035167905216
197.0361421833419,123.60245739395606,419.8142653505079,412.6594195888344,351.05884428117446
164.59246464149396,119.58308265388226,406.325121620927,435.7389648513051,330.16179996709127
161.27013058882665,125.7695596522301,380.3345121554383,342.8942020640168,272.90728161656693
247.05755297510683,196.0836727328188,446.1653187049533,610.0695031583696,434.7832713193896
232.22100474299134,165.55063249078034,440.5812526708382,847.7900179218975,328.8111548964545
247.58999440545958,98.36458913505656,388.0535371358564,529.3961099010191,422.7548385357291
226.78768972775995,153.34282453313494,480.6343124947288,670.5498799627595,379.09828272077414
173.25101373981914,140.27970985294547,380.0251895398589,666.2832741142099,343.30754234134565
216.99614663464786,153.94600490941724,432.6358617802768,589.8075180956852,417.7699947172356
225.6718962809479,130.36296073152334,451.8921956565279,618.3589098854226,380.8531793910774
200.0303378678065,98.82682771758846,429.87474044960675,437.9081387706325,354.46064593507657
208.99712795477777,120.44660124577263,390.40382804346444,452.2500965836404,342.20998335084914
192.21670878674834,159.27343256651307,411.0708220768122,559.8297156681507,323.2221485255016
171.9745583156219,142.42821562678645,482.9250272463279,515.1207529055323,331.743430541792
197.21170064963917,154.0172876259838,440.90878663811384,638.7713497629186,359.94096269397204
200.76254778179054,123.85556274847637,411.2928282834759,740.70279778919,351.30038058455307
263.2406458400231,172.08313209498073,400.8568427598779,625.2018776953587,359.17108837993436
217.13170497474735,148.64751421133067,465.6363847120259,572.8550555673809,363.3932460215933
270.6677949445,182.53795298834345,478.83207461352316,596.0566966005614,446.67818881416315
234.68169711256826,187.01256666745877,449.13764563127575,693.7520539146853,398.5316438780502
152.8257319155528,152.15002910326882,339.32449684024215,496.25959753433085,303.0646570944979
244.4194220830023,190.48713193995462,501.1789270359762,511.603032818869,413.12611954887205
184.34759896528493,104.45204881301743,402.5518706096504,346.54105597912155,331.11578342020016
192.47450683056536,174.02426337830187,468.1868950151276,844.0078327143713,361.8618572544904
173.53532868585083,159.93644703134305,381.2347250413046,564.5058015194594,327.1219785560148
209.26490025237428,153.09362693667143,391.45334751382825,616.0082405451749,360.96463150959255
191.60372480514934,187.84511998062428,413.86274710635035,553.8765826209615,405.6215054422504
214.41029899218546,140.52475837311965,426.46231781166244,373.1771962858648,310.2520019028337
186.23063712985953,152.87273197809682,338.20876406952306,514.3653682063745,336.3832168797652
196.20294978457736,116.42905504308843,350.06751595622205,512.2430132688404,300.0264179504222
154.3275915456668,125.654550116706,344.87978886938214,485.78864810150804,339.3895570802485
225.34353745864308,143.99194452751647,414.09821356980297,780.6171778081267,397.16381163380055
189.1342995936409,158.87169679093572,401.8567079061157,556.0585219184937,342.1754940143536
180.19781003076187,103.6412287605359,399.9890111893247,539.4515355558186,300.56841603995537
221.27542413009945,129.75878921984105,444.83307034601506,453.1540382018574,338.2888716703001
167.03816073694807,105.90514693774979,449.3548276106699,565.770337777659,315.12502877795106
193.25798204827862,132.57644428376994,458.76417346440604,531.2441831846293,281.81065364504457
197.47231142904312,151.5302467689352,387.9914661697291,586.7686473362149,345.3464266692503
209.62949420713684,181.92316320508908,459.256746901256,487.19293248694225,385.08276144569885
185.9586484226325,158.53578315521787,392.12022728617023,376.74354444067455,390.4571537457548
211.24624439626982,161.66000111936333,504.58218516255397,791.9367610478893,355.3094741626136
213.82459818314754,191.4951588918729,519.7132930481332,754.0213193567372,330.13609795237556
208.85152925514296,146.79812721068058,481.7385207415996,401.0189869882306,379.10016309791274
191.10295088435805,143.3492030414986,464.9576988426572,644.0141012149204,327.8790476268841
182.63320619650065,121.22812761396034,328.2933238051966,428.38989508193686,336.88952735078186
223.395882529333,154.45856560112486,441.38244871717274,803.9748883283517,359.42016609860406
210.32833244091418,145.89889197125078,363.5489164059814,525.1540899879708,357.6114305340237
152.11197051786456,155.70632219049935,376.279349642075,694.7015835725017,387.7381910086865
191.21922646226298,146.94530238402203,405.27215434441655,385.6040564362732,299.7316006959358
186.03299258391328,195.3670540699781,480.10264355825325,530.6954159803455,325.12498943235596
225.63403436808443,108.6114679240103,402.0889347100164,546.8025085065555,287.2273010045217
212.3802054970965,153.18518000208934,441.2386277148052,713.7902025179686,330.1986049516356
222.9543144954381,204.86685654581922,380.1532286156599,504.30917917871886,371.0152120472553
206.04333262819068,159.00634653123106,478.30530936167867,600.6910409518521,349.1333218756522
180.20069108423726,137.72835365224174,452.0802420628449,689.3441212370387,314.3307389954798
203.13219817520306,115.30587432316358,352.7932169596519,412.14721856182484,383.0245466035285
210.8923921237535,117.78657101818813,396.4610164973191,431.5215693422737,374.2249239551925
149.4973777390633,124.50199936199428,327.8678608518349,351.345547642675,267.6985340297929
192.2235905939344,151.11534943824947,379.65334998311647,701.3965117321225,348.6290505464041
219.54320164992697,168.1585112843986,504.46468548919967,511.4199745421361,363.61323855626597
165.8043307190726,127.68949481429914,375.6841836848169,425.7648244513318,350.756459810926
193.5170902809631,149.88858706714532,456.8610911690829,640.9188045226455,337.0308716071994
177.16775722082178,156.78849726033891,430.3221869617052,354.16847747638684,344.18422615305786
176.04241982289932,178.3284519944836,479.26917814970705,609.4029514192079,327.25879043100736
232.84325966379004,213.00232093249264,422.52615911587293,673.5463728454725,338.1892049004447
185.5433563499922,153.26212731907734,393.45390160273644,506.0776462398638,292.07269144667515
207.37449503375308,131.54237013269244,344.6415313481779,497.84565884219444,292.3194949928545
186.74470632060672,151.2142263162498,493.8278456155412,645.4279147448619,296.37860026905935
163.59947324124116,153.30301651851394,410.2242983362567,371.91361021967515,287.36742383108543
199.13330804347333,116.77759060839725,371.8080075750958,459.3396662261755,316.37990097699026
184.250359719643,142.8089515339613,407.5717018104464,688.182101152869,343.63032784553826
193.4724150164703,158.78978804665408,441.09173311532817,537.8015257802368,422.12802157007354
226.1199306441132,193.42741315247363,477.4909187180178,616.5473924040912,305.20739540023123
231.2922193645552,114.07472964475708,442.6817612569661,614.562767376858,376.09641220009945
162.59611864418005,109.85472114003854,435.7761996929375,631.9472541727498,311.259747728508
215.62123842555843,152.97225579527827,443.95086404298314,546.607908281684,341.7669697868931
219.57350201992148,153.78085882177882,397.7508836545765,608.8190810814788,308.6808689204344
201.36952241182408,102.34147287501919,423.25491217643355,429.64035953943244,358.4162401211204
212.72777688980676,146.408133622925,420.5455995423839,546.107705260516,283.06820582055735
209.6552063516089,116.24270204414302,388.9868517290988,527.8124493307638,306.0579679620573
211.28389193791153,179.7255841976557,461.7878741722273,498.63419415456286,333.2748639873098
174.0900733038238,126.73444437861092,372.47738549374634,395.48206358610406,354.19914119086013
223.43013182740097,144.71003387934806,502.93303892853277,509.78244390597825,392.3436674395789
172.5934216835687,223.95272717819302,500.97833708782645,532.7584348085004,297.14663883718936
214.9832927454456,105.82685718940404,418.79257650462375,355.3779558669835,295.5586578492072
218.3945797037116,167.4199751388524,429.5885800802767,651.1878184444284,344.3872892700756
188.40256795593245,155.82337842691985,344.4480862257205,594.1365055333974,317.7461895311974
180.72094022476077,127.16736391355153,337.87555451038827,420.8152458256522,276.69094329775555
165.64919855629634,131.45183306339993,406.4641604152575,683.8820928573151,324.0986012148308
205.35542771757943,145.8166790881435,373.2553229564881,383.20247469893957,378.43608389743093
222.97976071771328,112.81060568992294,444.97720065329634,665.5183388235398,355.4772027585969
207.47850402105632,134.4639025341461,398.8518349767793,432.74760118284706,347.2278633040393
194.87657520015142,131.39444734776484,428.8438653965766,342.04614245815895,320.2927708158484
196.44250732189093,143.9424802479204,408.1688405121966,480.5020968492529,340.41868299205674
219.2168397425557,165.87781864394108,479.8242655525515,660.4813191554323,407.1560183878956
184.44211583693232,192.58938194856594,429.4921134629181,699.863770983377,324.58884223733725
170.8039071063866,155.66573136456194,445.9305258453174,427.39518095515956,340.7150018323503
219.2581620836515,109.362219019533,388.91310813412287,366.75921429918753,375.61881082951953
190.32853277341164,186.99676937902984,384.5851358306518,644.9090005191202,295.7336624082024
170.0696379161874,142.31064928589373,367.9340461299621,452.3074632672827,322.8473981672448
243.71227944635424,166.8897414359598,392.43419629280595,392.2417406483,368.53815411352053
195.05507781772778,138.81459486722176,470.4403410262535,775.8890917767849,351.18836420798624
180.64599454401912,201.9756855142349,472.98544875943725,471.4102820317534,418.3272050833826
195.17505453028434,117.87142373764529,437.9891768459254,487.7081747639293,292.807745861855
257.34570742198844,170.56257731914755,483.81460469413906,516.3821887266679,401.01588969305107
154.7120429311354,95.34017978802672,372.25108891971627,359.3122194016858,275.23562321570654
177.58925166153352,160.6231493619064,379.6034100601106,599.6849672243688,347.9036608385781
212.78596428561946,153.36023234750294,419.9116639737745,729.2428370457228,308.9126153511874
234.1236450736641,154.94134619803768,417.7282576594226,657.9883760021789,399.72060798758446
175.34914691254934,125.80050007129282,373.2523091284055,543.1309051572773,325.70184045333633
203.09207950577132,129.39671078677057,422.1536348647598,712.7341750131347,344.519602799101
243.82931813674088,152.41532309962557,416.1236660455444,760.1550491434923,349.8220977794944
200.79997150067413,144.3428341547606,379.30554343563557,542.2620796484672,305.7041123750593
243.2116058665555,115.09112165135801,419.7270470689128,401.314854627213,409.32962126208787
224.9182005588235,185.57544976264782,540.5392383970094,692.286595006649,356.4705465054989
212.89538282876367,154.615600465094,410.8250814293152,471.84693628324067,282.7908987920885
206.29516301348914,130.7233585441307,389.40848043847177,338.19148863880355,380.1598700160714
205.5773969736601,112.45799924321136,379.17589022461533,471.18750892453824,331.19388022277536
219.89541460686644,203.42081266560612,389.3710638818144,443.9672631039503,397.93973739707116
153.19169152994644,154.44682428730914,427.0649978987726,588.8077088689276,352.8335795746502
181.55270893543639,137.1800970616655,384.34765749433143,571.0500065795663,323.6590031500942
206.947981383761,147.16281889253247,400.221557814102,468.12498571171534,391.56526242544066
177.0061133402163,186.0381943983459,370.4125171762724,620.5123056891462,293.5807054357808
225.59138194635796,147.17253318752918,446.3291309382967,615.5110737211706,407.43352988611224
193.87574785245656,125.1663549110065,455.02324514710244,487.02021269062686,297.17047045200496
236.9115021861305,173.17886671122474,423.55527067716736,433.404038712582,433.5826773280243
181.88856731426773,157.65635007596796,451.262205201237,402.12672453048725,309.95448649121596
167.65623982656263,177.36635259298723,398.4470436339227,500.19916985791906,336.49391412177374
206.10239441846252,184.56685806634013,544.5948955329778,819.2676083765349,388.37866123642715
204.39330746632194,157.80650092657618,442.26382070144564,551.1643952762558,382.0205021741387
182.32639160484675,131.7682574681006,504.3913898944117,428.3748267830084,322.6822642722979
161.2415890851967,130.26910903387457,366.57710899547914,584.5261555238147,328.58388199427395
204.63020937147292,175.90023889884858,409.88507930524554,569.9897940659098,314.9060962822601
250.2618489700378,135.89974950587114,493.9029088158378,643.4129078570166,387.26267708592
200.3250420222726,178.63461218711433,533.0605620450611,437.9455942754837,368.4673032984179
218.2597336234818,166.9584150861144,400.873179123876,471.7465312393604,318.23805581719665
204.13524953294623,215.49650987034693,448.8573749186428,704.329585603858,346.95247339440454
192.74401354008745,139.58537950644623,446.00123242226636,633.2560343789738,354.27142647362473
226.1105680811038,205.68649763911844,408.14841907967855,455.63048502382884,353.0071781963212
213.15803426534967,224.99985470893319,466.7392368168696,593.3387512956351,368.89726431255536
185.32193124714175,160.43342333810625,469.9255374948208,535.8498704970282,385.0993391651021
169.8400945764818,169.27243501733003,420.13356332575006,515.5056467479272,300.6489406166212
195.44905643435905,139.69026554133333,427.36153229126506,500.13719075510824,391.35895509224946
180.35342356076995,110.88230925098857,403.74755750526646,393.9914323108368,359.5159188238626
245.99965182279493,163.65721890857654,462.61765478197987,774.5694622160482,440.40836759537444
197.54155848727052,113.44807631645496,375.4133961057387,379.5246318645478,341.381641934097
190.96971559621127,151.4750381253585,411.155953852052,480.57383556713023,337.7187302408548
193.1446617274955,211.35378875260187,407.31979770461163,485.4507988394395,363.8437476426431
186.38945630765298,186.99657666134044,454.6529297284096,771.1620588696642,349.6669059612013
260.0583365132741,127.79517969863143,345.7229407638854,476.26744843390594,340.0342929513274
211.83625692571638,121.0166508231197,426.9134769480778,585.4456017898356,342.7745883371597
179.5038417108946,152.74681092459784,382.78309131065464,512.304473128945,341.1015438272758
223.72955590391945,192.12903807388798,396.41573076467483,420.8675543801462,443.5463325576146
183.49019193790235,127.3413654046607,393.831196527823,601.6398574752332,323.8920787308285
166.27716219799692,95.25742955958259,423.00239153492765,498.25844578437614,317.43498516051267
217.1538316439693,187.50349317643258,484.6793414221719,666.8372054020624,369.08056590407614
148.64050930343748,192.05078022441413,461.5754843544968,523.4527312796582,369.6782409338251
264.9904719747808,138.9286848659045,519.3402296440229,756.0145925569508,397.8478863709489
197.53537497245816,143.85900722023825,452.9106542204421,649.6004739849512,435.93752533921406
169.4087526915044,152.95595578228856,426.57453383149164,579.1732266582829,371.22114059286423
223.22037124176953,142.02969226116795,379.49931267882477,464.5406513762004,356.5864454043978
238.43617777773173,150.81299687063077,422.8037993865985,391.17098561406436,339.16717663572194
219.04291752855383,201.3696486375262,527.8265055818645,811.7055846296151,378.06296527454333
211.25683406592384,126.15444643591378,421.89161982135687,335.4406394931826,337.2740218688262
216.1064772402735,161.1796871813178,456.2221531987863,658.0500612959803,395.8427960808414
205.5149086870398,145.83090663475394,369.9676907670484,538.2524826375665,286.79962346948633
197.32185543713817,212.25094953071368,495.862625419564,651.6956215655616,329.81274555179107
167.06376821861645,126.62981699476136,465.91362592681645,341.3280358964911,300.16090016615385
232.5586295616354,137.89621188905642,408.7169680503701,511.5806943461596,373.470640337793
235.56539143466856,167.04552408394568,402.1821389796295,424.69239264775183,305.3168299364551
174.5658825691857,127.28484446455965,376.9494862286597,423.64308455340836,266.922342819932
247.06415364011656,172.19382703257915,457.03361724602354,665.8015515876442,366.8504222325585
190.96013553301108,156.12439388094913,433.4455809261739,689.2698930381596,399.7098807811612
180.79507250556716,155.28841390755784,411.7199113105447,493.93781991647154,362.2466180275626
231.2951548739393,159.85836162717777,452.2087589882971,796.0632138774777,384.9511263340555
218.17651070930808,188.74237761033513,398.039665306127,422.66190182673205,367.61570536023584
202.7319620388991,151.43569755068393,407.98022760081136,606.4067360199709,380.46100554129964
258.8179186435473,177.2517252875588,478.863350421183,411.3870695563178,410.24903771003
251.19542016744697,160.29600752379378,425.3675775946343,369.0695275183755,392.23378828818596
190.68425615229052,118.42410727045105,353.0837752939071,469.33886338539924,322.95769630689676
188.76056277971978,160.92427530717157,386.13486460097675,558.9320838094436,360.34485632299675
213.27127818404054,219.4881439093207,424.7605917554167,466.7005733107933,345.40222271698207
210.47027247285124,125.86719308609345,441.2094528965012,654.8251405794139,370.8035361022801
200.07069357048974,120.55422165868471,449.79247208506575,722.4728306509121,398.86958385372293
221.86772001335143,119.01112491778053,472.64697549387574,578.7202974613389,381.9282026328924
160.1635526078242,143.08920612462168,407.9325554096429,565.558541237019,291.9723952512632
150.99100945387048,141.02076832078484,378.2761604409811,407.72503903001905,308.5333950007279
195.13283735533963,106.87724638456635,360.1190273338161,456.1335895042916,313.6705788975938
199.9740403953215,150.33670263460283,411.0082109858582,400.52752180710115,309.3213575858925
166.87998941475195,135.35197922408037,386.70844860871796,349.8485787398083,295.58520513201756
225.88704469058362,178.03953198287897,367.45180642755713,426.79861947537205,306.3000457450756
222.41056944116335,214.58202325255414,426.70912897381845,639.3202867788732,336.1580400494097
242.46144520971933,122.94307820725537,360.3178071194525,407.36903770508565,384.66260853803755
208.642000846908,137.99125237324014,414.21033420915916,528.6496491072343,331.9502049388423
240.50443023456714,130.5151709216745,477.4863105632523,562.1679675589729,380.01900561994245
217.51991946637156,174.57971753583513,427.9037230615362,818.9264742986735,328.81356145279693
190.52709977161084,129.18324286561642,426.3341570656443,396.328709138416,387.5323726743631
234.82711091077127,127.36391764093901,415.8757130257476,515.4940160872728,300.2805419623923
215.50196224214142,139.63535856513406,409.73934935231415,828.9291977544343,330.99982429963427
197.35169253454694,152.48188340225803,475.07946554728244,698.2299402765764,295.8395472800908
236.77105675389282,134.3767958313966,468.4706512663933,658.8824117324282,351.362684958908
203.81870728072502,158.73119170283175,426.38344666801066,704.0907448640297,280.70581929046494
212.98256311257157,160.58531724432453,446.0099308283474,748.3922001301418,330.46299908251075
178.56239185282095,133.99574055035387,430.84499164057377,716.8234274890467,320.906419563759
181.7559375004489,179.3383802339878,420.76348033829487,427.169525627584,345.6577434405851
183.6985732583275,126.79170295702694,364.89190220705535,423.12902929011375,333.73898857468953
194.85101072150974,131.63462339632028,442.5994621117657,618.3183861269075,331.89425530104364
157.82566634865285,139.11380764940728,332.97475487059063,375.5885066142967,344.4260204170948
199.0660577216851,121.01524770166826,460.6137559230604,424.2102063771051,400.46046078984693
212.44190384835173,119.6068538286064,438.075888145369,534.4876324057564,383.79480484428694
222.80621474737208,159.38449092217684,408.3771803488055,371.6884265179204,379.71009718642506
213.50906148871164,167.52690746057044,442.33230559271965,424.04406178288724,357.78923561109343
218.01729285866273,150.1251646050145,448.1482265848803,703.7096761799871,364.17677224305277
211.06920706401758,121.23590518812861,376.05393777584845,802.7821863095488,355.98503739496
217.7026654928767,159.55872773507744,472.1777361314677,849.252178631386,336.62144732723107
207.24542430673597,141.89147655337968,460.2579685315087,459.17262247591253,345.158335186288
191.25266921945763,121.07540476666212,416.08200113221693,375.8011506117045,301.82158200495815
181.86533832811398,170.5391366389989,427.69513782896837,611.4561936144875,428.85130499645203
203.55867144483614,177.22405743867557,403.80121119705456,420.8159626245305,351.8021282940369
231.97592710867616,128.374883812436,399.4312602345501,353.4233173208041,371.9332350356325
174.05669825028747,150.1045361610294,448.8331697450568,547.7801984099851,325.4863491783127
207.17373736872688,103.80354883841574,428.61595457120916,619.0800663582288,375.3612061065129
212.39701603799037,146.72804468042585,427.4635947472183,638.755281415581,386.71629682687967
184.54534062256536,133.82627718591212,419.01752743895196,657.2708169477305,354.45947766097765
188.40064661714342,139.8724048191035,373.66733315610986,474.3901915739617,337.27565868689305
194.07681123706317,159.4001321127872,442.25230529693994,758.4685584590661,286.28580212087684
243.96387647797093,158.79338296258425,422.12830785815396,375.80951102878896,413.3087453665218
230.33727317328524,113.2550069662749,412.99037402927434,392.86629133096426,346.9471873254922
222.14672372182747,133.91261637894786,390.42155125044854,451.7639655637994,377.04348775773303
212.30379809206218,166.22610803509227,519.3566965429683,488.60190072601875,375.319405531476
201.20817230967782,204.9101255494905,429.91126955373824,597.0024349971875,290.2948947399319
190.2702393113133,155.8284241661984,453.3048612549676,465.6653391295194,398.35889220732287
192.3238547923072,116.28065589312487,439.02598330176403,472.547056640171,304.66868547199175
270.7727450773564,148.63372760528182,453.3117595957639,515.189651708877,373.8925759610123
219.84447119728122,116.91142470183867,384.66823094502325,453.9292707333584,306.41986418213287
178.00285795884648,137.3316803837506,435.8032976550166,536.2496103404308,374.25281876713984
228.57850739415557,123.56089342742771,521.2459154508009,807.2704402998401,411.389164162997
213.6412455773714,161.29342970189558,476.4894931337953,559.3870296641695,412.2815979333504
202.07418017835468,128.6708452405686,456.1533111857447,376.4487927776557,348.64531112496684
175.65816775879244,135.3805226448291,351.45671082417465,612.539172278781,291.7564665454218
164.11357877823554,143.72861902514973,409.10263148949133,608.084205146749,392.03176476667255
215.56689022273022,165.26647531932605,471.46014083695064,626.6823683907925,353.55809382566343
172.15663846530703,152.5215028737843,415.7953839408387,412.45928973570864,304.38715088738974
208.82811997618867,164.32423466188698,424.98536849802804,511.051314750006,332.4062925825431
236.96244098882838,168.85097705554548,430.6454763237842,871.9031266188325,360.84052556758377
210.3036875908774,175.67588349975154,409.111291470185,553.4514294344316,357.0877467388527
216.66914848520193,134.8361974856184,514.3925288842696,617.8080740755288,379.56674837356144
177.34988249893337,121.06449578820789,421.3097368276525,505.5454634033287,349.9658248230147
241.5839157429938,157.45282440087428,476.9108408677929,566.4931982077364,398.257441805469
250.38293764332255,140.25422405999532,421.92274046360086,621.573113838615,374.94401144732313
215.12673886927107,123.19741862851772,394.0259844965383,472.35905392442834,327.6603990793246
167.14798422515224,182.54897037616396,366.5633290974559,609.9063711302122,355.07835697871167
172.35133761136677,131.936042673522,379.0160150564761,390.3184267445746,320.2219328505494
226.75257679768134,109.74443101941301,486.0851081320665,779.9366255970781,349.2873909730415
228.81121319221975,199.56857230722332,455.30300582138227,631.3637620334108,398.2683502853112
223.1707915341195,114.23530623265805,414.98634478104077,651.795395164553,355.851267576785
221.93312022968902,151.06811616827505,422.1121298015288,545.8118918474916,298.07173085982885
239.37246942643614,161.4790503543174,463.5501949577907,602.836824750908,364.7760153834906
185.57065401127113,128.1529580108585,336.53765973763825,579.476799990508,282.88562798853684
201.12670551931762,190.87420983740736,376.1799710721217,549.0435808998795,326.82503356295723
209.74117306197036,135.42864565411796,409.85520919437795,482.7178401047988,329.4727057751801
209.64681568400215,137.37782940339395,424.5538962316899,586.4155360548672,291.1282340941344
209.92514969928993,136.34243091008943,385.2080343953575,574.4692554967295,297.92420007470287
246.44133053151484,225.7991358269173,529.5516042772707,749.920014676785,411.39730290435466
167.66002200532947,175.39295887415147,378.08588044105613,510.12846755606574,292.43409026471664
209.59923028564256,117.27526000000626,398.9370247187058,344.0689767375152,357.1061991048188
228.6801952102821,152.87485788259696,429.68126595052036,797.0550487536653,411.1904409468023
164.67632145865915,169.3457603188868,438.0143869506421,467.4576702452514,342.6945414277941
171.84799302516666,207.36797514764137,440.2943887793325,795.8966349361666,340.38145094067914
257.53145637381033,145.439223694312,456.8612647855872,532.8011977788095,346.2683769426619
200.52090157868577,102.92480940524634,388.73963809202326,572.7171180019699,295.63600130920753
229.10882994933561,111.18848172899443,390.60861922792037,575.3431996910377,396.56832040674794
193.33009418145943,121.72940619117927,383.24049973735026,520.1719470745801,329.1372064147232
183.07243987317196,164.513688471695,374.214049751898,637.0383727129523,281.1679542752342
182.7577885627864,168.75329754869173,358.5615263033098,392.7459515027819,323.0685289806229
215.46986214827564,187.69869188181332,506.6460687385775,702.6209326950444,342.4243020704427
190.77564443682934,129.80692922120403,431.29475589052635,330.67898682674536,296.5931122821489
159.52452034347596,131.0387341531055,385.52094930992916,371.9990217462259,353.86004583417866
188.640577961763,147.36789041200208,434.5784592353355,534.4255175644498,292.0308484498658
197.26836493291952,139.2167845003011,430.84583306313897,446.683926391672,318.5389747304564
218.10098785259754,148.22299983965576,437.5916137316597,759.0546018943134,338.16633245922304
224.14770012864625,119.77071128994531,375.97249656693805,601.2626665623118,329.7529197521576
224.21085028242368,138.36754106456107,416.66946740597837,524.3146729693322,414.0372457286707
216.29836505161384,146.11153096139694,495.31925306651834,490.34282179829347,349.86624250249065
212.95337064881278,134.1970789881036,434.9584492354543,444.67446284793056,345.833053638669
190.68498300779535,97.39901772901929,389.8443941947153,338.72025318353474,340.78061580602696
227.47921940016937,143.8945760591228,350.8094473747182,389.8148907343946,341.27163996433575
178.41726941728646,162.58435578545732,451.4510075125348,451.6792093006172,365.27763791505754
201.6297882440047,103.03295407085139,406.4626484954554,419.55633986308084,334.29025203582347
212.23784437800217,145.55644481014235,425.164321217683,469.31765081258186,313.43969770923627
170.4026333474908,183.18097849968956,486.06914425659306,528.4657824320035,354.94873171874195
189.06538109958663,153.75757538099725,482.14100436743803,589.5108037980448,403.6602618949201
226.7376396687679,149.1228949849963,455.451159963368,621.6371748278533,309.8394612230744
205.85346806275092,180.12617050205137,433.2691123104185,492.3952552742527,292.3871316911749
187.51455097534102,122.99486608150188,407.7263990422418,676.4168104228876,331.7292890346601
205.92830756299404,151.67367895270584,465.1717940490342,684.6642477963944,334.95624697008776
183.5067799467483,119.52852216109551,406.6890961926311,637.3087683501145,333.7481028045495
257.93630304436044,199.4084683835357,505.8729867195909,705.1209252997123,377.33205650148926
159.95647101713595,156.39841857091676,382.34208835546866,400.0623885867875,290.1267021624536
225.51007437206562,123.93285861636174,363.51706841622797,540.2768366169317,294.83930377668196
191.56109201192334,124.32232736538332,394.22972213141753,524.9152282390019,298.1229547960147
163.4250461265504,151.93052550590346,379.12210523005086,382.5654479683571,333.1785749358563
199.66452398160905,137.99121993186958,437.537921124811,589.1594910098116,329.82717489139884
172.2122357028853,147.68230371168485,371.78885839392245,448.0771090956313,340.38356293810017
197.20329281766433,190.24083497933893,430.20942026685685,622.8168524750048,327.16444178907375
229.6538682785621,98.32959443117124,397.5590369232617,600.3068950290085,340.4590711718211
259.37392243060737,183.38263839548833,501.24208061268945,866.7423537569941,425.10944574325146
192.09142639124858,144.68117830943243,363.9781555414229,733.7855459804155,388.42488787622983
206.10854095864659,128.71095843821863,506.4901520287324,556.8767713594485,419.4640438420236
227.16902006650503,162.60381172985444,489.54338314075983,666.8809828796437,437.9975709192025
228.80355531190312,149.72366537909198,335.777657010343,365.0728704351284,333.7168416058664
204.56984228671664,140.03416182244058,464.5288653428303,576.7853658876538,356.3329435067434
209.48380609329888,182.61139171802492,498.0896626784399,699.1552404962898,329.2665050286293
215.41388787092285,121.32408078571754,396.9253375690216,461.53804792415934,274.042048148445
202.3504326958323,147.71854122586385,432.30850493823806,670.5362083319978,359.0124612355784
250.40782431117424,148.9488226168945,428.6612570121097,418.59190675444205,385.290717570523
183.74986168059198,111.45944619571736,380.26392810651515,422.90021385308654,330.6407718100988
214.50329855902413,161.34995367568757,475.3969319971615,747.4120575615137,313.1611904001316
200.44641504495362,163.15574641576868,433.727398487882,633.5924117268165,350.976279589149
201.52061648097668,129.93136947509487,386.33992111929854,637.5206995922621,273.36789308255476
202.82916219020095,115.07972766206242,473.9864298207933,422.83408555563494,350.61683796251634
203.45512639119335,195.02410051709975,459.4377122360548,571.6051291479816,366.1728583461949
222.09885447446663,136.69668779405802,485.46329622435564,620.9976939016022,365.2458824172521
179.5130783704489,105.76892438747497,405.51584238172535,343.1847976006372,306.16792105067833
190.21113016770053,171.8183375039796,440.95067323972535,421.0500318417507,287.2636779700594
205.98661246202127,146.2428156707304,444.1339344347841,704.1476590243908,326.1216330893876
262.9073784482031,197.9519721250667,457.67925656248235,664.9083479737423,356.5755338633392
202.13975072432146,153.65698341106085,410.35930052448566,474.02658106946876,364.38058854163006
222.87159893305562,131.23621658168045,426.761136836252,623.2751530211947,320.54242441986486
201.71456010254866,114.60131447631777,410.41802407299787,545.1083565923666,399.9621943060923
235.63803279737462,190.9718031758774,503.7037897168054,491.48599748503557,415.1845297609999
264.47863070554985,151.64949245372551,422.19732974135775,506.93015236707674,329.2663484387978
243.71446958547196,146.3292689485028,445.28050654148325,820.5948340612354,336.2276674441413
187.71556786452894,187.18777000599312,420.6407100233733,417.59295628818614,379.1981429538593
228.79739128676735,130.9011042188449,494.22516288639014,407.03642897134887,389.89006157877986
201.7733942387697,144.56358946785076,437.6994300788762,430.5915932010042,359.9452557186166
159.99070437633517,144.91383498685732,465.9821914752931,401.18938942933,352.0927139803673
210.72419430242655,137.06698627782853,425.7263263170065,377.6619774433495,383.1900732642015
162.718219554524,164.315333542011,374.6233350777986,353.9836963616601,298.2860113091715
216.66433108768132,143.4016832858995,422.84499799772993,451.77499199449426,378.2536933280273
218.90766041171625,167.4944095052407,410.0557496819633,636.0120915884623,361.22880608254934
265.70708168289644,201.93309471178287,518.3369275085867,871.944349044678,382.7644941112333
184.51470225826594,119.55922239535937,380.08203495505825,375.6651348412709,290.81981171651097
209.90576300583044,157.16710902529084,438.8633929124246,589.3443884212162,342.3582185035321
152.56922215497724,165.28580813353256,445.4201266047086,699.3836404324664,328.5906139465152
200.79212989715938,183.1423867968571,396.5555378142111,384.73246048715043,346.01670463333545
256.9673339122688,156.31089264255166,437.1466121669642,524.4126499361814,355.0901129736313
220.9292253191553,155.00637493171627,398.7415550833043,508.0002994338287,352.637730286188
153.42854727463748,132.20464561687342,332.00183760332806,476.0079297795178,319.21943389646555
183.31380552468093,146.44308183505245,442.2515994170184,595.2526880383962,333.8206038261673
203.6168822853784,170.89479973731704,424.87507128489904,543.7114767094932,347.31822888608366
237.30179494196094,137.4322354784432,415.79140304403023,690.9147187715204,333.8172571135064
212.0158688617089,126.53278277118362,423.79540165402904,454.2312918930106,307.34512695877675
191.85968487058346,100.09198012984754,464.0724029564278,579.9903421334992,325.90443904272007
210.28459915978107,123.70180903157367,401.44748651242975,533.4542080901216,390.9230171945966
239.5113012178495,175.39320187698203,508.45771599928247,635.6290518185351,398.8776493998612
153.87259759887797,106.92570900586972,427.10010996058014,502.8529143844558,343.7415423527408
149.08645317879285,96.18910920467498,350.72736938570966,377.92004750571715,308.5085018257706
270.2263138745641,184.8198966416898,439.17529399927963,650.4625265063911,397.9400886711918
196.9616623857331,128.7173724039138,398.8068548318752,557.947006261964,312.0803483013
194.9180631428341,108.96237826881506,399.9694387508064,509.75900795104985,298.36351162896517
177.07677801304328,141.40370950088928,417.29081498462807,342.78786074329037,342.2633968067898
240.695737976669,154.09837904048388,487.1174066042472,631.936915537871,414.2784873536097
203.04447224959344,101.06131245844145,373.1576337210461,365.1827711693783,365.2510202828044
188.00904307985533,198.70173355076577,468.7508164568377,537.7301490838928,349.41428364293245
194.25416666405837,172.80616549051052,444.60020029380934,673.6828883090308,298.6175791332237
179.37589554955682,175.147314057666,445.532053812979,493.11392235056036,392.5968768604348
206.80362492734824,99.90688234128984,423.4012054755403,477.7770261938113,411.9826515175729
188.63775373594237,173.8767602773415,519.881059314316,784.1335094241772,416.619741158391
213.32127565689106,139.3735019428,358.74209878278793,394.6295099199539,309.2171062536438
189.01982511452354,190.84168355612334,483.4152571558611,471.7421950232731,414.3548900583992
196.92753865954325,162.28261688029434,437.1469431870153,679.9027740373864,400.88459002662245
210.74780073830723,215.5394604496791,464.74058365504675,651.1114682697691,332.5346048397607
184.27932962342553,137.69880364324143,425.196371012719,421.86413804079893,337.6692473619543
232.75999839677164,144.8456482486542,403.13815261335714,727.2728827470676,385.3773522525188
202.86758429977908,158.88448725450925,420.60002558004356,423.46544112900733,358.056164968279
203.01978663721437,142.43706373034516,391.9298776359815,546.2521432126326,329.16613618311163
174.70285990417017,147.1036233614437,390.2859018539151,767.8438935921548,344.28787731534663
188.75252265667157,143.3149760331371,433.172751349321,706.0265535101256,367.7078711242338
213.3934481455554,167.37225777004602,376.982634090271,454.2792069911665,343.4133214527802
228.89914526186294,118.71377000564813,349.9574863489201,347.17301757712147,385.8109534635438
181.5222362315586,171.21092945816767,409.7505340267365,674.7784031584532,288.1000651074373
185.46807276904903,130.57830715644224,407.3618787591237,474.77762145450976,341.6425563822305
165.20478695598527,95.80864073802287,353.52590315744953,339.1246460100662,262.2810368788874
197.9494119701219,121.06382511255886,399.6304990317484,390.58383883680796,332.4028903381424
190.5893926319365,163.4830768182794,344.3931741587489,467.3001909159318,325.8611795143106
240.49426616896812,130.24331992688056,440.1102530605258,548.5299830202235,315.0556019678661
158.46041577154688,140.41683651301594,450.9484337492365,668.6234702778017,335.9197881935018
197.85312015938678,124.48114933071854,428.10105870070055,397.2158430239555,367.2041713167379
228.23398891415698,177.23801736038513,487.4315262182618,691.7854426002407,348.41423245202037
201.27419848037522,136.7612487819377,398.3920153668529,448.2296883681792,336.8166263476425
204.38122022537743,162.17282043188888,398.719501887479,525.3143947094857,389.3882623225388
202.31665943899392,174.50484930480397,407.69540907566716,815.4056234687465,343.8584181732858
208.96629558862134,202.48709388485136,531.3011720974491,860.7367296336936,361.5006039142182
218.7695984842917,99.94419603666056,412.4628047741881,426.0455614549705,365.50984724895
179.50512240983218,155.82235614244178,444.708510889868,412.9148668632636,320.97821763231275
184.59630253517366,103.62302607283486,401.7344587375338,647.825965631302,331.80945120311225
219.92591671841075,129.24565407375724,430.8531457873317,464.8704035241784,335.0908076214668
233.50244745708588,150.0848282678209,469.63737824279383,662.6688708204906,352.29622666969107
188.56325839558912,139.5348300218162,409.5809084567586,384.4547361045719,298.55012258896414
231.11641351680123,157.77157055275077,423.72860862786735,668.294207530225,313.3977450541656
228.01482539345972,139.60860571352026,392.4751880905161,385.1564038576511,371.28344311924263
189.79773688467367,155.81156235732553,484.0552641012028,825.860289294231,307.5356152528412
184.55502283069274,145.14905423616622,457.9075363461498,502.24536780756796,361.85408006498534
212.7911051101171,155.2344408644793,420.5456835311284,823.0338598543831,397.8203066497415
233.30284404343442,154.23532488975582,407.3324674914104,635.7423884640898,310.97164039031617
153.7563442300912,107.85778552428066,386.8406352910611,395.0683935752592,271.5930585925559
161.6610030992999,154.80462392360246,457.57567789914947,726.3576091804929,306.34716301022434
156.61339924027493,174.76643965343104,461.3449243694119,451.51921336071837,317.8275872513434
209.45459437261854,111.82460998144049,378.90118317116344,490.5961715296408,286.3962971892562
182.14138003160448,139.08561250263085,473.32399293777513,734.2183914558482,357.917743680223
164.60520148442194,148.84147678265836,382.00396092170945,451.75595420630447,314.08531118587865
192.82427846215114,107.05807127318437,331.88948484887555,333.11125971937827,337.52149058380326
220.33800529795275,175.02824051062487,451.44261256654784,742.1663862157034,319.05705713913386
233.8678042181329,127.99631978868761,407.18392042496873,592.3871200979185,410.17436142829104
209.67190050655515,173.61410426480242,368.41798630211684,471.06429723723153,384.9704229701812
215.61254650170272,188.04821537650875,491.56392859956196,633.2306479305222,359.1888814027268
180.7057879707564,97.48706365221888,409.18703968061766,380.8402528714337,347.0089295418857
192.87588604513272,126.30099524036046,438.0061436378088,391.068610322056,373.93885565823393
198.8811812371867,205.60064834660534,399.4445953837738,354.58787543729284,362.0865797702019
226.64664471013944,136.93499543327113,456.53232880021983,419.6842875619332,342.1787613746567
200.93369525446718,138.66026959711985,422.4244836715387,470.8587512371353,377.71982452611246
242.07927646326925,163.20084490327253,455.0559482764193,518.4171413683097,390.350969731173
244.38709396108825,134.26211722023749,412.32747865734325,606.6458261944827,344.973701463972
219.60089650955058,120.77374709292988,493.73799537271753,741.3123085437915,395.35744117606225
227.50807324100742,180.29782020160445,505.59577818719697,420.4847327127049,332.4984507755823
198.1327463936285,154.18977586700234,406.78616701546144,483.81565036344756,267.6239340266036
193.65838984015272,96.73991419665595,414.0167733401398,574.3698526361181,321.201467896898
214.87059371165117,180.49307113534496,446.62972559431114,465.4369809939769,390.8666168195151
182.7519876971969,109.1381176271636,364.5512938917796,406.31619963378284,315.1760714352309
206.2136164004777,184.7501690126419,402.70392168276317,649.6215153552905,324.1350190410461
180.0493027378298,175.5943543581886,440.4842439922514,605.6107500307058,329.1349233287238
206.75883306321026,145.95843789111163,391.86331111058246,685.2809752717815,342.6389381163744
179.73882246772382,151.0912561912357,408.45393199512796,520.8849551539104,338.8824617648809
195.39911015197083,161.60425286357108,360.41253629294715,609.7332237491129,267.0684230882346
207.4927326637876,192.7824867128807,446.50332913905436,535.3955277133255,436.3855751629867
221.2509631552572,176.73709960348324,468.16320892541216,521.924703907354,367.35910342971005
256.41030216936934,135.53467242445302,414.2751939245665,422.5822772023391,316.1690993436712
197.7169601424227,123.35263944310343,351.6351650953076,358.8880714751885,335.8488464098268
217.47521296163194,141.58924370708687,422.83901192585637,825.890156352778,336.78668446640813
217.2803444900792,173.27601810009247,432.0354122235228,576.7506337472308,336.6168948913098
242.0962690757117,143.31288943203174,515.5244165228196,674.3907130575426,365.08860387994986
183.82374284314224,138.52026580888787,457.60576456097056,583.2503035463451,371.0586770797643
214.9264505332968,196.21314212002284,503.8415849035063,569.530078976042,294.52545038550016
214.60780410216844,131.4481099395201,345.5320997145112,574.1409341872042,324.73756727417043
175.55628439770555,135.04217217803998,371.1314298197116,421.4627388339698,375.1246828727254
198.9825119081833,133.33133582004353,446.687440149995,429.45384633047786,344.0351175916276
199.758862587208,108.78922983163203,332.20735664192,429.7997532826039,305.3748214618618
215.66016472130613,158.14144022082274,443.1733309692935,455.77686402065314,286.8616097427447
195.2854660769625,139.47711075951258,440.55273211748255,670.9714143158425,364.9516573157233
193.00779527484661,124.81684277922116,422.84584265147714,565.4797988371206,384.79365584424784
187.29372027839804,144.80539967560023,360.15036737317837,353.53281477302477,271.80998906275494
197.29017786279843,122.87956808921354,508.44676100100594,717.2364514762949,350.70727921068476
213.30185213707387,134.94975356627154,491.7800175591596,682.0980322972624,399.1300897440849
195.86316449142748,167.66522781809377,380.2202627159218,504.49487046685573,330.9159599309698
243.33294165343102,124.34896348500527,374.76278901472995,382.9462910469414,331.499123611329
208.23436057520738,175.45993710247052,452.79040049493733,585.0343814596492,382.55786004018324
201.9734893333669,102.68701036694593,435.1773253546342,656.6827156508517,344.96694685264174
173.9092208972927,176.00544915145306,434.446093272148,515.468762328756,270.57264515041777
158.71188608329436,149.3019803703754,357.5213594847899,353.9224563950102,281.605132863187
214.24937509753508,161.16947438212938,357.94353724137784,497.8525284367424,309.44313412426095
216.0352811696182,152.81451540975462,340.905837071917,514.2794955218329,300.1502624059139
215.29745905616463,139.45894421877148,450.22563532807345,451.17585222382183,336.42321577905983
227.21858180354323,159.90991203482753,540.295219543646,806.5222950605961,368.8358422556502
170.92238143277945,151.9356159852924,449.5382267625289,524.158629372265,365.03897684425687
204.95776669088306,130.74497242843717,344.09128399147613,344.66662655014983,351.05131174530743
211.89472815774937,190.12154859560292,383.03646380823375,522.5331007333133,277.7088453872625
245.09395122722364,125.73813185992404,435.4187744428983,502.3646518577933,389.31762934613647
236.37416717299268,157.8340159947577,514.9063775187631,619.2707697970709,360.44580459359673
200.26230619450334,121.36283207714855,406.5351866234924,524.8342140644673,381.42759133510975
175.2988775962527,124.47079205732794,405.2082303832694,380.6445444465257,310.88140779707913
201.87916438361006,216.66562405839224,410.29946430727085,442.7710150521901,326.08809736445073
220.4578189229844,168.4373872878227,511.22523416819865,640.7412787918141,350.1281101136813
216.02147489780288,158.72732126304444,403.7424923156326,633.5362725644907,418.7494116250284
199.96469730067898,140.30067625985455,413.1835005243931,394.8112681612855,333.21682646757256
225.2548236434275,142.26636343946694,422.8757202459114,611.7449919534926,421.2675765048497
206.64177747205446,168.52722146390792,422.0104383924627,765.9853971283867,335.18881445966895
217.63909018349534,144.49655128728057,354.93053573858253,752.7173122417165,428.16750002746716
255.26312819618232,154.69647884243895,518.727974300739,728.232159778401,374.5741117286362
235.74427327087696,144.94903087905308,451.8278641703616,701.8144420651792,374.8206105943275
169.89880560311815,150.27923410884668,398.3667518734789,579.0526433099127,322.26999687342004
210.46897711873336,140.64832755774893,424.94343389353025,447.82973779481335,376.8234028820799
180.7982826157953,151.8154457734197,422.10670247364055,552.4129837640986,430.87219896288684
173.09659531964695,212.2568403295912,485.02631314583283,657.7743098697554,337.20567707511793
206.79554349546328,141.79429855527422,451.2508575927011,725.8346889390875,326.796939333849
229.15195168840944,137.39857720032663,419.0699956052583,541.7273490670406,314.7270360934045
179.88270843619514,137.80647279904284,392.8791682517554,504.94978295329906,292.5416957151226
179.02543664506103,176.2436177151855,424.01798720992565,440.38541087130625,352.3320851497993
218.83881423259956,144.16655521579273,372.12967551145306,560.7264553016411,350.86189549199725
190.4512539964331,164.7812933152351,414.47111349517814,536.6223673984817,383.1708794474892
209.79883249799494,176.86342682728932,428.23146603185927,644.2955046707399,331.44846557812156
228.6553178514937,137.96839419584327,421.4529024864341,518.5201966204,324.1540721797157
189.90904486133365,158.38181751628923,456.2576552504783,444.00901819184395,354.8335931454134
168.41693428154517,155.86583040363882,430.52469692625306,701.7033421905135,317.53320407256666
251.64067092268414,209.58416495325773,426.16474697166854,586.4983126765518,369.49316100686343
250.19618581755824,138.9370719874049,426.1546031414198,439.085456089138,375.0208209741722
192.23888043641256,197.02477676063234,498.67361258509834,653.4984100877091,331.47292624065807
226.62421477402054,175.64568352802578,518.1260868405246,471.3549476595705,342.7406147431041
209.3600073172367,122.04021946298012,443.9754604454039,484.0707581640146,389.40827033696803
245.9930957465586,166.0194112563353,459.587890011439,556.6915341712424,383.1631433107075
217.02074391163035,173.03166825250156,479.56130086386304,542.0140131942632,363.27651424381935
195.29008727286927,144.25082287238777,462.3134905378047,417.4651999961023,403.3292780286643
160.82601782118147,153.74295580191938,418.6168313040974,570.9899409384312,270.3742562088042
233.22240925113067,180.27781560993876,466.1815715077001,498.00980202927633,434.72099358816376
164.2792064992194,148.7289837510847,339.90376386513,389.84300819522997,313.4119980584214
226.61911392185507,160.10029004959617,480.49548947109776,523.0970261194674,312.28251231896076
192.75768290960053,157.13995563516673,419.9445096211449,478.69378348170346,305.7966447809072
201.79008229565778,194.19377232355671,469.4081422944105,390.4433847105918,403.74586568105406
237.22649503959138,152.92749150495646,399.85422551545065,609.5432223527147,322.17297931022387
164.65401952286186,163.4199500265364,392.78698829272565,756.9428755995727,352.2892765061705
242.98609375399082,155.32492504779879,440.494248142442,674.9473387731174,312.25268514085866
181.19067734048193,141.2350315318392,434.93886043021223,358.4673466413128,402.11838257485505
220.27987932753422,108.52422560481183,389.3824754561499,339.7728003547116,380.0244363513253
198.7924265432444,154.3012238136213,445.8283267055116,591.9763756812029,323.7700495302234
197.69893085816156,160.4096871208893,397.1989981971549,721.4566927566069,365.877184181979
214.67559555894664,136.82871245255308,439.5687597277732,418.32047987187326,307.9902661819445
197.25293979262298,123.7165329474212,367.02162572204503,570.4193223636428,373.1373934035581
233.7378917851005,216.62099235572876,465.7890039038613,661.6335426246748,386.58672326453217
248.17018310988684,172.89257866725316,490.3539712253506,541.4062062857802,371.30708898699
242.29472934361826,161.44042997543485,509.49123944301283,530.6149948222264,353.45204952298235
155.3803145313372,115.34528998195645,365.8354933075373,560.5622020593906,387.0300909100031
184.71356716284936,136.56174651481393,416.9107846700076,575.684660162697,335.69983311827974
193.3300661411131,169.4135325638964,500.0226554046785,671.439222779645,399.9923269302768
194.22578163054914,181.49886750113004,426.005513117675,649.3528920361462,310.8492732104578
194.54642711313147,167.88651551294134,511.72926453839904,608.2067825854272,366.912702548988
185.66215053419057,194.9934625839227,480.10440750540744,746.2649241952271,309.347234638922
152.93027831674448,113.3117950046483,340.1464767099948,329.72015067542634,271.4158295440208
253.25184717265412,178.87819162747732,502.5263179213536,646.1384973369944,357.0950283551379
201.0580684546838,123.13646643654825,414.8353845836526,584.284502012965,359.4908084870304
165.5791298371273,142.64381402702264,449.1707270123843,381.2503490966374,392.2939351569001
214.95145908800353,149.0741372963531,415.9035855559664,442.87609226788453,328.0663750785056
221.60675721849034,159.46136176517408,435.083795466073,781.7744668413648,306.1636013217458
209.93110460420556,115.81764512970992,394.09985815223257,336.27706740512815,356.18029428919897
201.941743103182,222.06535989519807,462.1370701461456,873.9091458229108,395.08193180506663
194.92817028936082,115.99471736530859,347.65569992244576,758.6134468365028,281.2844787465701
228.56623226271574,154.29255738844495,531.7754522085619,837.9839164231809,279.03474371964217
183.9656587270632,135.67220203469697,429.611822463235,479.29867966186595,323.30528454085373
166.6075036336751,131.12918358333837,372.13910474363587,581.1825736187657,305.10844321157197
254.12965032674379,175.5344626683762,541.6288307947507,497.70206389193095,416.5438916569977
197.5281938346804,131.45211137330975,399.06958669439473,580.2243885212691,381.12627606671225
193.85017249823156,106.1812024543431,461.5270937795103,381.71581127887146,325.0413473999171
252.08626844748824,225.71543260319436,504.2129598489105,706.9809611913876,430.37518829773313
202.90988719352524,118.71980189534277,445.3561472720538,466.49393040011677,380.65332081940335
235.3718549387749,191.15952808470263,536.4136234213059,793.5839056249744,416.7898922608698
218.2717806405173,114.39335322217146,405.12669359356636,548.6792930939087,338.9329134698216
187.43391692451848,120.34763594110754,339.0515364248251,564.993573323078,320.00990265336577
241.43031464305167,132.9292623236268,458.3627917068757,686.1513783420826,421.3140586782248
233.18190215265048,189.2686939986452,521.8626670484726,875.6576056984242,446.80336268991357
163.30535535720554,137.07967808695744,437.27845016162763,536.7679215013571,313.1993946347554
236.5662873222796,133.16355594200382,398.5614447711656,509.44918980850474,369.30350715433474
229.38850007308977,166.31082951807534,452.5830411698672,771.9888700153907,355.3444681144415
219.04772800325009,187.9976978941441,486.82574664300125,561.3550491209866,328.1959403732868
173.8024945511431,135.24151469542468,414.8200977341275,565.4876843940232,328.8548348806789
186.27764141616004,137.1808892498869,427.15437994306444,440.79454209119336,358.44495664177254
200.70555628313176,147.52412009418964,434.8269440347658,495.55572934493756,357.03543364539587
208.2834505879553,165.35496448414054,420.8754684409244,606.8740947415886,272.3046149181897
234.28277395880585,186.81989691059604,452.11866547463063,761.0405788900346,380.2881338772133
197.1511031326415,164.82387066203034,455.15484997691556,379.5463895269848,380.44722178272013
175.59771977592197,131.36268160474896,392.02233456757637,609.612084424466,277.24800314449993
187.84238998571334,177.70701284148757,487.47180420876964,822.2141690490321,384.2294462904157
224.4944118035095,156.0438738189136,490.3981144042346,481.5969975952836,330.6755357104351
158.83148956346585,117.57033999003396,355.52796858040955,377.81530871843466,338.43455693635576
192.47828474510746,128.28149128455743,373.8666593224344,634.3258102105831,298.07737142983757
209.21754981316866,111.37449537428571,386.58228462258904,419.24454991735774,319.2528654772757
211.19195396935476,124.34818773935997,389.8523238626287,552.6556808896463,277.8911179715683
241.6049701691623,128.93246687787737,464.16522112157185,544.5841546036376,351.05160070841976
185.83578910081155,143.67022158569918,488.0995227422356,402.13519379789733,378.8174274064817
161.63373267887573,117.20767633385859,403.9731144622541,531.2786542958871,333.9546725856922
223.01504697650938,180.16865772334177,437.7145170541015,756.6205114056957,339.56412684669607
189.93445034481445,133.2877511796758,391.96453624892945,631.7735366313701,322.6930114937963
182.1852128635542,137.4645137220739,405.89544989871916,400.3724233517781,308.31421649679396
178.34996441850447,203.27148884501042,458.3806584637984,616.9542319901418,355.6598031439533
193.81401742235656,97.93199758993566,361.7437944122851,398.611800959142,324.65289146938085
216.84421636752205,190.5601804287617,478.4862985671681,769.2974489000328,311.7137578836266
208.42210173831887,140.9357780642911,444.1572003145473,549.4653174367531,367.6657083140736
240.80067949990766,106.68122555421755,436.67659603882447,415.0943952462414,421.20563512621027
225.02453564153186,156.3698238578662,428.31874894832885,525.6355102934258,324.5501030199223
205.58937316215196,132.49971550042392,402.30980506437334,557.3123986026621,382.1197162574663
205.03973295300656,165.74807269616525,473.7748026512439,479.79087013412453,368.74161022415416
252.53803907380723,142.85145738701576,462.9717113841743,687.1119643457596,352.0168696273039
245.4811079047674,149.69233253863467,464.56970739147124,472.3642257953628,345.42142142316936
167.29051597545794,153.9323227739327,421.02119496620946,695.5053134580166,356.9371804625105
222.89537182459893,153.17603685961322,472.4723261253831,433.4443141495142,333.35666323195477
152.395552493186,141.45144515558403,378.9905990090092,401.3811367167674,283.7092153070305
214.36324058745353,167.1558505599887,471.47049697419993,837.9039134825006,328.00936033113396
196.24757318329435,113.12629334112748,389.2029069147524,345.0637023683678,325.2610197604697
197.45098065073776,106.7914690057039,406.09518082684366,422.01820555920705,368.2381173710768
190.63117651757696,160.97488359478012,437.72917519078356,591.4263265525988,336.189408059951
161.59533506801253,130.39826735634728,447.7359211393631,513.2034281835016,293.0795922700092
215.7424716003526,176.0437215227772,419.64703606069554,382.81604295349473,322.8410111691575
213.87370769887988,111.82294091627685,421.0315368754472,536.31253388074,442.3179325420417
271.86778010395113,140.02925648992115,464.65802598476796,687.9405837896578,399.6265788224299
185.1740494591648,148.73032779051312,423.670057128843,528.3762760679766,373.5793272540441
256.8847499280025,162.49296637191117,447.080177456077,550.3790736542651,346.0889542724458
218.67340301474684,137.49695863107152,436.34731365628824,788.4922426670007,339.21102444833605
209.05672230946828,159.60778182843234,383.246343854669,371.4210616713141,320.41258107958987
186.01461365629706,135.09829883066263,394.3083944055982,465.60716899958015,310.1609706752086
219.9164009045359,151.6196647880404,379.16144231287507,583.6345114285665,341.85500545551554
151.54239908301633,136.87784709510137,409.0566384257073,470.8962478100058,321.52361834650105
166.49370662274214,171.794690617973,391.1287291396029,479.57904452545273,314.4187868524395
169.86174799367288,112.51837026887839,379.55087512255056,462.8281207553773,358.85490903250843
194.60194033734615,188.78590227352845,409.6032039353535,711.3249429578469,279.54618205697693
187.149185422638,105.20869474128065,386.0740912342901,386.30735584892363,329.5666051809037
215.09283819060607,171.50048626218992,445.3098780194907,817.0066498040648,315.2164710225339
217.45993958274548,130.80897626500985,419.1913971684378,675.1969341404088,399.48663603350735
222.4670959728659,170.79292029327033,486.9658021045226,744.281539870041,361.0149708030062
174.6066767215698,113.88849538706525,406.0510351755123,542.6722588352922,308.9005575478681
242.1702353301353,175.146017700274,448.7810107505551,375.75254391637424,371.9759003509654
220.37282944615754,191.46072390377537,493.66799699515843,502.1982364614907,431.44285946719594
246.30681670566045,121.554050745187,477.1441843829926,603.298621764934,390.67337857293546
243.73778262862726,173.11678611320787,416.12375799102836,732.4352375041719,341.94927076116323
253.1947299070961,147.68382909421481,503.3838788351397,480.8429435024605,345.4303952146593
189.9560918442407,138.835222047854,414.578194585576,596.9267763015808,375.41223453348346
208.96381762166632,210.28539016385463,501.7871275631446,617.5623782614305,304.9042647312514
224.50930574958815,190.17747624136072,436.6925689169896,869.6299987197004,390.8564482010452
274.60011815789636,147.2570485205271,434.1295066213626,552.1955754007834,319.08190468741634
195.48906765649653,146.48691476458922,454.07133936378426,637.9256785054106,337.9949166977754
176.07312542138388,161.08954169131073,430.180242988939,517.2262885502888,335.9801374565828
209.98265879166672,146.66316163542143,434.7507166448284,534.1379569524664,366.0271770245584
167.34904946865922,156.77008358765883,438.3658218982203,366.27234268259537,364.69582037182414
176.91564458316165,188.05783988599302,461.96510816172906,718.4874417215163,316.05472470668985
189.90704689070606,138.5382097747119,432.53363753499997,634.7885213501536,322.54885951128523
170.9279773929594,123.11827725892591,391.2618323052356,640.893332311056,328.7239210984513
199.48511080416498,152.98327675658615,487.5126249413269,494.192094006417,364.12381460273787
216.5031128909765,130.76930607407598,418.7386634835696,589.9066478764398,307.7681240043617
221.5419477569278,129.07392063658722,422.413476458067,341.70926539304065,362.2080036148346
183.17227748438748,162.20305037071722,369.54551640944163,395.07413833870936,298.26957013083904
190.8170911537394,130.55594203839982,352.3333463425027,403.56432970661626,384.16258912130303
206.20510987700663,151.42614179522442,399.3885922674734,448.07687602899654,349.0612680222758
218.1631863049303,142.80411648362514,481.6722399281223,444.14546207586216,355.9638493681937
205.0799172288704,139.8935857114041,430.14586533939615,481.55720341096827,307.36104348884555
195.1080566168116,130.1205540314841,436.3559152798866,624.8092547422602,411.96204051645844
172.3803736617094,170.73337144047264,452.8389962162264,642.8498527622628,290.2884100152757
157.73956819366336,158.6389480582747,377.2156601288226,496.9841449559909,287.2485918654737
198.86715942526476,126.84939165709095,451.3606860259009,706.6046638677644,340.46909507490125
191.2884358949341,104.47902321275716,349.71572300581533,422.6240091317881,269.4756998138352
170.11564154609565,124.63026827113467,362.4277180575474,545.4910093344548,291.2319453883944
216.5023911948998,157.11002326409655,476.35034428302924,770.2507155264507,315.40084422577274
201.91683399783224,123.20240510877692,396.1907429423411,753.4907919414966,332.17584039166644
202.67055201819045,140.68258914382545,457.20645746126445,572.0621693933733,334.069315074069
210.3791824051938,182.99671637755566,389.60124835653176,387.344053755014,344.13800931373976
201.80693278583598,138.24592019950666,409.38561008727737,743.2948991012373,317.4485186129432
186.6705756525762,126.73555473120413,390.37430798568136,383.4555739752679,287.05791671902693
230.82166239011167,106.48191349829077,451.438351058183,817.157514429195,355.6955716303231
196.1233174739657,124.42638097774869,488.6621524793807,381.9653666650494,342.7079900894992
198.29668420226358,184.70337232945332,459.1462689638067,578.275579621318,330.45587897771844
231.1795866584832,154.67607832381765,411.4992364211166,682.8243612961508,337.09120510681004
193.8040759149722,165.0215189433723,435.37894631676244,416.709343377942,326.61295600073595
227.92252438090946,155.39142221405677,394.570099672767,651.6411122977383,380.1497089954901
240.81004932542496,171.18223105636704,414.6284201999738,722.6625803515947,312.79922628556136
229.5454975237504,155.3819881747877,431.55904830694357,586.7337655447207,330.6501097682935
198.51699882565126,161.54786886721453,389.4979401755523,770.7908945103869,319.6941883837875
151.94062520956203,174.04515223728723,491.7025253419174,638.5380746639823,288.82024794058754
187.2825730011231,172.7604078983458,364.3841809740733,427.0739426305931,327.3801168964287
212.32437444193124,186.6087987001119,444.2041512512216,594.5882215071454,355.6709590426503
191.6222312976387,126.68481427916936,413.37170432812644,449.04000166780304,292.2700331197507
204.1881137897919,148.11728303691964,362.8244785664351,586.0560967843197,323.63991019409605
191.10957943907337,140.22164358328413,349.5224188470813,410.25455652646525,335.1274218000384
221.2686912048508,117.18965220611148,374.14096288694105,466.3880109640723,303.46170771282897
200.23153215591523,142.05319088377772,500.8639869531724,616.9430508806373,375.83868309534546
177.98734425511,165.4331394348283,361.6635364559268,381.480025713573,265.72825595652165
215.24582384119546,156.9633847248894,419.2051458640829,461.5234956656828,339.1973508452768
252.7494032868018,133.60923538531534,480.50834403785285,628.9439272114292,389.055751874853
255.7042966428988,173.19780802240075,517.9786841667315,492.1168453596004,376.740216865793
200.98271370403967,154.70672489279352,411.4518473722175,631.0569776658925,319.6057863418966
164.9837668689047,141.194008344058,395.9662493171815,494.1746394528069,299.4337686151598
215.55303614071886,165.9870159388332,418.61719217613825,479.4712669576139,331.61374639585165
192.11676433871688,166.37108412672606,414.24351088809027,589.4433549486406,287.1821177122792
236.21479263330983,145.9190650494257,457.97928957059753,538.4597416267811,352.93747287421706
257.95824041404455,137.51845162346413,447.85636336901405,743.4419712652021,322.14589064745337
204.92017872407834,153.51227216891786,384.369938489868,461.5475210961204,329.3683606823488
173.07676273498853,96.01373031661421,428.79371132962234,558.0844945305133,414.0250988638669
219.24935986935418,136.79183910045637,412.9426672047115,453.2877458886878,325.830979377411
181.879864857648,104.49910690660741,423.84933772158877,385.7972306323552,350.91257734565795
187.7318061649577,116.05522983261972,427.8270862016239,406.33445621473163,316.8554364300907
213.81355474062798,112.0237290783361,406.7040826895155,550.9123424334953,337.0839691833987
188.6171972291602,144.2806447710955,377.3463534257322,340.87157414132514,359.75538085200543
209.44917947356325,166.7207284185178,382.40958558167586,681.9479234811059,358.7995658078872
232.3756834744814,185.8850145284414,428.7550135089301,721.830068914305,293.4256238338268
188.30653751515334,166.97299262144674,414.2137219490565,533.3572986117463,303.08646116242636
241.37499690879199,164.3788489878855,420.5937815313062,506.2489646764451,330.3312241985035
225.064915090303,131.86436732914234,493.1451402949095,588.4303382038701,350.79170170114907
197.58282364348236,150.20196204152558,389.4702443323688,609.3621333113259,377.39980836610516
224.9209259913398,138.58484527345416,484.09691329164616,406.2526369117611,303.10056594149654
164.49697548829246,192.1950792849282,334.87283908963275,674.6069160028308,326.79191197348354
247.16094463817757,173.38577679649174,417.37355660740553,569.7685552409934,399.67945873995717
179.6799999302388,102.5836028676795,402.8462711850146,511.4459616467674,320.1510484301596
259.19206371896047,157.22321791412793,438.7444773306102,434.71723200071403,350.5428114101908
215.0072433961827,181.70935924321088,534.7736295686942,634.4342385041756,340.2101424570207
188.1575509838314,121.2191930468452,369.90719716420904,604.6936654882351,337.3815090270766
230.2965298721583,208.06324733688604,472.30020076394635,691.4374102704962,364.6508897784275
201.62494885092994,224.17419083545627,397.89069804853966,736.2207749774572,305.4576778348775
226.2905088078833,162.85985156402913,414.8453197030242,568.1523937462242,329.6803731754614
249.98290482794033,152.77911612662393,488.5867924772319,535.9238007993564,341.3866146563111
245.67274050109384,143.61152595379392,394.6679857325941,439.6930727278032,355.4747793190896
174.87958494335405,114.33852151231046,375.88141486475877,482.388633814503,261.7915124722015
208.30892447705085,184.66600184725746,422.41592168338786,620.2775004338454,318.6559327750944
270.5998226640004,150.85777989735098,411.57641574014565,464.2197176930832,319.54152228865365
189.65937430057923,160.04611603566872,454.9331035714329,681.8058119480125,328.1062892837275
199.3808768572964,171.8582218151051,369.01627211785694,468.27635358389045,346.7095158796298
198.15173832602832,127.02094040565507,410.6852152161256,328.9290433445148,277.09362033866347
179.4955453234343,176.43576712649113,343.9463110436391,405.18401851916707,338.09381998407895
224.38926255357063,167.25644742941677,383.69350920927917,452.32457752639544,324.96886415740744
269.58084894671674,186.44720157515584,476.34929572838746,751.2564024221275,373.00195222896906
174.90280998722312,119.53089533466363,459.64133394327735,467.62508895245264,348.25725099352843
188.07012073691706,144.73204330374213,466.57973761573896,643.7857424426683,363.8350064872397
204.96173975850417,109.6601451344194,409.66680502953886,423.7105190973455,374.89346297984554
186.49540118161397,163.43599227342847,498.71190814853185,585.9211746529136,336.5088260482441
176.58898468729345,99.75363833880321,368.90100633334055,499.02371249232175,266.3525974167947
241.3744604801685,218.93042116757547,504.09914373720295,700.7272789076127,367.6256162809357
169.1782615838022,165.5524337491352,355.7129446166506,666.7099448149621,287.3589841240243
212.26387387415522,147.4472171818043,436.96937304124305,484.46546332489544,350.05785922154405
229.11438024754,168.278606951527,496.8389475136125,728.089042694534,369.98872020615266
205.55303097420736,172.0023259647181,415.1937073246883,521.0396868117614,323.4238419010892
194.3335740595478,130.98651624154093,401.40226633004096,371.3716382431021,333.5566003791506
217.66123308797788,157.88551709210088,456.46175559140073,620.0336707359111,330.77942832385094
192.34342406759393,153.30612613041916,489.66376833396754,830.6845622592878,362.436968379981
264.7149007631262,210.21876562163675,524.196237252504,867.01019556283,384.9026929648026
202.0994071826661,132.14237801479374,394.16485868761606,550.2684298343803,313.7033320283223
213.33027318905556,196.4746936178814,429.86418127779547,593.0427765977875,344.20447403687956
192.832726123888,107.17958170246857,383.42201842708283,358.82277242428586,281.3392346902797
213.37129596503877,140.422393458927,384.02775481068085,782.1162661963707,334.87407720787536
209.50049935303582,186.84110655061835,393.3664663966972,678.5407752543886,332.2047572302296
198.45748708054452,119.70029642294972,390.9501248096262,363.84441056542323,322.7082218419773
205.16327532685875,174.34641799889576,455.5468476622095,540.9049673111548,363.21533663152917
206.6753307678678,180.18247857871745,532.6333103019867,644.1228414303285,362.067092207613
241.49606890775627,139.5277210302605,444.5206764587435,516.9078160544786,327.74684380579913
196.2282380429017,124.66472128495474,415.76325146700606,397.9124113926176,298.8294703817276
247.6136086359844,145.48258089356995,433.7227445208365,488.7989485462002,346.3732103145544
207.22701016951748,96.97188973414598,348.52545917351824,461.9204757779141,316.6346442047386
224.7131401264744,157.39690881457506,473.7518340662667,505.28865550941873,358.5047360212832
201.68607449315775,165.9568019094165,439.6539166917719,571.17888684334,362.03512811967715
171.19387759828697,179.15398864471666,429.0614115997989,502.9008082619619,290.08693934983756
236.83350712025776,136.50472920778995,416.0854308705664,402.6399079546387,313.07211196373623
229.02287111875555,138.43457619172486,421.13534785395706,590.7178733421857,330.05463895920406
207.15900480314858,217.77799295327816,468.39032033654036,808.1594427062167,387.5059540552799
198.41843863680566,132.79437470662813,375.2603901816908,467.4350194569146,340.2607055380144
195.43606240558637,195.63036311985746,429.8335764860074,530.0810789428662,317.0298732272761
179.87535572652087,193.73665191954464,447.9939577003635,714.0993604714358,413.03586430382273
192.42041834862079,154.98068851057735,430.2577116709826,492.12410539169,327.7057832772386
196.46546971443064,170.4599155373407,425.4548782519465,613.7766053509281,420.6093223499519
236.1839580486412,123.1592286915043,437.75173426991637,408.5803657523694,325.85566092807073
201.73895431718734,120.91435527401542,347.1387407838333,451.08963838882113,326.7529905558975
196.69097626473558,166.74087521211078,444.79264548470485,555.2234143403288,329.31015879433437
214.83109449264165,179.8425432277585,539.2617108927382,576.4232056185195,403.28900644464926
157.11372117566654,128.90933886144398,420.6009808407645,375.84817855314407,304.9032381618847
163.18027430483406,113.64367651183699,367.93644435921294,355.3120249809448,266.074740019615
222.67901548265883,149.63390159240535,383.0126908602498,546.2218085870314,346.65689914284656
206.83119116720636,162.01682970626996,445.3570023884498,515.2828244327158,373.59301764567766
191.44110669055678,107.01732920430119,357.2857102024862,581.4623697985531,359.47522510067955
170.35387096619047,185.29398127118208,432.647146705539,855.3690208067553,331.5589210631142
212.41233930755794,174.22238258292123,432.73827650225604,689.006902226871,339.6813045556299
216.89656128516725,133.29847409703535,378.32781868135527,497.03285408498135,380.8865932688522
170.77209057514244,110.29089336864817,369.58816376731426,527.7719256051902,277.9470293613068
269.3131206025379,108.58998796590753,387.91310037930197,610.7083837570651,335.21059555457333
188.74667984857535,180.4473824637321,361.08995795167914,534.3934500364637,272.84071948888305
254.17092828862667,185.21239292884832,407.5297759430165,726.3317192558484,334.0217807051101
273.50870988503726,181.86087886595305,498.94705776114006,728.1872019559457,375.50200195266586
230.19760614428213,159.95911188394186,476.89155301584043,642.8049048367249,288.6736779674925
185.3780570736679,118.10611388261906,489.02018156877114,515.7732166503802,341.0792979930379
197.98057998011038,167.7676248301187,335.584693396845,501.8240192041682,319.46024341500845
183.78985291091666,115.4266469282587,453.830503524961,576.8696276531459,365.5935892355808
198.89110000368422,126.07880434388203,440.30749930461593,842.3379702278444,374.42507150288134
199.99206220990573,105.25212090466758,372.58336475251133,529.1831427055988,334.9903051381199
214.3632762391996,130.97646220110784,436.6971537244814,657.6375408312841,294.7959591766985
201.78193676668118,152.5156395633398,456.15978282466324,505.8872545996969,365.15272043153226
211.30006308966787,216.1583684469664,526.5034012980993,839.8962775804928,369.31099383272436
239.86973603369094,147.3981522496954,412.75088140771874,620.6165378813969,384.9718455408054
210.43566878208492,109.93077145623722,498.21019925052974,699.2133198877877,344.7237292736086
215.83026359890067,152.38186729113806,481.4575787962938,663.4876620126827,382.1217579758348
219.93964058034427,119.63376458443852,342.38057343695937,385.5046364031909,359.75765718065196
238.68796295968727,225.4522595220588,486.3619813988403,656.7626278095111,413.950211695157
194.76226856263273,111.14780966995033,416.81165735028986,362.91933424906324,356.26127789126326
171.45071000194594,129.80720869442746,413.98511740708403,523.343139157862,317.3694501820635
256.51861318213633,142.65720382448384,375.12333356905344,823.7539459868913,382.13198615423966
197.69766634311387,142.1067978281132,447.9069234806604,513.7777845596992,369.72634594334386
186.23193527388767,140.395372347857,443.1939854769696,736.9194197042149,345.17702843928663
224.15353671363007,146.1870964555569,385.6802125091576,349.7735231869114,413.8382262422313
209.5786232799753,164.10673513601506,465.1503281505249,514.6007675486406,353.0573523079844
197.7105187770956,151.1369452502315,423.97918900089724,433.988939309227,358.5602512702101
177.41070490043947,183.22937361767825,510.5319997753758,872.4798875136073,414.32139022612796
233.18948905849962,157.50271055456614,438.3070572545241,397.44019120412986,391.729193964314
202.4821138938442,166.2160531749275,460.52306490207263,369.6250840607048,344.49671683649035
263.51428100331884,115.96398900062103,420.39840663021823,548.3190283009415,356.535683831579
250.7137951631145,149.03859095264116,441.71530673757263,534.7552561617998,420.12075841213874
159.13881670761677,129.8404695310575,439.33213932321667,394.2973368995682,330.0929669600499
164.7115099071175,133.35963511099746,351.4622054357178,481.7626159136477,262.8295442861787
185.88089740456323,176.38688998827996,404.15900221666413,453.55488583543047,312.7944955969662
243.46851428449548,144.42757934637817,455.8295125157703,660.4608038786117,382.8577492236703
207.78935769202994,139.50797899539103,407.8341160973112,354.6065127691095,363.0038255636067
195.81490878598484,157.97012733587187,441.49648402074274,417.52877056291914,338.41574921695883
256.09205851786714,151.61127363385032,373.0951426804613,601.743618387304,322.75667512795246
198.6454457434539,163.51677672856493,425.0755100786071,419.51696963261,361.90484757039997
189.95966907295312,119.13124553402194,418.0335406491089,357.532404724652,376.0567036599242
160.30353766440447,168.6930931919351,412.9556398935366,721.376478531706,354.67320131939977
200.13641734511648,118.32723088147296,395.6446023001609,526.6575262903707,352.25715416180645
228.02472246480608,164.54159126526764,419.3245228739832,783.0075902583634,376.5130384667995
213.5092463479926,193.22563606771317,454.3820483357395,651.9944210148336,367.5244483591488
150.38519838087672,100.66964834220602,333.95694349306495,573.6428878311648,279.58297803678227
196.240649969369,121.12835755597742,458.1719699487268,755.69889401205,325.9442466578389
198.38901188228257,143.07257339458624,404.77194741034805,343.4593709602422,314.0482432895457
155.90310515139527,171.59161480931286,418.5518308459311,683.0867702945045,334.65892303627743
199.97376695993762,148.93391073363742,427.5732965239539,500.0635568318984,387.26854811042773
159.5486562157438,137.05433437389496,419.98288232796045,580.2459535740743,346.50342329293926
191.8307794621026,126.32920676014325,406.21424742523317,506.40888019747763,338.58354889034774
238.1515420783268,145.19306048773333,402.5465515950541,603.6138341614504,404.78428174319873
235.08868530879323,119.21749587075162,484.8118405453479,468.78817389196763,380.75908274743426
208.552224142068,135.07703662134622,434.79105959909884,450.50558994447533,261.83875550812445
249.26935626085617,172.0818221677261,371.34636936977216,703.6171874606273,354.59189126956886
233.48254858527915,153.66965953095067,442.63587042059316,764.9655510721365,352.3029689855289
213.14393307622925,139.43255774078648,435.515829331299,467.5920913672883,389.50444736616925
177.9767327825883,140.19888469306653,345.9452072374059,356.94176156155675,324.33814924586227
194.5160756811919,126.62233434587326,474.92719331782695,584.6709693845696,380.6414083952693
189.87647445249573,188.41656030011865,451.5235670966128,480.721557202524,374.4429164686295
170.75848457677773,129.93261382684756,401.6854774967721,686.5897104478952,322.46703707089324
239.20770295631178,152.22170806125825,439.7220608678024,548.4808495407517,346.110694314225
229.0346061957897,189.16067985514943,513.5083377981076,580.0528206243451,358.4304499686115
217.12117069132705,150.85266177059353,378.63588968851366,481.9938183024648,275.4688586407028
178.2374069063107,101.61804259950526,409.7183104374939,522.7897751690242,379.89953901322593
208.70334617627097,145.87849088540102,517.5173122329553,650.6695687935576,415.1043433312967
170.83336495988473,128.09960485032207,327.7266660155761,484.8123021224757,327.14351674651834
188.7447630192662,176.79427511032696,387.1512552988783,645.9209511021991,286.86181183908207
156.57657637404878,164.58872225049572,379.5723871643332,724.9673086748979,352.9769067748638
209.50176679004485,110.38731891010896,429.0999065675358,398.6066724046132,402.8492323514452
166.67241705151505,123.99663738276645,397.4387334026318,342.0362521614997,288.718713036026
226.61373272554778,131.57230346396233,371.3697919721939,452.8751776096349,330.6216778807128
228.5163675090696,123.43314655800175,451.5227815377948,457.83947376110115,362.0257948497452
225.26781350079622,117.83374816217788,456.1076252288861,450.24186144921777,370.39426838896037
178.52912200406223,197.91358025676698,390.73280104399373,381.9578889227024,423.572834143301
178.70641321075763,135.28382298610384,367.044442958946,458.67470630632215,287.2928417408023
201.98970333864972,98.11122160107868,329.98461760723495,405.3215613849513,306.8738839465784
201.1966481739565,120.56991291301873,490.0083943355522,409.57033720185694,352.48336153438225
194.26971040824384,117.58741025989389,410.48302182011105,572.7294475096824,322.94695770561486
190.29681357566335,153.18385649546926,424.53068392362957,486.07547739872734,331.63919946545263
229.63171874383576,141.49502172633973,401.17246232455966,366.83382292722035,353.9744547249432
224.7689860815837,162.90977646455062,427.8346453622861,479.060893141461,349.1420418438175
169.58008285604504,143.941234627062,404.18004037763376,568.8624354700895,341.7215012806467
158.5683936728306,140.3071187529151,358.97111151128604,409.8380745455734,353.9559850723903
165.84617115813765,106.05678864362102,404.330871569805,540.3121185638373,332.6878361326122
197.71952541736934,150.77905239489655,478.1292213669115,614.5535310276614,359.8167136115463
179.87056504827177,113.9380391682523,430.524180130443,542.6553589823363,387.5563667388156
183.0420122508733,151.0615339623486,335.96843346146267,446.91358054822905,316.4362007884472
230.85209472107667,103.50922149687769,399.765492545007,524.3083576744338,300.11473694166233
181.94484496491359,145.35916543512704,372.3587821533119,513.8784281604935,331.21984533846717
200.29194875936057,114.21853606574777,447.523135898277,604.0041459327662,350.42629077047025
148.88081343614337,192.0310576083992,385.1370760459596,508.3702177008474,319.3349278295274
189.9943414323675,196.4665838115432,412.57282468238003,856.945997293137,367.67772709549985
237.80759358608512,124.60908539276052,376.02639096725005,331.1540672485843,335.7872103634374
222.35505153046498,166.62538571781366,443.7832789485712,459.4028455364742,343.9467891064773
261.00305351572706,147.8640832085028,431.69333297625354,624.140147575989,367.2441197171418
215.67045361564413,112.98213399841734,519.5265038334104,518.7352351150558,321.4731207716512
204.32845401589447,163.8736242531842,424.266268661206,618.5271507096861,348.520003277461
233.29918940047392,166.82771731734078,430.3031487075491,630.9329671843726,345.74395897327787
209.61548286181252,177.92945823998414,491.78194527359244,647.5685877886349,401.92725834725724
221.06489734789682,161.7075868745196,507.17322402867694,872.5064256288572,424.17698728381964
175.66792229586838,131.81978793753882,408.61828232011226,465.3871310761572,325.8850811262179
212.69806142859105,123.95154111831128,404.92459368476625,495.965939323567,269.86381274199994
257.62272509967573,202.05524723739737,524.2730836220105,840.7874111415514,438.9698046693762
200.21207888318654,174.06923997047807,470.5401027388629,505.14623852703204,379.6044362916773
239.60360552532828,166.4181116260444,456.8126510475577,652.7293496818119,341.2875785809808
241.43484726769583,156.63999368653558,432.85900829476344,764.1612090466734,432.264222597054
207.50854023117256,162.29431199418178,405.9280577609631,516.7864451165706,376.08199314122885
194.16172657628934,146.17500923970914,415.9589914482553,422.46654843457685,345.4137443847431
226.41516434571577,175.4974814895724,425.7315255801429,418.08127743249946,335.5414379818999
216.2413118679834,169.66963303115088,392.3265665821647,478.4784323123968,412.4407931724175
170.5472229370676,150.0887344559374,399.2573517971348,574.1227198733881,261.6669433029454
174.68364012845774,139.569236019228,396.4811388581663,461.8675940849043,306.1183222332669
188.184977868056,152.23029492241272,359.6438279275759,502.2019129772148,308.4163747365194
230.0265558491124,148.47780127734913,382.0094400669725,505.2353388157676,444.24604092796045
175.82729586358263,127.12200013361473,335.2470093882152,598.8693603000734,268.87249124068353
262.95616315371893,192.69078660204028,507.4634860072294,664.5862064095666,357.2898764013942
219.92711297537517,205.20683333173818,477.24802660386564,862.722204070973,366.2467655541851
248.54791969094876,188.44608703292323,423.73097490853536,677.1823867436581,334.1291671694299
228.57132062954156,107.25142522653665,414.12499823785,481.4368618048459,376.3918355142464
204.8484231797186,117.42752888758201,374.4499165857602,458.4774830208417,298.4070285852271
214.7406548541395,127.18418815353132,418.7162519941232,492.6834272300256,354.90454214337143
208.6564929891952,164.66165744919908,450.00989633181575,562.1311456445956,303.63095558275944
215.24324068515202,157.24373172418274,443.28153178768946,869.88137614005,408.92792897585633
200.92257600303714,193.83070180523478,446.2766698653317,642.9950649195051,439.28896025256313
210.61548592829413,103.08511444254079,366.2705983679658,408.6636863036255,356.7015964286725
170.51993059815766,119.8061582968837,364.5510736518763,598.0849086279463,360.09775028934473
184.38897099453786,107.02936844238737,346.96426898417775,552.012172483022,307.36934675750234
242.92628462608965,146.33374465536468,460.6830713756866,646.6329476548229,379.50445012473523
200.05470256786327,161.46997387379633,479.13550788793196,744.1389778665547,420.8102156580966
207.31004282336107,168.18153573367263,511.2179018760076,711.1892458681517,342.25250485360465
218.36759672809896,127.68611512262554,379.0939737688337,472.8663892303593,287.6592527539595
187.61762124086064,164.65711540256248,405.72100155835784,868.1655481314594,329.12482228912523
165.65515060523046,97.36322179084743,330.54906694867367,337.9638622113494,321.8216308784544
222.3609736975521,119.20344961935518,438.85821640833524,650.8955414627509,368.78629567449946
212.2108024186098,139.46157158947074,422.5486418160991,451.30731688942103,352.8161363353214
189.25416695094268,152.10113531588965,409.71708810315727,555.2424218740452,297.16718331980917
179.66527146261515,119.81954084809054,448.83311724681425,545.4700270692855,320.0621446197835
212.47770545028584,137.68481182865776,406.4333596543283,561.1494069531319,329.5627428473759
230.84231848776554,151.51082324972816,393.3664269634295,552.4620033540232,347.42585518222006
180.19221901719655,161.49837719134788,506.77057490240077,716.9650057250964,333.6896081058259
236.75555427904737,128.31020415651253,485.2383564044777,585.6973847594427,445.12932626142873
214.64938581881444,154.6142856464328,449.31552239950037,631.3486020898947,348.99255983943044
226.5953179017958,133.05254039896644,450.38288577773,715.0488186075387,371.15879977432024
197.21238452514783,153.8623418370221,436.8957548089432,717.1804407099701,355.43983756673146
187.54275048295483,146.06357620571754,451.63004506920026,562.148116444166,334.63782825855435
196.08728942943014,199.51290556826828,490.70279564570905,545.3959418057551,347.7225108197303
197.24412495886878,141.70505051489226,363.42447997937836,655.2617535987195,325.2995694467601
190.42816284431385,133.4402034146556,407.41888415790896,359.73970562426126,317.08570793078667
223.44576058048128,123.30094058424235,393.50434827316224,424.0177299175779,315.72195915058796
222.1849568525034,111.43482725511424,424.495301834497,386.2794608605579,330.4385316761375
185.30946585712266,131.83262722832822,367.7892724231254,418.4448124258574,294.1479066272763
198.20259057573844,195.16463067659453,412.8708600882897,765.3301359620248,361.7762281174264
218.13696539926926,110.82220989943328,423.6853899673864,408.46262143192337,300.7043760606828
194.70694099019974,120.92161113156153,395.54089162212676,721.1188612682512,320.62058102974396
181.7389608068202,139.76946738915558,328.3966372822821,339.5434483863731,281.1511785734405
201.43364302599332,147.34886170052593,397.36823657526406,566.6379748267966,366.9731708688177
181.66684277433532,118.18591757390652,401.871839738895,493.37201774148264,271.41564135170023
195.96135999597462,135.6047791562315,528.868228127921,632.2991873663854,373.6247484404843
197.52261651224757,142.9211495282397,437.0339877364711,456.3464792351886,407.8942978106402
202.6260485354836,196.74458393081713,408.07772262742293,527.6781711528973,324.5061767469875
221.12573636885784,164.90277745102586,398.5214905064069,557.9973732726011,301.0462633504202
209.5302879126991,113.78727734091225,436.20617433688346,614.2231745712102,359.0863254906195
215.7534005230785,101.87021158267362,431.51113108036196,419.26993759940524,353.784674317736
184.15895979536302,133.5605985486554,338.9115430337722,619.4201902164306,299.6533411166942
213.62014673016282,211.47834402754495,531.7281960074633,467.72895905251096,314.1607374339716
198.45091268325214,122.29259731728732,408.42987004932195,803.7258834607352,401.4158593627181
207.48946899554872,157.47356421064717,407.65755588577525,422.44334972763744,343.0353775742959
214.0540590210841,165.7738158995325,419.8600620022214,745.0250074278284,376.62646372813174
237.09009253913075,148.43150855199792,498.2605616432414,592.9372650583116,339.56429461180034
199.53913164712168,153.75392502491704,451.0698348974894,541.6692247912059,362.91931983028496
203.13522022445292,121.29079519077195,453.6687041276331,484.7140704570689,359.1101795188945
226.63878083784272,160.1815939987534,390.28716740631376,476.1668851028734,343.1580426966061
190.36798772645253,206.61760187713207,447.28231115289884,626.1371570188379,396.99294814285
221.30449374602344,222.86214234219966,475.94924251276996,791.4348091996742,330.5480313743007
195.6464231896282,176.43892209944028,367.142553494469,686.5577559818477,334.45467557396245
181.54626386222463,166.98094766434534,474.21500952943416,745.2662171922602,420.2730579446116
236.44349365965275,189.4368481846521,518.7064939423956,625.7570959910751,368.8850882387059
182.4776658868763,168.1342412382381,410.95074516761116,421.429810779911,335.08957064017994
254.93584557554405,142.88639148967744,477.6909019404837,439.1382742358784,388.2729773872936
207.02745160052083,154.85697041352213,403.40456548521536,511.8963194467057,370.21640082883647
202.91948459853822,166.3692865195425,502.4929750627715,690.9581590448634,386.9372982104923
189.25501149107245,114.46170381241194,342.9181429326734,468.1932222138465,302.79987278881265
223.35474784695944,126.17712564076879,403.73257360500094,391.2521479787744,338.5793057812022
217.93467258528196,149.68198477063967,494.5720366719836,565.4390648963049,376.1033091939328
226.832574583772,184.13851837486092,420.42092119316567,675.6569353468137,388.19537087773665
202.17945998298936,151.69763338143167,441.10174990291864,677.1991974785617,319.13019404591887
223.57939962522124,139.90510077485322,423.6252301396907,551.6385683307213,269.72395394568144
193.03555592423234,170.92984295434434,457.3241074645528,507.80378057654815,312.35328168072755
207.21048110241975,111.95662260107966,449.0488386145902,769.7156674610978,344.9740122219671
187.51862503740577,97.81856857240628,389.1462270497531,441.7577110989436,314.53249595980276
260.24279724928044,222.54357481426106,496.1750227348163,677.3812682391774,406.3330783400124
232.133972818781,193.79385644692684,450.4334846773761,648.7329702141326,368.43005591134596
200.30218852790296,158.52486231051256,405.1252797678197,352.25005586187046,347.21630717285535
193.08162886819667,138.75286409309035,423.55556169221956,458.08076006385664,354.7365527910249
232.63009964758464,178.63918112359397,518.0500323234172,590.4016504389917,375.6892419804649
187.05946137469638,144.6121490876553,421.81345836709676,551.9128830466733,276.14276373332433
197.41853594814535,131.43363589653785,439.4009081622285,450.64931457282813,362.2156463559141
220.85735941737124,180.71527563341,467.3467342556399,715.5912815520105,387.73932392425723
183.27843803739728,100.02596722353492,377.06196017343325,483.0275452519083,357.9380667506846
216.87478651244936,160.00369767070876,401.5696552337931,641.8628639218388,313.2381552307851
188.01773822005367,143.71851080479414,419.68271787285477,534.0710873078576,331.088336354666
265.40508592205356,157.1802834623011,466.98331832157515,812.5907177207555,425.6118686137315
188.6308027511373,148.92893424348586,363.3142263911391,510.0748449876729,305.6682199120328
196.92912293026404,189.42338792448186,460.8967168565571,829.8120197558484,354.2413646376242
191.9693352566516,129.8465745333658,404.53754088424165,569.3356669650747,355.93628307046737
212.33772027813637,135.90319337262113,426.1098459934554,698.5575009902029,309.86042784926497
250.3827833234183,97.07149719034948,441.49221042090386,545.4889082688607,414.71808341773317
169.27966808874882,164.3831971852194,386.7991261322557,584.8132063234326,364.5065500269572
241.902537028871,151.96404517768997,491.26276250845507,529.6802357767835,372.06639799969105
230.7985033978102,142.4397288676266,391.36076624359606,722.206690927126,355.3806433797473
222.3284091217682,133.98163991259625,369.5586977630217,470.2789168232397,278.902365658754
228.97749910289977,165.7555103240144,425.70992169909044,449.00733064719645,327.87599138585364
209.69278930728478,137.53833967366023,438.7058547145064,507.1571971551853,372.4476599458628
265.7260394579817,177.9847867833919,528.8980278076514,387.5988184069921,439.13729062813076
218.9333136472175,147.25574855901132,452.24396293961087,608.3923239347147,356.08187998995425
150.3025205527149,178.54564339776005,471.4179330531535,776.5573868251148,381.1259194739665
227.61098135806097,142.8610924613327,449.0967122412018,430.24203230243177,362.0433367515561
223.64741306298805,112.41967007793387,407.165989549022,625.854009213317,415.88255415072797
194.69861629209848,142.4208920776647,460.00679217008314,440.4213154100114,368.08832539237187
174.23803915102044,175.44681212114529,473.03437191365407,686.3009687028339,328.2339031874361
205.58578347376562,160.49082583496542,542.1528395801798,633.1140230595366,393.6330246859303
214.10818770251652,99.56244193909254,372.77153105086273,471.14399288280816,319.74132516245055
181.00680018044238,129.81430428424432,373.35765014174615,373.55329381591844,307.87141813363246
205.49715122850205,128.37860792737558,476.2280719169232,813.1378307889279,323.17961939207663
183.5791298757577,125.68472079091666,362.09019437885803,411.73540457962554,352.4645212579761
222.75219463843524,117.67633869435811,405.5552505546361,368.32167190342216,318.20969044247977
220.31477284022947,149.35625494843165,437.25734230753034,365.6244900759853,303.5141499204233
218.68365978417575,199.04441217864692,463.81859109727327,560.8892664857768,321.33251743896557
219.31654818817728,184.9221352682364,444.1231293751666,532.8132727346891,359.3090415428349
241.93937468233804,172.36305571830374,461.87239514575646,585.1124796711326,358.42585250086773
153.99581437056116,128.35652562432742,393.75123490636804,415.09696189655244,333.6619197973647
263.84053737471805,157.54499579099033,430.918214594967,622.2110582283123,325.70594845160406
216.1916542858005,200.60694488262638,399.7466235842265,439.9252986142685,378.0026581489796
162.80666211694924,157.32636614244825,421.79186864328534,378.12128396038935,326.6431713544581
183.97491891783847,161.77578805720003,420.7846739381656,599.6031753350305,341.0357281257956
170.45361645069315,123.13051072644072,389.72143457764025,540.071347375402,358.02558732096725
244.44075964649772,151.63238341551838,430.7511470752138,544.9210114622349,412.62771359661417
189.04073328647715,115.82725662562473,364.83520356319644,424.4999043943989,265.2806635089132
179.78962462701566,175.79079131183113,441.1975888990049,676.2358071554543,297.2951674615496
219.70110601484416,150.64932556450398,470.4933076509186,443.4832128019208,395.99512665622404
177.71041293457665,169.27237309293807,404.82940938772515,500.1462746162823,314.8516137969185
221.5409995309344,172.8961973555821,480.84851594387226,450.8827917888537,396.5407546650674
168.47701697225978,143.28320597721083,431.8765039221583,395.75093189544816,409.35255230275374
215.82470151276635,190.66583348519814,491.93553437208175,563.643184961396,371.1577515938773
220.53282490544174,118.24948004839592,448.36113131719566,646.6531408466282,354.5857045619983
237.75112944359864,176.701205072452,405.85920141459644,492.6489253086709,284.09381048555593
206.7055865069157,117.33076331629293,396.0463427872089,350.3933437759395,384.3223360410717
153.12509666285072,135.72505711542937,412.30167436754726,432.08885241998087,278.22510631078694
189.48720004708935,119.09331125266498,357.8092160779695,490.21173906388236,319.40075474914596
203.26821025153646,150.44457070392355,499.9954945555905,818.8270227876847,338.72757484301997
208.96593678293897,164.9734599743426,446.6815949029584,431.17282786805345,341.4918310772389
198.3512939643705,157.2889843277832,449.51521277759224,850.3112135429873,332.31453523403957
160.8601831093914,226.0088377365236,523.5896695948924,537.5751271865752,370.24498659004286
241.52220425925202,189.28345230188165,459.96887465754435,493.3967521921845,319.40101056911334
165.27764325922948,163.1835972325467,415.0144244089823,480.52528095420865,327.49322682139194
175.5842702662952,97.08999870442739,365.06471936829047,489.9324173314305,323.80727823276845
231.41008166245857,121.25216189392,501.86969580738474,584.8174050249761,394.9385293137632
173.2414778338357,136.45535393194908,417.26220182132863,472.08180350032274,330.63503632396737
172.40311015021055,132.22304420464056,437.9275229684649,540.1386072744876,303.1040623232867
201.46054765513676,142.37205779235012,404.86236188090294,621.0445024230836,352.5354006939451
195.03947805665092,208.89319504384017,416.866949669199,686.6600550507756,329.7765637425926
204.9466462826096,139.38320937037446,457.70360659436153,627.1096441337264,373.920153730748
199.6471317216599,148.91490554542943,451.1166774571664,679.9408378071184,322.70334010032826
191.57426554053666,184.4040572907438,467.1017990303301,670.4192145279468,343.90398637768936
264.3340498588728,154.16766367478377,390.2066464325175,659.0819255929318,304.82546622702307
200.78750966212098,142.5067241247749,427.0357460986194,416.4944564917267,322.97677367305073
202.52191077347334,140.82460090074886,354.0271137835012,411.0839767865758,341.8178200125901
192.62747822386808,170.32580310452306,464.9715391962254,515.117614741254,343.8466418717116
163.74075017442684,122.71953772621102,395.29703217114945,517.1931067939628,264.4444612237181
214.28320630915044,162.7209794764163,533.3897592955847,841.0638790232294,351.2172036574535
265.89461023739364,172.05397956558795,442.44385471126145,589.6512541175052,365.82352812991746
208.27881875637448,147.45251379936354,351.25585640221567,750.6399585307363,329.8036519190138
225.8631646816227,132.96760755549505,428.48112066302343,349.5635044773019,362.5788430409804
220.54077039477875,149.24239569322333,426.6939162614142,654.5113853010881,364.22867760283754
218.11467648055216,190.09716755615074,529.9144280909044,731.7020203546333,344.25848475074775
182.1848726908118,142.32489905832603,418.29474157986346,641.5865929988487,349.6764932810892
175.7635576018271,116.53224650904109,374.67764336520736,471.30789412701824,350.9085159421758
222.55883918172444,180.68578180057128,430.1273933980653,700.3733330331195,325.22455748167926
251.54078802542125,158.8917594133562,386.6805436025747,534.291971532385,391.93516130237293
165.42376863828179,143.82832564941006,417.75047013366697,545.4236748160976,311.24428396381643
223.88041718157803,177.14817748823486,487.14148022673976,811.8600704744854,413.09748154858164
191.50862132549108,167.411369423223,388.45142631772575,585.8693501091116,313.1990534884683
224.8821246751647,125.78714620161963,409.9891961503276,448.5153644082723,352.95208946477754
226.54896350653132,128.34727233673377,408.58110124625506,552.5376919451347,366.1413546305912
225.9595304086964,139.60817566525319,471.9889280265668,678.3136956989221,298.6912022639813
234.79164713087604,221.06105128220315,486.7655486795049,861.6275367157567,359.9486791943892
168.7388422911632,129.14072759908086,381.3092815450427,611.2752121445995,301.56947861691305
217.22298939892485,157.85233401809268,465.24147502609776,587.8393658160613,395.5192754514857
208.48981980383533,148.8797013605964,466.726167560092,857.6013370951825,307.6964784692415
218.1983165851867,139.4488602032347,509.0640894422824,402.2845941546385,335.8110871356137
189.39419941298954,188.27778364457336,341.7007347936884,496.93816705554514,308.723077630676
188.49111016575722,131.96052995701788,383.7866054862896,399.5574941380162,289.1951074577451
176.8506832560327,164.75485672654816,408.78956291677116,559.8531982032148,351.02751819237966
207.28303814553436,156.4643054589208,429.5481169472727,716.9638060351224,283.3564002111978
195.36452499181496,181.99622366706478,430.4581188639805,493.8130503323478,322.5954298373182
215.55697180828057,159.9536730863538,442.26165695746624,643.6795630206752,295.16957105478014
193.810671270317,141.04112867105965,433.52909098470957,598.9483007810176,339.16483948880995
223.4225013921849,140.438318905008,365.60441460189827,836.9544879435623,342.7708456068089
193.58556245680109,163.9523341476953,413.4540061602608,472.56320331320603,342.30083465508574
213.00640610885424,109.7614531643915,367.6896136972826,351.04454983785257,362.85940501590943
213.55051588880661,151.8590285114394,453.39096504120266,629.1744528619118,351.7686148030207
224.56021230068407,114.30014003441475,423.42334509554894,358.4446969011817,332.9947456526247
213.92411433333297,106.93414589021454,408.3932690472898,462.49916307441373,304.329343948317
180.50992028743144,134.3286200037477,371.3619633467745,645.2884156871623,387.0955011677665
178.96262122236934,108.09201675340098,345.69896296966795,359.4451411508157,310.5621939830108
193.46391459071233,157.3651048733756,393.15347456684935,522.2090891089393,320.909195844402
221.3287543106571,200.29321782323046,399.7927100721561,828.3827873859349,345.1170028021646
252.04303178316866,162.16062802041694,441.7060159937214,450.82502479503376,299.4333902051723
222.3626406185373,119.66315751651965,365.772849936374,489.7814753113705,363.5967573596665
237.5827946473824,177.16117573922625,398.5236629542268,593.3704846898158,357.58527153054837
267.1123530675608,177.94312261029089,479.31955523689226,574.6540670767678,332.04777422285565
227.34069780301286,175.8159501156639,443.70895719040317,764.1625006410105,329.7319623912899
237.66871010769034,192.98126699689584,460.1720270746956,602.1116944044402,421.9909305624817
178.87455724201547,118.31279131757852,408.57492123143766,351.6280931830118,341.48178564997323
243.58014245482974,118.09420713611077,361.8518227218379,605.2300225311844,376.81138767943054
184.2670184316329,128.1614724545012,338.4989721386075,417.9138011068202,272.04840515789476
267.24083956541415,135.5789566393427,437.6167186151327,500.5228797596674,435.7330087838007
190.62030092319407,147.25181592413205,464.6124158698878,585.6302588932264,346.66048493701584
222.72309810931748,126.77246063542698,353.40112048793196,473.2304820068566,335.9512316739991
175.703987953945,125.66586355023922,391.6752732375785,868.8173544115539,304.14041568494514
208.64246430276185,156.63783250574306,433.271538428362,589.2645422046529,279.20206563339525
194.13649834614517,191.39897895103093,372.0601960313004,795.6043464711879,325.26126448651706
218.54356622509022,165.37779623884947,443.2374336557429,408.2842413735284,323.9890611159364
186.60542014994996,189.7628655324716,386.788201399724,549.0072903928407,369.0402660807445
219.31309884689938,203.04970745772226,423.56583741781407,630.4109018725579,358.3973337841732
157.52880815630925,105.97673185135268,339.05006398599573,605.8522713362244,322.7672585730327
190.74029959259565,142.53325612818634,537.1464244586471,849.7796497572923,411.7561676224679
219.0300401733925,159.34889438694162,454.36007658605405,586.456033986475,399.7523694642875
221.56903131460282,192.4116105703003,435.62207031395684,861.6562350807388,329.4368793520298
210.86006898667273,173.99838360447472,421.0775965462426,599.9086685060362,363.05841933246245
180.69673060180622,162.93637732463594,481.79264173876766,690.154311917983,389.9608128445197
157.87241218996286,163.4291524283097,408.3439284639079,492.17981464646857,365.22837691417897
193.4739582148974,156.93909771497744,385.6278020661728,545.6482891363311,334.43409929612795
152.98227100122145,117.73348523923087,343.67454867579164,396.4430040735948,322.94561504989684
213.40973295200044,204.80745390556578,461.36169995268,794.1048702479777,401.36766935447474
211.61917451007102,144.66603975451733,413.7774719146963,482.0797021217073,370.20074489210384
248.99359087351485,119.4934155853437,444.969175950529,521.0288113993116,415.5259557001526
191.0776955970605,145.3118226647065,418.4601856150928,660.6622244208276,284.02878023532327
177.17132174543053,97.69835447813303,332.869400897972,429.1199515862378,341.4416321455
206.24184999820173,150.0243034809983,415.36760013145175,671.7013748738782,398.196045732646
192.92796551110823,149.4290743552101,501.3761963101337,439.32016143987744,332.22673315681214
191.55038419094564,126.11863627102116,452.44925060510985,579.3423222189132,347.5748824481937
196.30762736101835,137.68832608381308,361.595640215638,372.8618814075584,357.17832097902317
218.51695239532694,145.37507556113556,466.2929808769906,462.6488694812616,378.4682661566296
235.84026729083718,132.59664600071468,464.58656892207523,633.0482617346439,383.8162898006089
219.52099458225808,138.32384616461098,430.4235036382516,602.4307618767834,356.45813052177124
207.19271175839708,168.5320575402144,461.65122817333037,368.5023250557956,339.6547039950531
206.27792469753774,162.00121103649806,398.4970552230086,569.4492308376608,400.3484528979092
181.07307748815245,156.36155547600643,444.1398786594313,481.4843751005593,347.9939486359856
215.5517209536328,107.76478551813007,339.50762321850743,427.0981806771805,339.6120916195945
201.5373806130363,116.19589595424002,423.415992841113,664.4929742190086,392.05486185541196
179.65251811982674,119.56142425820936,352.45062447046564,390.5886174362496,363.1788859277292
255.53307882205132,139.9772370165111,396.16590934546343,681.5143690205716,316.4952435601724
183.45406989583827,168.1124658728934,451.70904629368914,425.5445807730333,354.785542027707
254.7514310256736,113.19424673984601,405.9460681845737,643.5618435603245,379.1124353534286
169.26233477304015,120.49358226789774,378.7095508937156,347.90425066901014,315.0601276719818
242.87323676235522,213.53853205735945,536.656051983724,822.6717142310525,375.14920456367554
189.25881096257123,142.61151790306045,422.82755529182356,486.32766383517,387.1590635488491
261.13854089633884,195.03692249325223,515.323095697047,792.4042648631416,386.9083335057391
186.58929592747796,150.58492741630158,415.66887193722465,652.8157153825389,333.95204393698197
214.29934250273186,176.51792192891713,435.1954570103219,641.6246630413663,285.41821062408167
237.19234265372427,155.7630268862076,460.17766658815407,474.8102380941325,407.34612291476594
192.06373432102313,110.8044547296336,341.60570067586633,591.647600895194,352.5149701654781
255.21711199739158,176.2902219073416,422.676925710541,676.4781823606071,341.6383031826347
232.5627634434391,116.42927374408748,408.2935087254514,524.5227983169609,350.4176447095739
162.92825289308715,138.3819619030296,442.00230828894905,480.15656933992386,310.1002852831181
221.01120705111552,154.7042670474477,478.37397413183334,660.4179698194341,380.50301471569014
191.29238770556725,157.7194263215469,495.41141624981645,420.37711707743495,368.48318369825597
222.66373269775627,141.8374512721528,391.8208653064804,432.4014771952904,337.67343391004465
211.73070369555592,191.74497397738415,419.4213332376387,471.4165073466344,367.2954080873588
224.11535310503797,139.636171278945,409.7813649037573,595.9498431003881,317.5741086364585
180.90832367465376,144.40797132453486,470.8490456184693,453.2326339097368,347.8329193706948
207.84061295428185,156.563435054112,527.96607672289,633.6235139773283,375.38345205203836
187.0303563297815,113.03169306668845,444.4246426649854,548.1616581375498,310.0381911555942
218.37000532315892,161.37956810695252,501.7314424531633,764.3274047194117,400.3063927720146
159.10737496980883,158.804559799926,341.1592612458485,424.4261223311066,333.8811565988199
167.99669170658004,149.61399484555582,428.9594434043926,634.1203643896133,347.67434011510153
193.2419933903295,154.6661191760009,402.82699532918133,480.3904022613959,309.0736335250763
164.57475027527713,94.94149003494131,334.2861763103894,447.493764192805,287.4196524554282
219.42336201722506,149.02217993890076,401.83276074972264,560.3202327161559,357.3476353049741
159.1654229804639,163.0607564028344,336.8186101671406,378.43888309637464,310.7867232696341
247.47467907326052,167.5454063405926,471.6646209765068,565.5928069401687,424.40243745432355
220.01900847971024,118.53101813240403,536.7492201207658,735.8022894292168,356.1016876366633
205.06684872573592,143.3968011846811,411.7463370691775,489.1984689707073,348.10069497510074
195.01026082377095,147.2285526126605,370.326120433878,420.60051217537085,305.8507284302542
212.4004963053256,178.2274436216041,428.72819851555977,486.7908071469686,321.14885442235465
221.5654979882699,192.47626396670037,399.3596068861696,768.7402418393576,334.9413849804706
202.35660321455296,122.93965234326728,464.5249629263299,624.3287591414204,319.5248414833741
198.30631903224304,174.3262295336382,478.4974306292258,737.3888947608646,321.1537123741011
176.89147995544397,126.20605070071429,435.7832279257518,508.0680265761321,335.72574359446594
167.27076206808655,135.84116088440447,441.83282482578073,663.588823680675,342.5953800000445
221.06029742306137,182.06291897005883,411.2524856191477,826.3672299323371,338.2793062707838
201.68947417333862,181.12117133732033,475.9176542000959,727.8403128744917,369.39995202530645
199.47285955330236,151.07215156212305,463.23815285398456,448.9552508712924,288.87609021564083
249.27310895128556,162.86771232922783,413.74800193186024,500.79965521968427,350.39596925731814
175.6332608012822,103.10490010228085,343.05801400645106,430.5001855096558,285.2613428826123
213.74025575388356,117.83180668905176,459.1605117433723,592.3375009126107,392.6020495027558
263.8373643240805,155.44062096590784,483.13980223514017,837.9762686783386,398.3172301408609
215.7037384403985,99.79774995806447,416.01664773678266,521.6748205312583,313.6288919640465
226.13911705858635,127.81843285009447,454.9534375594906,449.9741069235961,317.76873868735197
190.84099167836874,138.85379489926888,399.62584009482936,450.9975122648617,325.4565907169052
155.09004060738755,174.74316341026164,390.7291030248872,488.8638690770208,366.17074450695065
201.58535020832988,155.4723937065882,431.72879853422427,549.0060597858121,346.65188175270134
153.15392825891325,150.57568882642184,361.4749490808988,464.39014228372326,302.7398808608348
178.004153500749,127.15769999708307,398.40586046043484,827.2768329237151,323.047260426858
230.97316627193166,160.04432529339854,455.3211877980046,675.5353302484968,325.6807737511869
166.65081869960596,119.9203278148285,339.91099831554163,389.650404923048,293.5008182789444
160.19699949861655,166.6781392548849,413.8017204586866,689.9346996648446,281.0727058000842
187.20862124835128,184.86946314273408,483.62302637302304,560.4436688925053,365.66296706706936
203.7296028038089,100.8121616728753,351.6990501025602,386.73779310244976,291.1200968842725
214.23277185612844,95.77826293448523,383.2538767572,495.5229556088392,326.7912964911521
214.16427827828656,129.0171521024513,361.4077167210625,604.8996207153405,355.7713293259712
231.04770472932236,119.53343400740557,532.957702983993,557.0229552985234,395.45051562235807
210.53453283755297,137.45843610680728,415.10721274375464,659.1946037401166,393.83105570187234
212.48686143193297,144.63708144361985,438.74719115293584,802.4899897575373,333.02868947843757
216.70237967209331,178.6441103125761,490.2478208304486,459.49561238125995,373.6840095385807
175.0844736643914,189.98465663056353,373.25243840015816,534.0424427355094,294.9901104907258
203.51021634598538,160.90576022694938,439.6876095845932,620.7723467348991,315.05930032841826
206.6414065385537,174.07334714835582,489.25830138094034,637.9870381005298,322.0317941059739
241.0046792149082,219.00972096256194,467.8543466829478,748.5525709535597,363.61916543281524
219.2737462398845,173.98068900277812,455.773329098856,550.6699307150061,287.37138006627214
192.84441597779863,122.05678781256745,432.8959663911001,484.84962595158305,378.53253942265064
173.2775009942431,172.08518500967475,438.6624819522074,391.48365048989365,325.3626681256941
173.66833127400275,134.3771875145581,333.8845181342435,468.284443417846,325.9875158435906
229.49235394154292,219.33251849815977,455.6352149267809,503.0435311725705,350.40533881506366
239.41173418032605,168.33887618461912,508.1272385029573,791.5812923499418,402.7843240939465
232.787718372302,176.9638410262467,536.7165326652032,694.2975423665567,350.18797582503555
184.44078420536243,147.51693317830942,420.03568398263343,548.2712186171219,386.85283476310775
164.40372015280656,170.52189883751805,359.9256842797752,458.217101661802,313.89702582556515
218.8697199150973,167.1365679840023,356.22045085040526,544.9892355669884,363.64305335304255
235.21564858843564,139.6223243988323,422.16080442216145,589.9707439709721,413.53003703355887
214.93085935684093,115.05727104953905,387.81759299420554,619.3277572500322,362.77280042072
162.16319665227655,111.32337467216911,416.15810458517115,499.0643883068491,340.3970701458679
172.18424141083682,150.98835859790248,380.5152645267238,387.9521533758754,303.89226314550046
200.23023614475488,163.82574940881466,451.67531571587756,726.0952713181781,289.5056953858249
217.511525113576,113.96824867942793,483.9690846659339,676.9555571750287,351.829495698033
219.075336241549,145.88915546613757,468.97211600150035,649.0072775636471,321.85107319508535
173.37967681850955,138.0949098306248,401.71198917969014,385.62711342799145,384.772488785531
238.74464943261944,107.92932627205249,421.2303531333273,758.933059392324,442.0041214931692
215.60843808995457,119.15004324358812,393.2111710402548,550.1824930151082,387.8057003015071
205.02217804848314,128.42635307382244,417.14166629985715,405.20662063958105,370.02227020977057
174.88098882488393,155.6356815862855,411.6060558773893,508.7062066670874,305.66695682922045
177.34719557967938,140.27776823918313,424.4344536799805,648.1863436644558,370.3325256381653
208.49502559639123,133.58496498402522,339.1622539265878,357.78688528813245,280.95354849290703
215.60241104545415,212.60818725048424,456.7308672949693,506.58991430415807,355.85886265064613
214.65364452566578,112.69521104949015,461.8143564722956,699.5734232048162,339.162837327789
211.71803025305118,104.14272532365943,331.99392805597637,336.2311293076793,335.2907685363633
246.34492134682478,149.7192365429506,436.4895360030101,405.8609285530764,313.02713151952395
221.56957906637024,165.8046289030339,428.62286100039506,528.5918609121273,353.57527148903836
243.8416768958014,116.25550413337211,407.2768123323209,645.2436260879641,287.3563435915364
205.51415160135764,131.61387484477743,420.7063579978528,534.6108584258874,339.67239145965954
176.32192092137038,170.7032714340345,384.53882874813667,682.9868003100673,357.8730309853633
208.02865807052922,153.33141116635716,476.23351501571545,516.8332314119484,368.38582911628447
226.5815252244902,156.34674385697696,457.79046426801057,448.82164691189655,385.681136638287
203.27887695727864,115.42228212181885,385.5200350045391,576.0001843123925,374.51154034043094
228.16326530652236,112.12503578387151,347.11354974253976,665.9649883307898,310.2696064735214
233.078257291337,148.1119201794201,505.3787360806336,654.2998246176204,391.8140180072716
157.53062319880058,119.60645716296455,524.7411515938788,415.4737480665614,372.8001252586085
225.3186194529107,126.0671961127078,491.30081942654,526.2553510035201,362.35505751269096
217.09181978154288,126.62400343991271,450.35253295078184,475.17620619350015,336.02982896205674
210.64818601144867,186.06158586549543,476.72368785953375,669.0512901251569,328.01726272001275
217.51403827223007,104.79731896221635,364.64087073503106,453.6834401305439,322.4218750280913
248.14493944250597,148.7726032019005,453.91359984907683,662.9790878039364,384.39010453456
185.31883889559904,110.67021660735473,357.0869941808443,443.202499213982,312.7741758347908
209.2444892246327,164.14932563205787,379.82039723151723,588.4318914057633,349.23751191283856
158.4019236570658,124.22213710546647,427.9568310547794,478.241095260384,332.53998098985517
207.31373333358025,154.3445609389485,413.51457107616096,540.8288143710197,368.3523485889786
226.6782552197367,164.23565606666904,501.27430217192386,695.1676597024517,324.8185235739569
199.43866585697359,154.91648033163878,361.5122478408429,471.42726064151407,392.77687846037617
188.6984646746135,100.26608284302671,391.2948307161145,413.4964764240906,294.2287165441233
226.27127603221223,145.50350208901867,373.94875299271143,465.5031966079635,369.13090375777585
170.83723949267775,154.1596199828682,426.3472121683845,343.4555307551747,270.7554323196065
176.54893880237498,103.75441619385248,344.7640665823046,330.58328153612143,280.90996595713284
214.26311472156027,135.69308114846493,482.5190605875008,510.9048625055629,345.61318610829426
212.74960014533852,162.81147319901018,444.2032802654481,611.1522982994885,420.6698237330115
242.55009579579684,178.38413039752496,500.3468622515629,771.8926417548572,359.69124109459574
230.6745786963342,168.15832758223075,373.2554173608258,575.8818633732956,341.27621376695373
220.93623152265116,134.55224647295347,413.5536031428488,729.2955309616653,267.3207917131583
199.81049533492538,165.64037195496633,414.4374510195254,562.610544878226,277.4916151950541
152.12939352796192,110.9982002414494,373.943623958511,454.8084387556337,335.65632639023283
247.45705860078937,116.75629689600022,393.85083537770225,515.8554384828948,396.7681537760441
179.84757681315983,158.19776066945641,455.410406768705,643.5354314347998,372.48170421595216
238.71284620474503,140.66792439173446,393.6142058732147,328.9343491977586,355.10070692907027
155.9613127472317,132.0434296052595,396.8218953050795,537.7955275317908,311.63026041097754
219.41424723286917,152.8168035863823,459.72079314807826,520.6118208897159,366.1965010348223
201.2457798015805,142.34869801962984,389.70220505771965,575.9345890616165,326.7771028055044
193.57492102799995,149.34853496464254,374.9454615229405,527.5933613226805,323.0902485391822
180.66461012748323,143.94251273944863,432.97233772243163,412.3851892820383,370.6194456829537
187.7447677725819,150.55996949951628,473.81871876403557,502.9655531991327,353.40575198579046
246.3096200772132,116.64302832785573,421.90027557555027,446.5274361764964,335.0996515411275
252.663122561633,143.81609630325704,492.2782053549994,771.8149184825548,327.56196552344284
243.72472291425095,107.06267261706294,439.58991492828125,672.0737729021607,398.85206100349353
191.90781332215283,119.70747221079183,533.3961463736357,563.0213578911215,348.62389749022253
235.58021537016538,159.6748568527809,500.08346306546053,545.2021889125112,418.72128732026624
212.46180394705456,179.12931298441373,402.57141176408965,716.8048742494232,351.96308353101074
218.46354918188948,183.0834409252786,441.0343505294213,588.261344309536,332.49389881794633
191.7941755151778,155.0940548539699,484.9515855108109,717.4150105322719,367.2818279491754
200.16658396734329,172.45012181271193,418.6508187870172,381.0212619665669,316.39876485001116
196.9507611677796,120.55404861288959,396.6112574069155,591.5074264022428,379.5151189187675
232.1548174119293,119.77023719448243,380.82293276165586,489.1485619851837,350.46000532028484
182.50288603908143,127.92711650279631,387.2161667158225,504.9480405470933,292.800616714682
186.50554994623317,128.35954091613954,330.75346645969864,338.8395451111818,275.31822448607693
179.69039711401402,133.97717990192865,383.74931899012165,605.7222897796437,324.8795936263371
200.5429792174559,122.24188575596334,391.9097639151217,449.00847504348354,362.1150243775178
243.4377658209319,169.18005138856756,455.4178847640589,496.3422013941613,350.69100926819203
228.61491036990768,140.55724691749043,434.71199838475013,527.3203214171631,351.6344640971693
219.58055640232766,122.18401761520337,459.17304113341135,454.89417258918456,339.617059297793
206.85482649051056,155.4606547249601,410.1472609823469,650.1591663718947,332.30011021786373
243.076354496572,115.15999942896691,432.85627919346456,429.33439756788374,335.96914320617077
211.90330548522098,194.80533818475087,432.63996607817603,737.6716869506157,332.86664541897636
223.6029237553673,137.8350418046831,350.6239638479557,443.7014958413478,358.9720796418032
259.7206979666657,185.72748745594183,467.29038939120375,683.7564241041974,357.8294142905439
223.21244789081797,118.53104154508057,378.56284472133007,526.3343884398406,404.07674464317085
168.6393573029917,129.72360505975308,441.7404340101807,669.0412089903368,323.71044199386563
197.0677174997831,163.03480947387033,500.7113086160514,727.9891651469557,339.89948577190637
167.7772648522683,145.657752311384,381.7742630942525,439.1588352139217,377.53906617362514
176.236757330045,166.7884167700895,442.3996648157498,595.7178673310294,354.67217184829
252.3943710618023,166.51475957373412,427.6847982745949,349.86240358728514,387.39763430977837
247.03188860672375,164.06342550831405,524.8358386381726,573.3980905667687,405.48910597453636
220.49419840775832,151.92170130502197,449.7310104794395,716.1244936675763,377.48150185352
167.6084870008287,122.59379755902995,445.80454897419247,504.61201815771915,323.2485468498526
232.6228278860686,182.42102378480652,436.86105349432563,625.2108011607047,375.54991049544117
205.08852197951745,208.64980645561948,451.05345032884424,641.3481799193441,332.4626193835832
210.2468576051321,148.605609367932,498.84016598232336,464.5997477565593,334.00021507458194
192.7657830158451,147.08798259965673,443.3639480126262,525.0980125801019,362.706803261754
163.8093112562331,124.72199238232841,360.0582495741477,337.6253659883759,328.1640793812904
221.73282240981598,162.80298894305622,421.27628046320484,772.6473229201933,342.4027153820363
214.58696357521453,127.5016183164524,420.94105128858223,698.9233068062779,414.44842474239374
222.27545481541134,98.17587033223344,416.6596938416115,560.7981799028046,344.81815908010924
165.00773438893606,110.84791123334652,408.6845810042994,813.783847495526,325.61040296734865
243.93393966656464,210.1269154385251,459.8463006911092,419.8478901971761,340.36934407986763
206.95924179821532,126.97093875744235,411.4870322865173,535.3203867975552,371.07849844347413
198.29267266647884,146.62918540803997,431.508574423697,622.1520499716714,387.27728712535503
187.28933846935004,144.60843622521455,425.8016398410325,730.1090337839861,316.9031520894645
211.05115216527864,190.64314455361364,449.9823035118905,752.8651419798999,342.4460703959763
148.3789384968922,140.8722228747394,399.60810749551365,719.1992815670816,313.50896102000155
183.33791311917463,142.03023294360688,455.79827650590585,621.780442349385,374.164485385436
240.18422638597104,146.8127595536085,493.89766051959407,576.9030296936153,446.6073102385175
148.55428170018354,94.46882708932375,337.9131246061147,340.6180470032266,277.5857476600481
168.74399006329045,134.70919222347024,363.94457531080405,399.9163045177963,388.1859889776548
173.5790724931336,120.65891212639826,366.9288681159092,367.07992822862855,359.00965169311695
257.1160918178745,139.59349994429598,465.7313851507004,740.562426457494,392.8232232886277
236.96495904867592,193.8462832726747,446.4424070311375,532.9085115005108,341.3217153757534
164.93514222189853,116.59848855912608,436.7923431190576,473.14105559742086,349.1677950047437
226.15433073692697,169.19894854326378,441.045949165372,580.3093631846866,339.492236068698
184.1291252847565,150.53812563138828,353.5622629209488,386.030936542963,399.1184772819015
180.63704728965138,109.75412486754773,382.38658879586535,494.19540642856293,357.7005190503664
247.3041883309951,131.76733789189393,406.4582331885408,647.7284394387443,381.28816492172797
267.2793124818324,131.37239656674495,434.80378661066476,445.1502736883089,426.4598884692042
235.29272126632705,135.4624772594247,491.1525113945838,776.9225234366887,354.45006056438007
175.222294130121,139.38328119637393,425.174004824022,585.8326246285684,394.3448597140805
178.83942637869538,180.32264377984893,425.0159898607455,547.767806054183,297.8520190989556
204.4970584747924,119.60575164030605,471.7741028758046,597.856984471212,356.663445048525
212.85823729916766,153.3618347226448,444.12584891482385,701.2347964086464,340.64923775810314
232.59545103811135,208.69472389184816,527.1634841188231,403.1325611686473,336.3431394413096
198.95405065770208,112.38997950330565,435.105187447674,597.1956851429575,297.15970931387903
205.75899717833425,119.32376820630236,359.0263714675557,337.6522265875493,383.16706043600834
180.52746145394252,164.54111975804418,457.0279989490638,737.2747168541025,304.303632323621
175.3810373908525,130.78521782283295,402.40977988785545,797.6338284164788,334.6155283421973
205.30607796072042,164.62327112438663,516.1487541697026,453.7077274790394,331.5766281943358
188.49722299550055,123.56427488922313,397.1376328951935,522.1033367208546,359.7829407936529
195.27888849117494,142.74267307563764,383.7799122977277,361.5968556846772,346.1966920222056
201.00462849949128,141.5830296985258,447.53365024544365,380.79022450689837,364.23932841575765
218.74054202615835,126.71261183618395,472.22209322274546,411.7390743496809,362.45437751200546
188.7358755787044,118.80509351647085,361.3263564689466,346.30120887236205,361.1318840283037
191.788886619938,140.61299086198287,457.6351907665009,702.7144626847765,327.2564898317536
218.9849566462529,121.99577250931033,434.95872629740325,406.1811006086246,294.6020702209256
254.43823334431931,188.16710288255547,428.47199710442953,491.5024123470703,358.4013143661324
186.72893002556478,124.39549241465575,382.07701248394574,348.79685405108575,353.0343685983159
198.12719502889533,172.24550681375217,404.0491038511089,663.3110485845306,411.1043629709763
215.25715016703668,143.0211019608994,448.08027606317324,438.1697348034773,339.30512544920435
217.71672819982766,176.89896023656902,453.2278072270228,679.3685490230483,401.8130227084614
206.47777229394518,100.7425248819672,376.0886482186482,515.3317796062943,325.3691091618164
192.65374890414276,198.79606248943747,478.4225195879663,484.98196957606785,302.54653037959866
207.09291941282328,158.91734233311277,488.5452928442102,460.66284310313944,368.5697424756151
200.9667934697443,182.822854957517,387.3432338145519,407.4883288953311,435.4184504312304
192.28625468832468,145.3903521217533,372.313525763425,518.3245528349006,357.45847725886506
194.69267334746107,123.68805027992181,376.1647371670463,468.58113245228833,374.1735228755156
190.6374431811495,156.60820585051218,443.6459124294261,775.7560797989536,264.5762894198828
258.7355802156073,172.20582985739463,467.7379800875759,557.0368096832029,409.25865836944274
184.4170189208942,134.0067688906124,378.2286717125772,379.4236354523929,315.50622282984665
181.52827911503758,138.26915720377136,401.04133002785306,632.6307205156625,382.23927595240434
148.51639927787383,145.9504372862976,362.9255211788059,487.45725608305855,263.671343445745
153.60709135307417,171.3175674940958,465.37945215093004,770.8120954109878,336.7227205981415
205.69565535754293,159.85459490329725,397.1726425101095,753.2527589332503,346.3562227353446
273.64299587594905,168.95261638368632,440.6999620656117,554.1114301574524,347.17336914566135
232.86730522743906,176.98576766977044,452.56808161777417,673.869174320985,378.9636885734603
209.3764161376983,164.57102532224292,452.0998951251396,805.0005251865895,364.4010004717661
207.764560165898,159.3013790210181,521.657151985701,493.06862160731805,382.7771885446144
179.09054525299808,108.15141050111174,441.4945311929151,655.5443407662592,384.2574715137387
249.2630598232287,189.8012870190057,531.2420185225542,822.793520464747,378.85073573578603
177.09964026072748,194.28308105521222,397.3379295386813,608.0439126457104,326.05799713721836
213.43917029649683,142.22817945382184,367.62300155268167,435.62930196614633,347.77548159848925
204.39865270365513,110.08407187975651,440.1482914381201,606.850368432983,345.8282671244622
219.70934081884664,147.56796474461132,486.134570911267,401.19301923034993,354.8170660962748
258.2617282528552,162.40337069382173,485.2585182350393,599.9142897984956,413.1016631039069
182.45389991958956,152.33512083313164,416.9744271617825,714.6289041159548,320.79909335630026
171.0796824572289,127.93488379650246,419.8554196994976,434.25785990308583,352.78733849070306
200.74338175530642,103.56001581986074,395.5671183734722,340.7438813156119,360.85947163155726
178.18622641932834,120.94720922787853,441.27192829413235,402.33672753234913,314.98584911851276
225.55704421302877,162.95361922943934,471.2846470720424,705.0700718259441,351.7113303090012
222.65900051582346,157.34546693445617,405.52378429081466,442.34646924186507,274.33235957821114
188.47404114803672,120.49444603757182,395.11357903587583,411.68840251985813,339.41889689510435
228.99715516326668,152.9807045617852,509.7357988187747,555.5019123676907,384.8990548572761
235.0981597630542,182.0185413341306,442.36058287545256,340.06118881134256,315.25739148060313
258.3390521404836,192.70086147756564,455.49817918783873,732.073629214199,386.8734839873992
200.24716047785023,184.98091666042356,468.97251599783016,506.04221788828386,407.3270210677513
184.29934031731253,163.91750680686783,486.8729178497042,676.8043898144449,299.6575334806805
201.48498886399022,117.28748006290812,381.71586668863716,565.3603779836172,321.5820256231015
205.8098026117707,146.95113637319918,455.99417648197044,489.29338533606654,378.4426156845666
206.72046130415177,198.0656845426736,458.93697785145724,525.2424134247025,421.0261768899285
226.57316264118288,173.16812244238776,422.91765243251405,507.30280546981044,327.0417690879174
179.53711594957292,99.24257769232445,398.8573264123141,333.3844702500771,341.9806917584995
211.7560061771276,154.920847106963,441.7989581532182,600.5610620568962,369.74846549166875
238.66553542286977,167.07921054204758,377.5089849281462,755.8039880145492,332.48407532784455
246.32222878754555,160.3913346081699,422.08034436376477,638.6455337672185,315.8009580348643
170.0933760422053,121.93617238604642,375.38610259572874,505.79651652011086,283.461354305848
231.23138096324004,155.31622955148123,431.7825529843273,673.2287448205687,368.27985028878504
224.46186131516373,118.11264736660756,371.37065718905603,536.3426379574621,402.2275825020389
235.67730916684013,143.7334941307905,416.30387240078244,539.787924387677,286.5819011561802
224.84451997328338,184.81189999874766,461.52556955981674,415.3788363082468,332.252661063673
213.59223060857622,119.37857772743715,432.6177731914332,355.74765129238733,328.3011259655229
220.06667259123807,128.04378324656224,422.38989952476487,516.4337349504402,336.15412235032437
192.28836099755543,104.11755675339526,451.6143893083481,711.8991117086056,384.51077144448277
192.3424205806135,149.12003556805044,418.6942506290553,628.2554249295736,406.7251921765629
233.85302434566475,137.20957030689553,397.56370297382455,585.0152248673201,325.8671274762299
165.99930718530894,167.30645809486882,393.6960375924325,521.2658064473628,298.2761760162899
213.135873642874,182.04003211443532,382.0665861131796,525.2990280284143,277.7047288287522
218.79377891374781,149.82118841935048,405.09447588106303,401.528010443508,281.76342474959705
223.8428520949632,136.99441625136086,505.8755201462322,501.2559814130254,431.61563397906724
240.42495492122112,169.29159047685556,472.48372482382786,603.8742147670312,375.30396345822817
184.3655005146291,100.63687179334568,400.16797632497355,530.9440249863636,310.2835283472992
190.68122308701558,142.4637175088018,443.6727204894461,461.25762338207886,306.5241621871502
260.4018455740664,163.6374236014825,425.3299699693184,604.7118635020023,383.63803503832804
214.15252398037865,137.54557192975568,441.10824622097476,565.4650016514948,328.87401482938714
199.94206601348736,154.05463633567368,408.94976649143786,644.805355060673,287.1627853921807
153.53990996272054,136.92252584622048,414.561572258952,508.18831450584497,346.90214145051436
232.03174032559124,152.7528268066455,424.83938530191267,525.6299034443011,321.3883131378711
188.78598684036095,147.5405456949875,411.53909110175493,349.82631962054825,329.3483601230235
230.52342582449344,197.7074752280296,493.1714859710082,836.5029413531272,283.40561321001695
189.67627832067822,124.32460389053786,356.92014383068494,494.9512991572484,350.94710100754236
159.1353861313245,121.80331885579278,360.0354502566361,443.4704427303007,293.50972894721946
177.6621459985668,126.92663155831455,408.53684209796575,369.19370527328437,334.3483703614246
243.27369931210833,173.11432244852932,479.38742439432366,717.4107177411431,395.60885512257323
176.69483601565975,189.24152890664905,436.5311256500139,394.81000844426245,344.3073394889997
236.13949605781872,155.1694321894896,435.01689472678015,591.1469284733776,372.9990144600964
251.89158202620106,203.12181418181055,494.5331600396772,698.7024174657031,418.3069720411315
189.84423140600168,144.21083019077034,444.7165016715129,459.70854647712144,356.83985810559045
213.57241793151013,106.14279993763466,386.59051448924026,599.8972968481085,342.6250874865504
199.30751660244283,109.54344680042648,332.93461864260246,450.9199264571994,359.8728264941653
199.65698371225994,148.93430722333895,400.922234974588,596.5097363048737,340.1170612474732
198.78955195794396,173.67539640430672,490.35259393186897,603.3116729932021,358.9258334033753
215.9944444907908,137.84097826289036,480.39350359113433,597.6971902039636,357.9180879525478
204.3530191532273,120.991075821973,342.280075409204,436.6987647427398,308.814266603843
235.1113754476256,173.30801341449015,461.48437732233685,762.4091285253864,361.16130961759524
148.84519718774166,138.1941100378105,412.5218259060908,545.5325354794601,327.45462636456386
194.94610900902174,162.4573532391339,365.3311921478982,478.04607646266646,312.5871351658501
211.05955832565996,155.32315700229722,443.7481262665458,382.9618040078436,354.1343857816511
184.68720599307633,163.77990298631184,455.70385338708724,564.9881402616442,336.14331473199763
234.37980196177128,122.49384702385069,400.15661239362623,654.1634456325061,347.93763782999184
207.99711771833114,211.80302117352403,468.42245308945525,738.2269564854039,317.37304789331466
211.7214676075736,124.78345955934905,382.18741750399545,366.1597504085047,370.5670900791139
183.71478563165834,171.16922475418767,434.0563714480784,568.406848409539,347.4108978685784
187.5412950541928,101.72116273346434,362.5367448554121,356.1708631792011,331.9130157920537
183.3136376730223,116.29802064057054,403.8273666134129,339.5634575007699,338.6504582673484
240.43582272770928,128.35241763309529,444.0963313750128,782.0253616840796,345.65275750548676
190.44466741621872,153.9617879650327,409.4740091205992,497.86834481242175,353.955442424907
251.53504424367722,181.64583207457548,428.0051675615936,562.5852466083932,366.69400205454116
169.44205056992743,120.34102740858462,362.0915773220765,510.37277384718004,262.01678473313325
255.19644981945268,221.71121507580406,418.3687614448701,795.4891121867846,291.5611552066461
227.59482887054114,186.40316813457622,410.54622468808736,618.7881423781071,356.3286402676724
202.0252884882627,144.85280221619527,407.4150831586452,499.20838502228884,330.6129469954402
229.04535671419026,197.64962092917415,458.5018874254229,485.1766578151279,343.07966670590963
184.5483494410023,131.36937285443065,435.66075582617015,499.5650208229201,336.38720494549835
204.07847616878115,119.49813857032564,351.8687589128012,350.8330338780606,282.18467152911865
233.07635868319772,137.08165153872682,425.9113536796356,460.3938159805642,363.42038626706227
174.44580247996822,200.01838571247248,363.33596223382796,594.6480496986278,324.66388687666506
176.7641280182508,131.057325549687,357.9436327447388,356.0447305521258,403.88087201700364
212.91905661127402,154.31271628000752,436.0043064280531,535.6919822843851,407.8391894918131
194.40279229531527,194.19451390970468,489.00773604209576,495.043244782408,390.55403529578933
184.9017086913657,106.56953046778338,365.9857325114765,508.75150045650383,355.55191783897476
217.39737727143114,99.40894733840508,412.68306138978403,619.2980720057928,334.6240768402592
227.95075149489773,145.07831800747374,500.09303670317297,536.9666019754368,295.6778123044794
215.47019167574408,154.7022121579808,445.70550370305557,356.6628289779151,287.5875190759452
187.7949800966847,119.1663133919143,402.0497753538159,509.83351763926663,348.11115536892095
229.62708055005476,114.19409844816256,472.2930119821402,645.0961517652207,426.52958314319926
209.223183558737,163.74727593031355,435.6516609251295,596.5995161647006,332.09693983627886
174.59532774487772,113.50562990240996,403.93909130291894,534.9516367870258,350.83828309995556
200.3948457667152,163.339779937867,443.03263157253735,532.507363994406,332.73555282691893
196.87743676975506,134.53181373774797,359.4060966708036,601.5808546771384,360.27070507403425
222.47587899800584,140.45057446555592,406.1906468363436,755.5271142813773,364.1567534889894
258.457120767023,150.9919451523941,386.05024782336534,413.29140556427853,348.7419163657733
176.95375194143287,149.16952600794707,467.6710387703317,658.9722964847342,288.16616677260106
227.87264037791607,106.71909216579168,393.3144839233318,545.5405203575151,327.59204617701926
200.01741035344654,189.11099973973666,461.52662864162863,661.9613240311381,363.04556344589037
194.57389410582473,126.90396567459092,412.7935247433231,625.6287761199274,282.6031708723989
196.60012804368887,122.84317883291999,360.4431316810349,365.3261375063967,282.34224962993
189.76956996967883,116.98795243690242,346.44742850651517,496.06677074627714,272.0271760470934
196.81431860512052,121.17466611930756,446.34728611469467,601.3945100171027,384.12918339706954
210.72981917124653,123.05649205312014,410.315495094987,748.763162213105,362.861371224523
196.49503284619385,148.76662566174036,473.9294852779325,566.0356067046208,397.05972283670206
174.84453473447817,176.60461017803064,473.70826393388376,538.6727857013174,294.0682641283162
204.68875876319623,175.1919491990831,407.16048455931156,602.8293134798283,401.05859095627983
213.35042530491273,161.05648920093782,518.2591570637446,573.5753885174006,310.9098129656477
208.4387410083656,132.81703785154028,418.0707897973455,539.1057652936042,358.84780520258386
230.11456019717255,188.5028973922307,379.68107539120393,664.7633645380893,311.51871726156696
210.88936777937093,155.77469071713563,431.604064714912,595.7079584160537,332.7781683635451
194.76011524975124,155.3099943535215,447.1822031542091,508.32187184456546,420.11054158100944
169.78258533090948,212.71191807028728,422.3827303386235,621.7626161269416,326.7983744625871
219.6272804473043,185.98979582477935,469.2403692070017,751.5297474823358,432.24493753990214
243.76583110306225,159.47680293597043,462.89795289964866,522.9839051696915,341.1496030327897
206.50482948309406,138.8810872191344,502.94985382985743,799.9357395167071,402.083659268818
197.22408654407369,184.49419435656327,360.3104585627662,511.1656599052101,280.25022330987616
186.91582327390898,212.63943004614862,457.56961544772224,731.1498164331682,396.7444626667055
180.2320341989881,180.15123831558387,410.45827436684783,559.6547639466606,324.94223426276295
168.28966691489157,170.97641229709077,444.22202836914516,521.8081017481113,325.0249519362684
220.22392602799053,162.331312243499,364.1464593543145,364.484385481536,344.726631705379
211.42810969213622,174.3535490894527,444.83363824939755,554.0449149646989,283.16784993724315
235.98024676098365,101.63065368482212,365.13421225172175,656.6612174662987,383.16945576697236
190.861576590124,185.42373022030554,387.6024701032673,416.1295298974679,307.43760736056765
186.66913973050876,156.62037502179916,463.2480622273501,646.4967857174206,367.01793992916316
229.4264775529365,179.59832218019164,450.8217209138141,723.2428773174166,364.9105263117777
190.3854046622495,178.05703138397914,441.64411565747724,460.1287930325929,347.30394010501277
264.5285647832814,132.73026104340482,394.2728490624719,519.6166028827474,358.26839331238006
169.03418809423613,125.1147381711302,414.65166128702447,641.0156649768072,317.9087514775009
209.66076295870232,179.7711418504417,413.6423275332722,621.3962494854167,408.27016661435755
161.69028150793122,101.23228989358677,327.8177133559318,646.4280561401503,338.04763224907543
203.7765827345072,148.0384790533529,482.9549224808486,541.0630658142816,384.6477387370825
266.43211598307846,150.0262196821509,421.45711814735563,382.3869397561763,421.8933088808004
216.17084606025477,150.4171179320937,420.88242105717774,433.5444956432623,307.20736171967405
213.5333024735449,126.97119913239209,453.9297942161513,574.6366612465674,335.5641756651522
227.16288197268744,172.59426828545182,490.50565997208014,723.59998456352,309.68162861405375
212.90735256291634,155.09182901043513,425.1195394768891,671.6221080771318,373.50327737929314
228.80391199535975,186.7012750234847,526.4727768887662,797.3478587455942,341.2561596344392
259.87324639802273,189.02237123082807,406.3404927535908,505.2235685276048,402.9604358167143
198.95608501218803,123.77122561935968,364.12386577930005,370.58880755697356,429.55257729647025
178.90393152076373,159.6224809192026,427.8559720648929,834.0944984501137,299.55938664629366
206.27309055014808,163.5307978691713,358.9026147942589,443.1330023818107,368.02570038087674
220.5427864987081,170.10147257609378,473.7249549610361,722.6126629648554,378.8509996159172
178.87929611657955,106.9760254017569,457.5085652598555,575.438512835777,286.32498179997157
233.25552980532993,185.8325231159609,431.35415489678303,658.7348459861681,366.3933189370121
201.37697411774914,142.99378467221075,490.1591637072718,454.03344206519046,371.4163168195638
225.80751979482724,187.8682333644593,501.2400062612745,676.4512936137551,390.2073740088844
189.87394438534741,154.7056608284197,384.7534180906322,697.3695603557426,346.16842474269447
264.95458392935075,186.24713084586492,462.85697397318154,531.6836140339847,366.1898677576616
215.54106872511164,173.7711218585146,378.7272831533252,408.0439916895832,313.19982296070964
192.03290410202595,187.3251916617312,401.2652069579506,724.6821691304295,356.9472027369251
188.50282617582036,144.14991153110708,378.59906033468013,440.35527526887563,317.60957767401294
219.82840903555356,199.33476985031913,465.1172967191056,634.922715721878,352.4158567579989
206.93763107227358,202.31085945880963,342.12830329009864,532.2887312374007,371.53939713304106
228.92657746305937,165.0838718633698,434.47294809024817,455.6843798552241,352.5849168416799
214.47774718147446,187.95475417730532,409.6244796126609,656.1174034320607,360.004465759069
250.87179512730648,145.12126328602864,402.77481148580245,627.4613289626462,386.98130212291267
205.94492957255616,159.46136776949987,437.90718145533054,510.9392826231103,312.0535239165617
185.88984537725187,102.48080869182886,391.7290098647081,547.2210305955962,349.0877494882689
222.97559394092093,156.75331399869026,448.36459429119225,673.556084076563,377.70484747170167
153.6774330002158,130.6546736490113,356.08839333672137,631.783684109876,280.41526020319344
231.4236329869343,160.24911182714567,441.50783286582924,657.2069076447606,407.6699380459523
164.60496178666835,118.52074670059699,342.6681887248914,334.56125178049433,316.09897792635564
160.77949535100637,122.902582844197,389.33762496546194,357.6597499776165,332.4175842418055
226.96011992031242,135.83101763205138,387.6292821321145,404.39187144508566,417.28374326612146
205.87425214870657,123.66462736912759,443.3333910096593,462.4303260404761,299.28719201880966
208.1821989225362,127.7351649868759,426.46621100515034,404.3093453465124,347.03160646173063
211.62407304753333,137.84915031981902,412.9373434065122,412.90998859977884,361.73474934254585
249.45723937349013,168.61713859741536,406.74043942877125,792.7092278531272,407.41874956329326
205.10289462714456,192.77968758985486,463.16747787406723,765.3277836949935,338.2751791885878
226.20655317884612,130.38596990535,459.31514785864823,525.0197017631632,426.232681367353
210.8696927302226,153.68248056687227,409.33531674410744,469.11607665611615,388.2108569018214
187.43918384252567,144.54162390507443,503.5798682312843,708.3361307330914,318.3312797488766
245.57777119752228,119.3916016027974,395.5238944372884,538.8609166357222,310.20298865200033
200.7905544256371,106.09984092845107,346.4938029900646,349.9686555895714,302.97911833609305
177.30194823889855,110.26982481275328,408.16491133136776,455.18637908493156,325.0539516890181
227.6554267318916,181.2872480908065,479.8935962944751,441.83070628367767,411.4958918821164
152.84315471270008,147.7001003351006,403.96083471754605,539.9513195827708,287.7791786385151
210.22122472384706,148.47428880263433,443.3679925124534,447.63984748842284,322.3022960296503
196.23522627319872,146.50713329314254,397.13850663666045,792.7837763224928,369.1110718116702
208.49415592334273,129.6428484198134,468.11398184539155,591.8126795769101,356.050417030276
170.46416374825435,154.21786873604267,398.54082809129983,779.0588924905896,298.34861434091664
210.2913117987519,140.39335547151666,463.4482238526626,468.59125003329115,366.5919944647362
256.02249687722247,136.3589128833914,413.6488931575723,563.5260021930928,389.3161454636438
266.16671265782566,111.57573486681326,411.83471188619353,403.6156918868153,415.57308164214203
213.41313933140398,149.82289234779384,446.19634783163735,552.5824411770526,358.2847685296593
189.99600337089018,167.66245633248295,469.0538849396137,367.16415315024227,426.92238704265617
190.03759519927965,119.86580131019525,372.05517230087185,386.04326141145583,372.3990472558409
182.92433380071583,138.31138893470467,418.44489205061967,503.23098489086505,373.392610669843
177.05419551702138,126.30598786683751,399.431272173254,359.3328645307667,380.82940890403967
212.85047622636458,156.38709507045277,428.09015265850445,634.0479576627301,361.15251879980923
216.2284405821925,153.3029941715634,467.444479625306,509.3960687101086,332.6951667629021
213.74942485789418,127.7242745570551,419.232110359311,477.6440302368153,327.7865828759251
197.3610918515086,130.88572469813377,426.03902465501494,567.9012816214067,377.1191497541332
197.2769318729269,147.24914693853339,425.689560372809,447.5252481158711,346.45653343153015
191.6835211914175,181.92824639061004,466.58552266778025,639.210407031016,283.11582270048484
177.15292715175704,139.33360090880512,465.17083425491666,556.576085395514,399.76974314707314
222.5703440002833,147.59926806247574,436.0793688925308,590.0835892730945,357.81349323692746
205.64154442817747,226.27590451695193,446.6628813508208,674.4162983115336,374.8047926060539
182.61072948973097,225.61792162776408,470.66086864905503,647.279539832453,393.0863125835481
192.4854991996923,104.16491491016504,463.32559483949046,503.2189337716057,369.0385275297543
187.94661778658255,121.37351833699626,384.99371034113415,548.9929683386548,317.803756965567
238.01271903791164,133.3318852986735,411.2348346015294,430.37635449145915,388.4257576700059
204.08614919426424,157.83612375467305,376.5926597903768,390.05775871575236,369.68386836932336
177.90507683229274,169.1669904280838,433.95529749796265,571.886122591624,282.10174580119445
212.7302236493638,122.80196634958617,366.5488228463663,330.40974990039103,337.2390599925274
240.9553806408549,140.3855819182533,477.29831131930973,567.5461603664986,398.25704166013674
206.37624069054985,112.65717779599332,488.5539263008677,560.5775145126403,399.1340654589658
250.2164544115512,192.18226866207897,493.3985636684922,699.788577631884,337.88045258121434
156.30229510512288,139.29029497555914,422.8647794468028,607.5333915311268,328.51160496176084
219.75413034011558,94.58889963972673,387.5422003470553,372.73985469095555,352.8297647237106
210.63588246719104,154.83295444575592,474.9829437418135,668.1840817914793,358.1082175995075
198.25721481283873,140.9024987895565,407.015076147951,485.9099482716313,266.71978833061024
219.5203420412162,163.71152518036803,443.2259532692318,610.8073491180345,331.500996194937
217.40416481110233,173.0715051977581,374.3199155910631,548.8902281215338,340.98328006229207
190.38137211515416,147.11043180075885,433.81221483566117,426.5737875836911,306.5121563647147
247.51452526370593,207.94936137673733,489.22166726888963,643.6255563750027,357.5619212936187
195.27960113445116,148.27959219401015,407.2488902006367,473.7896019328933,280.862024193063
213.31658150255987,196.30204135532227,486.58170173802205,714.3658372331531,313.37203888693324
197.9388122041686,106.45631683056456,395.69336555481493,353.8714035108149,307.8609984508408
250.7882071004805,141.79163321573918,429.54611352143473,639.4711624164233,377.411887964986
204.3688205396828,150.73622397295227,356.7067115265643,374.64684497073847,319.2306653708422
191.82225312848155,186.84685499762256,462.03887748857034,492.61419962057005,390.48809067529453
267.31896974004087,179.68686358735016,450.4686481217622,763.5632107337024,345.22796381994647
219.12645033357097,204.3460887686619,500.56681295367247,793.2877078995866,403.8029374699694
165.83038618938676,106.30964330296682,353.2243657060352,352.5607728768481,328.99645241491294
227.29450490223803,154.26407731676954,446.038112042511,412.84535366547084,362.38033947581647
171.34522784781342,109.83352800129268,338.22692464296694,711.4808222113298,311.48489769050383
225.14801500344194,112.0857762570434,432.4044289384309,344.6203038931026,356.7740629456052
178.16839137318115,199.36748263241722,415.87343889837115,761.0733845990767,394.11802390362334
184.7618700711082,211.271090832748,457.38042437270497,590.504857592311,336.24318050780397
189.0781576269392,156.1263782191186,365.2085582900682,394.8005578177851,320.57790586567637
