NVDA,PLTR,MSFT,STX,GOOGL
173.76600915396983,141.44294257724573,381.24276280546326,490.6121367475147,376.1881259738039
189.3889665965922,133.1845737095893,404.5947506917434,538.280787163679,365.7363501815977
179.6279344700463,154.31862156979065,404.30260080434084,676.606318139697,333.9073381977583
189.3137210643654,125.70764393079695,427.7204048714836,460.47299852812785,351.91957616227774
221.8167466479967,198.69944478588386,478.73830637619204,480.89634714875615,429.3178850832439
194.84794241151704,142.31148767855365,354.67114920493617,339.54579581092986,297.2458497708122
215.2514479794449,105.6415870663163,443.86954414970677,440.5930637398664,297.9169172105436
203.22258964629813,159.3263890525298,389.87900292621725,435.8582666161753,376.85144112483863
186.9654353334457,139.90542258199054,415.580257754619,457.40675193713736,308.3251857222446
223.67802109769417,123.68950253957819,437.84924624546676,530.9814490779478,405.4077896498839
189.36757969773632,112.10269456994752,337.9329559786547,496.4148475269319,267.3582478485917
205.2889196442889,160.73196684133706,413.64535423508755,487.20398409432363,382.1873346009302
152.58193017444967,145.11789625406766,390.5677049581355,588.5183237373977,352.52835033783606
197.18131339797318,139.46325653548314,415.96550321297286,395.6637504385052,403.578413403314
218.52986992473458,155.78134101977676,449.4975312854595,557.9975009061533,327.2920893125569
157.79790573180426,156.86964372453843,341.8711381516913,421.3742676170857,327.99841080532394
208.24617534281813,132.97418047084804,439.7257881994489,630.9672746551809,296.10441542732735
237.8113958738557,121.7043198577094,358.3543604287506,377.317680707112,342.13720723104035
190.93897418482416,111.20588495761433,398.64584760129713,391.4466032389658,287.0578568261516
236.6969843069175,135.65016067952993,428.96704921475316,444.58832242505775,323.0227302609277
196.50244108091175,142.15877599646677,488.02335353482715,458.6418966971115,371.6808125730438
211.36050144874952,110.43064900190556,421.7451713106647,499.39210006018044,339.4782441145463
209.20314634070928,158.9082068482133,398.281066537083,625.7561700543846,338.08570043612957
212.82335656821988,96.67042942833957,347.9684771089484,330.92957589925834,294.27277339572316
178.42655228088967,128.654387291176,405.646234884674,504.51624058719335,315.72291971260154
275.1699073419112,208.1565386387274,545.8927397938198,872.6183691465518,444.0655888225357
249.23065146348378,146.7664619729353,426.05947815140195,392.6069781932781,391.58677965629
192.63952989359802,159.20553258301024,446.7468607919569,674.1321363727903,298.6961719370503
195.14149133313825,136.82821084319585,431.35468482371436,469.60944730908085,284.3360609397122
210.70153111721706,133.69408868416954,475.5627637503445,634.8138127956396,321.8621839334465
207.17089485520512,113.17552865582795,347.9003855527994,569.4208568300867,365.60163562177405
193.86322601117723,132.15523860988506,442.9449182898182,623.9208792240861,361.6109607749248
212.77543727682908,187.287573954853,469.877475419678,508.87119972252304,369.88946577716706
219.12905718142625,186.65339199661454,418.8554735794731,439.41840512191357,280.86793279481026
262.2417413351565,171.59048561274366,485.06553236363743,565.4869793932725,377.36210934443346
250.8916009983135,216.30562977563457,501.92536835101026,697.9676884206098,374.4865402070101
181.4294622087792,119.46073645889489,355.9265020168524,525.2413923643716,369.2085291954591
206.9626594992879,184.51881738671398,471.4900969906008,870.5262819771378,313.33646658776036
157.29184709385837,166.04904621143712,353.335633770364,342.61598563507454,286.4164267807635
189.10594466524512,181.51417104747446,435.4498430046449,530.1378812961331,339.4951789975989
220.29317406552732,149.3555032434975,381.06132954220607,565.5419538143585,387.4744341286487
179.63438880802644,136.95936808594368,350.07150281442784,341.4233633444991,272.86775571038913
167.0078426895177,95.92202570167508,371.2239246113781,447.00233506322115,265.14752675662425
192.40840640228117,158.25379623523352,422.7817961406308,537.2393856177836,341.07170532204924
197.20266050660754,147.4039748180551,445.6811921510692,827.6902130362499,357.9165230353993
155.1010699288833,108.19294820301471,392.7103107257338,372.9202464359276,300.41580745767226
179.23142856349563,128.8566351948681,406.76111579215166,735.3282804645937,289.5625041791189
168.30020399645312,152.24476273763955,512.2895851432003,348.92660262047457,352.4253389044325
215.0223901116893,198.1355040612187,442.62309340239966,711.175368188039,400.644062283904
275.07658944840466,119.26322801438378,446.95139728070984,729.0943788021856,345.7736028548301
168.12055706765307,109.90662043867036,526.0454433060856,762.5333119804412,346.1605371042147
241.94803507396827,186.4530830162457,486.99863246148925,679.6612543914496,316.26489203610294
191.64668519699129,195.33712585384336,449.0954092627827,430.0683929777362,330.0702295903634
185.64673946241237,160.70884868890388,471.3928986448656,609.3074613611433,392.05677063732026
241.29850889974378,172.97690152258946,425.17105599488326,344.949515649809,332.12010008121
168.94524836808887,101.50095521302259,338.5795133674904,570.9512495219598,275.1668502785234
189.87791849818916,172.20307085672994,448.88348477208785,595.873594998472,351.8859029139205
197.86618355182003,147.70419025956647,464.9000679814039,573.2666011140116,316.19950054696034
193.97914995374205,137.02039312709084,442.69845209035776,568.8975201347366,331.0181716663217
184.63623337359527,187.76310846166615,453.5379500610218,586.4134971749894,324.4205484774947
226.18767370149982,179.500657123774,444.0849720296266,512.1325070849963,371.14647747573173
214.0385434590705,134.93021158641986,427.7464603518753,609.6649908213727,337.3751460479113
182.4217645756249,181.30514253928123,425.33619779772323,612.1685805213249,323.4114808711098
217.7316728466043,130.4095695267042,448.90676461637065,614.6666442970378,347.83923186008843
207.0189509986906,119.3243832511991,458.65490310656145,538.8897702441816,344.1397994996311
207.13971810191418,149.62859494591254,437.4707112461892,511.07009604233997,360.1062873629575
213.9229242164708,133.06919338944,454.0546921559285,559.0350047951123,360.7136843116361
203.1676187506877,121.0949995691611,414.1916294256809,479.5255895576126,329.1307808031571
177.76676116724053,159.67447430561504,381.8726575489867,621.0913048763722,323.91348980465744
222.2832796896391,173.66494122473003,420.0033989519746,477.56482905268126,334.54766395402874
225.77398524499017,156.92953219812046,511.42938507827955,616.3201843232221,352.6726827203945
192.572523632262,128.03118508813785,419.39725819091484,493.6311950018188,353.2114812942684
241.22015780956013,133.38581404922718,479.1490872551076,440.07421695755914,338.2671989002853
214.97548504689436,153.40885698382297,404.1542554617141,464.0293770143904,364.57967197467866
256.25401489761526,189.40770856616115,448.3498949720125,814.825704740705,350.765876760211
201.36836174943952,181.53597419435033,469.9875659556574,541.7093504437987,371.37304043694894
215.83537117419934,226.9008466201978,487.4103921755117,709.2007065506141,352.51496430617686
201.6054435329872,124.47797469792927,437.8579152626482,680.8588933365613,340.18903227345095
192.29645111938433,121.07462994631068,412.1693791326562,456.49404961655557,358.50184444536575
154.0543142027772,120.02422617666122,397.26937521753234,387.68358541141225,314.98693874395593
230.59187986199387,142.65305413948943,409.7409716065123,436.5790636341946,356.0555283312387
187.8949761715126,143.08439257180132,413.9107274269622,547.9069664209571,333.48856763364864
219.14639503797983,175.20054891957352,480.14778633183437,432.21029230217937,336.79598296272786
187.50872746478396,127.50818028420686,392.33704759282443,595.3407091608352,368.8125416302362
159.09170074428835,131.85012021434122,397.0874254258443,358.43674872615844,288.283831389846
237.895073914191,158.44720073684988,451.0718575483132,753.8217931583553,358.2413328848859
211.2802514337006,139.44754793646888,428.23556305389155,754.5078881686026,373.2653235437538
185.4993462556118,169.10560524940269,446.55618303644536,632.5464536980968,302.6934954746449
240.01723897415124,145.79398178300178,423.1851673218106,526.7972382786625,376.63634148176754
202.01255576259905,160.46258852222897,431.69404524559286,546.8206320549541,322.1624088487033
192.72808935700655,151.99816673242688,357.35450860245555,349.7991754019879,345.83363307030544
220.79559793195847,215.15798371174463,454.7328367208153,829.2934095590688,344.9961343837275
249.31380726512785,161.4208666315391,507.8579360152053,575.2123042864021,325.00503426302697
164.77018767996114,136.41688040767175,413.97853732086554,575.7890308691124,294.1362757510187
238.93217354494786,111.4774920823716,384.5324344522401,524.8802353651811,327.20598448829065
248.3897235549889,163.2086519582815,421.55311651207535,597.7995767832481,289.93709526376347
180.0599208963189,142.69588500122637,373.83881686330204,402.9780663348285,282.9845165966474
242.25562644832914,174.5787931217702,446.1623716507712,631.5788731640516,345.408610644367
190.5144944171864,153.33841285721428,541.2036554032072,376.20404481113997,348.76054637047736
268.0460831740829,156.84945729532527,416.04603821690574,660.9795293793894,351.99612900673475
186.93449472946355,169.20123021559658,394.20479637316583,374.64056006265656,343.30684908931653
171.49687471284318,158.53989227487548,400.1310918889526,451.63503486718815,332.1993661698674
188.66424096262293,119.38971810215185,339.9933262057604,402.1454942749944,359.61574869114804
197.61458380802165,165.44870285911054,420.9724475120258,368.0594903621181,376.8223659179844
204.1391569771835,138.8255663018014,434.57551789575655,369.5163946660789,389.05899770593953
190.86233288432365,206.50215816248465,426.95795887844866,562.3211955300677,364.3465334224918
187.51371862929355,190.09777377751658,505.8380321701788,818.2774431863783,435.2403569543763
229.2731268251399,139.65389786500486,387.7595377200516,717.2939881045563,379.4462231320769
164.41653244882346,133.49249871684347,340.2571097947282,399.75518401087135,317.36621922413156
239.3236338754863,162.01337322334078,498.62748628204446,729.3997794444341,338.2916148166417
217.84072347078882,195.78609840502955,466.29010568814425,545.7501680735952,425.30758611620456
217.08842999827786,144.65157047763242,433.01313032934166,697.5754849556492,350.1831656096142
205.53975375778376,169.458846670287,473.3093508208741,540.3405352865198,324.8312027154503
240.42542941527304,137.7944384642117,394.2044582782194,620.7552341304322,356.85419584346045
221.23320887019275,118.7535732061296,363.4736248062698,522.9685952400263,267.8216564804495
223.56911143365747,161.8130049958038,453.28916131061493,730.0412144266247,362.4135962347684
187.66687467643766,112.82755344809911,409.6803353796881,404.7309004690883,287.9884847175539
152.49885583326218,137.81654921898956,359.5902294919628,508.00910416269346,266.85581821463774
185.8507452677263,144.45866727316238,430.64333121119694,626.5674457343466,310.05739245984927
238.43824985202187,191.76050012460342,535.6906543789526,728.7630671246533,358.20481299135855
233.0531880664499,161.91152272259663,415.4039588971241,576.0599039066648,371.93921932713323
148.6262952577109,102.92838557431784,361.82579066537966,499.5836368748389,283.9877018403429
224.53879840373085,146.98872773153772,427.6549841705948,439.2570373870169,324.3741403176026
259.1381655534575,181.83891304497243,415.16425235230673,520.2260593964447,372.78867044216315
177.28835939308985,158.03700628216302,434.84202293230715,630.8514398740845,366.4698575144922
241.05352878040648,106.57544549423909,405.030784180691,702.5006086239255,354.45899055275487
167.99674626984415,161.82463440075352,399.2505649487241,575.1685674383955,318.7007105771153
192.1852894041776,145.67553894463933,425.554966083645,582.1925924458573,375.19103475037923
190.14368586973552,172.39903494042946,447.1119009007157,764.9765200207621,293.20316988727797
166.73251856810572,133.50825942812182,469.81789046167086,767.2657085309556,434.6839609793191
197.9944598649559,142.35704980836496,359.8057704117576,628.2875130875393,299.4758021290195
230.1853929103028,157.86671515583552,503.7294952265366,785.6270891592128,319.93940368318493
189.07366937204742,147.29012954588922,366.3881812714342,534.8791568944565,328.38073416189343
161.67790296468021,138.8875994978846,333.709018118378,609.1400866321092,267.267324950334
218.153582602839,127.16610451982564,402.3512403256603,658.0025431037452,340.4842463389616
178.99851319647027,119.5695647779217,382.7087901842113,642.6370224732054,377.67422798061864
193.0893449243223,117.23113465545686,411.7251309249192,577.148783679631,364.5663230404547
202.80023772037265,144.281803985835,493.69940166334965,417.9695868300662,347.9943665090404
242.69812057513525,159.3199927596125,412.81193540206766,772.1715927551114,348.764432995677
226.68172336020268,181.18208469754885,461.34678078388896,607.4183532354426,343.17400965870934
185.92390086573982,96.6453252085446,338.76968184729975,348.1701093520188,280.04985902049674
190.46308867083198,111.34724696143994,440.01549778124786,519.3356231633963,322.45786787309635
209.98028029950913,135.87177342878144,462.2061250504634,751.5638846189171,333.8543788342844
199.20744076693953,98.97953649791488,345.26189614627543,386.5159572817842,370.7287106453495
231.31649562297503,206.93064252610668,420.7048433316524,686.3384219566619,362.8737730662928
193.73651335729147,115.5207334456119,416.67560370288817,478.0196968591462,419.90581339829157
159.05848777474515,142.92271637144339,469.59572657942863,589.152046574844,328.69967145915297
208.58966027671016,171.208794486093,506.45538064281345,763.0596545990339,346.9067082547102
201.54680291697173,166.92398594677334,351.40019264323706,378.0858072081534,331.55128035999013
166.80928853155132,163.50893146278042,477.76614370116624,378.2603998478779,337.25735123577755
217.02544314957603,157.42371813281213,437.57777683149254,556.2631254101831,351.56527067023114
166.05038297647343,138.2261223644875,443.4392332738935,387.84483523642587,329.8905639361533
235.07327039910024,184.27038945861463,510.022085876515,847.2636258308594,362.61160849320527
260.00473713483416,147.00862024013577,458.00465109383754,624.9120337919412,355.1293965477781
202.83547400877717,173.95161132798543,463.20101383571046,743.004603174211,321.1914381395438
213.5245349444055,135.6893294181342,433.92635767359076,692.2187982706314,311.2161748789459
190.38167932965283,152.4637296409271,508.6710533813342,525.9757688692063,434.86910259192956
213.96838338466213,192.98202097627788,523.5224099246514,621.824101990417,413.4622368302836
158.1770035491946,161.49277187441518,431.40632990338173,682.691812094007,288.63315810509226
228.08920123467198,104.30891986357827,453.917817701179,467.69893919975925,298.15709330854554
201.8440614145137,147.55093688110276,429.64264017509896,389.03607949492454,344.99979504286677
158.85754138307354,151.25947543501812,332.73873661518,383.26225760897637,273.99307815286386
189.51511650266784,163.8473969679745,379.4387830757168,553.9035826493595,357.63310716488087
170.59532003791838,157.95757014437456,408.0490297786532,614.7014493978564,270.5616415087839
219.47929842019576,162.10121931516278,392.3333127032502,394.79155141837015,407.7671087775145
247.83348029150739,185.41038912863957,378.42700764376735,393.4779541648995,393.17138045446063
192.70640813787375,122.22255865700491,470.67634732627494,424.77528325403426,341.72315020369524
228.15479139210382,141.2629955101432,416.5744119991752,567.1345201712884,377.4292847732592
216.4470309217338,157.1181559270601,417.42728966131654,677.962016584611,287.3193850690964
180.04624982252682,161.4222605892224,405.14233861352113,648.6520405073684,333.27847843078496
204.084018028687,143.13197756663365,403.927222981984,563.3018210774237,322.4030630533597
225.21944964635313,160.51546915357994,436.1366365709345,575.2872805652925,317.18088126891644
223.94441791411467,165.5168331465789,519.8632338464305,557.975246979439,316.9444527361499
203.36734783294827,133.1336188515204,449.81798832373306,554.6427446463915,345.38079771816047
273.0737343688278,182.43012939401368,518.904814028276,855.9151341856318,438.6558857427137
215.93124717832225,121.67359106173993,409.82923662803455,486.8115441399015,315.1288591700394
260.0593820773291,151.8398320556402,433.86567239965774,503.4634891064605,343.0234018975393
197.32683813987617,129.5647709081048,407.39182578779173,441.63688052089907,363.52683163178455
244.51558795063374,198.7757433016372,390.34850496921365,602.8074125803076,371.2691983303768
210.6620882576856,112.38248859735101,346.39745768547465,524.9446859906649,404.9427072013723
211.73707389977233,120.44350366704845,379.8593437198075,540.6707829536366,364.69087882812113
183.03248253850134,126.7906388959832,436.688076446384,551.9782366394309,340.8998716251774
196.41502434799335,167.17655845949253,466.40280880046737,451.318115723185,397.9944716837481
174.88486473268233,102.59339310158583,328.7233888646744,330.83263834211937,343.179416713445
191.50500948813584,135.97323482955645,413.15310835011553,624.6336920941411,368.55424897805244
273.72739923012074,95.13547625972211,333.63115340892153,363.16938357010054,440.0963096271487
223.94149251222154,192.15250484388395,516.7625188509669,657.2146435987152,348.9738257613244
185.2746172742752,140.64961720263008,401.92875948570764,422.80393437738877,309.2771232567991
233.41864680961123,146.52124033146453,441.3411781343246,500.23912774852187,332.55489736253037
216.48393871348455,149.34654813943217,414.2893381624424,564.4776892571126,349.17711272335697
191.85385645382118,108.43343768961248,427.81453541069783,350.39398560173953,290.7174472805891
228.5450005838494,134.50892401913595,395.4421899842114,481.2243923145085,388.09111923017593
250.26786299193324,172.23396939902713,379.99732428464625,727.5615687703419,388.03030959183394
173.8428460903435,164.40196922084203,476.2663846009619,765.9686019873825,377.6886932958861
204.235221677751,134.6819182142907,395.0206140170535,693.8480399848847,352.00035030679834
209.62973291763365,201.61213318676775,443.5815126724669,580.5798861870252,322.10145079694973
195.80502557411742,141.48574165441684,502.7829508342591,481.1683821268261,366.77419913486864
203.47843558002822,159.5936019542568,388.029848703609,372.24519050216895,276.5671143224569
171.5173147082723,176.21464600679408,422.88038428799723,758.0183431732881,286.03685320470163
159.13387082632704,104.18755035442952,443.9950332307592,330.9280443368955,285.1603071884776
185.92634838770445,141.86101386699403,397.84234597085526,360.08055544459427,396.62926808785255
261.05437019938506,97.98891777422126,388.028074717561,478.40430871637494,376.2538235016642
224.7769497558011,175.07244410073804,443.09893399033865,567.340269146569,369.8534896001569
202.19478279225459,114.81159078867137,371.8706814589824,397.71729220825887,287.51383533929373
229.92922344510583,163.58412018614504,445.9995459144379,724.4430359844747,374.65529679607454
189.20776686290634,114.51747922918706,338.0576477163763,330.58605671103925,288.4127213329971
232.31590442301757,142.14096621192235,461.0638862845875,821.8414151838102,395.43354043968696
203.92787875433413,156.3480934950413,466.45008877489744,710.5462076230119,351.68220653092544
218.04394786162274,140.0296388768884,514.2214308672699,532.0852946587926,413.59782521943055
252.34589188454882,152.01532006766948,504.49542245793606,869.6521042274605,338.2181142207173
232.1361338501491,143.61166725148655,494.8735169347665,642.0105340245336,381.71419815398605
204.92123145070153,171.68899888695444,424.7404642677241,540.1591084355998,417.38951075793824
201.45177231156237,187.14183383332082,523.8492424311049,578.8915642117644,347.24773901061184
243.56403852059822,160.4064151727093,531.7482560693496,629.5382756416687,379.18343158753135
199.52442532664065,164.3294204253376,454.69357652583705,468.67730407271097,350.0462902831117
190.919825944373,200.77152213542067,403.2796009244079,498.6984812392483,328.72603573095023
205.57454039525388,161.3349346558222,422.6515272928641,648.330795266015,271.057014694073
211.7506285286214,151.1635846193081,451.1493191787996,449.0515311803076,402.08685854773864
261.96651303197,117.09805972027887,533.8208929528628,664.9872699068181,381.4699210734401
214.7500025239318,120.56166525516998,426.34721740719635,506.6773794950172,354.55053181251475
186.77290931724838,164.28417280908053,387.34066799964427,381.44173809630263,305.7882875121673
195.5510772006966,162.24746257141462,444.96556614099933,528.0166728008593,318.8717007589318
226.21185581987407,151.400859958771,400.98479095729635,701.4716260791614,355.57714606561825
185.15209960329844,176.5813702994363,389.78039238838977,427.2790538776447,360.5825663510936
197.17112804963514,113.70885634446994,407.02896794360186,482.81071184148203,313.6911281287425
207.57396936801626,178.99775095165464,452.61974347442583,781.4343041333922,278.0963542627637
239.70686603424403,164.84881535310805,470.4173532777416,636.1107930990612,385.0724177667511
206.09295395119008,178.1712785734414,385.8153631980811,405.4540206501076,364.72474418097755
199.1092174124369,138.44890408017568,417.8671551199866,503.63272871659575,335.1773400726548
192.68059541780787,206.9115356891392,437.20817279128397,561.2851528696626,421.36434173287114
225.69314553526806,138.91785135932668,398.01735251268764,727.8512671664073,382.3335715341347
198.36598819795054,157.1543700881248,455.16685736060685,573.2844973102792,301.2508161081504
200.16696976607972,149.58331606606356,435.7728316832719,662.1743681031564,348.02531667071355
204.93590130931446,159.29870229414126,407.531146798517,577.5793641029317,389.93625246894396
188.63108787152296,183.26732632340955,442.3220368985498,591.0955130345504,340.9223029254985
206.8155146260785,138.19358075773215,429.48910674934245,494.7514466106298,331.46443630889183
180.001769787837,148.23899043803684,407.4364134922272,680.7314029522852,307.6821677522466
206.2017280048441,164.31732135613714,473.1007158408973,679.2300996656973,318.3424832688047
256.07482943752564,121.34222189349417,403.0868217841531,637.2309419760686,391.2459878301251
192.11496142115828,115.64761053745906,371.71722401695075,591.3412345534865,282.877464600268
189.2847943995099,113.38994424725458,360.71323768050127,348.99927323774585,351.11294571962645
208.26371632814957,135.6659060792204,330.27721972888503,469.08009911267146,347.877801299599
216.64930056685438,161.04627082314923,429.9964677726874,542.8368187038575,375.5290207029813
258.19257658552146,159.43296607014275,503.8644863893783,711.4134416718875,384.34960757031416
186.22201769015655,150.59827140181272,373.8369391941564,466.5121685916519,315.3578686015129
180.41194703058582,108.78416056399247,443.08085346000024,328.94921518690523,325.4218975112761
210.47962327566137,171.30555226443087,522.5222350905487,441.0299454231122,347.35395377238035
254.5433552997505,110.79970538506872,443.71085580766953,553.6994295623437,369.83107650348944
220.0661410572034,129.41147240059476,415.54931234125064,513.2204608783703,354.7082505909884
227.2519485776997,161.4436864383479,482.30560120567543,643.0674797030942,351.13596013247053
184.7250268693852,155.7650440747849,407.28804935996976,689.3715707036725,335.14540662004487
207.28480859850634,164.86383505282998,488.1163095489462,839.624299917341,372.79736686358774
185.84721028496855,100.6964409005271,401.72136419283527,344.3804455789373,330.64747559026114
183.9982062578052,140.24059749053,391.7517310003995,466.4823527604978,314.2047205283001
160.79967522211834,175.8930985095339,455.5341537050135,522.0467358098733,360.01738828661973
164.18605219538435,101.63367673272573,402.3535824908058,380.8615038027859,321.0391290136003
212.2537068446603,107.22350765646833,403.28203789848186,420.10457470127983,373.4475497321204
232.79549909363703,175.4695922284478,386.59676914152095,539.7356976212532,295.26252042596934
213.27429586182333,164.91398661525557,424.1951735319367,558.462355879979,390.1013680735327
237.53372154027053,198.7965519323072,451.4884403845957,780.6011868135539,304.1518004888739
214.97870333767366,132.50239504118315,440.2295351689818,474.61520822401724,339.71022119016885
236.69990441549876,132.86782894109393,426.67683014933795,753.2475943880358,423.73300319164355
210.54634149477474,111.71861965873919,362.3611291246781,547.8878451047889,331.52290937484184
255.08247095306768,130.8166021461847,468.6409698417523,680.4793733561619,326.85347116372265
161.5423816127249,148.12506629386596,392.26070818259393,433.46568503879564,331.7034474393313
167.48056260654607,178.32651302957163,482.8485544923692,706.7519485348994,366.0791160891814
207.67092352097424,150.8858088223376,365.8968363572543,346.6330923762137,356.27542766367077
212.03595518870148,160.72752052000376,423.26252054224875,504.2098943432233,358.7295114758924
186.61043470389123,137.63480900968653,424.35877099779907,509.6051236925147,350.63571483129107
161.7386909668062,109.31754906151505,344.90139032747817,483.26783973913604,280.1906300139251
224.9927214202886,163.26697935196523,391.0868911258047,492.7799193417599,314.3903071823033
192.87471061075445,195.0911033833097,412.8313835015733,662.9966739091963,357.50643670485147
226.60672707334047,165.6065056015716,394.00940393010245,552.7878563431227,339.2761278507647
240.40129634228185,140.38486661472467,514.0091133409729,348.08606180229947,398.21601586468023
184.06807105603687,105.67129793713231,454.19557894687426,500.2351012915614,381.78948220028246
197.93094211936736,211.23906998130747,406.954571103052,647.7825833360071,358.24760469177335
232.32999948238762,204.42110243531184,488.0904086651335,688.9060029048331,359.5615489940509
237.75905320289283,157.266861951203,445.25850883128953,654.0800364339103,354.8644949499018
247.4093691792965,143.47587287023572,438.943400333589,509.9950758479442,424.0889879573989
232.86213429861513,145.8969962577908,405.44564437818445,418.12212207949125,378.36472775573645
197.7565235130192,145.60760854078794,400.7345936179827,415.9941189507114,350.50591469246217
258.42015741873377,176.39226656174912,519.8052751287712,865.270922635419,399.18945964716886
210.84158978528694,170.87198477815338,430.4500643591808,689.5951229364523,365.3792056855533
182.64275333057822,167.86867633906604,479.72111884224717,542.3889619685532,330.26632990359985
192.12962039243988,112.99335206032627,397.6385900810045,585.0981391424004,331.26907711908353
185.32731420571997,146.8247153981096,431.37213534686504,446.4808005930004,358.3002670552194
239.30673206546132,184.82519627488338,482.0406161411082,664.3550980478202,324.9467448479331
203.36599892823668,118.99911671969708,421.3692465038244,484.9903045134139,340.41673140490445
212.18742304882622,143.1395017419417,395.5844008231737,587.5716065220148,342.62492777515854
214.94167991125482,182.57810117270589,504.7252583746671,677.0787642584802,379.68741786292634
179.01482718855243,139.78137208827906,436.4585577256031,600.8694202486344,325.70849262285435
211.30869442624814,127.14087128058374,456.4223909589258,392.4802209958401,334.50014915257003
206.14838339099904,141.67458302249526,471.4555270824984,606.3029865538196,328.0738010306118
186.1781899681663,172.40199373364428,485.70167953302894,682.9243951321374,388.8202370895396
187.73087285928779,154.3341892126668,457.94661267459617,596.8438061349625,346.2357850916173
203.51403249261443,145.60062959490338,446.61692738510794,356.7360874232689,266.26467671448523
192.38458371884735,158.18166050850581,412.61693710917814,765.592257173766,380.4724034793279
196.5198646351837,132.3533779799948,480.1011670141492,632.0416328931238,398.1808775285964
211.60678498464685,120.43524943524734,466.21406278658634,548.8868530509636,323.0609422470994
188.5905461524391,120.9221324146487,448.9293036315957,618.0589492218535,382.6853357011375
212.5773662477488,101.21634804834855,457.76016035800427,627.5310013045005,294.603353671374
226.85816352491088,144.0933928271301,448.2617054500685,553.443096626647,357.7193267706706
235.17603308584995,125.4284292764848,403.0303041873825,392.1254833216626,328.74394738123215
245.488442888108,143.48357057632873,453.35477772688154,649.823733396661,362.87928115413325
183.6831123343053,158.24417680397508,432.628274550394,452.34409679653373,376.87498510515337
226.7976231254469,134.21769941923517,403.56746950338436,478.46670511696436,412.470576213192
186.45047221378238,106.94203167761158,352.93571055211646,475.04581891320487,309.90583098174676
204.2720521958051,194.03338184557248,454.7180687546038,354.9550401229807,387.5184985609742
189.9549500341922,130.3738386836516,400.3624049235823,393.38809437529096,391.44379601719913
244.4650951603807,167.89778958405327,528.2762216404066,697.4796851421538,373.31839748160525
194.08686733100276,135.78731789833668,378.56859956873404,574.4582492877954,336.133933275796
191.7474901683693,147.98020669589343,448.2692899745714,556.0434102763331,388.9551391809966
201.95920270192383,118.44320766253124,370.5816293589599,415.7575164098725,308.8021999749479
226.98320948804812,142.92918531687164,432.11740334602086,402.127424843042,360.82392317822655
190.18967182301154,110.75022690163183,379.34402089158493,387.6686321440888,332.77923735297924
217.17200192566452,118.49987448313996,415.640955402922,560.1281298557398,414.27984743563553
200.12486695950997,163.98230911181253,364.59496915451325,598.1149866561326,341.39924494553253
234.63993807346267,141.90738687359843,409.4468150352629,482.8435049312808,390.78881258368546
240.04598712870012,121.71869959911697,478.35354698085933,673.6738655651613,408.0983023093895
221.30613586183014,177.45915107412304,459.41677590216193,389.04117299174055,359.78466487078504
209.09859867838935,102.37304600198983,478.06878882171014,530.0410753571288,381.66673903895685
148.41739775604148,98.35285751122528,425.34432168924195,396.23102567364174,301.9253193087209
186.97491160955047,120.69076539374447,402.7948191274687,551.4995920311235,371.42145038476144
181.56525486587645,111.9659314372722,403.407006973934,453.4119749867901,344.01685410590034
154.32682994243856,179.92064048327217,383.20125732112564,395.0271492559505,305.9479793614558
167.22079743439238,128.5534483882193,464.741272646624,588.0836385596738,307.63138415054226
173.5694269896713,113.34166588576072,409.92726534241814,500.02169319604803,370.41942785016477
225.0894000411247,168.0842913658102,449.4707288622707,615.8617862347897,376.05093522506365
211.06920900941216,140.85159221302987,427.2571843119094,484.8211752877546,349.95833757495416
179.80466046114293,143.52564646034054,425.3405545630675,785.5250240034544,282.15953253442694
159.4389712749874,128.02885790961713,412.0021445652288,386.78251397109295,271.10494189862936
228.92486659080168,121.86646540884497,404.1974859332517,769.4754519402268,355.4854754685488
187.27717543502095,190.85176099585246,443.64939177020386,547.2930633555343,322.21017271812605
170.50982376099566,100.84750738339116,349.2783678862603,355.14620522424764,291.2780994945457
251.2405900376953,169.7070148236107,499.19146052935383,697.6438685597053,319.8579722819752
207.68611028825597,166.51331708944704,456.31559694605653,619.6438809510544,352.86601142812805
206.25919066981356,159.33176600843586,445.8388422765306,635.6195050249896,362.2065784371423
211.26841399415682,151.6360287534798,453.83870265025575,593.532301750931,343.3513929341634
246.67115270922585,156.99457652694142,395.608761839128,550.5753534088392,412.45623989488405
213.24866020112512,135.10291147292705,429.33592471325323,545.5975920352514,389.70645648547264
180.82278413643627,94.94340072844884,391.7852311096823,370.91395745676016,316.1428143877926
207.21896079526127,133.86985391588775,441.35508746687935,379.3705501544657,392.463079977287
182.68406408763624,160.16619538324014,393.1224500825954,738.8900561233802,302.6533132124894
212.81031986535234,179.07031157345054,445.3313124609904,512.0760618484592,344.98648425436926
178.5871590200496,136.57778128554472,439.1256390795184,355.0284937229385,333.0148047606761
187.14174480559882,148.81072950694974,358.7043459927708,493.0828100462511,359.4417706876821
148.61399666128398,147.948967098688,363.70512648812706,338.9581818003248,359.99429951277796
203.0746632185552,124.81356637513532,416.97541067262677,531.3324007892453,310.00511275833446
211.37473058413943,126.40579538633632,437.7728837290941,419.4157923533104,339.33477183086603
206.59655792592636,136.48936653111778,486.7804364772583,348.52120465070317,292.59268819795335
203.0915447632954,126.55130338373884,415.3634626995924,423.92343117478225,291.59902764063804
217.75822581648086,111.01799080690121,410.48877404597164,442.44434772432516,386.2459847895412
228.6922535595269,121.11188378518943,479.5288201730569,594.0434432582914,370.3223465172636
184.23096077476177,134.78133375629764,433.4016765565348,583.2566018402258,340.1521587103881
183.33148161049843,155.50401502824337,417.46809728133087,506.6491040099611,350.4696123157859
208.87237819521712,184.24615348506964,519.2465515586285,568.1489904241689,365.771062222218
245.83356946861088,144.91387185608613,378.11317549131707,467.62136623454074,358.7094795853716
169.22596184650672,197.2763934634727,378.0308350551263,569.5010850583694,323.7983669243446
178.49135316550934,215.53073285747965,432.6779759505459,348.3468535363576,274.71387615010235
170.94919334086714,210.26223923354715,477.81339009796636,601.7802704777873,416.05942022981185
156.43306082213513,100.560766303865,442.95923228977773,434.30914418376125,270.19290809184406
174.15428717120474,109.7236219481814,371.1067360049675,472.35311810911753,269.66833034469744
171.9667044580031,119.75700342590565,332.2319984075653,395.50427914340867,298.09506877148846
229.87333775686457,159.14162272911585,412.63232713579583,483.83028585160235,320.20729389033175
258.35576933747967,144.07913934188068,346.32610544017774,535.0541010577314,328.8224572619086
217.50340905884136,183.62888912179486,500.0958686360443,636.8645256852254,373.347397429468
155.78944448217186,124.49574071919676,348.6399275464277,342.96544661774703,301.851825554223
180.78931486119467,150.6151757739956,398.38105210858436,620.5764432915952,337.7654376592038
192.3797913094596,181.2638671290676,432.63295545385483,622.0769595658096,307.2571858168642
194.61285879763523,148.12601914635084,454.71797776457015,687.3425487104433,321.27111286261385
221.37848784394313,169.99657455682873,488.37566508518614,548.452224310691,341.5757821244859
208.7857698000267,122.20244989018595,465.53098960399194,383.07485455855095,323.3938004648663
207.37244004524206,112.17399831627874,380.8584570316345,521.9401868656007,346.4862711136248
242.1551459766003,181.2752930247254,413.7764660275937,502.08397822268086,390.8213656695803
177.222652756241,118.61212548304296,427.37173566717735,531.5856041851798,315.8144325213974
208.61011735496857,134.5946749001709,390.4692286787091,366.3448750122584,285.96314690552714
211.85468435043222,103.11711281287323,405.4960475729069,346.8129902462358,391.87300253873815
165.79515290601222,133.20545873905846,373.2632365034986,402.7974289662266,336.2999181239876
168.8996089722254,122.71244193402308,390.3431635467123,525.1367939009907,330.93252886120666
241.7678702542986,141.4392542825727,455.038893212074,567.9743231364469,298.29704901008967
194.69334710597875,178.45904005762998,454.7077432820648,570.5586588247068,371.3512551041531
231.57863028010482,173.083451958522,488.9846101408271,642.0061306985651,347.95654003780874
215.93565518035138,158.76521491077074,413.8781122993324,482.17677716091015,320.4908419119179
238.0624208777337,153.00517253312697,370.56934441839627,561.3397015807979,348.49852801295015
159.23108415525365,216.79966672278346,328.2164624108198,581.4119295655453,364.2701583715246
204.73884226096976,129.69836540213083,413.4277913610558,463.3837820585048,333.22484847728805
222.48162435840288,142.60766957533113,358.16269420044335,442.0282911188545,332.810032037229
168.546887286545,132.91470542119754,413.6331251838533,638.9723462429781,381.0305414217583
231.8764094310245,130.74656710977,420.7983559829188,500.5306316373963,349.02989790647746
206.51808477578967,188.72485220501417,445.5694516843593,585.2332311025034,390.3812015542485
173.39190597225283,133.64751769989434,457.6336405602497,687.8923238289584,337.8831220079408
186.83054846949472,128.30020924884352,338.04440103863766,684.5285136601578,282.45182846012034
177.1032350918387,150.0868301175041,433.99425523459666,422.54905572577184,278.7827107870282
210.53671305090145,96.92802820054897,375.94130140639834,365.59675260870745,286.9714752621932
175.73676441115836,164.97353788723143,418.42347720038174,333.5633974780967,340.47584994473726
195.90606129877398,116.888115630349,374.18032298261636,555.8559350595714,295.27640769957844
239.54152597019862,167.38822502739217,360.049298080824,396.43822357180267,318.6724276799888
219.0482342253827,142.02251121976687,397.9879842746668,528.4646982207618,422.2443827179789
169.01278189031663,133.62774664888792,488.0134917025265,614.533149367711,369.36953523835587
175.33257827729676,141.15708796463588,448.75067110123405,367.93949304925735,343.67374019896636
227.4740042258927,118.15178505793932,353.37645180511333,358.0558901615167,380.9035775115903
179.21726273747169,150.2943488150596,375.05438992313464,378.8449429763522,375.7998362990664
197.68616134102172,128.0507656907723,455.66758792388435,444.8119112793617,341.0846533441239
258.58858600414715,127.11167197176273,545.9762543072142,875.1365075063667,276.57573813107757
191.42927484261054,114.40603654755873,398.8747667544408,473.077160572195,277.27540318712397
204.0008943430884,153.75911934723464,391.630501722137,398.59789055999806,316.81363174342596
199.5832348910117,157.35005957303719,446.9328856967226,458.8641470514841,364.28397070895505
200.78253711425197,173.1458943557501,352.08214053830795,455.4394418169508,286.17057731513887
217.25358038198,171.70782752933633,443.2932055601168,522.2837874685188,358.6791377838192
193.59217666567756,136.03987203388735,424.2974835677,480.15587394780033,311.63099521490165
263.19219650562485,168.34726635967814,479.8929272499416,771.1661239893231,373.8896039272737
212.56730378072737,106.55278621641774,408.6555538305634,369.3300506887677,316.224618355011
214.2715006973922,195.7559418962491,481.47927461109543,666.8191709059477,325.1618847450934
244.05672083418628,161.79515657005916,387.75131382161726,524.4754528619811,372.0648858560709
195.02573560984496,136.08675717790442,449.11535722072045,566.4740888507298,309.9396107518157
255.6264913217003,150.50693205148926,475.64025744999043,484.47919238497275,340.641737501345
208.74202685433175,169.84473442930098,433.22222587071775,843.3842586212302,404.99674461034175
181.88273355099847,129.86208899237292,347.6448594930471,610.1036350263381,324.45096889457324
217.09631233804808,135.03086964522277,420.6319810917702,394.51573495209175,276.7759518722227
207.69037678829233,127.61006631986969,348.8617449076109,434.69121972917424,341.8060216021177
204.4318785946604,140.04197886949635,426.45716091257,625.3323810016691,369.51244859655594
252.8516740250262,181.7431212838106,524.7007284325116,815.2773836602523,386.4201509390687
218.45640641063707,135.40805622204556,418.64906609922775,350.82953928292665,350.35265575151993
187.41658331781565,122.92897146475221,434.11577690226045,428.74276583863974,321.356640121313
226.47634138617337,188.47329792037218,473.2118179889769,596.4636008972578,364.8729033093174
220.40268956368342,171.39810103818292,482.5011394110051,737.9585501494304,382.44606305335344
180.0250649522639,171.63923082437645,501.2043028879531,619.1502428479492,285.0226874357479
196.05972872443326,143.94054315805047,437.96980838037314,752.3454132913324,432.13029548877864
181.45103647541399,175.66417166752328,355.3186437902982,471.66265808868377,311.7772611949045
242.63730688147936,156.84204730936813,531.759105932889,641.4233596364176,403.8181104662739
179.24487576037765,164.98661980716858,398.54589184079157,375.6765145512063,333.1471138575884
204.79381970111595,141.88952483651445,419.58194580505295,696.7194422592875,372.4486955776477
187.17873478693193,170.22721207938324,474.6894323654961,598.773581261454,351.7280445819067
224.54915381319464,139.28174465759153,471.4490582138356,581.1091109487269,340.33422180779417
208.8191959394177,144.28903094497232,400.6759065696039,498.6055147903009,303.4513257495921
163.2428829049277,181.71889546819764,405.78888858160036,408.35992940983584,348.1566857177446
269.83835840536,169.74887878698686,472.28495287119824,868.9002932233135,439.69310369963404
229.94657480764826,153.41355888320436,453.6177173424738,815.3488539331921,396.17662175006313
211.58662100941478,130.4863540829264,396.84826683806966,665.8618120590766,303.61210447532926
216.6660956275519,141.01210074866302,350.2619165528334,517.8686921935222,349.5104401006531
225.26639498235807,163.72227300928225,432.0676651008944,627.3500560260311,325.3051450166318
186.6070937937506,117.5735055376387,398.84907654473056,464.5878296697005,381.88637905837606
199.90414369690498,145.7073562411518,423.1454288982232,572.7079746350405,322.92632783879714
197.66974976227718,140.1143213431863,421.84919119690636,600.1301346482917,372.8700749258905
184.110028751455,139.81307895547275,390.64377072310805,363.38645581700524,310.3235867912041
208.32588158954383,150.64050438627555,439.7935734736606,659.556136766165,386.4156069551369
245.8490331087954,155.60758705378305,449.2997349471342,391.52770006045347,398.78454836946327
223.95827537387243,158.40029548040974,459.1716509935159,585.1433361482194,395.2279660550342
240.96717834172878,212.32993185868577,493.2304460214402,609.8181957931268,388.2268767570092
259.9784123656976,171.01309456398528,521.2542274645397,702.8776363870313,286.8398558791568
179.32904543028798,142.62907496475168,383.59163969179815,530.1188561100216,346.66319512350645
252.99098577394713,133.35311037551386,435.97683125277837,553.6445338027528,356.07920373895115
161.67322427649063,130.8304469970514,376.6083472842184,373.5370555373851,332.5147750326043
220.20331914255985,130.09848880176827,371.08214760595456,668.4630489162794,306.9448328184579
220.55606339568178,121.76801392633672,505.9873939383858,745.2371277473765,359.6524220399335
238.29559861579975,138.62552780761135,427.79625309239555,850.5892880528407,316.4147069007461
190.51657941097415,160.13370728840806,420.2998193770094,484.39244564232615,328.1546583498208
181.37691720808155,169.4920046131356,409.80356593228026,488.8468976137069,346.4755490357812
205.24668346718505,193.0026554548618,477.21333684970335,840.9372422632878,403.1759860362389
200.25280443488168,158.94462194917102,488.14058649616885,764.5388946315836,403.3918786980136
218.55520770076126,191.2404056896229,449.050317629996,474.36901636715845,363.845383481024
167.86786046498858,141.76957080000187,447.30160017903944,471.9762262392276,336.3328586265141
221.84139163513092,145.98674401520884,465.0416880057679,395.24587652277404,294.412327820659
214.88086316575632,143.53967108895088,422.19440574883157,586.3723719128732,350.0462883108876
206.08185103794904,194.47739085675764,482.5428321497705,663.3271020819624,349.44959486890366
190.78402769076712,182.5723738949747,449.88141684586384,721.5866183902873,322.74074298684206
217.47641885763414,207.25639296458266,439.67167145821014,574.1429328756656,336.14954108468646
225.3320363507431,145.60728076097834,384.9883517922913,425.7170304324226,373.1423214896959
204.31327274038355,123.72698823051944,469.53976431642207,457.14951751696634,313.8587756915486
261.3714567913279,166.38800533472886,439.90816785473686,596.5021983231661,364.017247635695
226.75660162145846,139.74302594830533,433.02081956152944,732.8142476775424,354.5782243332123
189.08582396137425,145.18418346138768,455.8892751897575,671.8515962273734,323.0291949256271
213.51612156002062,175.03950948058562,470.98151390225985,477.6360595893129,342.74668451635824
237.3368443378493,125.80079181095573,425.9799593460754,513.4011194032258,359.4435057937539
219.19672277502517,157.27043078964235,392.78768002467393,463.4836772880271,408.5970566604181
204.1973198948363,178.73911607815296,409.95658407984524,613.5992851775054,326.5144710027279
228.70286710023126,143.05373195436692,440.53396080010367,555.1797721708889,353.2176632187078
231.215926794573,144.75524958595793,416.90304685059795,551.4730007208599,372.4261336644721
205.01760707994228,99.0458430983142,461.345191821985,474.4371623712235,352.268543260824
235.74216611067897,176.03474462848044,456.5371654439101,542.5501880252923,357.721284837033
258.34164186391286,152.13169555158362,493.56385096781025,824.8112916883441,428.7513298880369
208.03960447344832,125.16779190573632,348.91132251792567,382.1801762823799,328.71530450510073
215.9505155183298,136.0854321338087,416.389176403726,461.2100954128864,349.8417405646223
209.49464043964858,144.742191578921,485.48313366312715,651.4356545550711,380.3302391430776
174.6581826796463,106.76170672013755,423.3393259988338,570.9220271093195,327.438056427227
235.08925757967594,159.32305937684413,437.0989813339277,543.4045352389345,383.61174613253667
178.86598589812525,138.23103550038584,382.9242742201512,497.3897134382715,352.0702513083477
262.78727886925145,147.97504394180373,407.6489221531059,480.25269444277194,320.32213614291345
187.32984136131316,173.28043232802398,440.69791416614373,708.8533931537687,324.3442942571695
184.9871545638415,100.18380377509774,394.2078604616253,426.1049459236464,352.05433300901814
207.2650818853986,188.72805343885963,390.7609576828224,331.0115447029434,419.37924044373125
158.69482870718585,103.8935776196555,437.3964509925148,468.5384774863423,330.33053475632704
220.21687273900068,136.45186523892286,457.7953297897825,587.295603950716,390.38788610027376
204.33797917794888,146.9514759727843,470.9575686725531,587.279626783176,306.381998202316
274.8307791899252,128.03935937438894,451.81668604346925,334.0572220282826,316.0784943239765
206.7840676724844,135.2357492657584,417.01283166105065,556.1856987738915,338.11043549507366
204.16019569186906,140.83896517549215,364.3299555009064,336.7735394994579,305.12775218321644
200.41974509256616,127.57649176623202,466.4587101017597,598.3997755311524,307.4455099886097
194.88739107447242,186.89668693750156,440.7591335477717,664.3453475628573,412.4090733855973
189.0406175618808,169.6492406816085,463.75102068511137,552.1341021026898,432.0298052764607
266.2447347517119,171.93624023076217,398.80297950068433,348.76277502883573,345.13801292512244
208.5606603875791,127.00750542995425,404.3137520370612,627.5098084898182,320.81717410450824
174.40772293706186,110.68755131403934,383.19268056997174,493.61256878852885,404.6023507301961
223.74598177736416,140.19747983428616,422.66085351277667,668.1828564858679,347.39012439817765
199.25715185148738,167.18589597706904,433.5245107453953,590.6596286497805,345.2900338680729
182.6854710185919,137.08673856279972,393.5152366558126,811.8325727755877,317.9058968980555
199.6193602677311,153.37624885463327,426.4421371187507,485.58418477550015,359.85944990646067
194.27298787827448,147.3176272646797,409.93930132651326,569.2667777378359,329.32402460316325
186.83813899415821,164.9604294570897,452.45430344479666,503.6551090293123,335.70283088965266
217.66798380601998,165.06410306504316,439.98600405159266,608.64809638683,390.3602597754736
220.91260407282684,164.38227020008506,432.0795803226184,585.0559074562975,297.3128855737791
217.0368306364066,158.15273057289906,438.01617208705704,593.5889022957226,390.6782782521666
181.57291802461395,132.20359362347213,403.18360979739765,429.63939849956944,292.57841786158446
232.32248144687307,145.27961322516813,366.0805223734603,666.1211248389425,365.8166248740539
192.8420631648222,145.61277762666165,404.3206155254474,625.3475660886155,339.1943747881988
205.4920867016157,103.49554756462855,414.42818442698245,622.5863164505578,366.05724812206245
210.5226225639252,138.25773666628345,463.06098766542874,445.6401448453387,331.2691079679191
230.7054367446389,108.88584907614526,413.7991149209532,424.8332302340686,382.1422343236042
174.77071233912284,167.95383173630177,439.182573269589,621.5422610529245,370.044765987087
203.77514284901093,144.62360479213083,402.14791708383945,583.9173493994192,337.39652403108465
235.84315687772323,215.07571370742787,532.7338809331702,728.2247978241887,384.4795834988103
185.57771320794953,133.08418471910866,401.4236652621631,462.70665313724527,409.2980039261204
197.29232827339183,149.42022313430633,376.84562784137603,604.0269434212557,305.32248936071534
183.19134980578374,166.97681494158635,373.6237220071854,355.23825361755945,331.03304778432414
197.9611372386047,158.44204250494604,441.62502850097314,502.30934670559645,362.63749623882023
148.3479248932147,178.41880679690857,402.7537132267513,567.2487200420825,338.7365982880996
160.05903929323335,135.97826520074938,330.6923679013442,379.52872608857575,266.5860771817813
256.0844035282421,173.45644893175023,468.37598925379115,472.4283826708144,390.56778260317043
191.12511947012976,162.2540335354248,442.26004589651916,694.2353717017962,347.3371990305806
179.92354435321815,121.00809627441858,413.82407446724386,370.82842903330555,291.05891722950173
249.7851679996681,134.87261759858225,496.28767529057995,604.4517196747404,427.01245787941167
203.51007843003526,138.9675015476305,391.62798959481324,405.5824189829076,348.4630056559319
216.24069656535534,161.254808653663,371.75329573336364,415.02050658435246,397.00136809979415
221.37207164348226,114.08228889105735,422.4043624336299,546.6652626246082,373.3982611764287
221.48074655367634,176.85604177387754,409.28857910034577,715.0753607714954,306.44229155661634
218.02370956206957,159.20461628916252,385.8185598777581,645.2597605914541,351.37125084575285
202.62013111175136,99.88944723524388,392.04194948112377,511.02133120029424,340.7952667954612
215.2870384022151,104.63943557616037,383.11298996120706,359.09124364521057,326.9424954796224
199.35489182124752,145.6731507424398,367.6388699925137,477.2812479608084,342.9797638422801
214.05179488102982,141.03040464852958,482.00118285024877,617.4601960971246,386.77233850585685
187.7960547580529,143.74125150491054,486.4080175473907,581.3659845452469,311.9071694917043
165.29511531501984,204.13771799513944,450.03326295206347,864.0574924470546,408.09078499491744
184.69339528652358,121.8881188404355,377.55261933289313,495.7386960182851,375.16916523896504
202.62966252075705,159.69371284596104,435.98083446821255,646.3281852846208,334.70954574361775
172.5176825480005,109.64988488664105,437.9326846386108,491.537633319449,294.98473968955847
243.94770501094197,156.74742826424085,410.52529717617,530.5650704573702,311.5955219404856
196.0244003823544,171.42740839678623,434.77253672138033,484.58823686077864,333.46562830006536
213.39700318573625,101.78762291270024,430.3725673630482,365.65092303156524,325.2752170711464
180.85681231883777,208.96958037272958,522.3362110229928,512.5362830041853,365.689420434508
256.43409377895586,168.57025715132704,526.7727112011786,751.9587256940721,355.57110638981175
154.08631068505565,129.3972510216583,397.3671876175384,419.8813254273999,289.8482562292662
233.88282435467784,138.76398155843742,412.8240886264154,464.24823317302577,370.4876019030171
208.39058480227703,113.76404603805418,381.5902411542494,513.1734766786503,371.31558174362203
245.45998962156725,139.49833401539738,420.5248627596677,732.0600742175122,372.7790018976659
218.5934964466401,132.83210437483547,474.04644039987005,823.1460323493311,367.16762451297143
202.67717627333414,103.09048311096988,374.4754206621354,485.81763832329386,366.3245655169246
209.277461027352,135.42575205541635,365.70789768051316,418.81479590901057,324.14817916701475
205.10438697980183,197.81526156281194,419.4427150705519,727.2340457659061,318.25084227184806
188.3768591400568,156.24178103891336,368.72648211358865,624.8127110684214,332.6958352457754
208.07525816656798,170.61298617465886,432.31233559898476,467.5293972623641,403.8033386696474
178.29374073059859,167.1582850953458,462.77809324027584,655.4135681845371,350.94641032772927
203.59257687121843,172.82225583463588,451.7905919864586,438.4345670488287,376.8245643113997
244.60950734762406,165.32372371766084,518.950366226756,597.5957080913614,363.4839426392646
245.70718588303504,95.99250929881705,490.43896470080136,429.967027103513,375.94397438298574
257.63254430100653,148.209719019523,384.03599584327293,438.7241451282649,373.0333371535534
193.42300065636994,149.58469773590872,450.29101028607136,497.94247928639095,373.6173720906656
201.56201974357234,158.73411191221822,503.2594404183039,522.4794451408146,366.25421947806905
186.80426311626152,124.00034926466876,440.4454821293838,600.3326922787746,313.07310501543293
191.67734003058698,131.38624278595617,450.0218363034577,616.3490773933071,360.74183038136647
192.2713865048965,119.19717030792157,440.3140684360854,575.5524425811277,310.20631731942285
200.72798229287272,170.11589042056644,412.2959816844618,557.4690798230038,364.8427354405394
227.84504589706702,127.47733626108486,377.45741146106974,397.16056994862123,341.2687323713995
176.95953218873177,186.71468340071428,448.9677423597617,590.8214421740306,360.68525347568055
183.6804123139029,173.22016679380482,410.8308002396168,568.9413398197815,338.5275377431022
207.99184650051814,159.78707826729314,412.77513824364985,746.8477041695918,399.64445031262443
212.14917292524677,160.66352655727286,498.09840984769414,716.5158687987895,331.4461453104526
262.16032183388177,145.54391216246142,497.50783358000433,670.7923465764264,421.10989587406686
156.16281292545352,148.2795768164928,379.29924763128884,562.8736300636905,286.6135763525476
223.33584181322476,156.37253395364124,416.1140965338317,791.7816926881401,330.0254690191994
233.49213044465301,191.49104117489216,510.42708221113634,785.1199624893529,306.54046577609756
199.17743546471792,165.41000862047292,398.0785775037898,666.7367602344881,327.92100678313966
262.04255236448637,114.27137805363924,374.2944227735836,442.6568917192664,317.4122855863908
175.40980856601567,136.0744228240988,427.83214565458746,393.9874007910331,303.0369367651788
229.70542401660498,104.32731779478665,479.0641999059579,573.959125414468,360.9541816502673
156.4677666726636,150.21601290775254,424.42396259406695,557.579511537856,272.66080312311607
168.11113236874905,126.96366048954343,437.37758515456983,599.553272125995,352.5433256837964
183.99958244770158,114.54957469912596,418.6430059972323,370.91887095734575,295.05398962185865
252.89268137306075,190.4590217552004,403.13736213603056,639.1107700027015,298.5382034248572
172.0679637122969,148.01939836239129,527.433730029926,625.5525301429731,367.8444318080622
241.28777422994028,219.81373362587337,490.7550484187114,571.8466206066711,396.61232333374045
206.89277792641255,151.51755013167096,430.58469290685974,441.5522046194015,294.1279553150985
206.4510199106847,181.529561515133,480.78671905364047,440.56588905830574,432.07268120460816
208.59028502425238,125.21842911874596,414.6480141432881,827.5227104669892,413.6793096140093
192.36753242779272,150.60845724034996,460.24855251804297,603.3528488254649,311.25059446856824
236.55208530807985,157.79627537284165,420.7385230752301,768.5376088325072,409.38536880504444
212.11797626593682,161.94308048169134,411.6926767970097,773.6652656554185,376.44358741807565
160.26270016900818,129.12019652352726,492.4856325308588,392.3190786935232,338.4787483544915
265.2583262519328,181.8522201286887,509.61096747977604,860.2766323033636,431.45075371340096
197.32320377361108,150.26829511650658,351.30614535516776,482.2515769314376,362.3572745934806
175.83446366275956,116.62230309897643,374.7320115339036,480.98047128831183,315.9608499180433
184.3953949482484,135.5551624819766,382.5989324978672,522.4285812151569,319.4784421374107
198.0622213293335,131.29623038341558,376.61743022766876,372.6164664768747,333.99194365311126
250.19911170682118,154.37392323531378,416.0910086337791,445.84096238429004,297.5027160206309
194.96426385326419,165.8964585185219,411.862805558777,478.82719628369074,328.47714935231
184.02574310631323,171.61547951629194,457.7985422738901,792.9156538197828,309.25576952913144
196.69434266329446,146.4528977214976,431.77372198918044,734.6840632010833,347.2410560214944
212.04315325375845,175.84659563311845,385.72487653097545,723.3062306516499,356.4615891763768
168.99013702502165,187.80180159517306,405.87819571738015,468.5335467927806,271.09847597133495
258.13957838586043,163.25834759321071,468.07106131985415,655.9124572690946,422.4837475499199
227.18269979758682,143.0223304441323,495.6396225536378,630.3814068238336,352.4473345394206
199.44610058676957,121.11839968966086,401.3198547189456,407.4418011002091,335.8612090036493
219.03722776420352,163.60041582022802,528.4801616501796,623.9240491542047,307.4410542453545
208.6932851253134,136.1224912545435,509.98903210789547,621.9328055642827,266.8505907447605
202.21808677538493,150.62719239499853,422.10781648222894,539.7492510158876,362.0118489859727
195.12423298017868,102.47869348286629,389.6203085197493,354.0226093046451,326.8247849908154
153.9316005514732,115.43747620931164,376.87874569653695,480.4604720087112,355.30896621862104
180.60597250134867,162.20728674154864,419.9514482264917,476.8788649788985,310.41444963510435
172.24987201964996,122.75860843382527,449.7662184197794,660.5196440061615,352.93235373662174
210.3548786866255,153.99884716334336,411.9275539245222,517.549827858758,333.13666331586046
218.25099483899996,147.95309834598,416.9479680550335,494.6754846584884,356.2099596097864
209.30893219697228,140.92442335099616,400.3617563381169,477.76056015711947,360.4740369344798
188.90204842491485,142.07629319216377,509.3316414092763,801.5814933116241,367.56108918415697
223.34903636622766,145.0943404474652,453.17615028984,685.6014004902063,368.8570744146389
185.81691748577336,136.9506108652835,436.0302784781016,485.6420311037224,333.3987787668951
231.3070910094983,147.5521445524436,376.1616868171486,342.0387675126875,344.8887511321997
214.59054674967314,155.10232590891712,514.5972882185551,491.7708355098135,322.7232456298827
188.89709884116974,128.13621134190424,405.8902861578349,503.91757084681063,336.5782098025974
172.16319927252812,155.4077973784859,477.83088105569186,429.0915905794808,269.4864373289255
223.48823113745337,142.3853739251816,415.27481151238493,540.6446515217674,330.31712438122935
194.57317546511544,101.94450621600151,426.4459767238347,597.0107944533071,344.72860612653596
174.84948257725554,145.82366626950272,421.94419705867017,615.6453400006633,347.7983514478122
232.94428048600426,187.063292162569,455.0023895356196,836.0639747253625,389.3048748157819
250.3990828581687,179.62847972555412,491.9632964907647,566.1907792408234,376.4260770867022
202.72166349208177,109.57239839121921,373.6662988412515,528.4853650627589,327.2584130476369
229.98215990374499,194.18402245612455,423.87508736992044,751.6449598904956,328.47584534283436
190.25776967036884,118.32908846351151,345.88576523766864,396.9653577426639,304.7329851260693
202.6276389525887,157.09446986532768,418.05202104258916,370.99719833711987,366.53164210840146
228.05498857627308,162.22775441782923,468.41261424235586,623.6537077144106,406.6681666981335
165.60588103065444,174.14370501950668,492.35569762171104,689.968747922978,392.0684340151429
201.70883253653975,147.902522519763,408.2378140954936,846.7913405327731,375.53917707247916
230.5254279285222,130.33824907306504,439.98947468595446,574.1713191721194,343.3873402960115
241.14362812023563,174.8417504395057,422.01012444237574,580.6862295291825,317.9804931403838
174.91109045124193,138.47807604992465,404.6730572269328,394.410143658092,372.27747318830876
199.99072473170799,137.0484082243842,397.5928781019013,604.677123633916,341.20656531551
189.7403875639145,167.68849288543657,416.04480724656514,626.9264945461654,318.67712539373383
257.3531013145491,127.67935962373252,354.9465706446644,719.5884378216841,375.71963886435634
202.1542657316078,191.33742016994637,416.7484506601318,684.0920090332178,319.091633939764
215.0015154865512,173.67037004119965,421.3873381972914,711.6976210688191,338.09595771482344
167.47248333905785,134.93647183793925,388.777216561832,484.29005010069653,335.059793547508
204.68220301165346,168.69277011890608,443.78694696177644,540.0348716935133,360.8069904977128
248.31706380631283,214.01254419765118,453.9607076801508,559.9234707676793,425.79567928218773
220.490051935872,148.63706895862222,429.2024819275603,549.4538908445911,337.44387348061014
174.83309731042854,180.68546078519506,463.21943724745955,464.5251755706884,334.89661895752226
219.2571061956815,151.44570498739895,427.8625059493439,496.6185110313999,341.8193201647181
216.17480732007607,150.50629217381586,382.02458378180773,389.6952475513524,340.21054358196267
239.23157538409362,193.45065527826068,506.079906771264,459.55514184575446,421.35264940840904
148.05150735051959,114.14738519475128,350.474385528684,482.2370112119088,311.8538084227744
199.13508846958334,222.4264649731158,432.1700468802335,597.8891241713502,368.14422493220906
201.10768613507,110.08345457889443,397.04898222198733,410.72894160502744,341.6241773091619
260.74758085464305,183.9777136219106,401.2946373000433,605.4352229625562,315.7844791190501
178.33962527594255,130.81498396168388,400.1885088535209,359.7504047541738,334.62625068330004
199.9300808542371,173.15876007771362,416.15657881050373,470.2742671190299,296.1595828118542
177.0359121261824,149.19225840387776,415.8206853023719,524.1996914304589,300.88699415403994
149.51319824907029,144.2186924163149,348.4957365972029,647.3993548981598,305.4900773068753
197.61891271494076,116.45872823487821,438.41669980807995,454.1724448179702,409.33279390923224
211.24956544051233,123.82594937841637,335.7556191174156,581.8301640207023,335.82545894804264
180.92733052165795,148.2428297150833,426.88570880303473,444.459192654615,354.10936793576053
221.54401106580738,155.20850227486812,390.2963848719965,540.2802368394644,297.61599317933377
263.4518126137643,143.4365044329969,418.7908101329504,630.3790233575203,362.53384919891477
265.3881193021611,143.76148281428615,482.3172292021639,664.1525836665563,357.9836957647591
228.86991971738655,110.44245904354965,381.7869599181581,691.5310804511805,274.0041485890498
185.6718378916892,142.9731596815901,494.35884886299334,646.76088171216,380.51438888912327
171.73700915330022,142.97302399493555,404.2766286537097,558.5432280879055,360.6969588124989
192.06653585201394,154.668319786243,378.21799812301464,383.63982095118484,323.22736816476436
190.68607798630842,143.0027216806497,472.5204606405057,632.9167109912834,390.4415222319693
188.5136805178305,167.41148371638147,489.1645182505507,849.9987942547133,357.1137933959107
246.8335004816746,193.52317951969516,458.350453308213,775.6125697344949,334.3158061414928
180.84808586363036,148.40924513391852,506.5585359028403,376.3580102909916,333.9535088743154
222.4688404933321,169.31240023310517,461.96252350259346,508.3608307714554,371.13614203786875
200.83105261718447,162.9871070651079,440.99614035398105,539.4649329361091,324.63222969957445
177.07915618330162,125.07177735864092,373.80744873011827,378.9733574284522,295.8410992141689
200.11866177138734,190.91594069871175,378.5984309984163,341.86957437840925,373.9060597722138
187.6832554723805,102.5621930807307,377.17997806340895,558.2477544931024,270.5223604933837
183.6145589942456,144.19514669371992,396.4805786292343,832.6617336870291,377.92009990890205
178.080792839888,142.18606290397435,384.89272670042993,558.8230687445679,372.4685328106084
216.8105641195205,141.0702448036489,418.80253802275627,444.87312693284827,390.91888953124663
219.29082352591848,158.1471541378808,495.38470764665584,537.317201785126,361.0118242253206
208.70217389575868,136.12197596591943,383.9963593406756,345.38645633172877,330.4117791089345
196.00480642451086,150.58300881819144,417.47447922538544,713.8689276718497,391.59780845018673
167.0478727809964,124.46036507475736,358.5274527823953,347.5865366464311,337.19308858317686
229.51948460043002,177.7690433072328,420.46032618592284,716.8937751408141,401.0488721532928
224.71797224792775,170.0739087942859,430.26027305557346,775.0460383306137,364.2489735345515
202.44611677748603,139.67662169285995,420.33170471371227,507.7223992051144,357.171594057893
222.3258245806826,135.1723643515115,476.78720594921066,639.5243034911973,349.02251490076236
207.43656084422133,159.0619441757906,408.6036920256223,570.6673592967392,442.88830026970294
230.6201496340326,132.6574784606654,411.80399053078577,478.4184610676025,327.9439245963816
215.55281684286808,145.21676806712085,418.13248491632055,555.3312607042388,381.4663867257815
182.17770352669257,139.93422050510196,477.9256784207981,413.9159481200368,395.790005871616
166.74209940448148,139.62575490079206,414.76805488140286,475.7721965846502,289.8532184653838
172.03542589961873,126.87428985534194,409.9382402359224,388.73706940438353,296.2914253028681
203.44831278252963,135.2894092340232,395.9704906459374,480.0869739347251,317.45806459265697
234.42794076407512,158.69054702067638,391.5108409524063,468.887520313601,352.0754165836245
192.8646932925977,132.9749180604217,408.21827581996797,475.66688534818604,333.3286226555228
216.4856706226821,181.94209767405187,421.7443639118897,607.6315851739387,324.1379721523715
215.2913601237249,114.4798191552647,420.1374183864518,424.4189737215046,323.63896120473623
167.0604305613267,178.5448041268757,443.94896514685166,687.3274870126241,276.4785591379983
208.24553228357934,179.97577581244622,481.44358397422474,632.0622691820504,360.2913449931874
178.54591738388362,134.12912497813227,420.79125770870786,478.4817705968228,284.0531464071801
215.25170166589223,225.31257207886782,438.0571824905075,790.3663545271494,341.58870055548664
183.54945089935688,192.09577390705635,517.8759322122679,375.4034279612874,397.08598437003957
180.7988536566975,175.21421936262286,389.8886877238763,438.6082122163523,348.44694627004935
207.32573804553653,118.07832693667615,502.83217140537704,479.1229864137277,324.9635448051502
173.42023328981895,167.4178447432893,392.3240829499536,744.4778082670043,315.49544848814946
244.60788588865861,146.54003421686883,431.248196485526,406.9808593332179,351.3162243575738
212.3299195329686,100.66112504589373,382.90916179378667,589.5224816914014,397.00684615512347
195.52713369905322,115.52658265671721,423.10373028484213,397.4054113097813,320.01399226476286
198.60311913527792,135.92746509553777,370.09311433125106,350.4479287100104,317.8314579182662
193.48307412906186,133.34871813837253,445.5762717319859,622.9544660210009,367.56003098957115
198.32212538643378,155.9938580225587,424.4968312150302,457.64105560674926,370.034704290556
207.06842310819837,147.7201520846826,372.54421634483697,556.9097374805059,333.02863038366604
224.3883498753196,200.36789512077385,472.96535092489046,489.139534623599,325.475599033708
174.18359425403645,101.71824183170575,466.95126250010253,651.3305900764292,290.4121711455872
220.81864732050084,144.79452130005225,444.5625031732465,625.6912543783844,301.5394927059764
163.67902219756238,114.73063838219912,410.7754443996809,419.04854546351504,292.17139763148043
214.7479937541696,109.94868281747864,375.8023975701427,437.25208583738015,284.9945230721468
207.9794123228142,147.27138620167,379.59378650868854,384.4541332615038,355.86971832783416
216.85402192973294,179.4078603685929,470.0393538128965,689.1580133633315,402.38958198715653
246.3928726313651,128.21176411097952,423.34894341929925,780.3810630860695,401.85060364236875
251.02302494177337,145.22051152595577,451.71566061847,428.94796869092465,338.13683571529424
221.89433505583725,115.58977397323808,440.2490358975144,414.9572418099212,418.56984405334475
218.97010854387307,143.8643467389387,495.22939345244095,812.6600831381731,375.78396250500646
229.16524363625447,143.28538481814596,381.66023642808307,782.6796926823295,360.6307753442986
195.73948918392645,137.4556219677011,447.17386951741133,812.1251796027507,367.5610256611269
218.5997613728845,169.32447939277202,525.8555429199432,534.2122624197356,374.8318830281562
213.22226073185064,133.60380483628632,388.2033731024656,518.1702058566628,390.84334257483084
248.34903085856865,134.0346157740143,489.1534933598853,770.9178190560015,348.6648467633564
192.25062168652983,177.70783914358555,414.40843893219943,462.81133238670486,334.17813853901555
210.57623480364168,128.36040845587831,415.11497666577736,624.5154964083226,330.32031726195515
189.12582667869512,104.54731918203838,394.65671045056945,468.91075665476166,312.87533282807783
204.1261771970967,151.83461659953673,456.6531326845393,422.38648542595166,326.48205734221335
228.9724141066844,151.11081867827372,457.6897392342198,718.4197505156237,390.975091464493
158.84368542789443,130.0823309071306,340.30357995905223,431.79663647407796,278.80857077782133
202.1044746248748,131.31081011475325,535.5729430908169,651.0493456363256,294.4400643133802
235.14187091897563,137.75653155685762,436.46419716850056,531.106159055563,356.6250713727951
188.31971064618256,153.01549952428192,414.3125762611467,599.7501477936775,316.84639090101814
211.6991090770019,176.35209291357737,474.7054633591785,648.6297444309353,403.828156572814
188.21046498534605,119.69787788918558,425.2123249528781,523.1502131970707,359.53625821336755
198.94395215216014,153.92886213360163,459.46624228800005,490.4230883439347,373.64928526723844
209.99452731005596,187.3616260371015,483.94931380129833,567.8480612992873,344.2872878085425
196.64130680999688,193.09384519349334,510.18937895516814,745.3424369166514,421.2511062899359
240.49180347095793,157.0486764893029,440.6490492926348,404.3817516234195,353.72384913292245
200.69061345393433,160.40524810713666,416.62070101842903,767.6937364796958,355.3553718886071
199.98595846823267,189.6151281041167,432.13798928274457,642.9117816720254,320.2061442124366
184.53656324666983,178.98733309328676,377.21927846076187,611.1979888336957,328.63182777670653
207.23820857972174,173.8590593384188,443.4920410855287,427.9207093050915,342.8984277804183
163.64792358017493,172.07900638078982,491.2685829927126,763.1882641684607,374.1995163798528
242.69993046167343,124.71539146170092,373.79866805235133,366.5921368529204,353.8144709684976
230.8988350724655,161.39535295725722,468.6247446735069,507.70387952737815,350.9623003668334
219.0271823447429,141.2311036000232,503.2744574781694,418.7181195405593,350.2212652743359
201.81543288408886,131.60217574874105,445.6316257620943,406.87215164046404,384.58915665028087
151.42001674440735,127.63423749286437,327.9996901188944,418.5399297762752,332.90866674179273
209.16369881123728,145.49085121831436,366.6610407905488,344.4153151874979,299.0277482410105
246.33033012685183,152.61622513268483,461.167080805125,556.4507578179914,339.654657410714
191.34604823872985,111.27321838463664,479.91533713094043,862.9426931123297,358.54739808609463
175.28602244794308,152.0334665641576,335.60670480287956,398.31040847341336,326.92642734907236
243.97792602400352,155.25799254143092,406.2328984395984,519.9821750529603,397.07008413705574
223.6467413613449,171.10211537107776,452.02086808405113,559.7989083754346,418.7898405630178
206.21582777915376,117.6483636402229,414.2348620314898,658.0610812667051,422.19305801174517
201.9262694340511,139.3739735060369,338.9531806083917,598.7654729836494,285.97212298547566
236.46192011157396,211.27589047541076,466.55515509969496,849.6530608213361,363.6724139593575
246.35335095038565,175.5651102240548,407.6109032268649,406.4158636126747,273.58134064740506
217.29361919574544,216.76996670919908,440.5193933840908,808.3290895598286,344.5867739359228
251.27875769364013,212.93399755127328,535.4422886789438,851.6256950414046,386.0594959206574
223.07870171224914,154.17501840030022,398.15175044652574,500.63257038512944,351.9678404717289
212.87646944113104,110.36922732694262,514.0523766752806,701.4467911656269,336.53467272838424
183.6872844708847,117.37247277065381,459.325227692763,464.92042268165824,386.1194131968586
215.7836844002821,162.29909330007087,451.21970319440004,563.1041880120948,376.25631000660854
216.56144425623677,165.02897817333513,441.63556952407197,571.3806747502971,423.0494671739135
200.77259797962319,132.6626392749169,399.61259453748653,542.6952960913893,327.07779373559094
187.18497666021486,104.66806244286113,443.88344145578566,518.2380831222936,342.91991444088603
239.32271372731557,161.23027963752622,539.8422881194498,821.9855249777581,439.87277129247354
226.57815282005603,161.5274319863717,492.50556981399757,851.24950681668,435.1994339476803
199.60085691936837,141.88075322532563,429.9652082049142,439.8663510361756,353.84512583663394
160.21215638845408,178.31342117168617,487.0716966459658,620.8916985402465,301.45919373340064
193.29112794908667,165.56528677814242,421.0859191922337,545.0661751581707,304.3500652449556
179.4500608937137,161.04596654465306,439.0753356522346,461.9900808333858,312.6377285286352
191.7331347289528,159.88550889192237,409.2078334266729,612.0608849235779,320.156381003526
221.7411914969312,142.86269664614144,519.7588471118637,666.9134192689537,360.8066241728555
169.2868280001571,121.55368226956956,350.9095887777873,446.4543064458253,311.901885779453
212.92633873110057,138.52365963714203,432.3530458522944,501.94539845212245,324.47606328942607
201.9894404545692,128.13746336380456,460.96894511835734,617.9992638266931,365.3413704928281
241.0032700314712,145.38249322473334,420.77943687550527,463.1963237770289,344.8066398346626
221.3264223922066,174.7536203305121,482.1220784638507,550.3506593245405,412.6095975346408
198.2324331580693,127.03852380702355,429.1541302210988,481.9201982315719,332.892584629172
186.10555608181897,162.4509107042717,342.8648947912035,337.90293117718403,320.8124621796387
243.037695849068,147.81255005324016,413.78940399146956,514.3159759320772,371.5015968320781
205.02392034643552,143.35558040741284,401.60912891834954,631.4809430590418,351.18752565596907
223.04093310243798,191.1541434905802,530.6974106242782,866.8293059256846,422.99800516041034
210.4579026205206,208.07931832384165,452.77987065449355,651.3370585446831,322.6850902565178
199.0215747766857,135.69523362672754,390.7247602649639,572.9197380799275,335.88275085423277
235.71592702029727,142.1157233221155,384.27485393490656,650.4824796885113,340.6409824752399
170.82325833590252,126.48141500296298,434.16960511115826,738.618427628261,306.55915651637554
227.6172996463304,123.47076683921641,419.1419288196303,707.7962275011339,372.9463272807891
219.7185339001004,179.60362475135074,405.8348517454614,785.6272073326882,433.7242616982992
202.94595204630852,167.75155912057792,510.3291138042559,827.2612563956513,351.6241907036896
164.99422441693216,132.04429569921746,469.2304409331202,514.8634421936259,334.4083071988675
201.9154291602697,211.94762300695763,356.42959400360763,526.0268233326422,335.09346898436763
221.03024841722487,161.6065992855186,457.11930508701755,495.7571252032787,359.83297298718196
239.99948705285018,144.2660044470999,492.3637524955455,818.3701363815364,353.0907231921311
229.99604106907285,192.4689996761977,525.9315142884803,762.7345298565782,382.21475810347744
191.01997360243007,115.14182335592392,447.35189146798365,582.8271466962816,355.22918319800544
232.358717459978,149.13342983637958,425.94338023419147,661.8348766650203,329.1079199596681
196.94522613919125,131.0840737121862,370.6741394868401,437.62007207014767,343.2282983315456
224.12126983043498,102.98248829850517,387.4564403438387,507.3644362329724,321.7371633554278
192.32749844282216,136.91338050477154,374.9547562179271,367.82421068763966,290.658187851772
219.431527833386,126.41114337218903,430.6981092764095,487.8573709625665,330.6861511068898
213.36663651307242,161.7745936785299,480.6230346457994,833.0983870696989,389.40986744727485
195.35856559136587,170.7584170741155,442.49755456824107,779.8835711434584,353.9344858392204
246.53760800970952,172.26053828776662,493.66563111206386,695.7436736934413,381.91276954114255
150.46713089915056,146.79712016996436,358.4711465712695,444.5211765933182,275.1558876895818
177.35544214189363,133.56772110244572,338.74800586530154,711.6580844776392,354.26887483913634
153.71380242988445,132.75800367725162,386.29913746765675,440.36852224296376,270.9461443853669
225.11817765698052,130.26642905965448,370.92688128736006,606.4642784116093,356.82498290869177
174.5544408231154,115.827263565588,404.6512309274167,704.0694655184228,317.1425566070968
240.7415589116474,197.3955612246066,480.97280153527703,545.7697580017282,345.5677915782669
166.72860229729417,142.42178661204593,481.59918886643925,410.9375555585916,339.84239978534976
187.9405267091979,142.92298176851273,462.8444098671185,543.2671400312698,345.5210190355461
201.93966809205563,109.47816565829518,410.37638304782564,549.3150637039151,381.25420928572737
180.64606040446725,123.41299109277459,468.34741600890527,664.4411677125121,331.9102683229515
220.66137865709223,115.19273645429536,430.27071167072563,665.9046304473424,346.60878708963173
170.34046682598097,141.71454613277623,364.38929042352623,358.8538268512928,363.94832211749684
187.52718179161326,107.26534200774142,368.25564356125994,351.24731148959927,312.45575562411364
207.1635649374863,124.69221189725212,401.5758029737194,373.10553089837697,277.6200692608239
197.33894127963944,120.89701176617062,441.9662511648136,607.3231759471843,333.27407426000946
182.5408793810836,141.33653764440453,418.71900426436196,336.8664550553713,358.7019092446249
206.84876620832048,141.19517813557218,452.7342349173528,674.6988796138484,380.54634067886326
225.6668050084595,197.57921213481723,472.04904443959845,687.5079919623507,389.12256483050004
219.1630927040733,153.61452464803034,412.03383465440123,687.7629860276842,379.58353069488885
199.01168156567525,106.01131275780675,365.0703876531305,574.1582518011218,263.3726215500353
274.2074650664487,195.5948519787843,427.0601680072313,328.8841637891421,261.3237092133632
189.91905336571347,148.4842394282429,438.81974292349236,708.4865801043944,369.5731555972132
185.9665525645823,145.22003890022955,467.00907108255126,673.5751104409657,311.04746212637946
194.8479629693863,112.42594171105927,375.9993123474442,374.3835261092826,342.50464689846206
156.18771991890654,166.2609770346916,396.5196122571315,638.1476682400597,378.3361693126868
238.93197134705227,196.31104643107372,385.995666397814,428.8579887929328,338.4313145078578
206.27010554384847,134.31623224428432,379.3512847814718,604.1483003213389,354.51874738656136
262.65891214801314,168.4413554234035,506.5183737111821,542.9331575415961,400.5284733511976
193.8200966514964,183.9010476211069,461.01497471752873,794.3294049477162,313.9297082352873
228.26333309942825,156.9738308158191,456.070580695187,569.2972658240515,341.2592027857594
231.49633556813234,162.83950734377578,431.78332564477296,676.7365640536623,403.5457632217101
202.65613370569804,146.8195354126724,389.8589501658762,491.5155206835743,338.5491833533394
167.40524719824558,109.34311684466469,370.02884035714334,352.3736947048256,371.3827215175802
202.59346901264573,181.60915080067113,454.6592268588516,376.72472404795434,381.8841393757409
243.49729533701029,149.31567332342894,415.90541503213797,416.8558130028702,351.77043673039725
183.01262255511227,127.02326041974337,391.444083510571,523.9325543958012,368.1454146649544
233.5999724252902,127.97948652135688,372.6750365783848,362.08352462520105,389.4652134123396
223.56928773542634,106.57610519425762,355.40107756186507,456.9379268267319,363.83924757768636
219.62548507650175,136.71098203381908,451.12349831806966,597.2681753951914,395.179102559459
267.9584612390458,154.12285261496828,415.8605588037707,510.678143319955,356.10917305190134
200.70365178601668,142.99302689618588,461.7015643181595,484.5639703710611,399.9979701866315
188.73637604505817,117.98259293225829,438.86034845473046,492.93251093588583,307.90173533995846
199.97845404206572,141.73436978308663,377.4335430469893,380.8328986142386,311.2521624289969
204.89933317639935,132.1845823674328,389.625647432912,596.0302674091608,297.10115072768804
161.34016804387468,150.75079375410644,377.87220739606187,517.6264320750072,337.05121590276997
226.50806749218128,126.76495769102354,375.3810654008996,490.68745860536603,375.95806249231157
228.82419458545763,156.0741092123075,487.36585513301026,713.2862163925681,354.53287892697296
209.553899305786,136.40276775149033,437.0705785840511,694.539262196934,395.55047496648405
195.03908498223043,190.93923748266272,472.0652879656673,570.1815161361432,293.9720419485559
190.9423593938628,140.98266097707344,390.8613297267521,747.8640553053817,369.2209348487482
221.6425422121412,149.7631057806821,372.87513739203257,559.0201357588495,370.3872904891586
217.37984952449185,151.11783920526182,453.96502570506175,403.2773774845279,333.72761442802107
163.41290560083695,166.49157061536386,438.3463042176937,530.3334390037238,286.809017057946
181.11196921080264,153.88453022090397,413.4301459609262,355.783539826572,389.0756917084196
183.0663291542505,147.51930782853023,375.3219869836799,474.1572668988168,387.4777861443087
148.9400366114503,127.87384600304897,368.2703368654833,430.67143976722144,263.14772672142544
205.0980981297675,141.00717626674725,422.63129475908113,609.0235499793306,324.45481374506664
219.97963495370834,151.32448937796985,450.5174673889914,391.8718250657646,420.39512126415536
209.4147911169087,143.3257799509759,404.3949412312975,472.63641462822875,331.03917327972124
193.9237652763841,161.88952509679385,439.69750831957685,355.81917391805996,355.4244395978411
176.6873235928954,126.93092747430838,423.78709583292357,564.1307239875254,331.285188229895
175.07880212442612,154.37211038511174,413.89422765728114,480.425650733107,324.69995833195037
213.86740262045322,128.2644269031248,355.2138180119125,519.1982554438069,317.81831469048547
231.15576103891274,210.30799334204548,458.7530780908588,701.4516294807418,397.7754244363663
253.2141490844348,196.1073991970158,528.9271845952254,688.302586240283,397.6676803593979
213.48425136247715,107.70263129842462,419.2404574870624,390.61547543090774,330.53348915087076
222.74716332977025,144.6422783148206,380.2731120008712,634.5987587565894,352.54404608747086
189.21356818435825,148.28294671012006,444.59232695447105,472.6476662559157,363.03577943744614
208.2951197920047,190.12057345583085,437.2575162503012,856.0714844094699,325.70809082967924
217.05035429484863,103.05396723332741,405.9283763669399,524.2057806030732,334.10380525051363
190.85794429229492,187.28115599209505,422.64982672799147,420.88151532605457,366.8043844644685
148.44553909597607,133.67844345843307,411.83808796221,514.1896551607973,319.1519264467523
185.95739824718433,103.93558073905454,417.7014056576773,814.767533890125,346.16166584847605
259.595699467543,188.31629424095868,410.38065254278854,394.9791786615624,416.19851203047756
236.3261796836228,113.8988495809385,453.3993016287124,375.158325360842,314.54527090888325
224.01898499479023,148.88430671720502,396.75858779207965,446.43703249176724,348.91216223342576
230.81397020481262,138.71005061779474,364.95142050081716,544.5165045060071,396.67902462620077
161.41781769464268,137.1398355334672,472.01505002385113,479.7250820034711,325.7596957054661
200.82933374536933,180.02763538608374,408.4442368845245,447.8232661525422,328.3191526602747
219.904109775593,168.6118703396496,454.61622752255846,497.23395890978423,357.4489840789469
149.87945932684488,131.7700416953175,359.07859569103795,695.0056957886206,284.12372587947993
248.3558389073012,154.75949145748828,455.94588194057735,801.0095560581285,378.16715291006903
193.86090044646724,120.5219011527149,431.09392849852213,547.3022201302368,349.9974629016542
189.21429603721748,158.04806124913497,414.93562347732876,695.204428183696,401.2201683266665
194.19223211047904,134.54728788974103,422.09667420005206,606.31648208148,338.66081336833594
217.01273164041075,180.44505399341335,418.89155525863976,632.4695429459914,428.39637491514344
177.5706183373329,170.46473393645502,460.5539526054875,674.5873026302273,351.14044853398565
222.8235559973331,146.4524474789503,475.2073524655293,523.782619878245,312.42873828317045
241.547898904981,129.67685213378275,470.95895016188587,418.52425634423406,356.5180260071719
200.00783865457078,166.54405729517006,477.55701258265276,760.631377996877,326.8076487893866
196.7451476958308,156.22709693310148,424.6554955388007,712.549713613381,331.6973691755705
250.92216515041054,185.26635293447347,539.1804676078037,777.3720932852269,440.7046074077161
212.9791389413039,157.27316450855437,434.3885661421594,384.27787871855617,285.66406503469943
157.28967153966866,158.27001429618198,335.6507388978039,448.16881072791085,264.6531910476631
205.98506627914384,142.03936790541422,505.6998991494655,513.2264006596174,398.7942701124302
190.26957113299457,127.84762619489202,467.2494941243292,550.5516746273472,411.7427033364113
168.77158346089232,200.54556457127413,517.7978421051688,801.8974917999492,361.0474599720191
194.17531384229497,151.85667410061544,435.8175689012316,515.2798000029791,357.5095538582193
190.56710938567036,128.8204899269156,415.7985829558226,444.76133574900024,365.44648912961776
151.58662963094295,98.02927007810092,348.50447527706893,403.67417787400336,305.09408086247186
213.71512761072037,143.66609029733362,378.69750702882817,441.08876369363963,414.2475400971039
162.38141127129902,140.39767143541602,414.24446974519515,405.5658213808154,267.61793464515443
218.6792298808991,120.03643931025543,373.5491992027512,804.5363161312431,315.7743647057861
244.8784542897546,201.72917535563252,474.0264678881964,730.1161308689875,401.50275104975447
235.1389122526728,157.85204882910764,387.0654857226315,848.4055267807714,386.84627691311925
230.71256945958916,123.96436294574418,386.6654401805397,400.41851208245527,280.8064930142202
190.73484221913026,145.37391128905486,392.179878457719,495.9688148700429,384.34731250762206
197.359441585239,113.76508155929963,413.10599614609094,376.02330566526564,303.2987746438995
199.20736577669263,175.34444599116506,444.5569063699279,496.6045047105129,334.2794339863571
214.20464749434765,100.65153858050157,492.20531391149126,708.4507362685686,328.9792978544063
236.10711023560975,195.01004161933872,459.21291332154544,508.6525357953033,360.53437518019666
196.27839909849425,143.15093550170772,456.9636474921638,431.00367871942694,304.38401106947816
219.41514552068014,139.59540747084847,423.5925556072612,464.3322325359166,356.7862876543869
169.83746305432544,154.7632961969226,419.8084105500785,364.1333676064753,383.6988026976913
153.3483597976548,215.10567436208152,442.7696777265258,541.391668188947,379.7952780036341
191.7435102390038,113.41888743449368,387.1138263358407,415.3310541764929,305.779032020261
189.82456593225945,121.55259454288394,414.9320400141032,407.94887621628794,338.98597479626807
168.0280813737905,153.66643211705514,399.8660371905886,597.4629504650655,370.43124685478614
208.2575123573833,103.19788774901271,396.92443839476255,817.9624184861855,316.47371282461233
216.0141726119623,156.0964706451714,485.61918961791685,779.0175823134416,429.8208039658946
153.63400587706224,154.83717695329204,381.70929175441546,385.4969176896713,286.8892605367956
175.53703038389872,141.88989864510447,448.35967613052446,528.9449714243642,369.35632369940805
247.99190433345072,123.53991310785857,457.45124144840634,562.729236827413,334.48620376191514
170.87633173238362,175.9133863762073,426.0087461426681,471.55647064736337,315.84004583434614
166.69349732045933,116.17938566699846,490.83895949446634,439.93390249061065,336.77997221105454
178.57808152953194,107.50562119105477,414.79912023559217,436.7365635910274,325.91471101983734
221.5025104211877,123.48464337215052,354.31204647452597,368.8503105058107,332.83376503704307
173.87491154896827,175.43854896415917,375.6380276348206,438.63535057839283,284.04612557834275
230.92024387609806,114.66642342550097,421.5008749865244,442.6662225867172,403.60803736930916
250.51239783516488,160.53196661659456,388.88715506489405,522.428435959126,311.2114887080982
196.62572097407946,152.33241184905876,446.2747147883423,535.0729714579763,322.35685884787125
201.4927294477883,133.24961997216457,366.98598244840235,550.6711649629939,335.74614603420446
206.92781726132444,186.32039707646672,430.90918698115377,430.43494983807307,421.62963399489126
194.41288815186766,136.852806869868,454.15048299362724,496.53562556279337,361.40169003334626
217.7738100546941,160.74915161722654,452.0373240396795,555.1346545648817,307.146656036555
211.07962956442293,178.2289512113529,454.5325519625329,564.2987864652043,371.1888344908382
173.48963081308133,134.12020635432282,469.0090423955701,479.4133277349608,355.6163752510176
203.7908744196387,129.45544085699856,427.72420751373846,488.97348473103466,384.43821060462875
181.95562553491516,139.21060425541074,457.44215906794454,768.2779399953218,358.92630582414944
194.9235232912697,158.77672307317255,400.6711707389409,351.92626925750454,269.9344941983027
207.09447589921947,119.2422593777258,434.80236951388497,417.03611389022456,377.50689328865155
196.95095805562997,144.7988789081692,491.03464697733006,746.0033042088127,397.1346719406461
183.76105675529809,132.69714273985826,443.03187153542785,612.4132956655609,356.0642896090117
219.88923979364333,112.28797310936925,395.42516067921446,617.4703057876096,358.0257226983129
209.95909760122467,183.30260394028025,405.49212188455357,459.4276015504064,373.9701081937229
178.48259135485694,125.9076192486548,378.2666306627909,377.4358970384219,298.0330635951956
241.0983693388539,121.01773889316719,437.7142838693822,650.4278226813068,415.6734379309093
224.8221409659109,147.87721956898554,429.8188779060628,856.4169537278033,344.7362218390584
255.1806038425075,160.13134829085246,492.3769269244328,643.180058096143,389.4069527225562
152.5696680842067,111.10213541509115,421.6253958360607,434.6676924497156,410.9462582314602
152.94634843115085,106.38765622140053,353.18763394562643,734.7991313580295,338.68939215486944
201.52480154289304,143.44431123258653,373.2081667617576,744.3167595464062,355.18438466788115
222.34721963052783,170.4949437587165,460.56194741860594,683.0568431459869,388.8576037292409
174.44748276378624,127.67007594940985,389.8034821879327,583.4271507413359,295.37531885846295
218.08508938084788,139.10592700447702,408.63438433553114,595.5603574701463,379.72374639685876
173.0854315495136,136.21358861291475,458.6958629357765,539.9947041569128,355.3773652564623
208.66094950091838,128.91832739361996,409.169194063422,600.7447614090423,357.29049523509224
200.40393921281202,164.89655589727454,427.3567126013223,539.3272182637654,395.05902258426784
174.8242347680411,168.89041586246717,401.2896973577203,495.6021217328104,373.716919926686
201.27261990118902,165.17555623592045,423.00762156963697,507.035565965542,349.50446564493257
241.35360385647644,143.4394419276864,464.8920987117619,632.5787259196618,390.8110533272877
229.99856920296273,116.28940192865215,456.5048058437923,672.4107179711355,349.6071047712223
210.9232059969505,148.31752815410593,421.6267014012542,678.9372922625272,360.94321551171885
169.28692506158745,161.77713575677026,515.5578598886351,523.2640821165594,439.00315305008013
236.88003818241205,162.28655853087716,452.98494450390234,579.7060100186507,353.4234432861665
240.20586780946016,170.55364095996939,457.5095983254508,467.0211222588288,343.0876915709714
174.05751881443638,130.56807525287044,427.93942973060194,665.3977355499059,418.3581334357497
212.27899369383462,146.088456019673,442.380341893612,816.812137717777,346.2854938224173
166.73380718581282,132.34381855956406,390.24828134048335,547.6072348810505,372.002890180785
235.78959145633306,159.10798512007187,405.41789904552786,503.6173605214055,346.40377657508697
249.49972858931955,134.54750378960298,429.1737287941325,645.4062755715395,380.73265783101493
228.50578509740689,146.42395583686522,413.0405703478752,444.2549757562251,341.8940544288496
159.39652814431082,109.89125216333262,352.4666226553646,465.9447284114814,305.3885001401808
211.00970039102253,144.37392637171519,439.782460279538,536.8710828534627,425.7203284233799
197.736455187316,141.69393513820881,437.3189264235053,694.9140126431154,374.8408916631292
185.76858470424233,108.84396257127113,353.49729239906685,648.7348050900558,304.7272422185439
164.21275951768268,161.17302097068762,448.7076131424873,537.2761813662219,352.51132833465346
235.7106755572329,196.97897014154702,522.2229498614566,795.3632919988931,329.25278906581605
213.3760259259618,165.70774282006724,410.2842479543513,611.7223054201711,359.0853292171093
210.7899893751255,135.34398368198325,386.5206011807082,431.4480396556677,276.0722676840399
224.14517486645155,148.60073012208514,411.91905223358435,599.150418304481,349.72591643583553
224.39094018254073,113.11090446202799,369.65499514738775,433.9134826750745,325.1434101895703
203.51648044039626,209.90756030144607,535.3730175404172,686.8314209790016,370.88657678270823
227.9544730910465,160.76694151839413,447.2587462195021,507.94907433290416,282.80744699607635
173.4840155044432,128.33415961595915,388.7464843325622,481.7127654045263,331.29828516317866
201.12283444315057,134.95593444821893,459.33792694636804,711.3267102450646,413.5153669394422
215.00493327982645,144.4585694494235,459.0716415506718,349.29697413629253,404.6890839943167
204.88360996659105,110.31289537468264,370.2332656921786,386.9556694004726,300.3062389934363
208.97854963706664,157.19611148416521,532.5327523434327,740.3733838401341,323.69612672468986
199.70921693269744,127.97205537430675,432.3621865780803,445.0890178151068,362.81587812292605
186.48865597454076,147.56636565766985,414.41485716436205,574.8439104831978,350.1975661855742
188.2425232836746,136.58712569726143,437.27137541054697,542.3003676969398,363.1955293261662
215.05855383758367,133.01578685997126,397.7973984755723,614.1748937169738,351.6434950771574
185.18165545427718,139.3202074179351,393.37138028927365,542.5764676268702,329.97335366462676
190.73613149912245,168.83991384202236,414.53833123726946,532.3898386673051,323.4783426160986
157.31863429253985,165.12717015090533,333.45193719430927,470.12932721555813,318.9937771862219
215.5313209883726,222.34543133016203,421.67381548193066,816.9075776458926,412.2142835848249
192.97378005046,131.0085810529723,429.2403315953457,538.4013162304694,346.2796955344144
216.40264260359362,171.85135159237169,475.1964804686018,654.2528618499189,339.777349244592
207.25219890314438,136.46921340568232,448.5284668547291,566.6525012350377,313.82252246141456
233.27660475020136,151.97378650482256,491.04645490067736,620.4846011339666,368.87471458497157
208.58477141325318,145.3485112883519,417.265766381435,555.9311957976673,351.79588306207506
176.20261850964943,132.2605923160744,440.43348217477273,412.3110067651639,339.4747075632089
257.28556421235,106.51675258026795,487.11005950242384,719.1293494513707,388.02078358576057
244.56581547840423,141.2417902544248,396.0794076525092,522.4646160652625,355.6221548644635
167.2668036358131,179.91772704774644,462.2395809504456,705.4260186764423,292.0071856903976
159.28054679609653,98.93120018684941,328.6811187364523,355.61471340129776,299.3377752600828
166.735106422191,164.35564050772584,508.46395739411213,820.3790562917295,401.4945467822971
183.3673930479155,142.16403453505157,449.25188119467543,496.6017296603449,342.11919729479604
182.8343741251539,164.3602282328088,445.70437116224474,547.8762832086435,328.2074728248785
187.1914487951589,154.27064636149652,399.7384223817634,517.2489030096597,339.4658067490394
254.430107019973,133.30875981131717,398.4216451305316,737.3514515509046,377.4423595220048
165.33323520362615,118.19343938241155,345.0445326078895,581.8469484794141,395.34054413852294
197.30494838142283,145.88738602745997,365.93993172285377,359.190252184474,306.8724171782949
240.78808168721434,194.37946441587118,461.47631976674455,597.946175450054,403.4293010530817
187.57574132770372,180.0601493918235,436.90458327730545,578.8517954283786,333.1949402168607
232.67395368489565,130.16091796816795,331.44379039867107,467.98571584665046,293.1402223652626
240.16965293699795,163.99921336946772,409.19173898679423,562.5529381475892,316.5997012410888
217.4186608315203,123.20988661631678,422.60769128922635,451.0515486827679,348.0247206351803
271.73640478560327,159.66695740644823,459.720697826096,509.3884667132141,327.4906854737524
186.93589583415826,123.3425353223807,390.6258037630957,659.584074790474,372.1341827774339
253.2189635910416,123.56786674067196,425.7765951600528,621.2045525236819,366.50359472085165
236.00031441587237,167.46919064629725,465.97738692724613,739.8599294639943,368.84754602144375
168.75786825402778,134.6391488825285,401.79804646863874,483.7600381830739,321.7200087696813
220.47323831150644,156.22030258492788,504.95274938706206,729.562708051591,362.0810985667783
191.35203790435537,148.2910864492574,368.44806346883024,617.1796440827648,325.9684534310286
205.94602759184684,146.70082821277055,494.79346414920315,805.2574227101875,334.848296349242
200.5061279923543,107.94126813267538,388.0380263857181,387.00839170860837,322.16923820825525
207.5935810646049,121.13833006249354,393.9841859213218,456.0994406730018,424.2103713898519
196.46789297809048,183.12059016924374,480.5689292795953,773.6189933669552,363.70907621075
177.2956788760928,150.8662764674538,474.1431144504828,617.2420733032675,324.76953426587835
199.49002504674814,112.52024699400316,381.829436763619,354.4585098657534,329.3809525977095
195.54896962964878,160.28092944912837,428.5879633191443,705.0464351256509,377.15983047435515
206.52177085450117,138.62009468151894,419.70400803730263,581.7313876197163,348.50301672978867
241.01307480838986,129.75317593333517,446.83441572594484,530.2464883501451,402.58153435603873
217.52900790113912,179.36689013815223,431.25707022390884,538.6180411960022,352.981704780575
260.24152396743,148.27030640086585,382.910006616966,364.0243517193658,320.2416430631121
212.19021134453376,148.36119018662586,429.8991940377251,429.22868388547477,381.19713952660686
165.0591338265359,109.54866627717234,388.5034248974311,341.6580944780249,279.3042571480024
190.2498417962789,152.58308602557454,416.12815722727066,606.1423278500122,330.7844126951155
185.41387894804578,132.05821045629722,436.48612189460374,598.9049758776949,295.57527726776897
215.6102312835426,176.06525524253996,475.54400090063456,734.0018029628725,316.51897315620204
173.13925869696882,160.58526592976142,370.2410907774841,339.49051587070534,277.2687553099667
196.4733809579828,169.5703774998636,451.5170649023006,624.4901523586859,371.3956029635181
178.9540720095225,147.6839151539508,403.95607314719985,358.13359058067925,348.9714952136225
199.86996284717705,190.49787109308878,426.02966948244455,741.043954587592,323.7386872988423
221.29435152969884,138.7727601864488,422.7649315942228,459.2128930245966,354.8100331861542
225.64280685038688,169.9640332597437,437.95443814000487,733.7917628493252,369.65059267103385
170.18070640874527,104.01351915357428,399.48458671737023,517.5330084233703,391.77209772180356
254.8741816336499,109.4343561911394,510.09106085422667,524.7204459571478,406.7293506627579
224.44480945475516,158.94362038656377,357.7293955306141,399.5020745084662,375.75078675717225
233.98376927926265,137.6162807896174,422.4672529575208,450.77251173554555,361.71650336183336
222.2347980166301,157.5137458293704,460.65640711713195,762.0362079425385,386.91636097611575
245.64869249685495,144.77799180478306,449.84612962270756,764.9843249371406,394.9834366919163
178.32690497594882,108.78813038473402,426.10855150045194,365.89962389079943,308.7114210196897
212.44511068011778,123.56249616516162,423.20176988758084,468.8014990394074,389.42884159615255
225.10586253897796,184.55291775122032,518.9849467771029,655.7568075800572,296.28134042521475
196.1062875493388,132.16689088948053,408.7636934282457,499.9965758146753,357.49019775195626
203.9246713492941,155.7061208229668,429.3077654313824,511.447202791104,333.9467028746215
202.42268318513118,101.37891717689052,371.2232860253509,367.1685916163594,349.7709548007616
220.3136932909303,154.32722331450861,403.16625779729236,603.7189365102855,376.8988659366971
220.9395248954263,133.9265302097072,372.71480427199697,343.96795826907953,372.5087334260243
246.6637873948779,139.14943686010017,417.9338633345867,454.3249741950419,290.2061388734387
198.33545811600476,152.86600361311298,439.60711369627575,671.9097943402172,419.236357716774
196.26518618987217,160.94311090803836,424.31663767067664,686.524018312564,303.6385726728108
232.61469192069268,165.01909438689157,431.13151437244466,622.1292942450007,335.9297081463744
240.36113909643674,115.96486135958298,389.05851037323407,337.28426567598717,323.0330439121462
251.4890672110041,124.40227672666262,412.5858397619282,468.79926954984984,356.470366386424
224.57726995708214,182.35187179201682,381.71350823226516,521.5856210405442,317.3734697861425
174.80720763487696,161.580030835516,402.8119981139444,401.1608744862937,359.83876088915855
184.88717877058536,120.73362575955966,385.4144259083403,516.3555915552573,302.602985375162
203.08110096191086,168.61342419845272,484.15715479679415,505.82264449598654,287.2944452277126
242.48359615410556,165.34402218534737,524.6794854084504,345.46504305799175,419.1354524839491
221.15102376702689,131.63055932889174,416.96181730241995,444.3543643380051,381.1479861835276
198.76243132994168,163.85779854414372,394.94276565782144,465.4790973014509,307.9074492832001
207.39409227606842,182.80359083768315,469.2213915169196,718.2233763570846,341.7911593658442
183.3223313523488,104.86236280446866,429.797802073524,599.3041458406725,350.2077079761473
206.5250198276355,153.1180345156363,411.90405976349024,518.4124049342663,340.394184296509
169.79677544285022,134.77054771533258,374.8986346279457,508.0752437889922,332.9801987280865
213.0454384208824,130.367297294773,406.03470715859913,845.1792980622085,431.6378419203298
249.53108715917995,133.76512734778441,394.6545090847099,836.9628800457587,411.9928272286301
208.9100291325897,142.58178550894286,462.1532102127952,547.5707810332572,388.24675551095106
199.24968693648393,148.26508097750764,420.7124361343196,484.6137520107435,351.21932050712513
191.45838467444526,173.2862464115959,475.28171616467995,420.6756740230299,352.2337429780991
164.3841489265328,173.62857404520483,379.45894664662694,671.057704883623,305.20557932259493
248.747563485791,146.37311938111955,473.58682419315164,469.9926503601287,322.44147304983994
169.626617656974,190.18977901851807,501.90210974232645,495.09691736761073,355.8452147574501
182.6150024052512,126.12664038668284,359.85252997390046,449.26884277640573,271.77005417792503
218.40686477086302,129.72825137734668,415.841187467458,458.2952050274258,388.445886847716
207.22684548545718,146.2381577784251,421.4632662243383,592.9363171216622,351.3090593350335
234.6675467338562,177.26666653697185,431.0135697909042,600.4067623195606,383.04332964272464
230.7820429727833,146.92526855144314,451.7138322061929,681.0473164511502,342.63852393080873
232.06696303672567,149.07592321994963,385.4462096771822,487.758224832442,321.6161182044047
196.22984580313516,135.57669810990438,395.63946433054747,528.8596753758093,352.67582229058337
159.8880658012066,121.0074901450742,395.2874007347141,369.5733897193008,344.5080164719813
234.696073819001,129.7676670414361,365.4430509984512,517.87277198916,313.84532062440775
207.85700548458613,146.61694137355758,387.12011419659734,431.9704088164566,381.3394593928307
231.36610836352986,163.25392705255803,448.39772962322417,490.3628016973013,372.4246523699299
211.31889258754484,141.42417268235252,393.36281468470634,634.8825842926144,343.11499604997255
212.75879081152226,125.43911245488948,450.85834856902414,412.7439169447439,327.1513658256936
202.26386067616076,142.89793126021416,422.2822647579329,466.4652968683345,372.97268379260737
189.4375302924224,131.38218690578006,413.9345188542718,530.8665879106244,328.89121840397195
210.89697471066063,144.4775765519872,407.31489748698965,496.3819058137416,347.72257639809544
249.19726271960207,198.93561199741197,452.91094509500596,635.2635490408567,295.1236395009518
148.91058419974345,152.48719751694048,369.977601344529,378.2445492484207,309.50030901627633
192.2179102650778,122.2188600248822,463.07346724023364,807.9179446850877,413.1227116384818
183.90629610661117,153.37039283539536,408.64761399341666,765.2913803352649,395.26011963657396
163.4933876570644,177.47172041306084,423.2312928598684,560.4444611525738,344.6273118661501
164.32644377620005,133.22241643426338,345.0886242677295,390.80159332833495,316.52764009663343
174.87060359137405,105.20078799272848,384.78536531995684,519.5232391528381,350.769923712673
249.53252058713917,205.00421048058615,482.0053976368185,808.5013902404239,267.64789488479687
228.48407485189847,169.75661101512162,434.3572428484583,496.63509860478086,344.87425663906635
197.00329678148904,126.33167728621616,393.9603774466462,574.0768545350821,291.14196256657203
166.91733640934163,127.1836585335958,395.11809696286184,484.82615835734737,297.3483669021118
216.92288511116956,131.69265639982464,426.9897631726201,566.7815673757793,350.1040377132185
200.5298607096758,161.05869758561036,478.95466967487187,755.7519517853705,346.8935664288551
156.51393969117788,133.73193376190065,354.70502195022146,423.8251198322419,271.2973716638004
233.13484309024764,155.7719204826841,432.43885616608304,550.113679516921,347.73076239781386
250.59322004020066,154.7755501011083,362.03793833784596,627.1650767358027,407.9928019455932
200.2695930621468,129.97526747856324,393.575697712892,519.7562982677019,332.8351434783313
186.87387210605786,203.00087837145117,479.2860890482065,443.02784847890587,437.5140169963988
217.27609627834076,160.368676637416,449.27864788147025,664.597408281136,334.60085628147385
216.44336382723793,159.67346940279847,503.6639729705626,698.8330833920796,330.9919295113817
223.7491075851954,213.6321559121931,471.4344137540264,644.2791692529295,343.00209458626904
156.19674553168062,172.88650095093973,393.4036077693616,364.013633220961,387.95325722010466
156.35898105047409,186.2388853921003,402.848032945682,551.745943612218,310.2045142827634
233.43372648550005,132.69328748266278,491.43992393807713,485.7387457839736,351.93762747943816
160.34973526326849,104.09904063698814,334.8975211437078,362.9618922056161,277.4640508238698
203.13757456353662,151.72927677464415,395.705948475243,453.47724960627437,356.38967836591684
229.00178358143265,155.12341537281384,454.90877897662466,525.7682729348284,326.1486297882383
218.75287036014794,168.38969693157364,398.4698535163177,433.1082687358554,320.40704950424447
214.50399236163472,128.43555915130472,466.56171727890046,520.6988895684672,319.9011762942956
233.3531743527479,140.2710189130183,425.1912813445725,644.6427636201106,388.3270913275222
187.60793676034513,178.263599537942,475.41834565496504,701.119819773131,363.9393793169666
181.7079451402628,127.74244153419772,388.52059890540687,389.911711505908,311.57426515296163
178.94287715486257,106.62443906180876,390.25707848878994,494.9215940352328,321.4585935040141
170.97407549149182,131.04554781163344,340.4640191609509,341.9914170643331,307.2968797339856
244.49261012234732,158.82481846643478,463.8248471013962,830.394146619603,279.5799704455896
201.7083660779705,183.45680295404404,401.5811646136795,586.8631720012255,345.7076443444175
189.04330739991687,120.73284551208098,438.435505942864,500.2152488794085,330.0047981559004
214.93856107044147,160.8295798680672,440.2859824372848,469.7319172989239,426.9814126397202
241.13329293841124,157.63755602542625,419.7489317593399,363.56364215855365,313.68740500763886
209.27510735301277,124.92044619457046,411.2185156390267,546.458169976842,328.73368829828223
178.36975387221904,158.57515537612895,395.2938271647087,621.0264545879512,285.1409963711149
202.25116142604426,156.12646851716295,398.36630893629405,638.7218840158671,289.2701631491595
207.205110055973,129.61840402641153,377.5978268619747,620.6862964331783,342.95959766517814
210.98974305587188,168.70041707333382,410.550540288927,540.6237214991362,295.81959373736873
235.02420467911065,159.92173559583816,521.1236224932555,758.6206734216377,401.78363093339107
253.75459664131495,186.84628251601836,472.97503721888444,824.5333355486445,332.24030154667145
261.59040241490425,138.5596701049075,500.33694803192907,412.1793637320485,435.2719477041973
252.06072802573183,123.72235572940308,489.41050430047284,431.1391706817546,352.692554806199
247.33270956131608,137.3685696160318,451.38483969477244,578.2239419106991,359.747107445904
161.79702839424883,109.91816608266895,363.1135391008658,591.6175056227271,310.48870449359373
180.7264114380512,179.64777461851716,451.0173276059943,577.2721516181916,331.662431432506
250.7080238402507,191.16348955505293,516.6199209321422,651.2776437074718,342.77382470369065
154.01889175698133,94.58576399055268,370.2465422307375,329.1051853918788,273.304120405853
202.92432541308418,132.2240649639371,478.07370344079345,762.1511797155865,314.19947204931617
211.58154864571767,171.86006652311423,488.6712717185366,615.4753826168537,382.4615712226361
205.43888131801376,168.06587340812325,399.8972483988185,737.3230711041932,340.73212032909595
224.1826609596365,158.09753066088086,432.03718459323994,672.9446325423663,390.8308271413653
213.6876620170692,135.59961981467976,431.17289481932613,371.0374562838573,320.6779409245454
158.83634246006852,138.4727932961805,409.10853852159903,390.4009191520224,394.4550779970522
202.79445433860857,128.00608315933164,437.23604416527184,594.6109769837021,392.39007762448415
160.50540736408314,130.476803185215,348.52807107344705,471.5541850736002,315.2869663120597
170.28065877632739,158.3734792610651,440.3319710460499,621.9201145402408,307.5333368338339
214.72041004060645,130.62954008457825,386.89011076144055,605.1954963705209,323.52510714530337
220.15884799194123,169.5114145027387,499.3083363317438,656.0541467380735,331.7918061993277
223.47398516015377,191.48030853431112,445.6695029071917,662.0362128649722,358.64250556287004
224.45792770767105,113.91058736229584,357.7907769216486,703.2059574141359,312.1731693269113
202.9195936203309,136.13675266339533,409.9723122016002,602.0213571277192,369.40559676488635
257.53649751992344,127.21539006812758,431.3058259622491,467.3318883812709,388.20484304798094
217.98228944919373,140.66889174041654,463.0596595152136,538.749698524633,384.26979392673957
209.72476024872415,175.4364466179607,466.0117301151229,559.7024215002165,341.4492738778905
193.86367556419054,201.52814437905187,498.6399444514667,343.0080571239358,399.5621154450886
226.7096643684765,149.8704180963138,426.39505999003944,482.48591151739424,327.3076358135722
206.76772764357554,137.36233678931768,425.8437001023408,363.84817593828353,368.8976386995924
218.5872853374666,110.80717378774571,369.4178623851123,405.38948666897994,374.473825949768
272.6750782302817,142.7419955596228,422.2435576311893,584.1294882371944,414.21360349271106
220.8482633495937,121.39375168090675,435.7001203211856,458.37655704965033,361.0686295610627
208.45217303894765,130.8224797626333,447.4325637745315,342.5443788642443,408.60222723661093
220.39888155534925,94.84964602125716,338.3160420423448,482.6791645690643,327.02391336826923
179.9065641814699,129.68586505512354,415.90862288273047,601.6350836237569,359.70184594850554
184.9853043677396,167.14595765194346,402.4584880379234,579.0561367225228,352.5179808963135
203.88986154916944,148.56809651710813,443.1423025570665,807.1186264130623,387.5730054356903
223.1232242102067,189.7572657819648,424.7387308615696,654.3950516431192,370.73966370340804
200.46406390972427,137.11853616545022,436.0488102508871,414.3728318259773,321.7528980486283
219.82631858490234,136.34750651974701,410.4520497955108,702.4351195845281,357.90403311448955
175.53620971470525,126.88842635398254,400.0571752242822,612.0532780169641,344.6088701808295
203.9633659478317,156.6348125546449,413.9652996539242,610.1062155809266,403.859179939632
174.2839852496601,160.9501481812936,447.19487832945146,570.884779128693,324.3466994363746
184.778897245242,184.47144969113268,493.843099336379,679.0811332256869,362.21049582813157
213.34627938549679,198.6392143361497,425.25144386159894,589.2653026326798,366.0981897717331
190.1439993588129,104.29327431192951,373.31225826207043,360.280040383719,325.06825920857733
212.99973583988304,139.25829685046526,357.82932389665643,377.4706253293839,322.9762098714402
224.5496488289219,156.47033019721977,428.4053548307656,422.0052416766167,339.4691045389415
252.95850752725096,185.04897697817972,402.76816949245546,393.44217401169095,311.9632311356206
197.12007410365356,208.17622848229055,426.1307026894924,809.5117899678727,301.6298082931056
203.0625277839002,115.7670759239357,432.19313816998505,439.9106098062885,351.6939273578162
214.63959860803067,138.84422170801855,343.98585240468634,409.36879793459775,308.2027154134942
191.80962584045434,120.14766749149925,442.07467430730725,499.25372026332695,309.62696510979515
210.33467217758732,164.41443630060732,482.7207474666598,593.3621953504977,375.2210607616555
194.2613265355819,139.08752124773827,421.04012216256245,374.1968120626933,347.4103653524031
227.60124258431136,150.49544036766682,450.79889473541664,821.3074114377565,363.80122229562676
207.5309243553149,142.53385021337897,424.05000951520185,464.2824011753466,330.4280054791616
246.31619678153038,159.17785611020167,438.12351937713646,435.100957697157,389.5867559772391
155.1709785472521,122.31074511785704,378.76626826899934,435.0578986054657,326.4674364426918
197.6352090314683,139.84273964280848,386.5021575020769,536.8299782629477,320.03309568409196
212.91559241622232,196.03371785965413,467.01011663336203,761.705826475031,340.95916800290746
191.10691007759752,96.04977195598904,357.1611581305487,330.6140558877788,376.5408923161802
200.81499298753675,101.87481678553226,331.5182866168732,368.2838218232638,273.37032636832777
220.8004952284906,140.95107520560137,413.6946393114357,427.9299523385207,346.18649547639234
216.98030545327276,112.9303668149461,425.03024480617233,348.2966667151064,310.26586830804155
215.7737493797903,123.83313402832131,385.3311261198039,441.6944340731222,399.05232061441575
174.43709338012684,209.20592827780936,539.5670049095543,660.2423520783693,344.9307951000265
193.74642240925303,135.8870567944265,387.72860964153296,661.5062642595092,309.7673110539497
214.27169234390684,160.24863924056274,404.5368819258921,490.63447078421405,362.4005244437109
205.89978529619603,151.70123640055226,471.11921129049927,598.5544937860051,370.685588017637
220.08709751431093,173.40790341595638,391.25535481857025,565.3477696129394,360.4345435753647
266.80553131040944,103.83380453962846,513.1658274945397,864.0870233662635,349.9515810506969
224.13872601909753,111.61530854607476,386.53362626689636,639.7970657644723,397.5802679320309
240.62322190743308,213.81908074957806,507.62433552678345,835.9742125177709,434.06307477740194
222.70062358394267,168.15958719929077,360.1987330343082,469.02479704923775,436.8786467435351
204.00614715850722,166.93361113150883,470.05638431717773,660.0681168058006,346.0617815336561
239.93406345559495,148.73189339681434,491.44348473579225,850.8000970471934,341.93468072329136
245.32191203708192,170.42788036058792,486.58931495518766,549.5149317217575,401.9041588121342
201.8700341412473,128.38174541075298,414.3734547807141,380.9330990819982,305.7660216797414
192.44851905704095,155.72250302206822,446.4863246893391,554.6576168340024,385.93511352908575
183.07715222103994,168.70104254218984,419.1277295980935,598.9157033930819,350.3605465939343
211.20246836689714,154.86302485699264,447.98596478273817,569.4574878374074,351.23048159280626
239.00938974956625,152.01839922151336,435.44345079941513,670.8050202749955,324.8504948781976
197.02363190245867,211.74968229348403,512.934910127012,719.0206034700863,332.6021922721104
220.67177881231686,108.82104216232868,475.66129383833953,345.72701659897393,375.4224856832456
196.46869381196097,137.1596274100059,359.71783461565,421.7887770713249,338.7496358294341
200.78420693479643,120.72215490694454,437.68093210658805,561.1266095441736,341.0565995009851
214.52151787276085,142.86486206227363,376.0424198555099,358.67186090600023,340.0700702262873
193.7664857250836,116.25330658061746,393.68691855002896,484.43966748416426,370.29882176739557
252.94508853152868,197.5072218768946,448.06032752267765,451.11716695849043,351.8179705019967
231.6643783256016,158.01856565251308,461.22978190995536,429.41889567840184,374.56131502433675
185.57948027464505,144.848957764276,358.91043658480714,422.811459487935,307.6065025739025
230.7648112113348,157.19990329655556,505.3830754678696,698.9099480565367,429.5965423048499
168.97044514211305,168.26958568646927,485.15708555691305,568.5121117493776,339.29921979517496
208.0034798302402,143.6494869832811,389.0710442202426,531.6086043206157,331.2874165255372
215.25505080129156,164.96215474510626,455.72593726876045,636.7140370528357,284.40728533291104
223.87231619652474,135.76373485448153,402.65584129550166,533.2190634863556,362.7371757182627
216.31331963449435,144.29084892727204,398.17192788448307,729.9723589204248,353.8260450972604
210.99192391381445,135.56717668684914,417.97673926301275,485.0705142428696,387.5832671524588
187.17270540440768,163.1918386528431,428.8001238168118,481.90018142578253,347.27217615114296
197.72287232022722,99.87502701315182,417.1609370868122,498.3377270756593,377.1386581053612
165.06694042869054,138.9214867887584,343.86318558414536,498.29112233761066,288.43488339654397
202.056918318901,172.37362837732047,450.8064681398216,773.0503409979689,353.94707587452876
214.50384566991895,134.7397635279665,425.25101526541033,753.022395282599,391.96637228329763
211.9178412081219,113.91176740038011,428.24911460027477,838.5549431515991,374.46155263245663
272.08534745288324,147.36514546126108,509.49355711225473,768.7696332607122,426.22273643654535
160.39455222453861,123.58392620133976,414.07603813347214,511.50837117046007,347.23821243279593
183.95912415739417,130.85689322175872,468.9140291929744,548.2665229298492,342.82727992889124
210.22786288638375,155.13372739060614,361.9945060119024,525.4930417937825,340.5164140653165
203.9139672493406,116.21695749941988,361.71440314268807,667.1994645102224,300.4675720937605
238.5083039398554,163.00480016922856,427.64094712167946,588.5864152241759,291.33539710453323
223.2277541682968,167.95748388140964,451.4645038188579,483.59877761010233,356.02909054150956
237.03670209685515,153.69575722244727,512.344465875549,671.9693096820271,383.8494241748181
206.15607523222232,190.22822985494358,410.78947427383076,398.3924528656244,279.302485137413
175.20817589896996,118.28139033943235,380.6931091635163,536.1922554324777,267.8449373111589
205.22327529546837,199.16135383737085,526.4805244171226,768.532706039911,424.2243820739996
179.4898045100161,108.56377611247565,402.04740445025067,562.9944282393039,288.01232246357523
200.86096123494195,101.27047846164507,432.66212742954724,588.9996981184956,363.33098151815057
208.64010106630982,177.49722579198027,385.8321839641203,461.8773190880279,391.54163104523855
209.57073691891236,194.26518142602345,503.0612612346848,799.6453296102975,350.5838862623925
209.00932311829268,157.98323240095567,461.81761773556406,848.6327768686093,317.4352477757566
167.86101754131252,145.5930992964658,383.0102584680876,351.0630552472261,291.74522278777795
200.88886471249907,175.27117970742026,406.285418816494,844.458778770096,345.1360105102631
244.96899013342028,183.24930912896534,459.61131892379757,759.6375838677864,412.8087659422364
235.37738827444164,137.6250742730632,376.8069165218998,612.2481432850693,346.3568785573768
253.91855000845246,197.2516408158571,396.4652002404735,840.5392636728832,427.09585870534005
206.24400076864237,151.59587332287776,460.1306740490359,676.5440824161024,379.1725591112288
165.38372568147867,126.63995554514048,362.1300940448381,391.9247593106763,331.86890003613235
165.48955284008926,148.88371677590746,405.7358993531427,505.40222635257595,355.56720444707963
175.94673545484494,147.5731288496334,394.31396642189037,567.3880567628074,283.88682438848105
237.77711698830268,139.88327634276803,428.73318693529427,432.7712318649592,320.44344460616355
186.5760129921043,170.2152013398241,412.3220287254228,591.6309868966741,352.0928362773398
153.23158716343912,102.68116902844892,386.46604475462,343.94654835317425,287.0949996323386
198.6446732405708,153.4751175771476,441.9789635252533,824.0244460039215,420.8582239631918
247.95423942657197,140.4460282102931,393.30207743645605,410.93562964326276,371.96096341712166
176.18383244657397,132.56022809424388,461.07757840246427,626.0099275748672,333.240778040265
244.51287286166863,185.34454114631745,449.0674057347603,582.4250359818939,366.40239322479897
221.50352999246124,190.24439436385128,431.90262349014364,432.22678265710897,298.37733857685714
225.03754481233779,136.0446005730416,429.8209429707232,677.9346773121822,350.1025219101204
184.13610049939498,133.72404448023056,413.4587339124689,485.22741032116454,299.88581692976703
182.34793529277178,141.2349780933697,371.4498396733441,461.31484782221935,329.5917465519738
224.10378561100782,192.1680811196984,499.24325710115494,587.318655004231,353.3534071622252
236.3682277103014,217.06843845289208,507.24774804605397,693.5586803544348,346.7358225695268
196.78849619414834,126.14916143826754,454.4148545012169,497.08360732056633,366.51042736677203
184.81047491314305,145.95835618299526,423.41523298239605,414.07656004750555,355.62823509069204
150.29152868435207,217.76088142474939,381.2957423997503,744.7305031939261,281.3154510399447
166.17540876227392,115.94177043139983,407.8272486865461,361.71835686915966,350.0550157693333
180.3672259701722,140.80219181503924,408.08644897885824,573.2502168672613,321.6110463538313
271.77881052363927,136.87025005220102,389.0350636093445,575.0148659664998,310.04955535547776
182.48734996915732,123.04839464171089,417.254834232465,630.6691753329233,412.70712015599827
196.9507980857021,140.89513209474075,378.283804827361,510.3220664100191,391.13676858105055
243.1496410946778,157.46377070088164,475.1473882864144,581.2307289228124,395.55166522409786
195.72413622796535,170.9730758327879,440.69017053740635,652.3713445219821,374.05982871274114
173.649528807608,125.27622733352005,347.41044887809966,585.0133000103092,321.978422942288
204.19110025927944,184.59164131391518,412.5215235819703,547.5503601478564,306.4440051302562
227.47048508900357,137.03486945002552,382.14970610149146,461.1282794536306,304.83508775665433
212.48894259063502,204.31912728417947,487.8199627244533,871.9192347223349,373.69401238373547
217.97127521609008,204.42531176690284,431.34479143509293,520.0401923319882,318.59396606374116
230.19366700861912,177.6735204272489,436.6280018771769,523.426322266287,302.34002380419355
246.68502878704464,150.22597287428843,481.06999645814034,659.7489983266296,354.5952842587812
254.51732861560868,166.71232060591143,536.5250800002326,826.6009486301662,415.4471159129236
254.8455252493674,125.69356153851847,397.22744168155316,419.57269016463226,364.7595701308999
216.06908963513342,161.2585718709094,436.6492641433255,536.548466393628,367.9321670803279
187.29557892855632,134.65426061996982,391.2115821967954,365.3011919169623,337.89272708534224
250.0735234812207,140.8421672895725,512.4066336914333,597.1911452611333,369.78629965399557
245.08024638387718,149.90547096040353,454.8135309409832,446.6692303153332,351.56597927823515
204.23036285892664,151.21130884255922,487.55744453077796,640.033280902144,357.0623262408459
203.52459331999285,153.2325485770549,397.4485030991818,387.77805676074394,332.1765054135882
167.58815668182766,114.95132997903463,376.6640734755859,575.9810568103918,319.61345631313657
246.57042445608144,180.11938387773677,488.3655531973125,478.3539542825267,393.8504756118191
224.77811543408308,181.41759981663807,496.5451637549285,664.8899203375147,395.5616640154688
177.2288909218065,132.9971562620965,422.85627937994786,579.8211463150141,330.25453793588133
243.16589930799876,161.16872558897498,499.0893054688367,791.1298630970214,302.4754144570712
190.22887061680893,149.7962160085257,414.0359115353397,790.44494631418,426.3567945506299
196.11843373275508,189.10572472064715,497.8513476468117,841.84054083479,379.8651473477538
204.48035545662552,145.06357745020054,426.3200339533418,632.0159214498115,378.50848391786064
201.01389333292624,146.39208492136962,328.85974130208973,430.1174752504179,301.8683013595079
163.51763786862148,103.3055157650119,423.2857654364309,374.0300143161917,366.56260506514843
192.684766300199,194.27430140570536,499.77220145045095,835.0560233022798,315.1476987314552
217.47220830868014,147.93905460322762,454.7116117187933,758.4033506135387,355.83994589408627
184.3054826280366,130.31519672206508,407.5448878559617,355.63401188935444,309.88259456160955
198.88378919949,152.43707956098348,421.54939980878135,504.77516003004797,360.4544386317875
189.4327837545833,207.8296544239525,370.99130334367356,588.927489834103,296.2168936515579
236.64964462030946,108.22817005895688,457.69271601181424,600.2773043868018,391.79029596402086
209.34975739518143,150.65470253733437,467.48875431949585,386.0361695946306,317.6718200149558
211.36032055984094,210.32426514910773,437.7135435044854,627.7988979746633,294.7468674012915
226.1098251102403,131.21155252599166,406.47058676192955,696.0694669389915,407.70567188780353
202.14734907890724,139.95165683609827,374.9937420337168,462.8380910891453,316.83291552678804
198.18751110510894,140.02910308140943,460.62176785633096,569.6314002754665,305.8463847655317
227.58549064491544,150.3868799600645,492.8016717913536,446.72138275659864,406.9419277789698
179.82191284044976,148.05514364599296,426.27489067923494,572.1868051717529,382.65638210757794
225.79750168902228,147.4224288860792,488.75369206232887,686.7020071189544,323.55101736235883
210.88847591900517,172.6313673392565,447.12054228598333,586.7500202595346,314.60711386129077
241.77058596392428,115.82706029741891,448.4355804769235,604.2957259974315,388.3634987281629
210.1799583180964,149.56627219587483,444.0784630188035,591.9957441697585,362.2912152991581
211.49459098016712,128.4366055995243,469.81398306732035,403.12046924964653,356.1321392115165
238.5762780233324,204.3995659093098,430.8213959383565,779.0552684533652,388.21684678465346
202.1055743907315,144.02613324001842,496.3312745687378,442.3084734818214,395.87437220960584
218.50854009067066,180.53975676808102,392.48233188824275,345.3561412326698,329.4908593889765
220.40309255313113,151.68111596321745,510.2996347054295,461.00011141571895,346.1612075990846
190.29678227813727,130.83163416219074,389.4652139755968,652.411026088871,333.3237719507935
223.77257139987742,182.22192477590812,437.4476324988607,368.6427024840635,279.2385246765676
210.36837939801978,116.97901363559747,495.08224713752367,726.3922684383048,414.13015126368015
216.48988487957766,157.81202381036914,447.6557164613498,534.7526100797328,349.4856168784925
179.7845934787444,161.93620564783592,446.17206317010493,708.9056738553857,284.170411555686
202.00861867743808,173.86948521721044,448.9159630086929,552.1996567551495,337.8369187905839
191.7729130449166,121.34944886283921,416.1006600908813,513.8323101606611,376.9384273017107
156.14717879471598,148.91107320187606,442.6217054248939,581.4545649313562,324.0190762109283
184.36869002518196,172.1307741836954,421.5302132837288,443.0693329049082,311.8711983968223
231.1115210569464,143.78140440356287,458.12014923185956,595.3626788370224,389.67322805245243
258.9051372323522,168.56701015783833,454.6459605255557,575.3764465708869,349.35311016254155
202.06825766215044,207.43969952957272,444.60415036762964,728.1141116012509,324.0063540692969
177.16812242008947,170.68326368293611,411.01652381663314,424.5630644079821,381.96273320943567
246.25036544743554,166.75300596345414,453.79368194609265,389.413233831502,375.49918023775456
188.4582007844929,120.69086892200538,376.89038357527534,542.996248810982,357.32841651280535
190.12795082553913,157.01885644423663,459.6653996340959,625.5638053156061,328.51919223382566
215.48519965026537,161.11658103643637,505.3807816001538,583.6088932771752,356.10833830779075
180.66831149062577,141.96298514139636,492.6343388429847,685.5273051374355,371.06244990719784
232.4816856703528,120.55805079354948,448.1494213297095,558.7173385412632,346.06909655145944
211.92403362881035,182.063524323238,447.89824322387636,644.779921739847,324.662114203623
196.62556123871127,121.49030436278268,381.5575881303314,525.696999734346,347.9536486977725
153.4150777088964,159.33287106201854,413.6516877622099,437.2318718379558,287.21275061451473
208.96660959145868,150.94393273571472,430.1204151385948,355.64137841118577,394.2167799517791
180.32646526569266,167.41922896720808,419.6639989226355,418.25695267261284,355.1338695359844
212.9655678056,158.24772993135667,459.2697471715217,444.17958923526834,387.703694562766
228.32660428532208,156.50147916400854,500.12781441625805,520.5355196734679,329.0188045028691
189.66507102458633,172.92336127507286,383.1002773865143,367.1331090018663,344.742137242218
208.39590934790635,144.1490822406993,401.29712556750144,505.68386195119956,376.74230299100947
221.11066568302283,113.86760614300374,417.94789239153744,472.3187479706273,425.69756848308134
204.40780775348324,146.1953866264038,381.4525363403844,513.740490900546,263.8371720695139
173.2255788163195,147.0120632563439,389.2381391930922,476.69564687068333,338.3933328542281
221.7129022433948,145.47480634925088,499.2998526178543,457.19969817522247,356.01673649382764
224.05114653371234,122.489418951005,365.5030778310896,457.4789548937116,396.52676931430875
204.64751777403723,153.68196941471615,382.487662674133,676.263918590854,379.72887529997763
186.95889375713588,117.58230738297554,432.12590688714,501.2594692080724,339.75808858422835
182.9672109516466,106.3347020795938,422.5401186378176,571.3816370920099,330.5723195678288
169.0012237612756,119.03275065953636,429.0321837119181,623.0547067801082,347.13115342742645
167.7136893422381,176.59285469013722,434.47646691441923,644.0715356478078,274.9351309991275
220.79086202150958,167.00793740689573,490.11316317048346,624.5229506097314,361.28052586916147
249.49449638382072,181.45754154709613,395.641861749692,618.8228499438065,375.1633985054137
201.35262924612542,159.61469723551454,395.1694050717476,499.623188531729,304.34658760328506
240.55873294213885,134.9185608209578,438.6800565011251,574.6952267711488,406.9031896102295
189.5819545776876,166.17269061326374,423.65219803133397,659.4091881308493,323.2582337708622
245.2795815308087,136.67332283501185,415.3348431034445,510.25336536932355,420.81085963719215
178.58594262268426,113.72295500826075,420.93229505568223,564.8538152173878,373.2165999874118
188.84875478661158,206.90240324363637,492.8435061611994,624.4006328033529,270.6467871295995
229.28559813739216,183.2485166369312,482.00102639203845,778.6487831955704,317.20260021398116
231.5172382487964,198.31827532577418,434.3312259988656,482.03875772619597,337.13366337800534
233.77879041424038,139.43215214667856,397.0062742265156,464.43550042653726,344.1887967767072
216.21830756775393,137.93289369383945,429.21181990646375,629.2329411361881,345.4654489739753
231.258100106256,151.59296972355816,414.02254399875955,445.3732188869622,335.388342596495
202.2773864362322,121.89253681898354,426.61088077738145,366.2647612456502,326.38002489851596
231.19921468058257,162.1158382662715,424.4381242101651,630.6707631880751,377.75381463196464
271.83589264772405,189.66280336343988,428.5622238118643,518.1729514373667,393.58910170140734
152.07723953020965,141.17812837971766,419.8393823510415,804.1591096937218,337.7562158432091
207.79649211472662,188.44999491316133,494.70693198551015,588.58388395856,348.8577038635527
214.81174065307889,121.59300473245672,386.7159606126084,598.5782098839828,306.4890474335244
193.60032887846373,138.6028486430481,490.0497363101476,392.2823749479618,343.80207358947047
157.0052151770948,142.84674518383116,491.8538594000662,572.7557348744066,362.01168566971927
196.90658912999257,131.59187658915334,410.8150677034786,637.5287452397158,326.58735149096987
180.0388556307334,156.4793992809167,419.4692872033362,485.74461767021756,349.2609248461059
213.1848945730386,132.6067425018899,359.1571710512414,394.26416607890764,406.67133530555856
240.31257317582813,114.70343853329179,416.8972426564485,422.15175347814426,290.10274215756635
181.70142109420317,163.12652494270557,430.89908522193286,808.7747893388395,328.5856478502846
215.31024480111606,129.0494963345034,376.13427585150043,371.1120400278839,414.6343991201848
222.3790967857961,216.07030611871014,542.2164049248338,637.7535596792653,437.875924972703
223.87671264404275,150.96502269082274,466.7501564410849,631.8436379046152,383.3285417866985
176.826936248098,129.43453181910525,421.48692072286394,479.4228277647961,329.5061250714856
266.3658459826631,167.0773100087827,391.86727046574504,476.7082856604554,373.6869353745575
203.53872456556846,115.66927137593372,403.84806207779144,643.3388419421252,314.8641546973543
177.70246414532102,138.87171825951236,371.4412347086102,452.8062381009919,350.0868301623834
205.32773364015617,116.61190312600228,419.0359886589678,455.88963957309954,301.7643258035108
192.6502077194,165.43741254447664,406.0233242022791,504.46825136092764,285.8176966480721
260.53303167789534,151.1779074632305,539.6023285757342,778.2850573184896,387.69351717786884
176.05203145669813,125.79801189798214,401.40921414540435,454.22095884946043,334.68584952440534
164.1733404593695,113.66419496246797,375.6375502655052,537.0692685544055,392.0667974020978
211.3983198562404,137.6970231275866,461.9560412869443,449.1633298526946,432.7188536103565
184.76809647668682,179.62023184479796,455.257838237358,573.6038661717974,353.58252782495003
193.8893748022147,128.95098989069172,437.1467552737027,507.7324914265089,344.13788132653593
198.2488000565713,149.5094031378597,414.6331987716213,514.8015614591023,334.1937200665154
192.55256140351722,197.88289765803256,428.6538431282335,523.9657833522352,326.57588255207213
226.17824684818814,162.52357917481788,418.93802306733045,845.437349228287,280.40608015850506
213.0270516133784,182.17473599218857,536.4317291286688,666.1936063815052,409.4320214655076
243.12474460114515,151.09859350496296,475.60995629004026,673.4601474537586,407.1551937018914
165.72481558588152,142.08475005027915,382.13541460224104,403.19516587079517,366.033483674832
173.5091929370593,135.66817620952617,453.1495596989443,452.00270988942975,346.2418948668035
177.26372094971683,151.2749541538766,405.8313262559886,693.5245351926294,360.05057955454237
211.41869660954947,149.1009355130801,446.73142090747893,523.1692434512308,299.80741273223066
204.7584723895176,181.74085164760717,437.9832151128124,595.1790442137032,313.33306773732954
182.14933857340122,104.04628809049065,330.15481699320674,531.3698525295024,387.19465854203577
251.6486663038366,199.99998603938977,481.84007265687137,694.5000224713335,410.3409218124963
153.117659116041,147.51460823533859,389.8832207375642,581.0309576471816,279.4700869139489
188.02862362429715,160.05251007673226,412.79922890395056,505.36077155287074,349.9934734097683
219.3491245213469,149.15293954348584,430.39580814841435,659.6817172029487,406.7365109459351
218.34570282228373,176.967281114096,498.7080762995018,387.8719936274799,432.3379970872613
224.13528968226075,200.969851273108,478.17466243376316,605.5332589486615,397.28423114781657
202.31420354317632,148.83348813368326,431.38163117579006,495.254401193967,359.8874454027557
196.93200170556455,161.6459902588228,460.1440158331337,541.9648666898478,345.33604741931964
208.8820954461084,144.95521572124193,420.15060455130146,609.2711454406221,311.7369949085463
192.58064204696996,139.58703513950087,414.4335692268,525.1140912719121,336.6669075159778
218.8379001684557,115.87050092656987,431.34626113940993,517.9575668270483,369.9288390596313
230.98694149971362,162.03724583891463,520.8641118734162,859.1323744403953,440.80532141789837
152.85596684181414,129.99906177964434,397.2362908505968,382.94611299224323,272.7845472198528
211.92319851355745,128.47373831903712,447.8526024868968,444.0921834691558,352.692725024505
199.56007029425325,148.68240359170207,442.81834127681884,627.8369727046784,315.05317113375844
163.4539144894144,174.12261016553498,363.06548716428614,365.3360052035678,325.4961279520926
201.94317628368543,103.60099768181337,347.3038942746929,341.8930814287293,325.62070749128065
192.9536098146864,132.43722311942494,378.8445316079616,549.356463098065,323.21619422680874
256.99462692125985,224.99288341532073,468.7703475212828,832.0447369000216,342.3565132237525
164.47610316051683,149.20365790837297,403.4463276498976,656.3339235787045,350.6516480692057
182.40032060310514,197.09941273511183,415.407716292782,624.5282495311453,287.0066286586745
221.19636945942406,117.08034485654386,383.251391341387,358.8005810896866,338.52115463078565
198.1463250521971,125.81737311955858,416.48057541126286,492.7218678502343,310.40197525657857
208.12119212093407,167.7482903759647,530.6600857579961,537.6947784254538,339.87439222568
254.06704614727545,137.94587326939083,470.36776987865824,736.4284011574753,376.2257765213342
176.97461260362013,122.34610491724501,392.72360108580517,424.8597796820848,324.3197402685618
180.04666971812648,147.83863483888805,396.8415976425357,554.3285611262706,308.6080152277711
245.09303332149946,173.52669066545198,466.8912860855033,566.0194600700303,335.15594698301976
270.37420488191833,163.64832487461754,403.61580207988766,738.9627883619039,325.4512791653949
215.86461531568085,128.28524365821156,430.17190521701434,488.4661415696718,375.09396603743716
242.98933928841433,188.7737552373419,531.3079601157037,738.2916302415507,395.0597944037924
192.28907622824792,119.16609175117834,330.2685406826231,427.7765274842963,303.45405541619317
223.74952819703432,108.72986050391127,379.27841995744745,401.6875251672157,311.2266234460823
226.02421095669123,185.5542439215429,459.96634625446376,624.8266359766266,354.1503242353499
200.40147675063326,99.02935268877461,353.07121241750144,489.81635137160185,329.38779229965354
224.77377254867278,130.17912886326297,410.49101328979793,520.0361523920421,403.9440027666599
172.28830673792646,173.22564266000606,471.0317237753196,594.5537223625875,338.35528926916123
213.50952073263292,124.68775129124467,413.36509435118415,489.37519015470684,316.80841894660637
199.0286978814091,161.15915025642718,478.33734224716403,734.8769789459316,329.02501387285383
163.29301055123915,124.35598694253018,475.871897909517,364.782923151845,389.73297184394175
206.89261313928014,112.99202221417046,340.6072075183923,410.70043981864063,305.6909353242165
207.1082432879208,129.24773970278278,419.8433158810174,541.852793935175,317.0246695894802
219.55997182866795,175.56334499768505,482.3855414410156,604.3990159856747,380.47915486572094
265.0321394231152,156.4097696084433,453.8090886523734,681.4892368524276,385.80693559446144
225.42058034245883,158.44784685343242,454.25060458400117,701.9012937600705,358.15201836966224
155.46198693382144,146.35114077052287,400.52020295678693,367.9209233310749,325.00632713891423
197.1612365452662,138.2856556288656,442.096104573178,449.8230752045083,312.10193856946046
272.7204966779371,225.0934708314914,542.3064723542182,642.3589691170806,304.68731099522734
181.42981655158658,109.61545999644144,376.68833120148895,458.09121930510486,316.8453508962996
155.3398848434207,122.05825250222048,369.10514166135243,341.1637209082326,372.13936571731796
238.04687908506773,108.08777051234225,475.3739300566581,757.0294693363724,315.9826976316679
203.05324391339755,165.00866481780955,448.10232459444,471.344002730413,364.8321143591041
167.32768285423654,167.8191622927104,402.4579923132801,500.13136289322966,338.1068601716373
229.15866632718283,165.5578388040869,439.5178675461244,662.5270291273678,347.85160437615014
206.88461464875076,140.92595900735364,449.4082120816363,652.0589587944332,332.8319938635821
177.36345196007974,131.190942002669,432.2553201498573,387.67703341422845,338.70611602301545
194.04505584347638,154.79785099889355,401.81649749111045,377.47011689611315,366.6791886271517
202.5755381333565,97.06646555655095,363.71300481203446,341.6604390366954,353.8053404757111
249.71466566503457,126.01371785410743,427.30936262418237,388.7577605657352,387.06763613113617
229.0595796868154,182.3925598613196,511.52256828036184,692.2408055438136,351.975840332874
220.59881035780637,112.73998194997151,370.1670161031265,485.03286825107307,333.26123233944696
200.2260377024038,163.63629539939353,417.1843773047284,646.7250901744377,292.44953833026415
225.51143120527007,179.4844353907402,428.22368789185344,660.9203502255036,326.74932305790963
249.98595379420811,117.41133438265818,415.06597843393916,408.2820367855203,306.0529988332512
193.49040345867053,186.45448238817198,413.98907717443166,597.3158561043817,360.11937767595884
231.30342766499462,110.50647550638793,386.1940362291495,384.063896574434,354.9937185216624
193.4425639803796,124.3820068128085,398.969297872058,449.3202386767913,292.61316579902615
188.1014649147452,142.08500034707066,351.49980159612335,605.0734989966102,326.0490504417304
202.85010840570433,176.31211417253647,463.6165086181182,816.9182551282814,396.635726908412
182.22993436192576,144.26584242632077,452.79765713549745,683.3061053118083,329.88756884577066
261.23688416574714,140.93200315564343,462.58643398882566,510.58396861756665,429.459486651003
203.9708673701285,137.269434788513,399.7795681080239,425.65997698502144,360.94751274412175
196.400950768111,170.85888574110336,468.1031231384453,694.4989355367856,421.0433145001463
214.80005472325752,124.30207187873141,434.0062596281142,766.2934745279689,374.1481377770348
201.0542286109872,138.39042397664494,366.991597183042,386.4050205743238,376.69700281622784
189.738615247419,171.81319408640607,351.4407608651967,573.3964803010075,366.2545207475889
205.6843920693765,174.34243017721533,480.1601912822051,576.8330490646495,354.2750599406678
271.0866301629694,155.4292671287512,457.6559263759847,425.9069828893623,425.10009478939276
172.23398692393783,157.8438982465346,387.4101321787624,554.7527644609243,318.84841992768384
240.7084160354547,105.14906395411319,421.8576419721946,705.5794981637979,349.1678811647059
168.8345562774007,147.38679628091953,348.6664912556725,377.5003560841172,337.2053498792664
163.676904439253,187.25433376556668,399.44338223843846,612.7426249012225,353.06156824108206
221.98229635513516,160.8091698632332,436.94885826930755,583.0543163045322,298.79157581770954
233.04275119668895,158.95472239747468,428.8835242918588,479.08351132492766,389.83443646047755
177.7389162083796,157.95026938915393,442.16230982040423,768.1909172070342,360.8963899209509
186.70130954614052,117.82426238065518,409.791695191083,399.9229344543385,349.76435528436525
234.27897377480357,165.81227253727275,481.3820965813484,645.6124737159049,441.4983706123277
220.36897648901368,187.54123042212433,540.2122112221433,871.9516933108391,328.52441718880783
258.5215183127594,172.8893062633663,495.5018708571936,588.6219419780516,356.4353617118661
197.17052058640846,162.37243782572222,395.5894649316043,529.2169360189145,374.70114824707434
206.3519570992713,158.56724804540863,406.39304832280334,378.74309310382023,337.8993048410314
196.6140129955383,135.56746122058638,372.93606832927793,410.55548428481603,308.05604647424786
205.84616761689566,191.42081673649747,434.40642845439646,840.4886901307744,380.8345374128042
199.09340252076043,138.3536410953974,394.4425115098514,496.44585799018006,361.2314660140647
166.35606737385868,131.70766883190566,390.89160714868814,526.0715152610088,358.2638734372018
245.52005036819827,159.29022508185707,434.4929493529509,645.0064517956822,350.7042627540592
199.3955163642474,167.71150442260753,422.1413736889143,418.19588094167636,333.1979877235872
152.29733636638474,95.39496014295057,369.29561392402525,470.05755524866646,338.2676427161829
216.3013402178534,171.29308872470637,425.93050753365725,549.1281286281384,354.2672722380343
211.91771395506794,175.2634607450178,397.9042280662987,609.9624025273189,367.77037378749174
177.8444845601179,115.55211637859563,357.1603026881641,360.4314520852869,313.29748379937064
198.4520244327986,183.60759754080698,427.4039922170908,763.3892721278655,286.0808792853508
182.29637330746533,123.3142191416233,383.3474054013538,341.053685951621,300.27041894112654
251.7673497387887,174.0955446555659,430.2323200230311,591.7085974030776,317.8637228236201
213.07146117955384,135.83630978002282,437.1830710166858,389.32597771031874,295.4942783146513
198.1703606012167,131.0640549530209,445.0410494271868,711.1062951330742,360.71086391751317
212.8134973847895,145.55034515816598,473.8773117350305,609.7819301361112,359.03712376854133
225.83931177166815,157.84002399185994,376.0077321454618,686.8528899659383,352.6727497935715
152.94992755282888,166.33963674860692,436.67166945220174,388.06796416393144,369.7673239003506
172.59960071526928,150.5861821861502,345.92980568991885,491.27019444856336,345.8679085334535
187.40192838592483,140.06309657059919,388.5761245425704,460.9693075584702,301.15848876718815
187.7574565174991,216.0053222996822,543.1531132376552,532.972626752209,322.22877145348264
249.1500071135028,130.17706532833208,439.368999019007,475.7620640450478,391.32794585348284
165.39294621705173,142.23391840591086,522.5192894105837,858.943891361776,423.6083921212483
214.64659495809443,145.13127704835077,402.30169003932275,419.3805175793539,351.53106201466295
168.30378960648082,97.77474913974682,366.9795190076776,369.12201187053194,302.20629265197135
217.05877362525183,183.53630943843044,466.79585738935396,509.5199011678985,346.78203948430536
222.67277255040122,160.46090025787288,429.29741930810866,855.7602698570752,384.118691532378
191.62334328494416,166.90490172073802,444.2181272921895,649.8671511035178,347.1297254551873
213.171455590678,148.58029697398715,479.0532973451623,598.8233949381407,401.0313663343735
185.07259014810623,106.29227288391965,418.5895471401608,530.2452355695826,329.0580646612249
152.43174686306196,102.770394709396,362.4407663616568,453.42606543561436,313.83120382661923
258.577757545977,136.8645020706,427.5755345487337,735.7400021372944,408.093811256843
216.575481391688,100.74370270296609,341.46675084763456,504.07787596881906,313.78894669916446
208.03954478163783,143.4497673181082,433.4738395604933,338.82862022238714,406.98582299879143
207.49830135401473,111.26141584322954,466.46506065845665,484.6307051962813,349.7012203403609
197.31784851332748,193.94978887319536,467.40542342099536,364.84806403811103,338.2460648621598
240.8575327924205,101.49334075163587,384.97376812797205,360.12383194178454,317.8707370146432
214.45827333755628,142.45820386313468,384.4275022853621,654.3109326983015,343.4874915639871
195.2293625600114,187.2580451403653,431.0941161755845,648.8404785003582,365.2470828144676
225.14617578954017,116.50519614409926,381.23625379802564,413.47217905136995,364.77046105321375
215.77245872086738,161.88242233794938,419.2854233799255,569.2062234471224,375.1066930305089
199.21404422170406,172.7051318401164,445.0485445820129,461.1336918757349,305.8458210383408
171.1994708856721,120.81532501025482,365.6451105455692,342.41636101910166,350.2044258739222
168.68159790879122,148.87144471328537,458.03790484790613,333.69852250634307,322.994218550209
197.0354513090414,130.66076355605784,405.4817398363346,491.48602282995665,340.31659244898793
196.3226838259645,170.36522165439524,412.2912696659695,678.9826029543243,357.3990684927034
259.0230159135532,157.29496329297658,415.8003506959654,645.6215679815606,357.7304828597151
223.91903537509288,126.03041942046683,475.342242112421,866.1563483175037,322.86167631631196
247.23535416121086,149.98020745885628,485.23568554199005,840.4123352223402,403.0102302231168
242.3600087774696,118.99919137210408,481.19630772598856,624.9156449950798,361.55010223191283
234.98710393014179,138.91946552820306,416.2398890102628,688.0793754669228,334.4447243831942
240.13720756433227,187.8949992663575,533.1373948568656,664.4199847793288,424.3439239465732
204.48859412649327,131.97850231445508,408.9037302608121,536.4553600484196,314.966788788071
185.9858715972275,145.14636692399873,418.60432975552675,460.32909499100055,310.25136838000844
176.26780685999256,147.89571032555685,457.138998284287,444.5337727058586,301.50493218035933
212.30683345826958,188.9830213359155,509.0346941466901,578.7978883408848,430.979768238321
248.32360681976678,182.0790064989398,445.35203331514595,669.4879802353629,382.4917476493414
156.5363130518061,118.2626248427148,367.81272280959155,582.1114646022586,308.4783325690657
247.95628033648143,196.12300130669684,425.13581990158366,463.4986919336077,329.7935646935575
226.48086558040387,175.14416185281294,460.9386055150378,495.9028612401582,337.6286429410661
214.6267762681416,177.75417027760156,449.7279941313329,598.5153175672968,349.97936977491634
232.52311198920916,142.13655205621774,396.76324572031166,585.1437884946764,344.06300084672165
195.27741941182788,140.91821764085256,383.27355225146835,429.4068338612315,324.5676982141346
179.2372089307531,194.70782238779682,418.1807027493597,494.62413396384744,337.03980704387163
186.71199232752767,153.35535506510453,440.7985353640529,531.5785995117362,290.19338060414447
205.50441875407233,147.9501629897346,437.75817083222,531.791023827826,315.4914701987781
148.8490650043988,117.3970358661834,367.7850434216377,629.8544853669339,264.3794786594351
210.7119804722051,150.72161513739863,347.58483704900635,497.11369408651353,269.8333585419718
198.80999504281053,131.77271720251804,448.613606429657,675.916302680457,405.9282057591266
182.5039763303611,152.47587676349028,404.8142869050427,411.2767135114647,334.0248529571116
201.9727791551492,126.07528344687972,467.063825706595,635.4564502098503,339.3277438583114
211.60936226871445,167.06431427964054,416.5597145344867,573.8252613523383,350.41880011593804
190.77420932161627,157.24985848955626,456.1742778764408,619.9695863196961,363.36930093762624
173.617047879139,122.47475053301046,369.44882484055745,518.670195985084,379.9858351829287
165.42866527751013,160.62495350083233,335.6219372858116,411.7826068768409,302.59372624379233
220.0989319434661,118.06363775415493,410.48138212335164,547.0265966845782,371.93246076308037
201.85019202628885,104.30067969036095,400.2113998392573,462.7680538504599,327.45700414915694
183.7904802248612,168.47969258367985,366.24020071955823,504.79874130699085,296.30697855772814
207.72899562697503,165.8506566948457,432.4758599918148,648.8774242541598,352.6951945230371
218.7849192222764,214.34704598448508,414.4725168876778,416.93236466214904,347.50019896070137
268.66111981367317,117.29520338300333,530.5069703630342,612.111748840702,390.2784290139638
187.77096863723096,133.04037211884332,423.83176502331463,618.32051256801,313.043614497529
193.88307548745567,111.81250582119101,450.90710001064895,484.78443274049374,370.65285598323493
151.0245301118316,178.0649335127393,409.3383898988783,588.6535677422808,379.1713484561125
187.58365149113095,113.94736153464005,390.1323585767014,377.51250931070786,301.95267523315147
212.5290165513975,116.3703831121264,473.0234690430701,497.66106081091084,357.70738199622787
200.16265238756029,156.51282136775154,460.3168230728937,731.8975941174072,352.61703252374156
261.11044795551777,197.96786178404392,424.32056506105585,523.2223967321669,351.207558698808
194.48093036125718,137.91938541219878,443.38183415313154,694.5329979308834,357.9641770839037
227.79756232538375,185.63494153474534,439.98983011036717,605.9262915453919,361.637294908371
169.22865022374356,171.5383702094324,420.7500408729603,405.93528403519224,329.60026635170385
207.232826295936,159.4726914483486,438.6096512917111,686.7760226309989,354.1973178381649
229.8262109566709,163.5327419755563,417.16473885629756,667.9233073744418,386.66776881315604
222.92217113976957,139.22768395984752,467.1552311477658,819.5354302183174,361.9748534393453
168.33125364389696,172.99669447941372,408.3685471125791,503.03780251963104,372.05016625831803
210.4746251403791,168.8813253115321,460.93653583245714,673.1865833120225,347.1833226481602
220.23663300362148,149.3320541893232,435.6767416328796,860.6268744666113,380.21736318047385
160.00160298367666,163.85356115659653,434.3759520747088,444.96046235117774,297.17320282530073
208.61109853593524,150.18043510759162,425.45511396895364,477.00065238834446,320.46726228545276
163.63572985264585,160.36646652669583,407.86916102582444,502.01916751904486,309.2028159918352
220.93294773290728,169.9472057661955,434.200644635299,579.2735809868722,338.39715049740965
201.22936714095152,145.13387028920852,410.93911067120564,443.5512864645784,329.4666671182581
245.47013372102845,122.36491875945265,446.750681002973,401.3806455532199,370.30684446185705
172.07582611486922,220.93247371014675,529.0914152531019,799.9875830677485,290.9649470114804
191.26399908545702,156.76206546972313,428.298093191125,477.6900621915855,325.5399958811374
212.05765180997895,143.07616037150353,455.90264415006686,747.4688030665934,338.0162174904511
212.7441227995324,155.5828678704588,459.31964537463523,708.126907172446,401.5182586284035
213.47226888239723,163.60784088079765,435.1936796458536,602.3714556022632,351.25974715802863
207.8859429786373,134.07221246460813,370.99930165213624,393.09898035803076,315.5602443841911
158.24383607968238,94.46847514468146,332.65641378846396,331.0967141551715,269.0682314326894
171.28539764069973,116.98124421076392,358.9222942779079,379.92931796044036,350.8421472073671
229.84922123987457,159.41272744628552,375.312426520734,711.9781399567648,345.8215036662206
189.92853309841018,127.59281499789088,389.5451020321223,494.53074997717687,303.6271979001242
207.16942426179193,128.95061332788822,461.8498208368683,569.4342564812221,391.1119993456649
202.10514879445998,166.4801486600782,429.18991448965863,558.8447568254893,355.9797879363635
187.91671013888327,157.3912483239299,419.7921211500674,484.9643443581233,353.9901537959528
244.70460747235367,119.16299550065692,410.6398665859126,622.361719060681,328.64985539714263
245.88701281190478,183.53586782024792,491.7605373097398,435.88495425394797,374.56127572890193
209.97062379493852,179.9882011745344,455.21829033074164,579.334961913922,293.1970027719566
223.21572647797126,119.70364694047383,413.01203475456595,515.9799234436919,411.3921407756088
188.40045069441055,143.87262347586392,439.5622410420329,507.98357118609175,278.7156345251676
215.9338686543367,149.45765460103445,409.96101540860724,489.97586300640916,308.3111734818827
203.3798096575651,150.60612885857762,454.85100849556665,372.6957408968515,305.922334273124
269.56560357756774,126.6480387819583,362.89986982653926,345.33406352091254,290.1287063640352
193.48901903578587,131.2337653524844,376.2018404862463,550.2581067612716,364.0234900653155
210.55307592977084,163.1335473977224,435.2966482743987,770.2413144516075,311.0328585889243
180.7353163431431,127.38702806478295,383.1906802377869,495.2232973948861,303.2615616622679
209.49295536634267,193.78362515346237,425.9583725562484,552.5805839137714,347.05566410138266
256.08972249614783,123.38406358037989,520.5441271328094,449.1652391502279,404.65218374821825
206.59026357682149,142.2197993875784,517.2796444270778,584.473277797507,318.72822597132307
211.1101590694701,166.4309493542764,462.03838252873027,490.83835943276785,392.90938358936586
178.76489053938587,127.39082419261618,468.5764135216368,585.8185384857975,368.2566839685105
234.84558121649457,147.6538004409401,343.16593577084546,346.4206403350633,370.93713717127827
218.3575103744361,126.75156314898268,441.1742942632555,549.4617951245517,331.2390537324535
195.704734323071,190.8881303798021,475.9434035617769,503.3847576120922,349.4598782363017
220.80161096215747,116.61189452508356,486.8582531095055,624.5914181645489,352.2073433639264
229.82396939588415,124.43886626096813,360.7540290240133,350.8428002503868,319.17821872632675
255.20072675565888,152.51135735079254,426.90633299790954,588.568288415366,372.41758749568857
233.33645267928972,132.69315928420758,422.6170260076172,441.26889758719506,354.249882615017
200.04091391590956,98.8022375073335,358.4862630729138,593.0233222090919,332.48462948174
175.39091776902376,149.56461075582803,382.19010366058376,559.347526214983,352.31321863948114
198.04466990387357,145.3725939558986,432.00434151987184,519.074723901378,375.123370520115
170.77210611538212,99.78753879862636,345.98215318525916,387.99787899928526,345.48527525521996
215.04895083209863,116.64767129231512,373.1504570300874,389.46180012497194,295.5637168998499
194.91203705185768,131.58262389497023,435.8271120729829,544.2969391041121,318.19370281371044
222.9852145210099,155.428686821018,386.0433495307805,613.382556848346,274.29078953542506
168.95372291999982,172.0007589102877,451.9326231170427,498.7227216662873,339.7988366369778
206.46035641813492,157.90966563613514,397.9578215696283,518.8639714633821,341.07249551242313
166.107001565079,131.05889633338563,341.4295397743564,451.57175513467826,326.2567207392171
216.12714890929956,126.2807664891902,405.18053585057265,450.3522316037524,361.54273243752357
162.22344374100058,128.97807738510258,394.9147573926475,370.09926555109405,267.6826218385561
223.71092180082903,170.63957154688603,511.38496859039753,708.1428191580551,338.7548804637048
250.56013791414088,172.2725144388635,507.6216214279094,761.3459615213362,400.0712033215448
205.7002470766288,118.96362991524974,423.2758763443273,404.0070722761053,353.6735727081112
223.9740553217412,140.49088365925905,438.975170317148,519.0019416365326,348.5124690780112
199.57395308170246,153.825681039385,460.2956040449941,735.2520594667772,382.72439203535714
193.57457935745558,150.53925062517877,421.7022878729549,515.5077929749027,330.02147125327167
226.42923101645943,140.7059357405578,417.4337317318358,539.7512991528964,374.67504259756316
200.62078988507645,161.66285700969001,386.22005503215127,401.5437511571934,324.659447753141
211.43522931836202,197.03702081775575,437.4246136349094,611.0397567221418,288.8059972813037
211.19957800945846,160.8677233141478,441.8973410058686,471.20020887274035,338.84590007764484
257.0716547421964,184.72816650277608,533.1027828846821,757.5742856327828,360.43391014930046
196.73682453076566,107.59546261632589,402.0163263778633,637.632453079824,380.2016912631268
171.41892754570642,170.01786530450443,503.9549481125096,630.7166775579539,412.1349752986997
268.19641609630554,167.3974874034972,496.6174756185356,643.3077707268634,434.9862777486357
256.30180731202955,111.67596435097744,489.3698241176535,575.919159029709,431.941604912465
251.5408002982163,137.7388412265582,509.27534513585255,573.0712853175829,367.1876948249462
235.50838377116003,157.13800309366025,462.89180487397533,443.1616424566708,341.2529842743839
249.5314874903411,130.86128739534854,356.63902521629376,537.7217511478001,303.2155230765624
191.67961978524974,174.79573275043512,399.4722337620212,570.1749322100602,336.5303992001837
192.91421726551678,140.96124096501572,360.0524780782732,565.2742168043372,365.09245755082213
201.47471970460035,97.3460356828836,421.06059525646344,397.05755375394205,334.78156263248405
187.998038444247,117.3239799810841,363.0548878297681,470.91383820597343,271.6195615767398
215.87742365938433,131.35381484265037,410.6190113726413,642.0116788075572,402.18948252610386
209.96410931776467,112.01904513985212,515.8435675872462,386.8497161172076,356.48467324522437
210.07366136423485,119.5262259173409,401.33850093411104,450.29516242465064,266.1218148493638
229.69001852870005,169.18371422068708,431.96040989239225,499.78431398357236,301.5914055977841
197.65751376320011,178.03091292565063,482.87304352762476,630.7851032114671,348.0000434975958
175.5741871393163,114.18473850655883,359.2158117450984,407.0571056006064,347.1550989662113
264.4081270364673,115.78907514460712,480.52536991046213,744.1520773342296,388.0920316899016
203.4384300705309,120.41555176068168,436.3543843108636,582.9559467608668,316.1447614582933
192.80001492590048,108.40877119849327,337.0277958789855,824.8719427620935,355.69682894812235
181.56472152745886,133.33359009516022,417.0216096454399,463.8232986712692,315.98029449415674
268.45912973065845,197.02017722999415,511.76984736253223,578.9218586522288,331.6285898209009
184.75123133730588,129.90446455629186,340.70235222539907,599.420115787226,380.2374412418554
170.3897727951641,123.07002835048904,388.7773290901529,348.05940677810116,284.7354828139162
165.35625753956688,135.42726965895454,449.86084625118974,517.6507315682701,329.4717730763196
215.07362368436767,167.06947108782455,409.5911771453535,568.7268215155153,355.237953446605
184.11478073520212,175.54372957385607,403.42786091724173,339.73874547778996,370.0840730764793
197.1360319132334,182.7140225623928,479.57968069466136,861.6937252270086,326.671174918592
227.8316231909774,154.7427423379497,491.46004035112446,744.3367251853905,405.21488837485555
273.0840968004501,222.63766651591772,535.5406717331111,385.7189057023061,304.50201002219865
189.4995883587394,174.21781667453791,429.6134943305494,521.8956772999803,411.4681042230222
231.38915526067535,201.3145413962577,526.7774824203235,644.8813067012403,391.77473104643656
218.67188407131493,134.74802052187889,382.21300008114736,696.9194050867786,371.6726257027037
168.43522503816408,110.11228467486083,388.156431647032,406.85327414633645,341.8542788869149
170.97585294040113,161.2044168694362,433.0188597187325,438.7772726914955,279.64026323612507
204.9422317276103,207.08101809433285,439.51262075036954,639.9535506011404,380.7650089112927
247.22032770215924,213.49569361633388,523.3528022860858,598.5003549772424,342.92832263164314
209.4943658033834,169.83141702241485,443.2315920856254,777.061684203657,371.58872997705595
225.34720449797447,108.88021930065914,432.8829521322293,544.6695286922456,431.7928073869594
203.026027673551,139.1279953581015,381.2223780167406,364.68982150137924,315.62410365213793
218.27784067305703,161.73467194578112,466.88910911474574,632.0245012342081,327.57467605161554
162.65778605798414,184.88457859743778,513.3144626112097,672.511204526338,308.8475397158655
186.6427147761328,131.95556335391004,446.8938269553439,564.9142987562884,335.443261856961
213.34359104344705,166.18400455432567,421.12182470681404,596.2224452849434,334.2247926776612
243.8463522483857,181.33228034484424,504.7481268017581,825.7509941689195,370.77177422833233
150.6668613127184,128.74176637851977,388.82206683069916,640.4082109612706,331.65191564449754
248.8456388357507,168.47096119379617,481.81277110777773,749.098478282775,385.00828102700063
223.68564126146546,196.46333427121132,511.22011419101864,669.6085717899631,369.18517636643423
237.74467917337412,142.39856436482705,501.1326868904047,582.483522267389,362.88489743925527
230.74827983612738,136.2664805389915,477.88543787666094,615.9894030149927,356.6090708763399
171.12033338496198,112.21546138509902,365.76566638838653,529.2055865380662,357.7478985761738
194.06712425757138,114.44108660297461,457.7084329706282,450.88990658180825,338.27717680087864
242.6373580486832,203.71593051460755,405.33793442090956,694.7714042156708,402.05351652429863
272.5185161453897,150.90590247918118,473.3410616188182,813.2127811492437,364.200351140878
245.42368522118778,189.34384770910933,501.4297196648913,711.2059015525039,382.797902030065
185.544511755957,130.3001801835915,395.31844884868207,456.28610095215566,320.1896464846377
183.500437551996,134.18022094941804,398.7147257301436,504.99822951300905,320.60854245635517
202.38860586718206,135.07429289245306,420.9586746369592,516.3108842345047,346.9357697451221
184.49249406298316,131.40817184395314,343.4908115796834,342.33292198907884,301.1493993301659
220.9611365400736,151.57033386305153,411.92669228653045,579.948076444884,375.7823188623182
266.9517170674256,149.18785974663726,379.3964909695099,346.0794772311526,264.1205336711893
263.2086767674224,216.55219135309014,516.7628884362732,805.3058024986981,382.30544494563713
192.3158376036814,144.98668965128647,409.66095160605386,437.38951816664587,342.3702219926285
211.38602776343075,118.40130993056317,369.1352691182894,435.879301581529,298.98655437654276
227.86622832250697,179.94742526145885,443.62819141866856,747.7180949497741,378.9107431441341
196.8059483911235,137.28058998694763,386.72638226173297,530.4755825970956,373.1382763747772
182.33708000728237,108.77052941378508,368.7302150528988,550.0561614083443,298.8678467003339
185.8083255076772,145.6309893355382,427.797439779294,384.94603279486967,304.30463177669867
193.20320462343219,160.18943207485052,430.6519298634018,467.6863083291831,384.83438147982685
147.9505025831813,110.58830507655676,329.58063402053165,412.36061718332763,261.36418231842174
169.98964109100865,134.83915330793255,433.407844050223,515.1859112921474,270.0156440796856
158.19579128728756,128.4648463168122,380.8046944359491,609.182291710805,321.5610548782283
240.8201785289507,115.6958956434154,407.4783402917244,520.7386130941425,364.50265495640554
228.48758772109343,176.17164229356098,407.68304119837245,488.39216429507735,336.63043248049
199.18880512438992,157.07907682472435,444.0497225985848,582.929684021578,363.72285638639136
212.00743137620256,171.6211251179457,384.8326596064823,568.0853602671928,331.93617623954685
243.7865511094006,171.85309559393298,463.0227565478259,645.7763487282291,342.9922725670703
203.65995622860623,170.8040735239574,469.4929018479598,557.157794095729,359.7244302456163
174.56971783470877,164.6793049523627,445.8757805087818,459.4983230637337,323.2937496456317
217.22389694290442,121.74503864859975,488.1015104187026,449.71561811184523,373.5665330737659
218.6083191605181,148.48370535029417,427.63636298023545,640.8761667581593,314.38437513572234
199.76765755561402,223.14162109399498,410.46992553781234,331.80880430633647,348.18599800521184
223.65030938412346,142.72570573740072,409.57036380477064,485.43221692260056,340.67113936340195
188.1791113652543,96.8014229981948,500.64760883755997,455.03567395356396,355.20858994965056
235.59750299137758,120.61376753455308,489.0882718753651,383.58660557670817,371.9822353401523
227.30099819375474,169.8514933066294,442.8612066447926,845.5949879449099,413.16556286335054
216.61930241166874,160.0930158401308,454.9783960739589,570.2011385655701,345.24294591460153
167.65095010840412,141.61879428662644,379.42808754326614,625.2409567708997,292.27853076806656
171.96436744561368,163.60924796511355,429.21724490926664,602.3911307972838,316.46492825070425
226.16749963508,140.0371598540746,440.4514747126391,646.4379265769643,370.7021671021798
166.61737774125922,175.76242586633492,403.7066366921809,440.17058663466906,330.51514053657195
185.18444700337267,147.78802548602894,416.69547926344364,780.9676943812531,392.9280979005667
245.84962729579817,131.70328230518842,421.8248371494305,430.3935118238144,350.33036980639963
171.83203617390046,186.23859159429395,455.0488054285797,676.3381267967382,327.3944147179892
178.59313528130915,171.9014838976433,446.1321926145054,511.34498985300996,301.5210377867365
227.81390137924677,111.04157943475677,449.1916141353202,504.3926435774159,349.53615245415114
202.86091198476666,180.57151040318345,428.0852310750752,834.6429592955443,376.8494382131702
250.0111495313533,183.40344609627272,423.06576426404683,523.6584169328698,318.75745139704543
226.69557929143636,129.93568012779352,464.1742768149643,386.4791201966595,368.58239297597385
182.5758851575857,154.55023628858896,332.55062678766126,401.36031941371124,292.7820371769647
208.48381881762813,122.06725469741893,352.14831240764187,366.8692180859425,340.1975762540496
237.4552694331592,192.32387624624457,356.1789110217024,771.7769113214711,272.71831141391635
228.5635120678881,137.5194561708542,419.83348626424527,714.4533548603349,322.2809083558223
186.06273027203298,149.37076589165727,429.3811428940709,564.9643449101607,320.3400331017854
150.92294255813704,124.96068008282563,491.79595425444074,550.9411959254371,352.8738668480713
216.2478959609727,140.48741217667518,443.43567471628177,538.3753223957531,358.0540825610668
177.20228766202789,210.95123031406825,518.7540238614232,696.0961648929114,296.1688959544375
233.34416009912738,156.67533292379366,381.5412666911649,598.5149558280872,323.9335356811437
179.8708665553582,148.82089997930606,457.6015222027648,408.188644457271,350.78854243672237
179.95287622451974,155.28798188165194,423.43550948646373,560.9843754725673,275.34125567814567
212.30351808369028,153.98768555069557,475.05618781048963,705.175164305656,339.70076750400744
213.01340112729324,106.5488155148723,396.6384449269371,390.08254820010296,304.50382719842054
230.9952105969301,159.95764126393055,421.4379595565643,482.4748805506953,346.1636624131011
258.9778968159817,166.32298230257993,453.20772001254227,563.9415312718722,335.5956257184254
157.8163691667429,154.89472208663062,444.03674884176337,563.4423273738872,331.4152891222983
206.96530868106976,136.73622000667032,428.1008486081543,502.8624037407836,378.302995642806
210.3854439080501,98.91660185181286,371.1496458122797,482.8520743017258,315.47855848715216
196.08019998097726,128.31980054146703,423.9472503396449,632.4673697657566,314.23364236645483
156.2451124282097,120.23183645931918,394.5506014613926,407.9540496117924,309.634340205938
187.2952542793,165.63237720279915,407.00333605154214,719.6919255712056,345.40075605923346
208.85176275839333,169.14798157290113,421.31352887869787,615.0726964873879,321.4442823268675
220.4915984597269,147.24756457909774,433.43413363286413,492.10272516041874,315.33578133501493
234.52787306320204,111.508209958042,423.83552632837075,566.4728469480515,415.52888858022203
156.20149077565097,148.0974302952843,332.10034984747307,433.9353902955487,262.59653176733934
184.60502828578052,148.16484764884902,419.3053377873807,479.8914508872825,314.07866437931693
171.24888746035026,99.51112680184141,340.01036440265915,483.9738776958792,285.0411137619606
226.46508219067357,213.17615882250192,467.49741119543455,707.1267253516838,405.9047776255687
238.27089829370843,200.93000257711245,433.4321883939883,559.2415574773869,367.32955084395155
158.55607410012277,169.4965995312638,519.0227133723237,383.6302404265308,322.416786712958
228.32203830141856,119.00196029565578,396.19563660811787,623.5317149008847,354.48703317701614
262.9200372809567,150.8390764805766,505.8714037250129,532.751264269837,335.3807685660232
260.6846453344929,185.3222896231128,440.3588440894827,389.13523001903275,433.4253221158661
165.25465630232355,152.36465735221574,482.4287919894125,362.039726440017,381.3413034033158
230.2011299423761,149.64112684083338,461.8778934466147,687.6799852928369,373.23182432995384
210.16971206957717,110.19151916136738,395.4272177163743,505.583825925587,303.47547003029985
201.04595987705562,164.59684665324775,404.72705486097124,773.3105222667732,427.721038421888
227.72269125138033,128.43224586470978,478.6333422459322,835.828195226209,355.221216639583
239.634061433396,154.2099279315253,423.19356086815856,525.2820569269709,351.03698632474834
193.4781325186247,150.21694539595313,426.0754835330315,484.45047035173013,356.14067706133835
175.5103332956997,155.0810467987798,409.91843474320694,470.5147967738491,334.40869571861225
204.49305809350818,179.89289563968845,500.43923173735885,745.9201986562608,367.79123170908423
216.73838782415635,117.32631121731524,339.775444401212,609.3593287938984,354.9139776889
219.84556140568952,150.08726688186803,476.5740004405875,615.2966569543971,338.5236520772207
175.4699772147832,138.33250367702567,420.433372310234,427.59427448147204,314.8911882466081
214.81253413014747,151.071813161661,420.3662732209741,427.2258294884406,391.7075466548948
173.90149236740828,130.7923621377637,438.7660057025394,397.8696922628058,303.5388083410126
181.7059647183824,118.74023097729349,358.364490280767,379.5634433736333,312.5112618440598
217.35605862866052,102.11397031848341,413.7529087095181,408.3704233944089,364.80941505673474
179.81300786667111,143.04765688674217,382.07240476261416,367.1401654780537,362.1363020365601
207.56500240026693,123.76499861829187,401.449485788854,635.7705253234923,319.481591561901
160.5130068351999,139.40454834912185,378.31457390082767,499.69305715663734,313.2650413839048
183.6596354690927,145.93131053442482,361.7423458744493,487.4906064293904,338.1230547068486
264.5517688070319,155.06890042567696,401.1694286531542,749.3638364814699,436.92637779043736
232.93292807253223,140.8226905444787,362.3266334386693,470.59379122204024,372.70696314901716
218.5596756423358,140.26796684841977,414.9986522450067,644.2662019178258,404.71314414073305
240.25934055828995,192.0812681370633,366.52915396316354,511.1904410208959,316.64180639553103
203.4391899167054,173.37444847663576,470.65683210003243,737.5622018645881,370.96014217949426
200.11921596798516,177.68867899204014,470.96861321075585,512.9406638956552,373.0346050895558
202.25080763186497,156.41002512697352,398.30268778142596,676.2636065190553,356.8232438384488
211.5086954314324,97.28483946498068,433.95433447354645,507.0566091119764,323.32922899106865
213.62017912700634,167.06733635544703,484.33729633386184,594.3680647917427,350.9584628299826
219.92444675932418,165.56755865591748,428.84079481109467,551.9625486786881,388.02750818717294
207.70174967077136,144.84251061916888,377.7754795279459,521.3038665942993,351.1751184815295
191.63038529945004,129.21226877917036,412.50491905244803,350.7325550487445,314.66664205784485
224.01037099785736,107.7958472372009,440.80947540760155,559.8547756486878,331.7577615385193
189.74071235099743,115.83649819531755,372.57570252588994,659.8214381811586,337.90838305581104
209.273912905228,201.44865267419715,542.9167545334237,791.9002913134418,322.97778113133523
203.37027458388275,153.93928709272998,436.1266595569835,628.1296334167171,366.2159461929861
212.31543057811263,139.66704629649587,441.3469506594468,588.0961001521358,322.11628086144634
166.65350452073483,156.8178551719782,393.4868531892216,429.022964582233,363.8735264591289
238.49253332052282,156.80970854507777,421.41118818527355,429.0991277043179,338.4887136892764
163.16370649932745,161.52425549985267,384.52600540185654,783.6368630654566,374.359620979813
185.36569445570592,141.48097759887716,404.09335017882523,541.9455815357151,363.00826428289935
195.8070964073463,151.06723069723574,512.692814884009,840.7544574748732,306.4523468742855
205.23914481334955,182.87566750263673,488.9041192444273,779.9341729976131,322.4715750381825
210.5141691035944,137.82281702092976,444.84590068016774,568.162013061409,386.9648845158963
237.2751570808973,104.4853248325461,447.3845806910625,460.921897974772,329.87015514428896
176.83037952165282,161.9063998361863,498.5548095160793,513.7267674145912,327.2819667758668
251.04354498566858,185.01830476232416,462.8208353759874,868.3797024831125,293.8730732999881
199.07519998909763,131.76240366233714,393.98213757123244,455.1733925918786,434.0267219481555
241.35988742082048,147.86777404116089,456.8897143506501,462.96214139283614,337.93111471212575
189.78287719600158,126.08995281764372,415.44670228712715,624.168618105115,363.2853557735005
245.65827548778174,156.14987054459127,454.2604209808704,758.9936753144766,367.7532246297752
238.66300296020225,103.39067252450585,442.70923432052143,488.9140818484748,362.92323409789225
216.24734842476897,144.35279807560428,404.2524303717697,649.6021783843747,378.6675862556201
190.1266807191115,139.96353789659605,462.9026848729777,515.5687916758307,351.1183444604077
208.90556180903968,123.70905634248042,380.12742300492226,509.12052412854865,345.71304663870774
202.17787531576403,184.24312047967385,452.0846066167066,749.5870229221431,324.57415574698246
240.52667679385692,150.1212998558357,482.255038775037,644.982720030135,293.5334427045655
225.60943107483422,137.28821648032186,447.05725534997015,546.9257636648441,367.55868703445253
220.38766825498203,124.59920830107882,398.41177178209716,392.0442423240625,293.0266393869702
218.7393857632349,135.35281308058333,432.51281866294056,577.1692938510781,364.4353827191614
185.09974640279654,166.48417105238605,483.06370987907087,610.9434253972074,328.1368292700227
198.06228349812778,105.4767066629523,394.8468482997809,506.00655701494065,392.2646445742524
194.53469251711954,200.18519114957698,479.1586224396243,686.652741709895,406.0970958669173
227.3085245304096,168.7282024597786,437.3287070589542,573.1997344286808,304.6290719374239
198.0808248228463,109.89375958283577,401.9043094945368,489.13819052112603,304.54002835064165
213.98871603360038,170.0821097209855,503.5670727907704,482.93933307100474,426.1144869252201
219.71824050813848,104.29805842196728,456.2125847575104,834.6996357297504,355.59324498547653
233.2386837586039,151.62527518155304,395.0427324540881,505.29271138557334,381.22030993510714
255.320983177295,211.6835414926438,512.8084178322898,740.3257251004931,387.84771083772796
198.80250377613916,172.04549698323163,454.6671597082157,736.0023744904444,375.089042128711
242.25817223008755,129.20922332386985,398.58005929027,566.2446173562033,331.5190921834573
184.1841317317606,157.08899108588093,486.1310466516001,558.0109094877441,345.8676909840231
251.92196204299805,162.46829164889505,450.10516087143117,527.4713390410215,326.2205756164953
228.1481645495613,122.26914445639437,414.1835607311367,544.1409506674692,385.6554527330898
203.8361082050265,211.45180960857,482.8971225085924,494.37604603909966,411.4940338815673
221.84262732055464,123.5120597620286,389.32197295811346,505.6396901650456,318.2001117231693
233.6682274989119,171.84738582049923,452.8948252349673,476.8676599040242,307.0490908705193
207.7296466713264,172.8720624691269,407.5898183189273,487.73997438672575,327.66000745748164
157.7753015097689,125.70401925867348,379.7443835530028,484.16133515033306,420.8003592356713
203.3445500148237,159.4501627290908,496.1187662734198,788.7813823523243,358.3569249332216
216.6422346000969,112.05298888545703,426.07355416643367,578.1133695554535,341.25724877760337
181.95286315130738,173.91940904831662,416.3685271168984,466.04507303678054,353.4995137757187
189.81060490182918,167.37711052973967,444.48493562846136,471.6008794255467,347.13377874960827
174.85458469116017,126.65688159017988,411.64603153740507,489.5296799550955,318.6980474399177
182.54371836503645,136.49860344647243,341.49256081502045,386.01544640174853,385.89592044745075
167.52794816215885,134.70728786208875,390.7444150171284,502.1790449734843,283.68659093570363
225.14122384117437,160.80532277017818,375.8026555748597,580.7387536066731,298.80042933731926
218.96840058474754,168.60773800334005,434.447617550951,743.0368142050343,420.7373626756288
207.6720490913544,132.0751180654332,368.49911169564336,373.17347234703055,322.1673505441743
221.38824941059647,134.79525441037993,410.54221676921725,440.13382925798845,333.4546045280142
169.04331944067488,153.02494186227216,387.46354682587133,356.2458652983975,314.8527749819087
257.88862598965505,184.9078916623319,467.83871737210063,605.6273219871783,328.89035229633987
228.22745196554376,141.01184629514032,443.79552308880665,382.44739522346663,367.7533547966773
176.79850244946894,148.05154567354398,414.4549512577633,444.99252200693684,348.15688664590317
214.240973142152,179.35430394692398,444.69129921944005,567.5567314496066,375.4884159647802
201.46054508489556,170.12266266668695,449.79851169348507,758.4697757321678,369.1401534751773
190.8037691217385,148.98498824366135,438.56985567272085,444.302185841035,348.113745168391
206.40109488104846,124.12649575936288,351.912462457997,380.31687011063116,308.1125506526795
220.19267745765202,153.75815809457234,441.482685659924,536.5470043519255,345.0015005246187
249.15489994144428,214.17616182654325,524.9109167659341,556.8923551380925,429.7512304070897
188.25254448176867,140.32974753821904,387.8753070140131,525.1162446941969,331.51827366041323
157.071320588159,128.30637687433304,327.503864564817,376.6879817330361,299.541957135517
220.32607501056512,195.73071629017275,453.43994299417756,843.2760437465946,398.07400387742973
192.96749735844207,132.24144505326493,438.4998538879312,716.4624501415855,357.8724545880809
190.74449958174577,184.2494604320149,453.21288417151675,607.8325277307795,362.165678579035
241.18489706989777,168.81471956131745,452.5042919876977,493.211607945048,344.6668069284005
214.61622352487984,129.71087682678362,408.9153634460511,352.5600969551119,351.3711247351509
219.2780501083997,194.37960928752145,473.2063101639219,613.920144155422,301.31368986794405
239.65353264162323,155.55385763259923,534.9471043104553,551.5362999724299,442.9809686349771
184.05021965133292,129.10856506410522,439.6245280486826,449.7051951843664,359.05531841294834
258.0423006978344,115.58357046862037,422.5522644107896,567.1707687385782,365.2464401580528
184.36243470011547,124.95356695170206,336.59979662434193,361.8910877856254,269.4677752512393
242.12763500993137,171.73365553206392,456.81191020176954,668.9246802305124,344.7065364253679
167.35014603869547,162.44533434724286,386.23167358117087,451.40160323098564,352.3858076741932
199.09278781463217,144.40059703741377,387.19699690056126,552.0462947859717,303.0002812665153
225.39953019124843,152.02971339120384,437.740916177059,493.4922719161248,378.4743800003456
224.33809867078443,196.46006229805565,456.89425088990635,537.6181361273341,374.0652059050794
194.09202477812002,137.3242487391821,361.5116196311045,619.7044522650983,309.39318537637456
241.9353724107291,156.8484619278708,472.477924267904,654.9842888150844,306.88984658276553
147.8552780521342,94.5466698700584,389.4305763110002,330.39728765865954,270.6141847740715
235.01405161515035,173.22297254328217,445.9094208256553,520.0749678078312,361.6873402852674
221.57181497255257,131.96796172698606,423.17404001011386,344.9156139039439,296.57061752490046
215.28976991408422,145.5268531883629,477.98069969279805,618.269817124733,343.17199551961806
212.9257388792411,130.64748174292146,421.6953236774473,477.5349579603249,349.80036790048865
172.08851632736986,165.90070896954214,435.9385686547768,348.00983731117987,372.8351860522927
215.78366138937133,163.5081811569134,435.1816196053071,660.353469173672,337.4779108931567
238.68485200658256,176.8494096000963,433.67257633692094,617.7167545831485,331.57624767163367
211.37149959346422,143.2157762545517,409.81971938058643,602.2990055758861,371.9250586045867
247.70948743515885,135.8075402956217,374.05535373180135,441.90611721758177,325.39847113945393
177.010960830612,140.70351689530995,425.0310187294547,532.4958721095385,351.2696925501876
207.449774890706,128.70011466794466,420.37888501961305,396.44610423642285,312.68110228863014
239.17870990451334,135.3268585207856,467.07221613456136,698.559779661882,331.7361269515795
202.50378139396344,180.0345930373476,499.72205909237334,462.42246758087134,392.05346849105723
226.66416020859035,169.6858007003924,482.9399196131336,515.1914710520122,403.89518721719895
178.26814310685953,159.9493439371096,437.8280886497982,555.6869586336949,320.7906578530617
187.03135828735594,152.24371494914536,415.1730919248243,766.9663111319022,353.9821907754216
248.598356235645,160.25104574975194,463.2166850742074,759.0216916032211,366.09884289066946
202.49527697992357,126.5597291441055,376.7952052445398,448.711648612188,296.1923367544825
185.35052549359077,123.22280243067611,369.8475706696616,434.9644584229444,345.03324924008456
189.13560251361142,133.73264123910252,439.2031896631052,615.1780704152038,352.0208230235163
222.71677800689403,147.75685890069485,427.46068067599987,447.52441490687534,329.96223893201505
241.99988048700175,166.39807593942484,407.96094955787385,498.151095108048,402.1768413827907
235.14202297532347,160.90794126398438,448.93972666160164,571.2615647430719,352.8694590401052
187.74093744727887,145.5958098659089,380.5445750952273,555.9087864179684,418.45425822382634
180.47839704569267,97.77745868992676,328.7328497150088,332.2992563684085,261.3987515566093
162.10038128638408,133.8736185757155,435.7397003522954,358.8104549047607,377.1007875646494
203.33302812286055,143.73121951053548,457.0796534608377,651.8740555929354,396.73956200004216
209.29876553321432,146.45329661728465,413.25263751196746,714.2239664163976,376.75940942973637
182.80828844537618,94.43400513123636,436.67071452690163,337.32892782689134,295.19476845240865
231.47179288360823,151.4535372821318,418.7986216474243,539.2668301313598,365.51266494203605
240.34091307548596,132.3873190575928,409.8844588954509,561.995453816955,335.4625657086108
190.76874788155413,163.54095265930584,446.7501736121185,644.101969865049,263.3160183207888
153.50433333892528,138.05378803878367,541.0984005940733,620.1130581356576,324.8454479520214
198.41824445101375,122.18938008136148,429.0500741563179,723.4970921177048,358.042290156954
189.28217724337566,128.03512733141372,409.7639577131743,399.25543273767374,309.40714085809606
194.59589350048424,181.03392892272686,433.7860621349491,735.8683122060028,344.80006834060055
171.1018927297916,111.22103593335008,387.86410599565613,359.8998329054733,346.4576160516453
191.0656606780524,182.94371826566402,383.95574592280525,430.3655248136521,355.0096041629232
166.50641352847148,151.0744285949235,415.9120948781996,442.9538178492686,304.6397672889098
205.2999899886212,148.32922388797962,442.93701450020507,646.2065945284829,311.74979631363703
236.49416491533765,146.8884496198647,373.88823206373786,385.8646279674433,356.791065453021
160.70126053097815,151.15451227532128,404.99298664509655,487.2742765109062,347.54656425241046
204.6236387264851,161.56770270456806,470.49750836222023,541.9016221493628,347.94482978745174
187.0158822380108,150.8294452835807,407.40794269787193,439.9797702326892,332.5698233618558
157.19296181923585,136.03699163738065,412.489279157747,533.7842617617558,312.87164537842636
224.35096600173478,130.50049464295554,455.31689612561365,613.1537358613498,397.6947068811304
175.8553321813399,117.99127390124285,405.57886233579404,386.38418279686294,296.88375450296707
201.04324454932163,150.49268543398873,449.9612908370521,357.70701582767776,330.0239769698686
232.33307523980028,137.86562374978342,421.28566926383724,550.4245848711383,319.88709220188963
193.76855356783312,168.78634439796346,437.0396777890093,597.7068521905703,327.23782049597884
202.02956400144993,139.58637240956298,455.1341270824645,506.9493966960356,367.32796252348925
194.1818611266515,164.74321127756008,434.20638859680014,487.4288102258977,355.39048686948456
201.92766107137462,147.41299746390908,414.1210119173802,462.94342683904506,365.4360778088426
184.86458780322002,129.48014055005666,329.3015972100488,380.4040437847593,272.57527779965324
199.37646372862756,156.2955685490652,455.9032306909089,567.6096751643058,364.80413606787243
204.7074002597662,164.82124820250243,417.71236000780465,594.8191580881349,392.75943896764653
223.626315458554,140.1553703536814,420.8218091296406,737.2092820509555,314.4861501834354
188.20580766040493,135.12436402929643,462.0210155100417,598.1156075457084,367.3664125693176
175.92740219388475,124.610599830313,404.23801382953803,445.8717651910833,366.2355007789755
205.9503786784163,145.2923705144431,378.30249524766054,379.3811464703485,349.71695597001064
149.67928287855008,108.18262440363121,351.22215380105456,400.4753426260278,301.103865756412
224.72149424768727,107.37965541692922,410.95084875382526,426.94149149618755,382.0176883410432
229.34015111637066,150.04771962870308,460.7131869063957,498.45123089686183,377.64418214800486
209.76442170700344,134.07806800029508,492.617830166716,665.1035846745485,371.1622698879465
243.63472321744777,125.70140971877265,440.0316065947551,596.9385475386341,342.1889122066626
162.15377319337688,132.5547744933974,421.5548355090382,476.09552377810644,311.1710825270562
173.5923785072999,144.429475654671,414.9272208078152,429.61205228963905,289.5372293773007
210.00782927291363,154.3338673255575,478.39839008116377,810.6647984630463,290.79829175426715
171.62492712898162,112.57944908236507,385.2271110591594,577.1079764715246,345.9494538158697
218.97956897061943,159.7758666688312,446.1572835492272,779.0723246463754,349.90218303799327
192.34215166283246,128.32487117100317,435.60698960097545,625.8709712755639,340.4463516316905
200.79038218786002,147.46967563514352,481.97299215459503,741.1353891341864,382.8149041724085
228.21114278349353,168.664764188428,422.59896360806397,575.5681078770326,379.93882058974657
193.4702118209214,146.942886273484,427.47078222960846,384.0974861390095,321.7248229552299
214.00655038507148,165.74143684230424,435.2332054487032,656.5529551463852,299.7368324552533
212.6123118586285,123.40508664209497,410.3838212997907,776.136561781611,351.12770781141904
183.84419095749843,115.63467739216898,417.2416349748358,371.7814376994788,363.59372173652173
229.76186388459666,170.19475438466628,449.3401830268019,694.2606657480727,353.3142446510863
208.9192609985743,157.9966048059449,476.5906190518714,550.6763318681847,341.76315796809916
189.27634229540436,143.0818252575449,411.06405160564964,528.1653024941777,327.26978410802064
216.8116160722818,181.76992827506908,481.57518333344035,595.5775101860559,404.67782204663825
191.69801897805374,154.6041622828789,395.70227775556054,428.85645591246765,338.23478954084317
209.40557024465855,207.13445290455294,428.78707265781327,512.8281692637253,338.3564096469111
210.38196267839632,162.98202648731447,414.35895766523294,475.6636134728857,284.333893771042
225.97066689658686,135.48906313603513,491.3356629625187,852.7882862655364,417.24728342812574
160.15697791942594,113.20072458766906,378.19794552351743,379.1438585493876,289.886406671612
200.3134572496954,137.9932754788722,456.066474325995,516.4307499537755,351.21107706248927
176.13027599459235,133.228268486225,408.2093742409199,480.8811116510488,354.2648519624418
246.8976533330786,176.17723080222922,380.06446830982196,496.622011175361,261.403273203329
210.89244487419106,185.54909993220505,490.35988611969435,571.6573606740048,352.71327756362507
153.8856505674085,97.0912883879322,334.74500826486707,429.46760331168224,323.70448380931026
249.93125501816215,151.05979335383356,494.32784623425107,745.3340662145094,388.56933373677026
253.22281184676248,201.33227536220298,437.43781254813115,787.9025877589911,363.41930440176986
167.38360230183872,147.4489059123145,437.5498775600386,421.293433235301,346.2271858790171
209.35432532569,120.72403638391323,384.32151949928067,493.3860807007058,344.35193075025455
167.64525534168484,176.05250676274585,389.0926595415235,472.9804188592005,289.3489258581201
189.12960526133463,130.2112831421049,354.43111658299546,422.4732398779816,290.5705281274069
242.4043711477719,97.22411838584121,360.93997334694313,517.2021453016448,300.97594533272076
205.22304857368036,123.46103993092235,420.814660558625,373.13719938869906,307.12978525318607
167.62520389727393,140.3582430518704,362.2500430872945,407.79040427541,276.9282731302321
170.63509317000495,149.57723539556432,438.8338505582561,401.5400873483216,346.24838975221684
196.06633626780075,211.99649483620618,411.58805071577655,483.6136591967529,330.91544557340666
196.51599870935746,147.77920874766727,407.04165706318224,566.8411760293357,300.38815175738114
232.58338904289172,143.0775237584566,417.52434999770054,422.39922917459467,311.3173564750675
225.3318698843729,141.65430572141307,446.0333992796458,536.9375148310286,386.5522422293663
198.44669019137342,113.79574612249513,356.50042546920815,388.62892759016063,344.7679776317467
221.6438697939568,205.99093977554193,495.8555519782499,572.2955885901438,371.2678803061492
197.9964313253771,118.079092238583,364.4437185551919,555.5211146607311,353.11201677715457
240.5454421572072,212.1926287105867,438.7309609480868,778.4724105349824,389.6187649910678
197.1653546403326,123.43895592252753,329.06866613482197,607.4479191753234,325.5347970493058
262.97442564038215,205.88119187670983,473.68317215452123,639.11572378474,326.3799421890278
212.20555325139964,119.98262603370438,452.78835300735926,622.284936311423,341.11182682911215
214.08364881611382,130.45213002139238,436.6200277344924,493.69335170839645,381.29674350246614
271.99919005946543,146.56218387353698,480.4050019487075,734.6923937426017,422.65024316057776
217.34580358011348,175.25486040527417,415.3858158384436,620.8838857024624,343.7062303538712
224.06172753295183,153.7021811139513,477.46625402340624,606.9849805935762,374.27509842068014
172.66159373230548,96.80623816861598,340.8128092109111,479.2665820765188,267.8387138854715
221.29418291817538,211.5916057251465,393.1678953630739,678.079932433596,334.35449650075645
201.12309246486225,162.10428327967816,445.3641500672154,508.5327481505094,334.8918875887766
213.56786415445362,193.24629272253205,483.559677960397,692.6836109696509,378.7283173831662
210.26342691685971,183.5845297140989,358.77506480330635,749.2914614360611,391.07209583953625
224.24239840212584,152.9016129844975,397.93107788034274,456.057728469656,386.6953921178183
201.2104926138357,153.65452166249423,365.69882356580484,483.5126093408631,275.78392678345335
205.80621619343475,149.03021314733812,431.9226785934378,605.5959880639247,315.1145976385279
214.16405538266784,156.34140022595471,439.5057638828,550.0783430476295,360.1209985314792
240.55975789737232,196.67283197087687,486.0621647342238,608.5649196518174,369.9903105164692
218.65916932965123,127.13066265454123,363.4541495680977,391.2908446114579,344.5285170672365
209.90489129705438,144.67649743747046,454.2450981913198,736.4775961847523,331.7901175396008
164.65420981376093,144.62251525435383,497.8125659421117,819.4562518757028,374.5618467637433
180.73806080705245,103.30966840971928,377.38448166326566,513.6618130564812,273.74355847282203
213.42843223896085,121.60172872830798,402.9785791232576,543.7101730359294,326.366051394306
202.56495750531516,119.91264194483857,435.4716317859143,609.0280858487047,356.517568586646
210.27297963166473,128.95500953380224,406.2255306274095,344.8480420180333,380.53177976692024
201.03049979554427,148.9232339861212,407.5896262451988,665.7195787859386,327.9751159204209
184.82348799202617,123.3719166670102,396.3912975180351,392.99208683419255,290.9547737277585
191.1080815435983,132.2317248786365,392.42130591673,609.0435898655842,340.7799533171526
223.98161060818575,125.23125460211537,430.08635603241675,395.0192525068728,380.09044111504977
225.92521410080778,146.42077322520066,442.1311293742874,630.5121444005988,395.57711014319
189.89784555782367,150.85888485035974,440.84455191095793,737.7971150201253,362.7232585063275
195.21027603866693,108.03258038321846,405.1856926348521,603.5777109795905,302.28367133754597
190.10040248309215,150.5400207291158,396.51415329247305,421.9680046479187,441.7513188543261
232.4425951647328,172.67364065372058,450.1318248041848,667.5844110981292,351.3623502109702
216.73681869342047,148.17631815825465,341.6915570068242,441.06434389891496,353.0878631706403
205.62740544454402,164.94862257559964,504.8949408075713,654.3817087418374,410.6987810487279
260.19526888193286,149.91565565158345,470.62893347482793,592.2989330361485,398.5115465588022
188.6426635171374,171.31152627712174,490.63100391841056,677.5058531577996,386.4765285235151
190.39684241836179,117.35212200009168,350.85956373509646,517.5314761885318,316.05063722142205
191.38149459999272,148.5015494824138,375.05559273743,577.2886265230159,352.9669354163698
188.6869829008681,102.82028023171574,342.5703491971808,391.0311501515787,302.53791464168097
189.56013889335964,177.00101101417937,494.45654702766365,774.4341161549185,347.45353507595064
214.39963325985548,149.49154505851914,395.47317710736735,471.1252480261104,300.48154432404147
161.83478722908325,168.28729075324603,421.6642975111341,649.3334022907196,277.93978448041617
181.69199346957544,168.94839478419283,462.1062219072885,671.453325581362,362.42088867700465
205.78025465244352,155.33177657983873,453.864580624418,335.36916304025374,330.4454099625957
159.0187106065103,145.72462367414786,411.2884783677277,574.7670698221815,366.8856785087942
223.41277329155892,118.7601378461598,469.548531784414,420.01550720051205,267.4183784994072
189.7574605576831,120.04482530248622,387.1248023847292,404.07068683313315,284.5411659564866
203.96484631607683,165.70307758267563,421.7090298521996,531.0655058363104,329.9834360400432
219.403057505503,143.6467187906093,413.79459683172274,486.63581612126245,344.2904604341279
232.2874024556882,178.01470559279966,415.8115833136187,672.5681377386524,411.81213739053766
174.9339957264007,188.97634662620115,504.89806156928665,689.178500459358,350.52712537076343
208.86193878165315,146.71894898234703,397.22149395920565,601.0516483142724,334.1661532614478
252.45022299674704,154.5847954269328,394.77041164327835,656.1054371194745,335.8133333820185
192.6824142493792,155.08929906303277,437.73318987359573,574.8632351284086,355.43102486314416
194.5027745024895,113.6752244644562,459.1457979444001,752.5695083855996,311.8997559072788
233.0662823936741,138.7164869168451,415.60304546678344,584.9727596127643,380.1959136282806
212.93814199662864,179.63969554973326,431.4859358854914,396.9137421452965,301.0285689352012
216.3145664340792,124.72150018596021,436.4329684253693,532.8786099713753,396.22861471027045
181.39038759052784,197.97062532912963,374.83199274645654,596.4951447973609,389.1513528687506
172.95004966217368,134.0198180545709,345.69763169490244,369.0115010402426,272.28474963599155
194.55138254927456,218.77837738298032,386.76536931290667,484.37341567235893,297.3998344892915
190.15480070109354,147.2187240768923,539.4256612607073,701.9563445234381,335.55892584748517
201.646220419945,139.05605498940503,439.6941590845815,802.8070211024653,322.47202597651443
204.91881980930518,130.10250766896507,437.6482652519444,502.2286045038354,405.0809620574582
218.66083741391657,155.9235252871218,460.7964782998117,776.6596340071175,285.8348015309744
214.485269335387,151.20450695660654,449.3971117067568,568.3725138758424,374.4905621313452
171.85816120156943,104.50079236607532,335.8589301147981,333.00731063768467,319.0262308385507
233.82425876315216,155.3819567353193,453.0238838400665,660.17936829793,362.37241763522957
154.98385770603377,174.06902783638637,413.34250984824627,609.4447668662528,403.0148141636199
242.1749180670217,164.51579021363986,484.9941857429575,480.00817338496887,389.36398269310257
208.50138896915905,182.89636854749085,435.86415834896945,590.6474760691461,325.2704427520296
172.04862217897048,134.94073491839626,354.3619029776091,386.11382096029683,278.71542163501834
180.36244870815204,146.11195848441758,378.2880437177564,340.3271330679057,355.922731676327
219.57654735416406,124.17904785200537,400.64492785631205,591.4512869314344,338.1294088119336
266.8670834917653,158.26042736954219,474.49491022468334,346.7071981617219,342.36379704769917
179.19337050626106,124.49345147614463,439.70469868560616,474.7335580754903,376.30001223549675
222.98698066703668,189.98767488044953,538.8540323426456,796.0884185283967,418.2433612846633
197.58190861064878,155.08857077860452,512.403051025003,484.0977246816296,359.7995521415531
265.66552074536395,192.38013259625814,476.4072154831401,600.6528403626414,442.17163082424463
191.27305276236908,168.5409045695993,446.56288054871754,615.4909493807331,330.16003075841417
179.36925238055917,180.78709419175473,467.339761937465,660.3175757085231,364.0178157305335
179.10044630946905,109.67571407003786,426.9041181078535,651.2499792252885,312.7630640965301
212.77193815793345,146.57761211954326,420.17471328649566,508.5401358151555,335.8667861823975
187.78953205905526,139.9702873928735,415.4163534281144,542.485143205209,309.5359023286476
228.91168419062456,100.92747586421406,465.92739235182364,441.83336442419716,355.0028864752804
182.98293928106983,155.70739697946178,452.66438800999435,773.7196114862556,384.2677348668405
191.89024934514433,200.23925129745228,537.0476777685102,412.143620167236,424.22363635215345
216.86164750359762,155.11019973919593,478.47083978475945,798.7574856131956,423.7047766102436
187.77711515871925,97.54545739519102,421.0958047452527,356.1165238435229,390.79798347160914
195.97358894735464,161.44465952576846,513.1918477209998,394.05493048644735,398.7878373275684
197.35160113256032,103.09863254518713,438.9656151042076,669.9400740228749,336.8747434238491
200.79983386458724,148.64545319470355,444.93712364475425,360.8425467634166,330.5608468847704
226.2745065868755,133.79280680803816,437.98684159727657,587.1075514117674,342.9081463386265
215.98101174709728,152.79352879398013,379.0011692698109,419.7715731593992,310.9629787126
219.45815368977645,145.5174747367147,423.6748078262307,527.1005420471124,357.8034438851929
216.85407882393397,144.90182458887713,398.6706664476228,366.7006000013066,429.5614027312806
189.9169907193184,130.89581755640458,448.0253566994139,587.8917923178859,352.2688844205312
219.00167540753145,123.57299014769183,391.3499583124384,453.74536774227175,329.11575181085766
204.86043552687326,142.91749217714332,403.0425103632706,590.7799846759449,352.9552206605016
181.2824234191819,110.18073215080908,506.83964757750954,518.2242861299419,327.5203225986339
181.8584400127637,115.3045585415632,415.15691170131333,442.9546104679498,292.6298010085082
195.2401412023251,165.71342858609287,512.0443905433249,571.6707221656198,354.2097185046612
188.389892363016,145.96289335672293,414.7196069232172,520.4766050131307,327.1302988499502
199.5782713055425,149.72307160121895,421.640412882539,639.3733636353687,390.4048228685558
188.18691465601242,117.95976647724369,406.27100931767774,523.5339325539913,348.08707813725124
231.48917045000152,123.50385731293123,400.6347350066359,578.1352593761036,271.4524367185913
188.45429731661167,97.96172606036042,379.7788949168616,379.40366755176683,347.8693027958327
171.70026558283539,150.2806329879855,461.0251128180469,376.8173509290233,290.7326958622046
177.31583953557313,114.68382970328108,339.44825673413754,551.5292622973352,299.5897706939574
221.781632031298,157.5310823776665,420.37016154865887,580.5951290453154,381.2262530365646
234.08818664237145,154.24901326072938,376.8484035864197,496.9342890753268,374.9655688622818
262.3755338151366,116.07841937571429,474.0220828627417,626.5507376933706,389.5383343574911
167.92893753583834,114.51659703506094,393.0885254434801,551.520857422173,317.970942368457
200.48036927528622,143.43408026635734,403.927044773086,511.4719230566631,317.89905834886343
215.81042643866388,191.07748885096618,456.6248888348725,693.7721753674748,377.8036373231235
233.7162007469605,176.1112889289419,467.4599205652924,725.8622574763211,339.98857981276865
237.81935673888717,168.5284678221533,487.30370807069,805.4037931448127,394.4376651161978
174.10765569581423,143.3073108524314,416.0477697672194,518.6660672802442,293.6638955005067
233.34240347455037,151.01612272886257,422.94245364343135,475.75661383630717,358.303103516796
150.76821873442628,117.1630656203858,385.55180645372315,472.07834302081625,269.32551299889656
216.2401965547151,134.49079663104814,487.41677413977567,471.1329862375285,391.6854045167988
248.42267557200935,104.31076593517663,332.3931986231015,419.5202801781754,280.6817603941941
209.77748887344265,133.16778221075137,410.087987502001,774.1069375445985,311.6169323868767
229.21178107256762,182.0812164068178,472.42951406130294,624.6495317489246,286.84683405104255
171.11149623668257,152.08069677720653,418.89497575869507,534.4706234506436,315.5145404720918
227.12307757627423,165.83321229953256,421.4649720791402,627.0251657297707,344.27789131342513
227.29088429636957,152.98671455832752,378.2511983853482,493.47765332715005,291.43796178402556
198.7711230852498,186.3222742513633,422.33290354031294,600.2713574437358,381.94797532744207
167.51206238601526,169.07628991214668,385.41807734398617,437.99443429206644,343.13854930172795
170.97256624558165,111.83160309756204,378.3170192421755,731.7718042540855,302.6140699609626
149.54914535484156,128.4709858572636,353.5627830853455,481.4144564173892,292.59668954454594
207.72313550915914,161.7513272168778,428.1431588537005,659.2144551914648,331.7065172934767
188.12414099554988,128.93071102829896,459.78283874054796,540.1476735348081,317.2516982078824
203.68385428487142,113.56010846886798,441.4194906489974,401.3877261877201,419.600221709375
213.3602920145389,160.049662776033,409.29043603849124,638.505423647256,315.5348247777184
243.2700210420042,192.83425419799065,391.4279277796407,770.3322010029802,355.110250263834
194.93196878357193,169.7482662694032,504.04188895918475,592.5010802730302,394.9358809439277
199.25530191000473,154.85581125685013,433.0247560071216,591.146609553511,345.33027980635126
194.68171765948955,126.3524246503973,404.6682626295029,686.3580034675208,358.0145463246547
243.28561829572652,165.15764043573162,463.1519120073819,717.0083750513617,349.1985198064293
241.51272575159436,157.02971391554337,463.0907292453587,734.9296493378413,367.137257858345
188.63726419390628,159.72582920132422,400.25177641093313,713.1814142192068,294.7661629652406
236.72166355553776,164.2082165625175,473.78462382166134,755.8043268021136,313.04575988121945
192.74306055307454,152.85011698063994,340.5623353060074,610.5444080488753,305.3716022683468
198.97695305117614,155.94908066064994,440.3177049003587,649.8021595578292,341.79467047422924
193.73820345739833,157.13152483352386,388.01293841091064,524.8585804176557,350.37823554212963
175.9974885960026,130.3599883463421,423.5133042647517,577.9229506322058,338.4119563669463
207.00925562798366,154.2942489195478,470.28660442208206,606.134743533338,396.92628001236415
245.23365283836196,157.93374097971943,395.7578165458138,665.8104571000601,375.6416378047083
180.40852890195146,171.85391436002342,487.9341287774317,554.698453400201,381.0067014392822
223.15703199923632,136.82760981459555,420.48972156233117,401.05711500226283,393.53153740467604
184.1574973520364,131.9716784257886,379.55325291916733,475.3501010482195,318.4996596840663
160.09798461276546,102.70139379957733,332.2785030746989,343.6525318249035,307.8098863011729
243.59895458641395,179.97009492993706,431.4581592192734,770.6738555645677,425.9919268195651
216.50789637441784,163.13146411976126,415.04164035799613,431.65979539007117,350.0538845901725
204.89495312741155,159.06498967014477,474.8720675401061,555.1967653898331,291.51703875181954
214.9768968369226,171.22569685879415,457.5689029363197,593.2453518609899,378.96441999450366
204.00170096229147,108.81953216301048,402.122392203143,588.147782391162,402.96614022786196
215.25783600615515,145.31793317788632,428.8829475051609,664.3122986410926,331.3433830444227
230.1414571251734,115.95288921210339,394.2833763680215,508.5808804650388,352.0588848007806
199.0408750243506,112.36570162610771,340.1394160359842,456.3596699842953,340.9048980337851
209.99769883894666,126.8146994677719,391.4588208728926,446.2602433575052,337.56807877672253
200.4050732268053,136.00893394358474,394.6669911785265,417.21243451430394,326.5968156489456
239.23678271771726,153.917548684594,448.53115961931996,560.7036310936386,347.5355182723066
187.45148559205754,155.0816297265626,395.86181752291725,415.7173987475875,312.11035164665424
238.7526475461642,195.64298223485565,501.75026609276335,837.5512492736108,394.53446935439786
246.87779056658695,147.94058358896342,536.3275328228433,636.4437348138131,445.60035306951073
191.34860962833417,140.15304710134671,466.01176626201266,497.14565730024185,334.1049340432734
248.50110166161417,216.28534302836877,537.8610455573914,761.7461323503937,424.0159031196834
161.8284299793428,114.63405600151717,376.9670753358941,357.52687288842594,293.37457396262084
176.15528245721777,176.4740712716575,380.6743763220709,365.4688810996284,313.74932109520614
186.55740456025,164.92904296354126,480.7090438956554,552.0444679894164,323.66977713206177
152.10222871344772,105.48816228632913,367.11363756348027,329.50557508873976,337.6313491253581
212.92313521680938,141.49653058679226,501.18329309681366,551.2134094357796,342.20910199605987
248.72295698247825,181.09163466261757,536.9949496681708,673.6236270490698,386.802255817207
226.68879732086415,128.83278918863175,402.27082671647213,631.0213185867827,341.3193024544843
173.53934555376844,204.86308906339696,530.6444294264326,556.4081109318205,294.3630705813546
202.72440566384108,160.08793331833152,402.98897586797233,463.27034706511597,304.76356466641414
260.86293392656336,169.74558487716308,493.2083461948267,835.4060554773948,358.30507369851864
240.28260942085694,149.9060842138512,462.1039077761824,435.5965370759149,391.91798444868243
201.44456222647045,136.83349558015144,391.39893061707556,599.0418462680033,281.1587110067736
211.5097849731143,175.37783884045973,440.24558845003537,604.253393420184,267.7991871839731
171.82710197640725,106.67795837717833,360.4053017190295,530.4128633943163,301.93205311990033
225.73583919936584,149.40645929657268,486.19856238906686,460.7919881730752,353.8395697365067
209.27939290199328,120.0398590028008,432.96004134170664,595.2639471368891,320.0051896693377
186.6593939692638,100.68465615467065,441.83607890909275,543.1790522035938,343.4195480155758
190.43365135183495,153.30478190984581,433.8912407615084,704.0528993061716,327.6158303037084
203.87201203974448,117.31877932075952,353.73826210681125,528.8418688238244,322.43859908763244
201.72183738732403,161.42024848874354,391.5972874722979,611.6132257586893,323.20383790560084
185.34327021866937,151.95003130628515,466.4728678633785,512.7226257085465,355.95816002058666
165.75437849646207,160.46952023562244,403.1416710890566,653.4731177017227,313.33241775958055
244.4883792797193,176.93567094424563,524.5854692542313,860.5808209749902,347.0203101101798
224.19222518184012,159.2492191892325,383.48043407422773,375.71742704350896,292.2129109905789
245.40287255976506,206.94434239037545,539.6239586269985,763.9628296394576,349.54321565075526
241.78204383077085,136.98448465389205,451.51429585031,532.3239268758041,368.22625808902063
176.630172920723,125.3212505655714,447.82727896112067,541.0117661682169,298.79707109691765
197.04248984894383,152.17420433654652,390.25264572361925,508.4016870819456,333.9362109839018
233.10104850449926,143.22126066782766,440.337355012812,545.5971938716408,404.55750464348034
237.98625993913808,203.17534322343678,501.6540899130637,822.6660381390542,417.50562180689974
205.9574352362556,145.87937174232397,408.09256455340994,450.9350969612052,344.47065548241306
170.15816592456324,212.1396921290542,361.52496287854046,810.2037944582795,324.5053831877226
228.12997790594125,119.18867699286774,454.8099869523844,414.26981607534026,357.0347807342113
159.40067354106043,156.7012314729206,432.7788942015231,444.43272653786664,320.0192749725564
223.56090505612354,215.66727018676994,508.6790597568394,653.8764086941238,365.94807331188275
244.10843468657117,143.91002260662057,453.5920126485312,634.5794621008735,352.33005060068075
181.67432434236125,125.5171641525262,426.5005547161339,583.2313143712439,306.5333697649306
214.62410852202876,124.50762515156825,455.51160955553195,526.5376709093467,361.32633128002254
207.47271115965134,145.8886691172153,442.54624901625294,614.356027133875,379.00760971922216
199.85242358030916,139.7148341416339,440.49936920745523,400.73267229857123,318.1611206208966
163.02356061195022,164.37579721447182,418.7296841034714,560.8656681900571,336.63505919372807
231.78452352758498,137.30502332861133,343.56236642099157,555.6057094158924,295.9590365934264
176.89991534145827,143.20390933916167,382.0304577922747,692.5434189153484,352.60696684945395
200.8291314315951,125.55201569170778,416.45708246930263,465.14496168474176,357.58552190351423
148.77202851549066,98.29893964403085,354.0495124812716,344.2137978857416,396.7241174676989
231.03346991003352,177.61477563998898,467.7650193446342,726.6141420657639,371.0410388204576
232.68409080205512,172.52021272634425,515.2370568304128,673.9830402315703,398.3932666593207
159.70989302589587,127.11010000975105,378.2737090777477,506.1834715849055,381.4138901708943
257.31861550860805,149.26764750675613,422.6727306939065,580.922302730494,326.22910021712624
212.83237365189288,138.62993835372524,419.22341439052707,518.0619189675762,315.59518405313264
198.1430389813155,141.02567399367499,422.4205074220101,511.7544784897717,355.1569712016873
237.12481766967323,156.56775189051882,458.96379776764434,552.9381576667029,364.13370010305243
230.5468677363869,97.91739172681233,419.2081393621521,525.5469568895555,315.24075100040994
173.8879020718739,167.56396285756583,426.95674356618923,537.5831931463243,396.2172114532865
217.9304151669895,163.74899316122753,493.32623793013687,673.9289004446101,347.7222335757183
156.15278011627117,100.44869641979358,411.45653222595473,383.86200301829666,314.15127410409474
216.98999984799647,159.7320507897677,471.0344125441702,549.8888413122919,386.0382402697874
232.57550270388438,214.08099119823413,485.6708582958566,782.6717985846801,394.68514216591376
191.8642614398245,171.95099066640944,382.78320847733005,529.5977698056015,311.1927588728418
200.63283203689394,99.41834295700411,461.61547332707204,642.8983979646333,406.5059619667072
258.3943320784767,139.4798245250402,495.08052774512254,664.63114224863,283.2106728703198
177.16424034076482,147.91833479431907,510.36751351512555,393.75397030130586,361.76387404171635
226.97480132262857,164.28944196682096,436.880194159482,524.677207734936,348.68780058300484
194.50475400892847,100.89376265840146,384.41894617437976,423.4065824724229,284.24075828365505
164.24929480629237,146.6979078587904,391.62798673899323,691.6817039568244,326.4580369918353
179.2521696299865,192.98138716224952,435.9605151701512,769.8614696683826,347.29208020223905
217.88704626190813,165.5409031466023,452.21580605473554,668.2558671701996,349.9838706241405
216.5516114534698,157.07382155864764,434.59882930938466,582.2676426540257,354.0471391930883
168.01836728890754,135.5695837099391,413.0867659132111,417.44253870507634,341.2614119875037
184.20582847780167,166.37773743929816,449.90506675088835,763.9252097944174,358.4380804306284
237.42428252836825,95.77516005276028,402.82898602816675,605.2249328346294,340.90692820190554
214.78485144063808,163.5655617820645,384.0108910997706,400.6201999913347,383.4217181799801
194.34170087646757,107.86871250492693,437.50701615586416,335.4426724997026,339.6746615359192
185.57082477901884,165.3311753159467,440.7988976418318,660.7298788084204,362.94890682903844
236.6841663803413,158.23037841335344,423.5070518336626,626.6413046354727,320.2351687541509
227.07700411030905,115.92908375126659,453.7882766585973,555.8790764551156,358.899883502513
153.69907727272192,157.88709983756692,364.97466644761585,512.2245344104764,299.96353434995706
177.28284150671664,128.31215429135872,380.71054723310795,500.0776460742054,278.70319579581565
189.4154429789929,139.1710471835029,381.1092253543101,357.0819678350004,300.614117258424
205.44552173898677,131.23188185381036,412.93142451790726,399.5313950114132,341.16736373213075
222.78691451845017,122.0749022725813,409.565313689923,610.9355986326759,373.33234794870367
193.8978512813127,132.77761834321288,422.06843476739084,663.8429149498761,377.28421457956074
211.6590682987143,161.21761011192746,408.644378520399,713.9882928020743,347.6456478245691
241.99463707263666,96.33190016586444,516.5831470587678,699.8034901979321,313.0316973085528
192.24894257210394,131.6358665123748,392.0131200610067,713.7251421501633,371.8606335292882
182.80144531573822,144.5528141316115,420.5723182377007,501.1576561565502,386.04773109231
197.84434892706514,165.37095604273023,386.8864191302312,498.96444950771604,340.78445733266005
177.90266678714224,149.4312668318792,392.40078797746133,646.4502060846324,321.4392414683891
231.5428676739195,157.61480858646897,460.71313222306895,533.5311969051654,324.2072363505393
196.26385308995688,156.75829266158888,423.7916834065937,364.40298248920436,318.0067940297676
197.5790226162176,107.06764905077546,348.9787040743737,501.5789206882513,293.1153372900389
180.10389917612773,124.2613939141349,331.36379826482374,331.1594663768721,380.79515712501995
238.26854887891776,143.10513628146515,432.7431554709425,370.60949572180834,321.76110793249643
216.35475125047958,135.994905015116,443.1428937890464,493.33219665594805,373.28418759975347
211.05259150840726,134.55571959581746,369.50454174950846,383.8407709283301,352.36867248100845
165.4186855658815,157.6592080841624,443.9318530656298,595.0737656423721,319.96784004970874
178.56402374934984,138.70341640008306,404.024592939606,517.1463091151687,325.2402215048656
189.45022400166295,155.07362785997375,389.67988875615526,523.143461364234,340.0956957325967
223.46835084923714,141.81258462832932,403.7713816835529,424.26032985440213,335.1883521334985
213.4982635938778,135.47926925935025,451.82414079622083,562.5759448012783,365.2615666964756
197.52437001529768,164.6840880103756,402.0276090002016,406.061532231853,334.61671510639167
216.11726342718035,98.57317754029853,372.46590468375496,343.00245724662284,331.0537399066222
213.89205936537758,124.02604808090122,426.9764520033882,595.5879999830274,338.5494268776763
199.24387031174712,113.77190862190167,400.0653264463482,381.15784738225227,422.5139258323331
189.79386500025976,189.5884653327304,402.49805696693613,383.6809451471105,400.11002864071
168.32122306646616,113.56666368437995,367.45749443731853,679.7625636712636,290.4789090730304
231.71276336051898,227.1054779387257,530.202831938877,844.1066626740243,369.42257956448924
235.35229612202593,163.3927199486289,399.4407139859869,479.5063221205731,364.9083028003982
194.5805199284803,133.4617106397456,384.6441928516433,377.91774159622986,372.54873849931545
199.11892279404455,182.33812532450327,415.19456819362915,497.29450281644114,376.7767993047978
221.28590603674948,115.66927144290904,490.85151793699174,540.3011984637026,314.7533880175723
210.85239725369613,132.45470885030346,433.16321832490263,491.18833613824376,366.69858485332776
217.62049995789934,134.29512023032325,468.49260367081445,643.5263668176426,391.53457442760134
210.6392313429869,164.06959371976072,434.9490656237935,549.3761882580607,324.96458806703083
176.34027092878242,137.31809497162698,409.8219840264129,781.9086796735769,358.2559188416134
175.32055119787992,150.75315857591323,415.9919191539428,445.74561612715354,313.6669464123979
192.2638012088545,185.12090502477457,385.7641964232401,594.2864096496232,302.08069807264025
225.7589603913145,126.96817258019519,480.9859515139959,599.7323025142762,345.3972896230398
224.8577627371013,110.380377770722,387.8219043991706,402.85561589162836,398.2271059680591
251.02426341271314,193.08772645668128,457.09945427512616,650.9903769973666,367.0143328026462
192.64960340047023,141.1682565203458,436.4899170814013,568.226959348047,304.3097238500389
176.9194738870644,173.548297907931,406.3607594730954,409.9283835541218,316.09127648323175
258.88867956050865,136.9283873616294,545.2568483912631,839.3561451524056,393.4051964678323
191.23544690889267,113.95837286037174,351.74501308700746,437.77022030907824,316.56209124316916
206.1651535453447,139.7459680350764,423.57800739289695,377.8667782523103,303.46379557504787
214.11429512152864,184.46806540420724,479.628764485838,606.7955874690952,360.4630969793997
188.10316163908402,111.82281910166616,420.87626275896736,623.9324464042321,311.66627186694683
169.56290280654346,140.02244893574144,487.7829386280027,684.8246377992658,315.6958572412944
204.40884817201163,130.80192844957628,396.504953554397,429.59064913200365,346.978561117808
198.38083665245193,159.6027056793871,405.3272511774187,466.8749297985361,306.6379761817468
183.33415036048024,142.79711560508318,465.17505530964274,532.7189613570422,429.9220791930348
184.8371876497821,164.8913087488624,423.67817039522504,517.4908150708461,331.10448117437227
163.956045054715,134.09993712357786,429.3140197717412,638.2311031214441,310.4984170506648
191.46538705598618,163.80751261917763,389.1566797890731,701.8527175194575,337.65970633490303
174.25888326731663,146.41708353055645,381.31837846861754,453.58378977210367,367.4933942583227
202.5847085163867,155.9465351320043,403.43711174858765,402.34087442345043,309.2257739935431
179.5371578838873,144.17322496602463,391.07126742193816,451.456656273549,332.61285189643365
223.12229471302345,213.44909980904706,429.43608958928445,494.85187067812836,380.097561704479
175.9424923801868,145.45410734939674,360.4741538290303,577.2161122071333,294.51315165821666
199.1068488438454,150.10065437248747,367.95012393164575,540.0036383331649,353.09698145912006
199.0395547358561,159.3909486058373,368.17635428247684,699.8250918682318,295.97132105688013
152.4357336064349,135.4403865244676,351.71317894998816,806.0244616318039,300.3094598410542
203.2707949688185,137.96745954260953,497.4782374382941,581.0139242992881,365.1156798749171
256.9212405222802,135.94692847717465,375.75617717569463,493.06268204267957,331.70952580229334
178.25242397631538,157.93772068489432,371.44745954028497,582.164415106258,305.64267931187123
173.6292353810577,158.26346826420527,393.90729383637466,691.4898935714357,349.21095409071273
226.70089008764643,143.61054629020506,405.46091447487254,573.7568728391245,282.0976950727951
188.3675740379753,127.85024877532105,459.82477648893257,645.0760285953666,350.17514515400296
229.47357811709298,214.48666429007784,506.6294276794893,464.3117094856121,415.59111109964385
212.00244443501677,154.03415349741735,411.29186226638814,440.9257790868692,311.15164568088505
183.8520140046018,170.48799603992927,377.5258321390385,677.0710766938743,341.2055790960655
217.33326691317126,162.5424960167306,430.00835955740735,430.65410265752206,312.9939602738432
234.76732864058826,148.77621851498824,378.3346666326698,369.0180949036751,348.2189685011459
238.98625439144493,149.33795216464276,378.04365549860125,476.3637240713769,378.0040555411397
186.83305865040208,164.91861552088358,370.53187261352764,705.6431884188656,379.6506280426386
216.26568598092564,143.9746341103591,387.31239751540033,417.12785819987135,330.1436753776172
200.7074198238857,122.22636566240448,381.2912659544932,369.3577065086695,301.27615355488575
204.84970071108935,122.10773763174159,388.73924542267304,540.6163064468084,372.23525696219474
241.81463032370112,150.81246840327893,439.9090828610626,648.3890620044713,386.7587728735699
199.2321904493226,164.7515263835445,441.2065988151528,714.7489708843409,329.4201914123221
201.6802437624769,103.73191929184011,386.68548316293305,727.917470017468,345.12675250065166
177.75557473845643,172.60206526617412,409.9947078259615,472.2177425639025,331.46782012137066
205.45556684441226,151.26733543178108,412.3899361152771,470.9419864500084,363.00667063259186
236.61686134283246,128.38552992227488,427.39211402136186,418.57842827652547,313.9597226017651
179.29886449675087,115.09420876400647,449.77178443835976,624.5016822039154,416.34011092862573
216.3217459414336,155.97674188290864,461.35420725359666,544.6247942391593,381.17122705453704
241.4881315912549,144.51611397357456,454.7959156632401,766.8161677248086,345.81822426436327
152.14092526411903,150.86113975940788,353.08847011882665,399.78333628242757,306.6163056539128
185.10136888093862,150.75458498233232,427.5298478420052,477.31578203592613,304.5662329928618
170.6427883360762,131.97260049980207,402.13492576507883,397.09599505105524,382.44275016649607
229.04320503370232,129.4515876388815,434.76398642459225,440.1404091982874,383.0104055961488
187.4210151733501,137.0567969152702,401.2863412517678,785.4275032694304,281.4840939239628
153.21239254890241,189.56821833199874,506.4095946706467,794.726450990251,346.5238822574024
204.49159910099132,144.09598658568453,432.86108612813536,438.3876488642049,298.08301277714423
237.681929943847,164.69611377513087,543.3980618004967,750.2041933482953,383.49831764857237
212.89480164800057,146.42144086636094,420.6200445068573,453.74315619952256,348.6315669621733
181.1180517497845,135.4165691758794,463.73938604509226,525.5951035052753,337.2494877246105
231.97581213932347,94.5848827920069,399.13641838650284,332.3697461476555,404.283315938222
224.64584031958455,159.12460793436966,498.0968944262317,639.6635233739086,396.97097013623244
243.78803798470403,154.05712770024292,436.7560103769424,679.7121585713346,362.1052568752931
218.07918371491652,145.7588073075812,421.1834946935406,629.7275636379679,321.70655245864606
219.70095197077472,137.09239939685332,369.9233783080671,796.4346388279746,311.3875350526581
200.60025420188472,126.7363474355263,416.8296230783706,686.2967709411577,304.8858856756894
195.2834809086664,140.9896539899146,386.89604553352615,553.0539692372572,367.78320747737087
202.443450573065,170.51317843903382,422.1349119225176,444.9440043413296,317.6944450737152
201.42888028075265,170.1969360999566,473.2976525323711,388.3169683388779,285.3917997438007
156.64711244391225,160.46655599450668,359.4795623247716,480.0057097853011,336.86305370180605
205.64019044077128,142.18075272919188,430.0705816702291,441.49571723053526,410.6246294692806
222.09681024119533,205.12851472866396,447.7117900598536,454.10710967661146,355.3857617159257
203.5588501556876,152.73650152598944,421.0811954112889,467.2717400960411,338.44676796995793
225.31800243431476,150.19684856757203,453.14355140245704,514.3095679445267,357.1835940936501
209.7184003758097,205.30714492936517,412.83569322146735,520.5787340432757,298.7193402756521
171.0116416821488,138.17657358334225,382.5035654217603,574.6549489979654,394.72487094518954
184.3929860816874,101.23942907817009,442.86047753281065,430.08057993303146,317.7434559425844
198.19168896511414,175.94965503619912,412.87530322337534,618.3757287509015,339.65111648029387
190.694953384318,128.86816402142327,409.48599731256553,471.872856851236,337.38213695118714
217.08645504952378,166.82599942845897,383.9425755172087,437.2236640105044,338.01886710019267
168.83526924212455,124.66023488205387,395.37098068304226,363.0681149140643,336.26894439827527
185.5030030256584,148.0598641648918,421.21336510183477,551.8233956035193,378.4551339393952
216.33400852658903,156.92087516744607,397.5957943542837,431.6206481667933,303.17531458841364
205.8883064333235,143.22922057893058,423.9208399406484,585.6754718059119,353.7886070015759
233.375352268808,193.8941852769066,497.10706928432285,655.4715799391581,387.2417286614211
182.7865902435208,151.36206604778724,408.36019108723764,407.311102038992,363.06553350145305
159.85046767594338,134.50465910653398,368.97805059871456,418.9470167303339,347.69918391419833
225.64736717163257,146.47957914605675,460.97789331827875,719.746155266712,389.3904764530457
225.2828743107028,154.14637145141162,436.9642452510428,624.214781216794,378.62284261399054
156.96933398318154,166.10159571861644,371.36972232295926,373.11082166001904,304.1532090435227
237.75051104865497,114.54344524635034,431.88080920474147,486.7783277166741,284.4507781571167
197.3192310343049,184.15957603479808,435.71908572363617,651.745116332324,290.7944327465348
175.00894162216534,128.61899025018892,393.5966631942997,619.293872094758,302.73292116423505
177.54881488347175,132.83677630447198,371.83108943148625,525.1508644934844,365.2737408125118
199.3700377512317,144.15456170869996,424.819285063987,756.2836131592451,346.90165293717985
191.52303305271568,136.62908060151133,395.2343854423634,463.98768284399796,322.78437495288426
241.65860561249866,146.05254844106233,448.2208211281371,623.7158098119787,378.24833756523935
241.74444299592557,151.49833406920393,431.0025942369787,633.8887794072634,366.06141289296306
220.18273637354656,154.97950356836665,439.40581850099613,647.341064464097,395.3023032018489
209.26379996954563,147.23497476118428,401.5668996870695,495.85395419319843,410.7276044316004
183.96617542326553,110.28617680102238,409.7988995615423,439.56855511733175,315.41410317517375
210.921871977333,187.30327817397318,474.29655322712404,836.8819052564755,364.95808571475754
234.7872244982457,199.74995143382435,482.73887003829003,831.8300531982399,365.9274916981618
195.88648189852617,126.99673420978783,350.87519736149886,410.29236514664865,350.95925949426305
269.55450241444134,118.8150401279549,490.0996042833277,691.8759341299665,392.6406790508902
194.15228452526878,155.92858360672358,391.6615128222586,691.3461533270213,337.5178409362234
250.5461046813734,137.71929899896563,415.41671127451633,671.471987086026,359.4107980753302
212.5612281232843,155.1268294333352,391.3578358130131,585.5509006185234,316.82369634015816
227.56242493056646,147.28906283701167,502.18600158445895,607.0365850536209,370.7948724641512
212.4671711568048,156.73595853761358,411.8791377515966,432.4028489035737,337.4008333640446
218.9917907399897,156.70470316776442,411.827341646255,437.842529409623,342.6797464817411
222.15475612135475,130.0952969365175,379.1755760865672,570.5903002267687,333.70342559930504
200.8241957194211,136.33206716517174,420.43102686033683,706.2978490479228,346.9398027829304
215.29959355788046,144.85060031825213,414.084012676339,605.4363106460337,335.6632741291921
195.04302252498036,142.04744632774157,404.2077258475489,514.4292340088297,341.0429310320106
231.60802599793524,167.89011823721228,388.2153672420514,494.66147225574866,272.311597068407
230.5352992253642,172.5031361092557,473.82798292548017,640.4822391635365,331.86975094447496
268.26046557760844,170.60375723999542,464.5241870681276,519.0346063870478,377.83944820383095
208.99843967475448,213.00345536085206,483.1029177373607,537.1691568519949,408.87516390199136
161.28771930859912,101.71207169416577,377.07838323923187,442.7490534896838,270.0900283621746
225.5737681974152,176.82503288405096,393.26808422757756,586.6004531918055,402.9493299391211
184.21130327501825,99.30719182593124,336.7234642444835,365.184174079348,263.2285089532099
217.11871399845754,189.154238370528,514.8290591151613,765.0954417155662,321.8794111329921
221.12070592472074,166.3065283031978,454.4370105765568,613.8264718183519,342.05606000824
192.8519487826996,188.43560639905843,473.9927146890245,709.041506008176,372.6702167572767
212.80792394578674,109.30680605398256,434.0420172355038,671.9520067927625,352.3732649726425
197.2310388620586,168.35113620642414,464.3158616774216,643.5211573195552,343.05656101744773
234.0726422757996,172.0249300129528,503.61602360874826,755.822741020883,378.785656167204
197.8775882618871,160.75078053986508,470.22176455212264,667.7121058369585,413.57980379263097
220.38033009963988,144.95985917361824,506.07652862511736,713.9934926224839,417.8043684891074
229.1052813169683,147.44159722275822,455.4233525249721,592.3848391399365,428.4712105180008
244.0005777730793,195.85871583755818,481.47111123534853,824.8809498136856,343.1939269225681
168.0176767207348,135.1627707588527,415.0988231314902,781.7923747910099,346.26641024385674
233.64600460373012,120.43221713744691,425.14902694672617,614.7779793097452,395.6898780082925
216.69176930955362,122.86413953450922,410.8007426110386,374.74923466930915,343.0451590995071
191.98576663050235,176.25468760878388,423.16256981562174,553.2669332968751,320.4638776388657
261.07829990694324,136.66737462639992,461.7205114728376,632.9420545805837,404.5371867274466
161.8820491197515,132.57640751990635,432.2568525428399,544.3247696421624,387.1604557494847
185.6307352777932,105.48605123966232,336.10845486037647,332.8932301636502,337.435834404951
176.49216902947197,144.032572552443,358.7236989842029,451.9995317763214,358.40103464480893
223.10512034172478,178.3319483804336,453.1342269810164,755.771571742992,376.6515178986096
177.2950079192805,146.73019009672393,463.52615012146225,610.6927257122559,313.33963609523346
165.67432352097688,166.6554960203192,465.45366526749166,711.8598303040347,357.02444438916405
223.31403656953407,110.01894916026461,417.2632213428807,562.9483521694774,326.9753985685128
218.99597137937124,161.90338633220716,416.154607439807,455.2019215074041,416.0478958001507
271.11504703381894,114.8993336104159,431.3109860996465,749.5619460593064,339.7029723034155
257.233678730947,184.55579726239927,468.1883175056266,766.7533644618436,417.9570487745842
180.50029099375766,131.25453180884992,401.05482301395335,508.99227274558916,300.6570180923305
176.86165765247938,153.00371062657382,455.8213198762741,706.976781118888,330.34207126228546
227.8719213310577,193.84605659422846,440.9553739032218,641.3070225330259,410.74458685517783
175.3584125905037,142.10381551880891,407.61132906729335,413.5811507348139,359.80558213799264
196.28960900631225,144.91549113675134,408.694117873767,616.7090232735611,347.9188992643154
225.340636205087,204.52090179862324,411.44215927072753,640.3454118066475,405.8332089164009
225.04272650255186,181.08622992649276,486.8871683265185,642.9113105757251,338.9780735955953
189.27792820324782,172.7989140124318,433.72331540563226,536.3312011953869,342.62749994213914
163.7237627926362,145.8876439095632,390.6454333841413,810.4398835269466,293.86865692886266
196.69064542062833,114.38299139052488,400.76070476604536,435.9811509615449,367.1334376660069
178.5210720563522,164.97265905723657,435.78673698286474,503.7237738951175,352.71987899753344
201.3093053401102,125.57064037122306,466.99821935654705,618.9150515881133,357.3323017422264
182.87107028166815,129.58412896518396,329.8873957631664,378.29912792303077,265.4606624073091
238.9130306915311,113.79635659953509,385.89249491617755,493.336413690195,325.14496407877664
221.7468110931925,172.01821663903578,501.0175470060379,659.8126154370594,312.7663062216225
243.05014052805808,147.0404927439194,400.0551111029008,405.40681695918613,338.1109409350566
223.11128135031765,212.87887889860795,446.87917033739296,686.55064368301,295.0464838294298
167.20775525616637,119.04369001009039,371.4512146942759,365.7004894681021,369.92282582547733
192.53689305148657,184.75276011808123,531.4651152822806,873.7881647392815,423.24769113004726
195.48197020157312,130.24004199211436,432.1235350346514,460.66342626669706,371.75039992829255
204.8654213551402,173.6127093920968,431.8837378261459,558.1565417700423,320.32493477064673
173.51291447905615,103.09876336222158,370.70693778831543,357.8344174189189,350.6649791120095
186.4360615050696,166.18188651096048,437.8892953915729,416.83610277565714,294.4298521666294
203.29669543649413,155.2603916372789,482.0203579106159,499.7755721056427,419.284412359189
197.8710469678881,148.15503125643042,450.1104991074506,581.8552275269018,373.6257386551543
216.44999241935673,138.88625727025433,474.8422757675253,607.2625230164778,429.71409927573006
236.29406087809195,177.863208717345,460.37597361147255,691.8758591113232,410.95616846978027
194.0702298686317,163.08943217571857,449.50336636333606,423.47934616994036,285.8960913165474
196.89339484122894,177.4293891435877,418.62047435376843,672.1220933063006,337.9986682375093
220.12183944348723,136.27933547954734,494.42287288579314,469.9976997941028,354.097272338843
224.08350048333565,143.28085285071694,432.3641286115761,792.400158559624,327.5301603181274
213.4419604059909,126.44983215397109,469.031852528364,547.6856610740996,371.82624015112305
271.67783570100573,152.4403971272624,470.12181820262924,467.2349415884784,404.9049703260416
185.86980964912271,130.2991181822824,401.9250513215123,468.9810638646864,348.5349486429066
219.5461837219366,148.87996705652873,445.34408345799125,577.616146645591,341.06207490411896
218.00622084954827,113.52564581763764,359.27958105329066,661.0784864676276,342.9459067790449
186.72742711771926,104.05855918463303,367.52430778667747,564.9301426987566,314.8710871504108
210.6582573783501,180.3347083982998,367.74839929829545,512.2101220034092,276.1562375339368
243.78747845793052,118.09851272679768,407.2512453757128,822.8259162470104,307.13390210543554
223.4428511976466,140.4409337184887,399.6998062017317,658.8583996805694,297.34020565739587
260.17018628395226,123.42165115719212,407.6451321792624,371.05518658759485,287.3006215041486
191.67456014315496,116.20558234553381,405.41572171460325,381.2825484612398,325.41784742389353
206.01921306133826,180.14041289293098,448.01142564201325,545.2962088336873,329.2096018184475
215.9834900691239,173.31897854297588,390.51290087392664,470.69831876175016,321.20665076401644
180.51511450129215,141.11305218734626,405.0978805325633,455.8729205400439,322.14153657287295
181.05591217745385,182.88585467820084,435.28323156087515,792.1793591647826,310.97131032602584
181.31389611112562,136.24664556901428,369.1256254425187,494.7242201116176,345.01442184032516
192.02917248218728,147.06050917950407,477.2564059827496,799.5411827855525,376.87784322843225
212.93019509534727,151.67003130718814,417.25557811756073,348.87882076419885,330.30333582745465
234.26296957935983,153.63051051393467,528.167048949091,600.7277781148566,347.48731502682216
160.80115720172643,156.18414494919594,399.91265403947983,433.0934748001281,262.2929405680182
218.10488603539468,181.2384623641896,436.56176463079794,499.60128099367165,328.7476681123445
228.0392307413663,133.79883532687015,431.80545505410095,515.7016927823016,377.1723123499176
193.21945208386364,164.1770596748855,434.2180936591537,686.5825512421236,333.0330471540136
157.2155816759048,138.01558949405285,418.8556936847799,416.5553212500442,302.0772522328629
229.01297342142286,153.29507658936654,459.16546152973564,485.4994380009085,350.5094576779236
165.05410715511718,108.49187182549414,340.97420330271535,334.76905022807915,277.09515479580523
192.03150017142426,193.38896640571343,454.4102217639272,619.1293854056097,314.1828178321461
182.99537568751347,161.7437458551548,393.0384790471312,471.3882664857143,350.8442968570115
158.95346325467358,145.06652673568038,368.96795963797297,525.3607511209516,305.500899358537
188.16738191637396,170.23276761259018,408.0755921895329,605.3662815215615,277.2561877847487
157.08430081086277,125.497612971902,347.33341497111144,362.7360619244517,374.46198744296345
179.97473741922394,160.48591547854545,457.12025217694776,678.601476275755,347.80809004007057
212.4641013098917,194.74152554666986,477.4811398037488,751.9861323256265,407.59433644480845
208.66269309601182,156.76354877816289,396.26035538182833,842.4137617845741,365.4959582014532
248.5715618610318,162.457726557519,498.35931442445906,786.4164728753304,353.81311144100107
199.65665022163068,166.7736528287589,453.7055683831451,650.5553351611153,300.9980797319944
195.06219246053726,153.01717261429397,403.30845639159594,450.9793507682532,334.96387463914937
228.6235318688887,145.50127835837168,467.6020743845586,648.01830348879,411.8363702079226
200.51047147179244,145.66883646219293,447.49572171633434,567.7602850339562,372.22003178873507
165.3340218944454,158.08594907631,426.76411931504435,510.54606815781057,274.92997309344014
213.9738902322039,130.12512487297514,428.5614567505697,454.4187854313366,345.52137899137597
194.87765335262947,120.00127853423483,381.95115876259615,414.68711964247467,263.835801796437
182.0307050232272,155.90212161194188,369.67359237350496,627.8337623002827,348.341639059912
221.4740798672658,165.79477190751226,474.6267635388842,752.526252073939,343.2123346342765
238.73747408295276,180.79381147933682,440.6383246003862,683.8602052515583,396.8280543224958
241.2181418504357,121.32025660608576,371.97328548995705,423.5524745179075,297.45757060449216
202.18379175966402,132.89799933968203,438.7976487696415,614.6290264498062,352.97709537922356
191.74911713552888,140.9102841981942,485.5897297240508,561.7825363380888,294.1583003588708
215.87124557798225,122.48828941835892,388.2968726142854,431.48675903680373,351.3084208094537
157.7428017731554,135.7698109153785,406.81690326116245,456.89166898849834,272.1264488579155
193.87743078594798,195.90001005921138,478.67828973558403,768.0900784902194,389.83086464500263
204.5934449402018,137.32483578904294,456.2833217214624,634.8906201198103,318.8177008481624
182.04315873467445,149.7733622934753,411.8047759706492,590.3321630847075,399.46664644268657
268.3472860030548,164.94681356817495,467.17090806806027,730.4238797735865,376.23693771255046
192.97722007238232,155.90845620888985,424.4373795803147,612.2283201909529,326.2803145417146
176.9244506572749,107.16193223139499,350.6858207770161,431.8965426292242,361.9967655005377
226.94958529028614,126.72862065330843,510.79308202756056,415.66221904937385,362.55638598746253
220.20883144390612,131.77379403931369,393.9397881089414,466.6437253757831,310.7533471386589
244.07824093801392,129.2435350744077,342.70113215085274,502.55878834477153,266.13805727307744
241.9627531555282,152.22960130297824,445.1392510313548,626.4962822501016,370.29436330206806
159.5771602102154,165.5534919697077,431.5344152552556,735.6304306762125,331.7071278704018
163.04769665834803,143.21483900286083,525.5042395323841,445.70517118340337,420.5714753770688
178.16094731752898,142.99793463893386,352.8470537518794,380.0637978560039,387.58123381864914
249.3881266000352,147.8478056651048,411.97772202737815,581.9174487419801,411.9804047769847
236.5896484947217,163.48463661663195,413.0801898619364,494.2223756327513,376.5142175274967
202.7247547900294,188.64002862157233,438.2056319489147,756.4627946847803,352.67699046180456
201.84616756991898,161.3636049530877,430.4475918315705,402.4456569268769,384.2770652582015
223.1575344790222,192.12805332711054,383.6857576712539,854.8565465518236,393.6207219446369
237.12688849378117,165.35857676230947,484.9879025783446,777.2856167024861,411.1661240708015
192.23253978781472,112.78721665778939,361.444121129443,396.31228913357353,349.33306901022803
203.15532696742824,148.9170771650598,446.25029251920085,592.6043758273945,348.54410991351523
182.72755442694898,161.67504348965937,438.04124868751626,601.269501917843,334.4836518550967
207.28143935599303,147.4469687273765,460.56315811444415,460.93959435234757,383.25479085366396
189.79540984181833,127.21011376342834,484.8162006836362,587.5533472443548,403.2915077444033
152.059140651942,165.11228570803084,361.24648129452703,548.8001876447383,356.7687789408271
213.97707869921095,149.2365299313933,369.2033279203072,478.9857302188547,373.00043550132216
204.8646644087074,137.0705544400083,424.63002501457885,495.8438547926045,353.7479398636099
180.03725244812836,163.45245296738904,436.8930959680032,615.6169678006638,373.18486666412684
259.8669956167173,172.80350026121582,484.0666432556799,699.8638759089228,404.02487868539805
151.92787839509708,122.72878444769303,353.58104538999675,466.24721019726326,262.51223895045285
188.2917698470711,116.6019367229248,375.1280604570005,422.48956141772953,313.233162975925
196.5147446204028,188.15459077473514,433.7354344277897,626.3638647953757,376.54233429984447
205.77422183620877,172.79213092292463,433.1772980837029,524.8532130935496,339.98697931941933
240.44164486124868,184.377887760308,505.54014815003205,528.9796020752791,268.46656789813835
168.86630162199972,133.42211706916166,421.15702643910606,409.21092812236617,275.300450681826
184.089711156346,146.53549455502426,436.2353702245171,359.9312309725107,383.77365744873737
197.4082949511759,138.9312674793187,388.85179236270824,439.0911241476423,331.2479961355564
266.1648997931886,199.53102991408292,478.59088014364676,758.9145395963485,409.56122784994375
232.80267680905078,174.29372126778065,431.4116834074326,511.78344645760654,360.097292817738
172.6884965598284,159.05878998543375,365.2421373739795,643.3615879791523,347.5471078031613
198.45520104460778,124.91202345754866,407.7108306233339,399.7213277378206,299.0855819505366
186.79155026052132,143.78833145161832,464.9536246583166,365.05776247396517,423.0270909941414
154.6186767572151,146.42671514033526,418.0002290753194,772.921162678157,306.7616678392073
214.68129184038875,150.95194517662483,363.85988822454846,360.80740340693956,373.31015676428706
234.3462077902437,125.43837274017629,412.8657534879763,420.08994105711054,413.02219976306026
190.92308879073173,177.66968293322225,442.36992833109014,652.628416292976,351.6494471990958
198.8376216313247,151.09704523422752,399.5619228909969,603.583324757458,300.34825337527514
170.800684188099,144.875512801242,406.90702897342294,370.6383239821193,287.94871926649904
196.05642505543,121.77844767757725,401.8666850281815,742.3367866715579,352.7757085289894
218.0893834755738,132.85636647520784,367.4016135988757,442.5693606327448,361.07744286518385
221.78400823271136,205.5761041145508,428.0583494138373,689.4764008559376,394.3775407235346
209.65766193193727,160.3992451870563,437.5335835246873,641.9102647936494,387.41734411303224
253.58420062736627,155.40548316296216,455.57807475607666,660.7841434048881,383.30401055070286
238.2632160117822,165.50585377862444,460.7699021747638,593.4751609482176,338.7521309884279
163.5243451101288,136.92877659341627,353.3467420340044,441.11836935172875,295.1349086683942
186.7337937504839,177.10396614165452,479.241601597459,831.7350856961849,416.8286018526915
237.19238899185873,118.13288181390138,429.97943256758236,450.0094108142227,378.3836611233935
179.47490942673215,137.54905017327502,389.24145416784984,524.2770133367286,305.9350766047283
253.86682578400675,134.35209537805167,458.1816884103231,588.7104819443009,347.4830512233984
229.44185181946165,170.59316795949533,518.5421553775909,553.2561796427296,405.64831314813614
197.9740990399719,177.27453054362982,432.7603189205271,508.17688346562306,380.86846230210455
170.66936645573023,131.94422115464207,423.2601768154977,492.9156994118841,351.25951588637474
262.34608169789675,146.53334765553714,450.7605357876987,756.1475330514073,361.650491368602
166.5602196649335,124.26237931161282,379.4258118551237,453.05059523678204,264.9124131138107
202.17802561367404,145.3132969381599,475.24374229535425,687.7619930931851,387.19491234602987
224.45144041461862,154.1966446482275,371.10890234967604,473.30230555904524,346.2072663975722
183.12751688067516,128.05001333126128,390.8765017200676,439.57322204687426,286.96220540858724
163.91587373995833,116.5061434976079,353.62368769203414,377.0146572702992,293.9347928651544
191.39308087947364,154.94783579000497,423.02463700092636,689.1008073454208,332.379885013259
154.76641180054557,168.1759529662533,371.77227408009435,476.0525450223916,263.6132284779129
193.9901383792108,109.54206959100067,357.6917796132338,378.99976021032165,341.17031469601477
225.25141651863723,157.69690672274353,451.74496070796295,575.3689296046924,388.4280971675849
188.6191712026359,129.54391285051312,413.5391283028998,509.4794426471604,332.6993696581796
222.0889849017705,201.96241358965327,449.6841373124377,529.3159585386409,392.79007354452915
176.40705613272914,225.41053283700373,452.70823864974057,841.1086427067257,390.0541082743123
192.49612198374427,142.1618609716614,391.37684734174127,376.86289255949305,281.5175260121855
210.0850043068955,168.89912633815536,455.4624315077899,451.7663653895135,360.9226984604952
209.56433232567773,156.05656701553568,447.3696017489144,682.9993917446566,401.9527326033576
156.9916914695403,158.43744929667608,459.6426101395811,713.7722001972664,319.70593932976135
176.4413741173461,99.28951135731734,353.2606413808557,393.0658098855939,307.5953617831867
211.50998791085829,157.8769981461189,517.8479094874942,559.0172713419827,388.1369082666019
189.11738623641835,156.90255020690543,465.27738574475575,459.1166783571465,396.49298869086476
210.2627105715767,150.71171761002444,501.30661418034254,807.3048417235468,342.52503439653486
237.3738868996643,166.13205587334096,457.481934393653,625.2275364182155,375.92422998279585
197.64485666170913,202.29749011517728,362.1670767004789,381.20190608740836,356.34136711873566
208.34484509113636,122.6004793327106,352.4414813181428,549.8012729964546,347.7118607560238
212.2238794665164,153.0327879068779,363.0754569399028,633.5271797565259,295.22670698516293
212.55146387531784,203.91416564532608,474.254772361823,689.8012892920533,327.85773485333056
219.35786457099863,194.71767507415026,448.57705850051025,707.4838018408698,403.59561535886985
201.241657293261,173.32581798832612,384.30833296380933,633.1691307621653,330.3242722656056
209.09335998754108,123.04993954069802,393.12846027818983,577.3305390735213,364.8200273119853
200.50572656308853,148.91913829832183,516.6800478516165,736.4749333456797,373.6344925132175
220.88570543254832,121.54336882396085,411.39007858200074,472.67920307081926,322.0460885351469
203.15214367650432,162.78046415788822,433.6464842787066,568.9457289615879,345.950212347294
247.25453376808537,144.79273708737475,406.9782331775272,496.95651457526355,280.18287092034967
164.89523239725247,140.19555313286867,379.3635750536693,379.47896544738296,309.93160111092857
184.5971249690073,142.31655026812402,406.1652816791289,570.4816415478941,325.3886820323073
192.80299978944166,178.52694829223304,475.6454830415246,557.8273949397195,380.0822954228764
151.8616979950723,134.3905445356568,371.89776094075944,387.4603599630528,331.05423135589933
254.7823976392795,160.04590701055747,459.6166098603544,573.3429849742424,427.49259821992644
177.2757698700133,156.26911885118918,460.1833544586374,592.1463965511465,336.8479921679967
230.8555058097932,189.3815018225438,441.90036997071593,770.1330503749451,367.71728092392243
188.53700721591557,144.2343119781229,464.0093851696031,552.417606517191,371.8999472486618
213.3751836892593,160.19967340697804,463.86053261427406,724.0446650594365,357.949874027077
206.6107620618887,160.24850446859762,462.3086830891462,770.0692582649326,369.86590913437266
241.5127975640106,193.86207131266994,430.2625889857073,547.723278534649,358.80753170017095
269.67087823097626,172.70583231067178,497.6858123393725,380.8323540309787,336.0490865114672
213.29310856065183,139.72331371564027,432.8795440750824,445.21555199798723,305.2521329820273
224.09701064460532,145.69209358187527,444.3279301026904,564.2444037465303,390.2200745897172
255.17078716954836,202.3266975844977,540.8511270437946,718.5809864313394,408.2534376044571
167.89687306142693,151.12686692214675,369.5736462448883,443.55950937572794,293.7546131822399
177.97588501103203,150.0619563067837,373.432622857227,378.75873257204864,286.943429335899
206.22310551435706,146.91916104637508,401.87808185904487,423.33857996734775,315.5293308586501
204.75150306933043,101.44187904668726,339.73953024890636,421.2410057323732,298.12630703687046
232.26956520010506,100.98005576910825,417.53694439538447,422.500200563965,342.8161416938187
193.6240444558827,148.53911350448064,420.61038418464193,402.76858524687106,362.72628230481973
199.6757127808609,187.94291695703706,481.37038664362836,555.7704889351124,422.4601449139913
197.64013125983402,157.95256094736163,359.65802976238024,386.5068603690193,327.13917835212015
224.95115173049518,170.7828573093086,484.3921388005389,595.7968933515791,346.38537693327464
191.01144083195473,157.63417495542436,414.85737303185147,436.93923442742135,355.7193582645433
208.89514646412067,115.19982968823729,441.03190033812945,577.3888606423071,349.003574845135
218.57105054643728,173.47758595821645,440.2468601258808,704.5888251072806,389.5031414972736
148.0716711859862,102.43948571071249,331.13187189088103,354.9733573921905,267.2256375398575
235.70347164821172,192.05307215703135,479.76137677501896,605.0761419642573,388.3284523450419
200.4609058792817,135.80679317480258,385.37838096463076,637.5862717874045,371.7010398444185
165.55816157328817,109.4101744569127,328.9769155422033,494.137822758202,272.90018856396813
207.39707501102387,140.25447337493267,476.54271868090956,650.8155047289737,359.98262583872565
203.43419866526787,179.7053784793921,408.08646147908115,578.5472938722585,343.2152260061649
227.45367540714835,131.92060562908003,443.42445478337135,687.2500377635328,293.4829224024483
150.35949370333364,128.64645664742824,333.78992595465553,340.99608435465103,400.622220424813
218.54282970108042,155.92246257404565,422.52601435352227,523.7199889016155,321.8158081132573
203.00598079307917,122.85089569075933,382.0315824382713,339.4494355925342,346.72583005203285
231.36373447669067,149.99187741792002,478.9264861170746,713.6573209128837,415.89020056366104
205.80068090050148,178.37887272736998,468.07953981467466,526.3600703400242,341.08708044969455
205.76692951326868,174.73390034393123,439.7665425672132,753.5207010435473,357.8770602722066
192.25918247425773,154.7849999649572,472.5887116771448,540.4741738805812,404.9698512002018
203.62679170463855,152.8440854271642,365.27499844762235,709.276537947415,301.61918098436394
176.78745946261523,141.6767702452306,394.94278192211186,556.0918053411087,353.95864255844634
205.72264699118423,144.17926524489724,404.7036056245414,427.36033008114777,313.3376567304523
189.17696617848875,140.00596147061643,403.3256517302651,534.7843662035441,335.8080060319407
220.1789581962094,140.1018194831599,472.3166959754932,619.654358341753,364.404239165736
194.14603742066356,153.76262373720502,375.6168262132141,767.8262211545036,315.3184868983189
173.8195030046953,143.21838996445922,396.47453979463654,703.6426024536634,356.605153584411
218.852807774411,166.55070848681487,464.6597222474816,737.2590898406877,434.34136036605435
172.788249077061,139.42608619348647,412.2977208536589,642.3459069325901,299.70649717875494
198.64032932100537,144.76859770240645,447.21906458489684,398.9617879188147,308.0579915640579
196.61631027520875,197.07455621193026,500.43622482265533,806.8779323748539,311.7630409172006
236.06599362515115,140.76821133492996,410.8038899888318,391.57334487623643,355.12929780158765
209.07542448934856,128.3469452042854,385.1089568333636,722.9857133569325,387.1984047259912
195.38810805652108,121.86894229183613,434.75563922183954,469.5471015568399,355.41774518309546
197.86683551110437,134.62627744351002,437.51186816807837,510.0588198134353,343.2330159312724
228.58156499802027,104.3314981047615,463.29703503777245,403.9338886256164,383.2268646839017
212.37585175070217,141.649045787388,412.5409899326896,523.346764083014,335.3512236026906
242.47754998170686,127.61143645718975,452.01370437887715,530.1840287410723,342.51238672076397
187.93631838391894,140.8212402725444,408.5310899154362,545.4801142092532,300.5747422805258
184.7464466083297,130.58592472325893,373.40961663018805,591.0691413309618,355.81848434547726
193.1955983247082,109.95658409439794,413.5341189189736,440.4756672794539,333.64039337526555
274.35626413715863,182.49240208342727,520.2528710382966,763.8957349197657,409.92968982169884
214.6160113857355,142.1844168017106,415.2403662907897,652.5863982113548,370.12544101664963
206.89290851598997,148.49706947084093,398.9567570694362,528.8854421636696,281.26860782498466
202.9763891331883,142.42324395888713,374.0435945318998,376.21323222329397,317.67568234080386
207.8647901051748,148.1646213549113,397.3063387299149,636.3116286356528,387.72220992504634
186.27514874160553,145.41107338264487,396.29260277615356,397.67762008553854,332.4820073010619
223.196948374232,122.27798553359288,395.7572949185541,835.7591480857719,359.5250723987388
203.03608504195344,124.50821588864511,441.0602943139633,552.1408866651402,309.6621028641508
209.30876238408962,166.07682835662916,446.2173862354473,559.0394125219851,404.3109102831723
178.16623064504415,171.6913967756639,467.9251530575056,653.2828660683184,357.18829285834784
219.3082414473571,122.74818120799796,399.1280940656972,503.60603941024766,347.24519192710756
227.1294597227153,150.214482253144,459.0456148075927,738.8093911076277,404.4537191085284
191.75259096336754,169.70910240682753,433.0130534931786,710.0205375025287,393.8630047189988
173.75219666996324,203.87091608961825,445.6590842695158,554.7490804599084,325.6694836938479
163.57681389056586,112.72167008107931,328.7964205730784,419.2380026094065,345.09556999314987
220.1725767171501,132.9866967032307,417.1295610347632,472.12916972458356,315.6329839723588
221.2439976085768,177.42601628964434,476.00873811515646,690.1565614164049,367.370677302614
204.02994013662638,155.39392888787373,503.83835539548863,640.3665323021304,384.2831697322024
231.6248940416925,164.19795319007807,450.53243521642423,475.33536716905564,391.8952604941158
178.73836083657815,128.51086314859086,380.1859217291537,652.5691499454233,334.61026452099856
218.03019371200148,176.3143580287085,417.39830903778153,415.0455099582068,326.36679961117426
202.06465635484628,144.02029633740324,530.2080070992378,775.7944394080748,322.28994410390294
208.8240266291462,196.5321045541237,495.92062184745197,665.2066955643745,364.7711568932563
250.3725549967892,143.17363240133236,477.16021117864057,756.3133012545441,383.4080489408558
215.28527544480815,216.04875175061932,459.5892484662253,527.9991636946999,325.17177516648434
220.45023869601945,190.92649912908877,428.884976699547,815.3653248762458,359.3404981012938
179.38747567863496,123.16334323464739,397.49121084524,488.74775738523095,279.5182625590139
180.01007343616988,163.88939659005516,415.5037697418253,469.83294557737565,318.4995261489151
190.17061902695355,168.09433093208816,393.9218729454296,500.1852801159438,337.86461264762414
238.34477905584393,173.32097003368426,463.64352604298074,673.3352207224002,327.9997467743093
217.10910882321588,139.05819849341495,373.10707359763785,406.6989048656217,325.5633374061155
162.8907726425466,165.30519525086072,386.9184464802309,378.284177893117,345.4636043828555
247.76069908208854,226.74566658048002,545.699308517767,867.3037238679814,377.1889607932984
188.90356854619247,195.62766310499987,443.6661641049208,453.4922488786978,285.36134519511444
206.33603617791474,161.0335108386634,436.8585142583074,536.8391610859607,419.74521241838517
234.29346017905834,154.70801501383372,426.9031343114952,597.6239642532596,379.4710973047962
227.1226493576699,123.83714615690418,388.91481917633956,424.00364094343223,406.7066503574151
152.70522088724832,154.46153820146677,462.9648745307794,503.51599685045835,332.55624330461194
148.48408486526156,108.63500808914073,359.7527000114782,398.5668814128387,286.21185184101654
203.77695862011825,156.3372394732322,439.55734611115247,583.0768237594216,362.0475017422185
196.09595213400263,148.14143863066255,421.3716502890812,644.7819401098452,310.12304658299826
220.80390890055992,139.17038932145917,464.3254276500753,732.2901025260271,383.3521826307616
209.0350770254554,135.52964648319025,440.8233053060937,747.2668604573997,316.2879617463299
182.1979278192913,130.90680017874635,422.30963688268963,631.9615225772286,293.03781958824146
174.8318049730534,123.09032194108255,434.4562646240442,731.7243080816403,289.75203779155083
179.0543823251037,145.14684449755208,420.9178561256167,477.3347671327734,315.64714074974694
203.48833918064355,169.3560313976262,436.67708838147234,578.1157542739206,332.5869024330203
204.80564141763318,147.94253314496027,402.8502557052584,392.7818374943618,349.5053610572319
216.79986886368803,146.36902980070295,420.8788389785488,667.2372830455236,313.713256612487
161.86171219332763,154.65023899369086,455.5877037589308,807.2028375780728,379.88823609160215
216.60972755819304,149.3212672515041,414.5038960698232,591.0073108002445,307.17321085192617
226.3081368769986,166.07904076831448,369.5522617200518,396.06947403947544,406.7538647158251
176.99719478363892,137.8008013778413,422.7927028981129,449.1761206096009,321.5317961837956
180.39258846088012,146.99876986143164,350.8599246887153,394.7501027198012,319.98298388049915
228.55281452965218,141.72262448774217,368.2909191757351,404.7771625596343,336.4622995167621
204.21371040383445,145.33696923414553,462.12894677647523,500.78123988688486,365.7822028544886
228.15684589118186,182.41276192112565,440.4642429222339,479.6528868592065,368.17834398376874
204.96729428048494,165.1545467922567,415.71831610280435,426.9422769197453,357.14033133281777
222.1865436645023,154.74954150576218,494.4606784675869,737.6472676170644,400.045319163786
151.1132121947711,96.61545617801329,382.8735690594932,352.568304919851,276.890763077925
222.36410998252012,139.1685963724234,384.29193875295573,668.668879640914,377.9316377892553
169.36891650831942,134.12662835967825,432.4766434879738,609.0509729383108,376.30408925897177
180.51720497905228,157.74364446610005,409.9019640016921,532.3646394682568,366.77245781044525
168.8787771091345,132.69633099046848,404.63760792007736,495.06141432744187,288.67098650257003
213.59988475951099,133.985425234874,407.9068584709816,503.3344104094733,360.6684868809755
217.79653076389693,149.26281292464338,370.0246901998527,657.9365039517933,297.2378179867264
148.6607085897689,221.50797541053188,369.17568460568157,445.0565210185855,379.8137501677046
214.98884572967526,117.40790046101932,403.7510683043186,383.90285990531777,356.85070893854265
209.7825868928865,95.41269677405961,364.5634337489268,380.16249607712274,376.2736704804178
194.12981748077007,159.034758134788,461.17461418445134,566.2730714301081,366.3719377630118
226.1650700719838,150.3715248032867,375.8487183893526,467.6317386888052,291.79305362000747
218.8004783444547,119.82159197393626,421.6825829976627,486.2560866893299,433.7394510857041
184.25793522051077,125.9681592677541,412.21902167896394,374.68106260989794,415.8011551607257
181.65088115335405,123.75233835736391,339.61275019445617,564.3703288129501,365.69238737206547
172.47135929129712,135.8665817065577,389.95695821086593,439.7120552139405,372.59491579553526
193.78376308110393,147.3644253647474,416.6653470939137,597.0557894862609,285.8618642069828
181.42551022829193,152.7175835733958,373.0104166032589,410.632333515886,318.661330914633
198.64747261481685,161.5703877881635,463.5221101627136,697.4844119493265,300.76419156125803
221.08852241215644,172.6476603214788,371.2401387481868,750.6296934001375,403.0644104262184
170.5817519888965,155.59646711300155,396.2558219562532,815.821016192286,291.1704932044919
207.31153526110168,195.94583767155788,464.9754282858334,696.8998869079434,352.6973721632917
211.24444115815362,185.9133646412518,516.1202010641613,716.4562872642616,386.9717607024588
164.05472803494766,149.40904358181226,389.3764715933167,414.320373796501,324.24838110029975
224.21093915190608,165.9612292449873,438.48129484133335,531.1306037507388,381.0189447232111
269.4705234498782,192.2272834109595,444.1388050223048,814.3988986286029,325.43495540431917
228.91609223077123,108.1566346533591,430.01703815850897,471.1645489119495,347.1234330334237
176.83183539247236,137.36499514473257,407.3156685437338,374.18942720205376,331.92801548130257
269.6120709988046,161.13403915121248,498.7415059050387,605.7574981242327,366.85940750685825
209.88114399847822,175.30022325299439,466.19916550878656,558.3345769358554,354.09794298742924
207.58560388148348,201.46666508518038,480.25046807698,583.1448491021234,334.9170047230317
206.09942144366696,187.3907663367903,410.6822438406881,689.2643875166898,351.76257481236564
164.86875992711228,224.05992594049567,472.0498617337659,740.4321384834823,303.7707612536152
238.7239539015781,96.25234841287194,447.71081743054975,848.1517155887524,369.54780846460557
209.13520461643478,142.24210526196842,444.3124407385026,419.72959597112373,369.27555908275303
246.37669449604172,202.40838947321612,443.47832957330854,669.7822273268678,344.42390549859033
266.7293336499102,97.5219927300925,469.36825691969756,686.7017292143214,340.6115079335639
204.5932766209578,129.22818240446293,396.6132035114102,487.3369509771839,344.2329912806227
202.85325912154943,158.76351719299078,386.28934310621855,521.2856480208524,370.93877982206965
242.16208022588032,104.46334326887568,409.5407873251234,433.7828583146059,270.51751227287957
150.10358722536597,108.76869105411441,338.1198655957616,375.05277951642694,263.514121983739
202.51574234488365,112.50270992635195,434.48459507695037,512.4384830493051,367.6880370728501
198.5403670088819,151.78836161649886,430.8799267976332,374.2789220151953,391.7509063711269
241.68931917761708,104.52462414406304,393.39725178413033,630.7140475054968,325.4740691372836
225.40762206126783,137.84236374894647,411.62131256126685,478.98279184307387,398.2896066379457
258.61969237194165,132.34095130784263,476.3977069455419,673.5483259190199,263.94202902956397
221.6982144419701,183.31405233930602,494.8480660904728,841.4416476996413,372.1606670944147
155.76314270022556,119.73286244146902,340.6786816394552,576.6208256847868,378.1000667300751
207.42034126812086,96.97523977027443,390.0116604582531,370.6008902259317,359.0382506411058
165.4511614929891,140.36262071027727,370.1845695591496,792.4402530404659,293.89874778848986
218.26933188390493,115.33378472438419,388.79991052346634,620.276721402888,360.1867711117836
182.95128327058188,154.98049272200637,463.2772475292857,547.3960448260611,382.6137532179848
258.42195599511325,182.37873470001188,464.6034764375081,679.0442332863425,352.30351555844993
188.08459039773948,114.96132390105295,364.34294578746477,342.5268103306546,325.893810867542
230.35917048427459,110.60462541233005,467.4727777727166,445.20531471147467,336.401721259959
222.95427043394972,205.11447262450457,482.62910792684966,548.0626220302491,364.7726286375845
173.93165676842477,145.40935328621896,363.5341769775069,769.881015095504,274.7916501426863
261.7450401316922,174.9828289672082,517.2940868764451,639.0191027011684,409.6427131495944
215.04700496731024,157.88103534200908,441.9642521874854,511.1166360099976,336.7528545778345
238.73626720601965,167.58886887183598,428.56712330152266,398.7254643426695,358.63357683505603
178.4067644352528,207.8991044974248,475.78554249731064,758.8576968617459,385.4688756459451
217.27928247980148,190.40449374689044,453.88167759698865,578.726074703828,406.95235959506755
224.33820733850536,113.07594974773293,442.68641235178626,474.9172653269612,392.8975482377421
193.06202157310696,172.82157074016064,459.72555377848124,610.1562344494424,343.2074627023856
248.24264230430126,132.24996835924566,364.696798029726,481.7233438498933,342.46216390076694
195.30899767477058,163.04737599293583,400.172448029742,337.0908118780029,297.341062214143
197.58301545728196,132.75172602861528,349.90146230911563,484.724513942662,295.1786810996423
238.4525834847541,146.78843430131593,439.32019128155054,602.4334320597849,343.1159452366825
191.98583379132248,146.4916488586233,485.57570030354657,403.8320581984421,392.43471298550253
178.03193676744746,183.3196451884184,470.4924498011093,623.9141021088501,332.8585360008582
228.45905444744454,123.2038212615095,422.47366643376904,538.5427082359984,305.1047201025826
210.78459564906967,182.85851353534852,410.53142508178354,465.5793424533653,362.3874210707033
206.1324222220663,138.3396882357229,438.39164469372264,682.5136540795664,416.34109410798715
162.30477186641258,163.22530537740627,399.19137880374655,464.07180337461,304.3985712326553
243.58703160484885,135.26962382279456,396.5756390187469,515.8162156476878,361.49560371285935
200.17913303547377,128.52347140474558,401.0869193268433,620.4683747135007,341.8521028394254
187.2639574031795,156.26402945988005,430.9685079677325,452.58034475232216,292.91767969512927
205.53597686221724,160.2188696986837,390.07260071252006,408.9804883075338,327.42423735687777
232.40055852220192,143.5837728284812,509.2176435289445,414.23926162155925,321.1173367336385
236.41521540773675,152.3095568838591,460.74050659658155,872.6521245968237,414.5379411482774
205.27394501218018,184.23879790561384,443.58306021683666,707.86148138082,361.0415359001901
194.99402898845597,158.14294945774847,406.2305623416622,474.06499515947223,356.94264051731545
196.35907022512953,155.54582701842992,430.85156535918014,715.6402244325417,331.6856901626211
200.18309742341324,186.13715492292357,412.513859486714,392.8575964279373,384.7480642605055
160.76564086119333,200.50087830105883,419.95865423842037,669.0943378952884,355.36491277468866
180.39160654271336,163.35117545911174,421.2008556935622,482.44839411887307,396.5190958773101
199.15764523064084,187.82118803258567,466.63589191778243,484.18844981196474,339.58950031426247
260.2873341154096,186.09501647570073,446.23526923908537,593.5888663695606,350.01193248216657
206.2879809799912,144.99690395763315,404.7560086920251,716.3057604738492,354.120008388279
199.86103798502927,152.98821654684414,430.4206190124945,756.1566117452486,301.74427271433774
182.91495500110014,131.73570074541382,394.40878657403135,459.71674660596614,303.7434849069025
209.0710168244881,141.2993966461813,399.00446263781777,537.4596850989302,370.82930217267256
223.08613528124206,154.7697567180521,437.5965136574577,751.666697951429,421.1554098425883
238.29075913229343,154.8110180192454,448.583384404541,524.8994239438614,367.23078223523447
265.9230975847416,211.81688246068074,513.7312484808499,565.4713620339705,371.8012657810371
204.5776896432363,104.07203835737123,391.304478608351,534.04446975087,314.78024076931956
234.19075784619676,140.93743328608218,420.1298889485286,487.6886061289081,309.4255303498126
211.87719604331684,176.12780512423572,394.86500530360826,378.15312660913935,312.2422610386569
225.03501402294575,166.81981895787277,419.617903332092,511.0894938506434,397.0956573325077
216.71226431726043,184.5005886287429,520.3732903546708,854.3977815098573,404.11463492534017
178.62169741837198,122.78280597994005,427.25717277828727,559.0015889452056,367.10171374706965
213.1155557177079,221.29419050730542,397.62365339886867,633.2696693779698,357.1914114692576
207.69485600828165,143.91593328314372,400.4881106226266,637.3037735456774,336.7674751003573
194.15608668192,124.18648589325365,383.37947777063863,335.0683830106722,371.8638601701688
188.93414668658534,145.0151879680579,438.68405656760626,589.4839934410764,309.03171997202617
167.3559894380577,105.97760274195238,400.56940887642895,352.04487540768804,363.5384914760754
201.17463797650788,121.22297912352707,485.14102305794256,462.7195724237949,365.2731790458419
200.7397499367561,99.77509085536886,405.40881442660157,453.8096863481972,362.6314006443031
216.6198927694903,111.81086941093787,373.69500052497483,487.5060571898889,342.0363966472155
194.42629308130535,152.86855505511795,435.6727109727717,550.0589701012818,398.54351109069773
211.83716087628395,151.37459509963986,409.20049707329804,535.2087907489905,347.8779303560432
210.98117340065443,127.88032000204197,403.72036756493645,347.54508658773636,355.17288628062556
204.6029815838603,132.3720411466674,367.0722676700031,499.22177908303325,294.6927570568715
246.60287950658756,162.32343753189943,444.62773137231943,649.1033052751429,330.8803658819479
169.6998567091154,112.18947941318524,391.03639611315504,354.0934006466195,308.3223507571879
229.31390978967625,144.39570766500458,389.12709589569005,400.89479636897164,329.27458362290605
202.16597973007862,153.17074289193053,447.81620683016166,554.915343213215,309.63673948983507
167.5894430012271,109.2485745264493,379.06918630106486,334.2319773644381,324.95945681011324
220.80684260262873,141.89724134447138,343.378790118315,385.71139224526246,375.8785442955975
210.9676954577833,184.7992433054813,445.41899903135425,651.2847922348551,380.7521109429944
201.8288203995666,155.52011503887775,407.96492573744905,554.260303678155,357.18731574717816
188.44992320897924,157.59556708471396,427.53750906254953,492.2280028608821,337.6515133140353
175.4262149807012,160.43438487209852,391.7919695444865,577.4148316386775,337.00089548923756
222.30485247748916,164.62107058717243,427.22140666568276,609.9500231592584,312.01859329096544
220.25248867737082,140.40516988311973,396.4042200111648,510.44844290554596,323.60809808596485
235.45832495509168,127.54286251486627,468.56523538692255,587.2412710429493,300.16838757247217
156.2986703525883,142.81937334235016,363.26891190818156,398.3136569291018,304.40301189872315
217.1414643357857,123.006310099685,481.62512904190265,498.9344499511624,382.5771489204556
160.23793867697754,103.21268891770774,399.3747976142096,379.0105137258427,327.73379088039866
170.38800525740908,135.1475297991731,379.3580625954491,368.78467301094776,299.29070899056114
224.45480350454778,157.15142149946624,400.7758771415173,664.4888109932888,310.69385477400965
173.06496744902077,168.64583424808333,397.85589576322906,604.3843748402822,347.2633853977497
186.56243767428862,179.2978945842942,417.79522928768733,640.132020367908,318.17102868891527
208.75857629919088,133.82867968143273,444.29995169919306,380.5182889422063,320.8483300903949
205.37077435554195,123.37220738266885,415.12958142366494,418.25588865125644,346.84988964995557
189.0459212950212,119.46895568622027,377.50090507484595,673.5031930590699,361.2495990351415
192.81326258984384,156.68089216883712,438.63927887345505,524.4675548249827,349.93626009627803
225.42077359809883,133.21724464696766,404.84122900021964,646.8568044018388,338.77697037347275
209.6400619443188,147.85830610335094,458.7836903141461,610.9005810835826,351.27300615699545
174.25204417220962,150.01128881239768,422.23380117628443,841.8052097588373,334.347323280629
248.8209708771215,124.35166822784643,464.48414619874933,683.9015510668804,363.65060544511135
231.75359956048598,157.46100129036998,405.33548969795424,552.3165788347945,398.23314005067783
217.1918125610413,139.9160861205082,411.5849878458216,558.6133168328616,349.316588756962
159.88906169746937,146.87110224759337,347.5864592889794,522.7239089243543,328.5704514703256
252.1192835197134,179.1240034780458,479.4455961356655,690.0084478453983,403.17936002578494
170.1937315586068,139.7425265976752,449.76394681596844,565.9440846967508,375.78931566363536
232.3086238271723,174.4077366987222,441.0813977457479,799.9326515307544,362.0052659582563
198.70769062747618,113.33637376054507,393.3522061005222,604.4231409103725,336.6799313330821
206.0012811474614,198.50534616845806,374.1047645862276,371.35803359637936,286.5859838635957
186.35515805099573,136.43916090532838,436.03502347400183,498.048556301893,376.00816761135684
184.10044168138282,156.04368206644781,511.7698038418331,508.16102939758105,364.49617544155456
229.19039434954485,156.4300425931843,447.8929527321554,554.6690295195324,372.79544268841494
187.93639977586142,132.53993017484441,406.22586606976444,477.22922009365936,351.5142352858332
212.369752530762,155.3400404936185,464.94739526803716,651.7888163469943,402.66983621642487
226.27268145880856,141.63226169210674,461.1199748082012,814.0961683997375,326.4136343962071
190.98570901479317,190.8870035409059,392.04534958694103,661.2939192610854,337.35925874981905
216.9303406731773,94.85859165922662,351.6382864112134,595.5067687358419,348.37470866533715
175.17917830292708,154.58717480425074,387.1092120617105,537.654121538664,315.8756517470582
231.2408929949791,188.41793493307392,477.45036170028953,612.9808201744203,342.93648909438815
178.96462435747117,137.6881379537687,412.33149550149443,622.0205942943913,301.2832794823275
181.4231210496588,159.9030658849723,394.7381142481662,513.8344281271974,366.666407932211
161.14608086965904,106.36530864784599,503.76915116894435,497.0982133293727,382.33159669897395
168.04445169812536,150.8926748418635,470.2901498239737,426.9477438518083,273.00055457955995
233.3670234953257,148.51433657873827,436.73942034278554,621.8031234580204,378.4912602162256
179.38812158677953,101.85444392335036,364.33038621039157,384.28117730071097,290.44000051241363
186.36756529869797,160.07181857386823,413.87944775781364,389.1157582801308,284.25431967093607
193.94829056829326,183.30164870564133,389.80443244127974,500.6294314933435,349.8030024996453
231.04860950282463,162.13929696807853,419.0761306314007,502.8179555411848,285.30810723826175
210.11460654965146,174.17304896951623,486.07795368211674,616.9307421002487,355.727002551447
208.0740646093995,178.92434860582424,477.99137580182327,511.1766265771297,393.169602696018
197.73270458636873,144.41727372361288,400.93223035497476,422.0590703777706,349.8081127738528
189.3818061584555,149.06115752164632,518.4937448513177,630.5979539892517,365.1671768969165
204.1295691988328,189.3422927457532,473.7800436052075,586.759759720877,365.61942705728075
194.6921939154093,129.1118942121306,363.34388058689007,391.5139589919947,334.1756394491735
260.18526510260534,157.65415268549773,407.0264739496658,329.9326033817036,345.03684837824005
162.3173415965446,124.98841175659012,372.0550570783369,546.047574562877,306.70987635540604
233.48129091766907,167.9878965351036,454.33660051348966,589.4674877444138,385.7718613326232
238.73973295624097,174.68166668939122,371.34249883151,475.4612997803986,368.57266027063986
182.78423891091066,166.53542865340717,418.124767048966,569.3210088745288,371.1394215492968
185.88713454379194,142.50841109651304,408.7366080792844,450.4740514972829,288.0490873902333
205.6736164771407,154.83505529327232,500.4672755658891,542.485594322266,314.23233091823596
180.87023532751272,157.84778840467743,401.4239620289196,419.78802716449746,318.75157069964183
233.0321937899824,128.47642404175943,426.7556509136951,575.7802727622848,389.7828908948645
201.18114778529585,146.23282077221353,449.48826691328145,479.441240101518,354.7979381715038
228.14409635299748,173.23729896889762,445.78794857256435,527.9360487218527,384.23749503998295
215.23161113522207,174.76782160090548,447.0323920045025,585.9294177458075,374.62679539851626
175.60178648631205,124.48289041711416,434.7986468122612,464.3530157749292,424.0751251943888
205.29086486592837,136.31603874130408,419.7852250474298,668.3381175580531,312.31400469488955
222.37972988173843,155.01402077047092,416.60871030966297,614.9010011229857,295.8270606430626
196.6968895860794,189.81084960439867,512.1587544695944,583.3638336116453,362.2266601474536
203.89139937811507,123.80216345604055,401.1740830801195,373.2505811937948,334.19640951250443
172.27845200506653,116.4190484604191,329.39422519398596,401.314653320194,311.6607823600186
230.43592576262628,127.50736117093287,439.3327545965024,689.3591047761188,337.94601508215305
214.2016693842369,180.2936992686864,433.27636613116755,611.4672814368404,331.3783239343651
255.61014404443537,164.5623656589966,459.328443884666,718.8899136322171,341.96047860127686
209.09336112138604,165.29364368183144,465.9746007975379,623.5295656288553,394.0124538393771
228.49589607864255,141.20785470751113,540.8977349181249,764.0881502134853,442.2665263386682
202.38440825217185,153.87023088453137,424.23588297127185,620.6272036201605,371.1655190465895
203.9411538387915,155.74884983948635,380.4747184381515,618.631739201793,311.88959645938814
177.71637291882408,116.4181804319812,402.84958037074813,594.2534280723594,338.31214713873163
175.39096130785362,146.8741598099657,380.24560746095267,414.0198750582456,334.8515494500485
161.23578766441577,98.69954896795399,402.298040310595,739.8296044833431,347.09460349078705
197.28872705703202,151.778087672655,434.6450747361544,504.48259326703334,410.68894430741807
198.7386223649414,130.68261763024955,386.65948904225564,390.1060725361475,298.37836362228694
217.51399622969433,99.08105557389537,423.69261364397147,532.6234441911805,398.54804628682956
218.1867712103241,152.16707764517957,443.9182072339481,558.259318796963,379.74527013641693
212.6029064332306,179.92767811416525,469.9925290449883,526.5977264517426,407.44723793400266
203.9413409792919,117.44065795054894,422.48063707570236,514.8851160006736,320.4629621667741
209.98658223811597,132.99722272789754,528.5199292017056,833.9501568023503,400.57514751241155
209.9144320110565,164.8125746745903,512.3052932410368,710.395699803178,360.86053577074716
178.78785666943517,178.43758540269508,407.8106967826951,597.9463978120132,328.4485504095778
211.87073556205286,223.58099250301325,399.1673467448501,733.1591168705424,331.59455745791263
147.77106062120885,158.2211558153219,425.58371340362334,700.0155057558861,276.48143065444737
225.59585540246556,155.59259368853066,409.41041348851377,432.02109614328634,388.52618111662883
245.86709882046992,161.028491169853,528.3004963623874,674.8713337606823,338.8965241513895
209.87496183872207,118.50907485591623,395.4719489566824,386.98603974139974,285.0591980209903
224.66010398496726,173.05771384871608,482.666024905057,538.6864363404369,349.54909607301096
169.5520943737212,105.8195291431542,344.44235879358894,384.14074136118603,279.2932847759485
147.86617271435372,218.94975510907386,432.8978286206749,557.9800025990585,363.30592755302695
226.8986093048522,186.66546281230563,438.18817929375314,568.744899583018,354.5019989084832
189.84010575416852,161.91951471262925,442.1600232458479,471.01247946202625,313.9359954460989
184.36675156662494,136.86019484214913,433.54771284395207,653.9482366074117,360.6624863721138
197.2775213073982,105.69017354980649,373.88178155918854,553.0341309345993,359.82524208390527
178.41250326799135,162.35107373555442,415.16979891173577,430.82510897171323,338.4903536519146
236.3782509514556,146.84926959291838,454.31894371642124,550.2217648237114,365.8197318401467
223.17889692287378,180.21812108277857,517.5689462626809,779.8622470962049,414.1181497001889
188.78060571601992,156.15989114240588,447.188089650772,481.96020678512326,387.22345298260916
220.03716891888243,138.34354384944038,427.1320449763934,399.6611986139402,335.35800036350975
190.6502690612651,189.6391583671648,438.57354676439627,589.9249275009877,348.04742281710827
218.35407673995496,139.56780429410352,395.4756267661986,413.1518879871831,288.7177455977118
215.94004480773484,148.7118845122671,406.41142715216256,428.23695465474106,306.0512558629995
214.11951906690268,150.72769654329318,518.475024930758,634.1637001890116,298.9322047652956
209.85733772775032,139.4544233601782,411.9574845401606,471.03934672893007,313.51657008622976
153.9810742499877,139.8942917353123,347.2974875239099,480.77095300364084,282.2576540719017
204.10570992423965,175.55884944593765,460.62380661741116,700.8231013534544,339.9983125878777
206.5491131268205,173.32202300714917,485.1811346281749,857.2634726166215,433.2055742538766
196.66103629722585,139.56916771364303,426.3246653889428,756.7154453801625,312.78113150027167
228.29002822119645,154.4964421471063,432.3853228388708,653.2086321867512,314.81865737736763
210.13652803179053,127.15368832753626,403.2142182400417,493.4447077099342,317.1233616502539
213.93432886240544,148.72685107894998,361.4298201956565,347.4752579326871,363.1280799870917
188.8635199090124,117.81987775254196,440.9241335929735,425.07022759438723,357.59510710605815
157.3473875451923,147.2883657764126,385.1391598710533,374.9139873456904,314.2851559956584
224.1487100566532,110.85106209211398,465.0169334190953,816.8335279173848,387.5288467647239
240.24651442091792,172.3219059139806,441.742591114777,609.7298555381377,431.453777145115
181.00586459460806,184.0054183650208,445.01933348229585,465.95950687135274,328.63692685794393
176.55376707192335,160.97281525245828,348.76242144360396,347.8796694414854,409.7424347819924
252.80066556848624,145.74829767218063,436.32776781568947,460.48758973916586,350.92689757749514
213.96385008605523,138.38803169413663,417.7917996694088,472.32196839196547,317.4117820067624
193.87551073283245,118.86135195329518,390.82464949424224,380.50208200286363,351.5564343396483
222.6731444330345,137.87242175722469,425.736176109878,624.4594388515094,347.0692355095218
203.8442493731736,147.1669345514202,450.45939611733263,780.8221573976681,310.45103009488656
194.6102659055637,187.1118766536113,401.0570847018094,539.1547480001166,396.91147304163457
224.17824917714634,202.83447536619775,468.95887146201727,552.015672351391,349.86523904136084
252.66284580651347,200.9842661244087,459.13426030095184,852.3523672303859,395.52656745504714
199.29121613550387,138.28695727511024,363.93620021966836,522.0615006909934,345.3582176638456
189.32457219728965,118.259590206821,413.89448939715345,464.0859613934576,310.44774628352354
189.52417804392365,188.545718334258,440.06595137189913,796.7678687140028,357.35704763976315
228.81143311465482,150.88345015010592,420.9340446879648,505.7152848508156,326.71380110779285
195.1211334953015,140.961369189596,412.1355810037309,745.3661499055164,346.38361486465465
212.67239977726166,150.82145268386364,480.5248929036064,564.7590714225698,396.0873796654795
167.47971447252337,105.00705904044665,428.3211018867178,418.8455508561695,330.548744640243
226.58370664388545,160.7348144657845,436.21468587559536,681.4626048243588,287.43670024644166
169.8454998582238,200.02342161684052,419.81990594295144,369.0286128246052,392.30657365253614
199.89935099261237,168.38339126538142,437.148916549325,787.1538328809676,360.2411037116045
176.47763188865295,133.56204880001388,495.65019403703246,493.2048270954177,317.36222123290406
236.03327418312475,174.40720787771144,505.7015276343566,718.6356414170948,360.7064547725409
173.9299520962398,136.96475081479088,421.96588643161937,447.2503380004957,343.9945898895172
210.4750528759639,163.99227466231025,472.2762982558107,626.8075240790104,397.73181578773176
168.8233160210026,169.58202886546036,398.77912303051727,414.2109634371588,305.22542838832
202.55151161835107,161.849425891739,415.9803086666034,547.1254203258849,359.9782062622619
210.21930880635327,157.41030506492064,392.9778138257109,492.00918334052244,343.0236154145388
213.37511177006687,135.4920325297263,467.2496283325106,646.9406024255055,352.652390777998
183.1378057253248,148.12571618677742,411.17300803848826,648.7914579971468,291.8741623742909
150.49961923078905,98.73309111042929,340.6041416490553,478.99112594400395,319.27099434012916
212.00566671774945,111.75954569792874,401.02100592473124,451.9553009215424,319.77192311820136
179.32442439759114,98.38888768119423,380.9247810741587,400.0947922190065,300.1645663288289
189.5672521361293,128.89101466322882,429.7244231376727,512.0723521587191,319.8431639043421
198.5997195869152,158.26264004203648,422.64037214325316,464.8399049315929,336.9559551422452
183.76092459978642,132.55952033835433,373.88898985264603,532.1659955879253,349.1543446209833
209.55252023350604,155.47861458498795,478.4321319930063,623.5933501800106,333.0791779037459
200.2921255567041,144.984738581475,463.9110273101536,617.3022205505923,395.7418011393981
188.2474454250009,130.87507662444776,391.47857232609334,401.0179177579306,310.1256357233036
247.32832680977953,164.89467879414627,398.20246416022366,418.19857264219195,317.3280190000265
183.63047155892338,108.89982546181335,376.1064751545201,393.2668205809562,306.32265620356407
210.853383193162,176.10223082233574,380.02983379646145,371.76136047028893,274.1250720210482
189.77440822968066,158.04853804278972,448.8805609544495,432.9415608340874,353.2129158734006
202.06805749076614,114.08482217582785,455.3410808363173,375.39253640983117,297.4356835410481
186.89205440225206,137.92003405279036,391.2549650338868,568.7183126334558,355.78296338938907
182.58106213968514,133.75827879603662,372.0208478459486,463.2446398221052,356.3154904290496
236.47550853371956,165.27303120091162,427.17818550870203,663.7370319622042,368.2003541210832
176.7197015917295,145.38746935058163,461.0810849244387,456.3716787219571,335.2452830794176
198.55712947947754,121.4243539805254,407.4983801165745,457.79812073837167,335.98866548386883
200.72718056465095,121.73458079441359,355.27456430894586,386.513814735126,369.2919247869466
226.91336381267146,183.1126600922814,466.5539596734595,635.4739214071932,376.6455422633887
251.10885119373896,162.93168678297127,419.9075312493791,754.0853112615915,339.5589358874597
217.8868266412688,166.22922019580878,495.04224178396373,645.3633263205095,344.2387248715791
162.1093467471704,108.51226282463448,398.03889621339044,459.24522151549365,287.3025018305761
238.41353335011104,135.81339031459896,507.8704127342312,657.0178618029474,325.549877010717
217.78575838273125,148.9197532043033,434.12215560746233,551.2513578417324,303.1630354421435
197.29282527842622,212.363264887037,466.99429593778353,858.1876139049907,348.1740517956463
201.23140648481214,113.4761366221217,398.8303412343533,547.1976828194604,308.474901931977
214.56195460669034,135.6886959673976,406.35952478035904,440.8455473324857,349.2446328429564
215.16850777060432,169.28424147283033,423.721211688865,541.4652470028219,336.2338052254749
213.10056356622513,157.17389624538473,449.07180447119856,527.5468268012121,339.2113807426793
205.23115608917257,173.99349652081125,463.2028206793382,770.3065176878895,320.57687831791395
188.2526386684386,159.32835949459536,430.71819943917933,748.9345823974865,398.6389787667571
205.80762296589543,140.55253712421282,471.0261232838438,752.5349518582132,362.3730757065082
185.42692966104178,99.79735620800487,369.92938119313186,749.0349278180616,299.7754984956502
229.93748079249843,174.65998192720798,463.185001999713,621.7330667064982,342.419573624097
172.57962854476656,103.99414713603349,343.66046880148656,362.79994765928376,263.45475522772347
244.70369205188265,226.4901978220247,486.18567693670667,550.2999066666674,336.6123024693798
201.97241913209984,148.14896466170478,410.12265505010555,395.13122518751067,296.4166687779489
192.03588654709986,128.67426244931522,394.5276070566889,475.723824587921,320.0516592281073
233.30641408838977,172.67896351007678,412.2048251517114,422.3572549794224,357.95907343486607
187.65819420689337,157.06840962474925,410.65176305052506,696.381112074338,349.9017478351691
241.53448737851883,149.16220799995978,448.0947505663918,694.6913093545318,429.0029130528116
196.49254901930942,182.47258108148182,452.8918810860159,455.1797896322752,366.5845261010857
234.98123766459597,195.31464661606233,506.3501226270896,582.4915625703871,399.555084636652
183.05302278169813,147.18719481105225,423.93277699170557,584.7376897891654,314.9623197602026
186.51235120002602,126.82540293657638,425.110812239377,448.7832872738043,317.39504063651816
204.67723652174502,122.92731777595313,357.4734508648731,465.8890628992591,320.59944414124766
180.62483334191992,115.14957139765012,417.53069907147244,357.08316771629785,397.5363639669234
193.15556944580283,197.1382540075665,484.95476573970234,546.5196114375502,305.81896861894876
187.72397443573018,129.6905633850176,380.6165564195533,403.1214406252243,336.81631013495837
237.26557297945655,142.89426194938954,416.88953716021564,728.2460802282155,335.51686227753595
189.96144753463474,150.49177374266083,402.4848872417929,464.21646582843226,357.52375545378834
213.93537135424899,147.64346414582374,415.87079831504644,412.42961541541246,416.5212988859769
182.29426804631544,148.9051060177298,474.03293024345794,455.158123930175,341.9455512313431
221.48257967521266,140.51699954577637,356.20213287716246,590.787172796493,358.07122672141406
242.9615793490466,157.59806810085536,421.86762318157764,592.8292747787858,336.7057935558092
200.368261751086,154.92317227750087,426.84190515521306,359.21473087848346,356.91348941092104
187.43273934555035,152.00026300410903,397.43110086402856,559.8730261995041,265.1212384668485
208.9112127178614,190.5512511884305,460.27513183951527,469.40931717406534,383.0245715933669
188.01125935008906,134.80680749679195,387.48085611253873,422.5443030094723,367.7181253806751
224.21577231493376,133.88437907808697,453.74209237020017,588.751130400697,338.6237665729086
191.63747870059666,169.12918355124475,418.96643423332733,588.4611205844863,361.6679411350176
188.0532018843441,120.33016548976218,426.2164669736722,421.3569532136231,322.4264697143386
256.866060005358,104.14587073405973,467.56840683714375,670.9409345367857,361.26864062610997
199.3712815991662,150.69238511667922,381.83905430817606,554.5935651085766,374.8380898317349
191.55738717218415,139.72145964867104,387.9131617263138,620.1480956944447,336.2899699435126
158.83060055516736,181.05834018515677,411.28166724302633,847.7428966753334,314.6911242954054
227.86152976309538,123.87787785976076,407.34910018450176,432.2576224644921,348.48222621381956
200.13067286944045,190.65199038707124,416.6692961787084,581.6137743034994,399.57512356635897
229.93779968486737,149.69998207970517,434.0194660751625,720.1581057334874,361.1484393932258
221.91865568778826,149.20798249068295,464.2311478943802,602.7112880391632,340.68401709430236
234.08282850156812,175.47768158804217,467.788311581788,721.8544259979784,424.9006254609544
246.00674285059512,151.9362582563534,470.9361139242542,569.6728790848358,379.2431946187214
204.33186367694515,163.70663423209103,503.59656262385374,558.207808393223,394.6289761595042
172.30164404003645,121.2547698628353,492.30728102554326,577.5992841657859,438.47477417955366
275.0770419487584,214.24366456525348,533.8892067574608,786.1495671753207,435.0241578558585
222.94987178042712,139.7117909197741,400.7207244978256,640.7527751607348,368.48709318970066
235.58816803457884,141.60652406190852,413.5002036899982,628.4996690145621,324.4174134817253
227.11081944523863,153.16150460865586,506.7324501168959,683.5019072445001,404.7550264064955
198.5935997320652,138.80958752448524,445.74361633131196,631.8625642345415,324.2254120097272
261.6628560808004,143.8342437194357,417.14977243018814,573.0073374599136,412.1571448721474
178.32084696043884,185.2130696721578,528.12949242508,745.4473581367455,396.08552119240755
246.5795648042259,199.2461507046881,497.2970018366325,784.6872523252201,430.26349050551084
170.58202633374782,119.3486510951766,399.55914983748374,402.3675258827446,297.6201493718431
203.1617536140477,189.88446278877504,427.20824063281015,713.1909148337161,361.00091596056313
247.09957427230066,189.0111343711401,452.33881493168275,573.626491538652,395.4235523170855
193.61116954211948,123.40472380170615,347.4450480428444,637.789090041833,290.8405596411059
191.91830099160615,130.28961834396657,345.73363242998767,454.36736785357243,398.28347872785247
186.82730728029603,119.34610722726711,431.43205885512367,594.7864816725521,328.05962241312665
206.29756435702052,153.05587067243818,423.6306667551012,690.0668643243837,345.9170663631506
190.50629167789728,172.129231269408,423.87818231051494,575.238209812697,337.7074765847463
157.6016815728619,167.71502032285588,408.75183189202573,535.8601187030372,349.9904805036851
174.2522049955493,109.84681934489463,391.0541918154708,496.5326990668699,301.44886262395687
180.32086537628973,177.31352234215956,382.5619247068964,404.4476331078042,380.18723280443453
174.73223681449915,143.88102332661555,407.6630317233417,538.1837248902998,358.70452777188916
266.8048458745682,152.2325068897309,459.9270771731369,853.6993286470038,319.2052658670107
211.20219018018912,154.20790255073555,452.0654481102653,497.36203185563784,381.1354741132663
192.85595229572914,99.70355528146678,417.3505304823421,370.21461605244787,327.20103990030833
240.80731161750361,153.08366736807153,494.3295449879192,662.412393844628,381.02074297085966
230.87087680037126,122.88157157884565,417.7510932130379,789.438977045775,433.7325942641683
193.40982068835365,153.83870132245931,446.45156548998165,510.77036698045765,310.69518322516564
222.00413508179957,156.7726333236852,416.8511813124758,469.06337523231474,361.79708777234487
219.6237659090439,125.00573029782035,420.15845689761113,488.99165092245283,328.78948149559403
178.69432165502843,118.4186978860727,401.5883331544036,512.9080482195831,390.4119800865607
189.47838999284107,117.33554787102234,384.68820299083666,530.2853041199176,407.7539912919577
173.24211839526177,165.34249481385277,421.2522954624473,733.4169933961206,360.6090463636929
152.32570801807907,150.81763059977075,459.53474266952935,619.6170521064935,352.21082721259796
215.3115067197799,147.4637748025978,390.9454422055848,501.36016343516167,327.66076881567915
181.75521462936362,154.69754166307624,394.81489138379345,376.25796753896594,281.331929873514
224.1276168798774,156.76286029987776,424.4701412885308,579.384444713666,331.96277296927934
223.82867275320484,117.40661545032677,400.7256500344282,485.6705381852242,358.33654723687994
160.73927222277553,116.88860475026354,372.2761385822428,389.02100141220774,279.15288031084634
237.12958189766084,179.5745045794899,406.88522011681533,654.7675798728213,373.1561129714838
167.53929045018094,139.8577367053505,377.4581434693742,425.4542822687982,333.96199494937946
176.52587448272592,148.44550657538107,377.05935973783636,469.29825315220563,299.6502180991755
166.29720283524117,125.42062916163295,373.6602354544857,447.81108123665337,307.1311478177528
203.524408767986,146.7437909914094,393.58857645737874,377.95178235126656,376.5035177811794
200.19666617098937,135.28914181274584,418.997032254876,509.59975649043105,357.4613375829958
260.1552389175438,149.3645836325869,464.85994255975703,630.7725905183335,410.6855187359844
168.66758340529137,127.96187057572898,463.5650920033159,465.45322678037957,369.77043910122904
206.16012802595475,166.14429715985713,432.1484497124979,454.6976532033268,326.56248085961397
201.16132375050458,123.11063625342067,350.2251906928992,418.9109126390507,342.0786876946919
178.44550581336878,141.6277138501363,329.3430596993354,344.70981047998,289.8321177973117
247.48039756460594,181.6540378816538,435.44684459748595,639.7360108336758,345.8360024850425
225.4430520793027,165.1740113549437,426.429096489169,600.6906092817452,342.9310185392511
198.58031933221872,185.6348757538889,398.20472993543245,443.81097464731175,268.78958766387933
200.84174430180198,103.30599970484313,388.397331020731,392.81388587727207,371.9853079120935
201.33879162028802,121.19430363073944,448.3085338769122,593.1866612957737,328.54358842012726
196.5613780754862,136.35128360674858,409.41094508150996,534.3858965220579,358.2755034579929
216.97559247051487,122.55502461873222,442.8958317373146,710.5528204169267,346.92471002642475
175.86971718522915,152.0560515853237,411.5967242102773,533.704649359636,375.8526895025865
257.27930537563435,202.71964198814734,545.9278327070514,872.8414374450934,400.74612593465514
173.43954576145714,161.380052666864,399.3545143639347,569.240004615028,334.8360947388907
236.11136903831093,124.69402611258623,367.7777574684457,396.75198222526836,404.7374179766902
245.07807283344133,181.9898940430525,411.5885282078552,492.12215958230433,358.6743453023168
207.64857173474712,153.32726257456414,432.74615961650755,596.6582414389919,325.80154477114445
251.91679573680557,180.04873547414098,451.60231652368196,659.4623551732343,375.3175368965452
244.73891762409986,201.30584499167918,484.26615624555785,696.7401931451262,389.362692976278
256.43030395689584,200.75506764703732,472.5497328098065,698.924195514546,332.7475707147551
250.6755136890447,126.94792337781338,416.65658856286035,498.52881569419316,341.15521988788646
231.72557653160237,174.68370828838292,441.36939753656424,578.1413015322071,421.69431390283006
230.35984805233267,149.3880220311512,410.24566292842326,711.3130772317704,329.2504795315811
196.38524166464697,150.1057158165446,441.64344207218886,620.3956563505766,346.7236221261377
182.17884456721913,120.05269427620712,339.5091232005852,426.38915700138267,284.56691437029946
211.10024690049377,136.42445390650164,377.9946280566626,438.8748029329305,302.4838547192413
196.79595771315383,141.040684071437,424.74921381203865,857.4042875177829,338.441210756382
220.0619919388432,121.94849804420004,405.6788399484137,494.6324007875732,331.22921602672545
202.96619782601525,210.23923671488907,470.38503962188105,568.8156433566854,382.1162899543319
240.4455547475427,164.14185983312646,417.2528081493733,491.0854778561032,351.27773461027886
163.1490646816388,132.7746846829623,388.13552879886134,649.0579332073725,344.36308076420397
268.87169917313867,219.76451785849503,472.865004996473,708.0497399459954,437.56967178854546
250.30795424132035,155.5407160931646,432.269435033485,776.2974465918313,356.7097603297982
246.8526765364895,155.5028845063565,455.49248038699835,538.5974584422545,311.447084617827
270.0127781228108,103.62389544084535,507.09363649781574,767.4005316520487,425.27116550740504
206.97557310326687,176.26897211553285,421.41877505877426,503.0322550089213,352.78531549627183
198.466026805539,184.9049169993624,404.46030160462226,445.1784792291239,278.09086406192534
242.6663360088927,172.2699161336579,513.7745667460789,723.2761926895049,393.04541680130166
190.45268094802165,133.99173221122425,381.2932136536346,556.7403701822192,325.4123784462078
222.4348180340961,113.97905191295686,448.6761134874935,673.8351319798909,326.7457671469529
224.74426126540914,151.07269246901413,400.03487471105564,507.822174913171,319.5093153499545
204.13799379246495,134.7125422211658,382.92269435098723,395.6894779171647,316.96525739100775
247.0342141455028,167.22940686006498,507.6529169941224,739.2902612722787,420.0833815168076
226.36864910440872,205.43236519462425,456.37087751529333,635.8968383440863,381.2412541741625
191.64360927026033,154.6125512614995,339.9774892932291,654.5760926586204,313.47613615025574
183.46832066133157,149.01622703908026,428.8838041617335,421.62133354135,330.63638781063014
165.4010427734371,161.5765588663666,368.50117277534645,460.7892629069617,334.0070855361786
212.4006508540916,123.05501630945737,405.63240098316277,570.3989411872552,377.11977461228224
224.40896843902507,149.00158409225173,401.8208069237987,651.9134432747703,326.4589371363197
151.14480802425487,149.98793175519393,386.2621026266839,488.37926870708174,285.8318977996223
222.88216892343075,140.7782214782374,466.1078018793029,557.9628295751122,433.0383384193663
193.2363083053692,139.4604614650656,442.904688566551,566.6603090263219,419.6004375774387
221.56403072712726,135.6656979553609,501.18348608855393,596.9386609241477,364.666914548832
211.93940795694238,134.49024630666648,461.37552280352844,658.1175338851962,299.09688179238543
191.35911234825463,112.18158651103944,406.73447585078407,362.08766710264945,329.9016665623829
224.8523317753276,193.88654741896679,430.4459197588275,509.6936844372259,362.98003997003315
198.83092229100205,133.3772230507787,342.3941398135663,408.38887061323663,324.96939334451247
224.91308814057672,160.02999768046115,399.4839554461111,522.9449366437866,324.092760339272
235.76741794491534,177.952440360902,421.4114543490604,499.0810446825827,400.66125893129674
244.09775780795277,179.65990950227922,493.5041045570339,603.9237905492422,329.3609369158842
239.12546312502366,168.17064624351332,460.3168896140325,521.0200211418751,362.70144729838955
178.0604954906844,144.8930306478541,364.3841267180896,387.2825892194256,332.03663050120804
175.47859075142566,126.91154711726853,449.9169989738411,579.4419312405474,386.46748718185313
187.52073161115064,103.27301929749925,419.3155534198106,555.4793435286746,318.1741847825543
165.3507885114882,129.07181824031724,410.0621689077162,733.4876844273301,333.7695124948698
170.7617294257684,139.9532540809396,449.39914345912115,349.2616789533863,313.10532319969656
214.76047195827218,148.52927058920739,427.3098376412446,669.0508987092287,300.44141494123284
199.09012861343413,146.3544769660081,347.8086044641393,720.1480323747785,299.384889968271
221.22533108423477,173.10698284108256,413.0264432617895,649.9609364772743,347.49271280153437
227.4457495164021,217.24257821052723,456.83156277803124,746.8112887350853,300.1279190484049
209.78134775914913,146.5753939815287,430.5683724197977,668.0934553238377,299.6687521747811
216.74833658222772,148.51559109907788,388.9666996052383,447.52795886268007,349.376961535305
207.15914403695183,151.2524785418664,411.1711885363978,542.5451050973412,309.94134390615073
222.33235743140332,154.79544998355652,397.7473684322863,494.73910613991285,362.5797125846453
194.27832875456514,141.86570876200156,464.98455493229875,463.4638631366957,355.2396610339263
198.06483923531138,120.86719817629428,406.5090958671928,333.40319006002,354.42490580364813
220.07987580089772,133.47845326832567,335.90418353738227,357.5584030024473,320.79011368608036
163.71573956365594,99.22625036148125,340.7926774067479,347.1699790689108,305.4138086067745
232.33406410384495,113.29658547880926,330.14341976171585,450.7890390058799,396.8469616273468
237.47803286583593,157.7830160940882,395.6184035052889,528.6456784432717,298.00538322221894
160.45593965433756,128.98210948611242,399.03018189464126,707.099709180653,286.78019050004144
156.09385213344234,119.07503635028148,369.2983713716473,513.2391931844999,343.4541988515931
199.56048999130118,162.26197499743265,426.146907539119,503.5083288869118,383.9897847658923
179.40429021065358,103.7030863602473,393.2258045263971,342.6847589010117,301.2248424362481
271.18376687755807,160.7621160984294,396.4143889739573,647.1087950042822,441.6962372725135
184.21641775024727,189.64505501717224,439.3896815894356,710.9266669254918,328.1462459977303
203.1982469081323,161.59665433114216,439.03197662066,798.042074011014,325.40188977632016
187.58827906411526,155.43698621902308,411.1550016563395,700.699081275435,363.8375037531656
214.9913491346801,176.0812162404642,370.3343054133597,719.4898419481971,310.41606137969984
191.85431531621384,113.12167606864607,349.1462937253595,362.8474562628313,278.0469168512672
176.25690508147116,136.9515190466031,378.90592993660584,581.3225547542934,269.6046677116375
251.33944546050694,131.1598596658737,449.4607136167963,562.9153149697148,415.5836620919611
228.28967763795487,179.5562855870837,421.77937270304625,669.5721506450222,345.3312909751974
173.69248017827053,126.16314130383414,390.8558951865025,337.63441350905947,341.96327275445344
173.82172123995377,100.3021776000924,410.4323387638854,523.9954994768998,349.4356058666134
211.37057592296833,139.39560942754656,407.49707962502373,615.1236973360615,307.1223250226734
160.88506598334692,114.42939102345727,330.93287374570855,331.96880587233215,315.53978587466935
190.0774368095897,108.5922590993328,373.0789032026798,605.4295495409124,362.46292369150024
187.82607817696743,152.30655828188114,473.22626757377384,574.1462427384735,346.1207873563526
174.6818206155538,117.14835965044968,383.3328436718296,355.68740313001445,310.02621686722745
227.5249396489628,140.65557616584704,450.5635812067681,433.75035466391626,371.50330016252155
201.8093876973171,117.57188689499279,445.398271365209,467.6360227578377,337.7497567296343
220.91907029834078,138.6062006348954,461.06803007008864,574.5772111357464,338.2001333344294
247.05089849699283,135.8611871391246,460.43949928183685,654.5453046532901,383.8083194799184
164.9235537523204,149.26359725136336,412.16711250781486,434.99841671709004,313.27019294993374
186.81163122331048,121.59179748191717,430.74853329586193,430.8324019500492,382.1928132134963
212.66780198267466,160.20067943766702,425.05432680993283,362.52896216517365,355.35030855255155
224.49702343964427,163.64065079827895,433.4917386935524,671.6599493808576,291.5172429395224
210.57515378051596,124.78545274374477,363.2943689837113,606.7567878810172,285.87532443204805
217.86112241528355,191.51858680188877,409.52721923235316,788.1162651018859,386.390776366825
194.2179552995535,142.04184322334757,371.5356839591838,387.1036269262393,353.93104558948323
163.2225442056473,139.4379423328752,356.821553945282,336.99818926328885,365.7425202087606
256.82821701030105,156.40172826626727,491.66708203159885,517.9364018361164,416.1198237251352
254.07967386657927,127.09183029541056,375.8112094730461,675.485168610282,265.32992213691585
189.2813732612787,128.1231065925416,439.83996769546025,478.26106441121624,349.99716682939055
213.01104591929305,169.05935306530768,515.4453844481018,681.5461916324163,364.1023715869343
157.97399838142348,147.5945773743756,490.02325231431035,421.66867458820747,327.34088661128203
183.74667212665685,126.84506347546319,465.16631500601454,427.09210693860257,364.51163053902343
176.47350431360377,102.01931563327433,341.7841562184703,366.45437319283286,322.68986751396517
201.7242523796521,170.1460513343557,388.8874018401049,561.0250904819881,353.9763202654747
208.88020181890104,123.91735496269972,397.7392656759073,493.37212915440136,326.2186179886351
201.08226473061237,120.95842377590023,352.9209135895197,577.6089255975119,273.33983049919107
198.8872300376571,190.22260497679457,498.5927121359108,464.3711806086088,289.9278385169669
222.20788351529035,179.18550584675143,454.65916955645713,410.1508672777144,347.28446094018676
220.85780599974572,192.8866423588448,426.6102275471698,380.33927504852346,304.97501959999084
212.88705461116416,116.46504249405959,391.6947369494776,589.8959446042342,375.79942196890306
240.27731768873505,189.5053528986992,499.29052571169757,615.593183919427,345.40746431670834
156.29958160535605,144.37615189502782,336.54732163305135,462.95344531900935,261.4946106915264
207.18234439087442,159.88754367808204,433.12818015095155,845.9270697647767,349.5147023583293
210.37699582656677,146.91018587236093,398.1278646404074,487.6378470097876,392.3746239181074
181.30169378535902,149.63284222875777,446.9098510615481,377.0485967702402,328.4813086668046
198.5400816888222,145.47400382804872,436.524492432802,616.0230081726838,334.9405650585262
205.73792182949006,109.32851568975705,453.1039677981657,517.2498581686822,338.97556248303584
180.07313586931502,112.3432477183313,392.66450823091606,460.3987627694232,336.1712534505552
192.8603543301553,163.34787068362914,382.686965932784,407.03849586571624,276.1786737038932
188.7910952759681,122.41368325440631,423.9002606397322,445.53602037609863,300.0887975880555
166.61603309844034,134.31704712489926,466.032117661291,366.8310014839144,419.73782656049366
236.22364855648496,129.32764414051513,447.38774969903665,694.1234819849367,407.0435458700373
230.75535614757825,140.6204617221742,476.74410952771785,776.2141439652136,383.03251124001963
199.573651452766,122.93317602488132,424.5878329078814,682.2911817489872,367.3211378884087
196.6732447008696,164.95968017147717,467.9300575084635,468.87134693954005,362.1588244524144
210.17191111622805,138.56406963839186,450.7007934290074,579.7051804387139,372.2115390950478
212.9097088223108,156.46770438595075,411.8158307858549,547.1215924042411,373.0930569479802
216.43400056704266,151.186987558658,418.26627309573496,641.188327834307,324.4668985935546
206.75595598785787,125.14979735402558,446.17294902030085,427.92048366717677,348.1968437163315
250.18227382275336,131.97953518440738,487.34008095638734,448.9321614400771,341.2586795816669
220.3882391166557,126.76833050294636,354.9956453563389,550.3912702058315,271.39896370833935
205.6703680295251,181.00676830175792,413.1846417835445,759.1025731764371,337.155870811554
198.50487516238712,145.56929570352733,408.0717663527679,479.634739157795,334.06793142623826
216.79550406797247,159.08889892375745,446.6805065432514,677.4857121795708,332.1413809112952
222.55261220153517,155.06713964632485,466.0694522980476,525.3403677227059,374.91585500643225
194.29731442080475,133.21526481214494,463.10331083896904,469.6106455391738,309.9367040482285
210.79854489690268,152.65398593525367,445.0265870057733,622.9367478827285,330.0352639843145
218.85120477933202,167.4737840826281,489.5133172094706,610.8771062049619,388.7602745943463
195.97460393262685,177.81123601293075,465.8728029195078,464.12316247108475,351.14306203427276
206.37879309876848,152.7789822885645,408.09848557060866,662.8654244181071,350.01695337993914
213.8430186966674,151.39963053764689,434.0472610613212,688.5642135532764,340.91082235755005
190.7194441218136,167.76522823955744,382.2114533543579,356.73428763102453,353.240874942513
171.43592984427787,119.64631483335972,418.17840759188005,596.0018132333043,316.7810631771411
208.61877767387801,140.5707734094724,446.9765658984824,459.42316163860306,386.4242552422644
198.4302668664501,175.80164005420636,452.56381808035167,601.5725093639659,354.6041442968621
208.0034172834648,148.05460774719552,430.7429548645245,329.2902123951064,326.93438790851854
216.47631067154077,135.52388811251865,437.9572836273431,486.5480540206632,314.32923568143804
242.7232638885156,146.63042950231022,384.6770961804983,674.9699930948374,342.3739586369893
220.72603873662914,165.46794442168525,489.83934943720976,501.7074988796141,367.9219185522738
227.007423932453,190.64060299282013,458.25662119367905,765.5148797983719,312.91974853713674
198.17398087343267,130.477152049919,508.3426081877608,664.8714607287377,352.5734420579641
198.1394447882734,172.10982493806486,430.20954124986713,435.17560918755356,363.70130867044463
190.8692575730422,215.4126297961248,463.4239570432922,641.3479585641822,441.12214043157303
169.0625121127858,153.94585733688317,336.87167547521824,554.3538699845183,350.86531876109746
239.11786510873742,216.25160030797298,374.1650027884704,464.1219372806975,403.2604378463904
225.3093788800406,177.60934002102556,454.5477596358697,716.6023032397716,368.38012672969876
200.6427834343674,108.75940213527751,444.0462629201389,517.7561254840775,403.7071567153123
178.28252282776396,140.84439914506078,379.2796405685693,609.6769783847858,344.11044438070354
241.94333386344172,171.24716366259997,452.6201474781946,671.1496860585249,371.82037035838124
215.56357659844335,125.5208325602338,354.1266733705971,341.1670560600695,340.7785247580541
237.7889975222014,171.4461005045425,409.735883076246,580.8292176626745,377.0182096532401
205.63109257060304,148.57594585554628,446.37406505832854,556.4292833178308,307.1299166223288
227.8277388303687,141.76945693743252,465.3734626158848,681.5625340671204,365.2599472161659
162.02332106694993,100.58514105142666,448.3013750397778,520.0907225734853,391.51554700586746
188.71367632321275,147.66639762525165,482.1009155725119,390.1909195695851,337.39652303393564
233.56679278895402,170.20070416324697,436.0983390399728,722.2379672748141,368.82820067949655
227.68460870472083,181.46497947567428,396.34262508120423,615.8231924973235,377.2458027995865
167.93191064358555,116.27247580494048,427.1445981016301,485.1377647379764,308.9317473462315
226.7434335892709,170.9806823623372,436.270480549655,602.2676084966112,369.00997219283084
211.0098103228527,123.62845305248143,394.35902907636466,379.9932540651317,337.5656926338667
204.0653265458738,136.78897449415166,432.0461943520045,616.0869035360397,377.167198593658
182.07809996871157,126.41832294614248,408.5933178864189,589.8742972389965,332.71992966163634
179.9586002057928,126.95338029431461,434.47322783745943,463.82784830533024,388.19881086677236
186.41557512905771,127.56478562045912,429.97676373610216,415.72994034097326,360.00929894738425
188.510291450983,144.96069464272648,485.3147181770256,640.861023940951,352.57499332276825
217.3635063952751,173.82322223479926,473.5837981317811,577.8941283448612,329.74202955338035
159.69135276305244,139.7518651412478,350.967867210179,355.48378203463875,334.9732701776275
206.3660269547656,157.7076423190572,442.5324515491968,525.9040611832335,350.22127321184826
190.05844393003858,111.54495593055566,412.5312743164645,458.77643687328884,293.7392025649952
222.08015500084687,148.96761843567145,451.3436821277311,626.7174585355366,422.4301256616695
195.0959026409697,158.3731765202018,465.9788745473264,402.3777114896722,389.36167150813867
191.34681070638308,123.06083799847605,439.6431566672826,455.3473205006117,333.5254099041269
244.01820556252818,156.60535618076383,481.5494289499971,755.2526617660411,383.3449879098655
237.9707339185916,146.01971367270767,398.3263055294629,504.72459821387605,365.3801374087402
244.70836445212353,140.43796470282226,427.7139079406156,778.1170945192197,408.7720374573431
183.07123629650397,128.94309052987933,393.3358913078017,530.8119544762717,346.9384391096216
224.9408473208778,110.88993203461459,392.95371158444146,433.02125597181987,306.9600710568527
188.27019139025606,114.1900633400576,444.2493409825828,422.6548614834659,383.14526291968116
191.61467603851628,190.03773794486182,429.7322448191668,599.4451766670098,336.72247305252563
219.52572679807471,123.74847621569153,394.1697791687653,409.70800785790203,281.7313997189033
239.62189413790597,138.2801534949549,349.14869512036785,590.061961637307,380.3320309078872
174.70095493196104,102.42012761282069,413.0157455014543,727.0533151318322,359.674027027863
190.45874582520074,171.36912705406297,415.8471091542462,729.000219674204,294.22054476903145
270.80689627543296,104.403968224155,356.37343142972037,519.3481110685309,423.86293901485743
204.6836790221579,122.28426850967739,381.57921969235844,582.133060542332,332.7431944576799
256.2117807096951,144.27186736802648,428.6877090472579,733.3815547552224,426.35868815721426
192.1079652958279,130.16853074188202,380.43392831103785,532.1725705333303,395.491698158479
204.6609868467964,133.29989808272686,379.8350543648359,449.03398508745823,324.96673502731437
231.77980424007052,145.50938271802008,464.87053881924925,624.2167047812529,344.83774694585674
207.34776757971534,146.29898562374407,453.81734242319345,558.8617623448635,307.34943989663316
210.77527988863048,132.16861162696134,436.6241998992191,684.1827660653482,358.09781198779183
248.96473388566582,141.6961608861711,465.41645731318414,566.298141454904,410.8679753379629
157.1601900126937,122.21674526025946,380.5720014129162,523.5854850769281,342.3648026138561
206.33300601234936,113.03419491827506,400.1460203616129,535.8557316616581,357.15297981717777
213.07622287515392,122.5363014172299,415.487127234214,555.5920041874523,349.31744883069393
156.97696330945138,169.0637314475433,480.06357553543785,692.1958679199553,285.8916357082376
207.03222046245875,129.23246513133935,444.35021040362784,578.6396961817605,381.0722197353963
220.2281604898426,168.98043053094926,442.6072752271927,705.3837758400362,384.64834838692923
244.10118485409896,148.16141707200833,464.7950423453258,606.1494830772716,381.3054429567957
223.10603297795242,152.71830985499363,370.7728381048936,526.7478647789634,382.4526736433231
189.7002682576078,101.28598411626754,342.4442650758713,353.89319810410706,384.1456990181252
190.0763212167278,178.6967073687118,375.14931088615145,676.8676432040616,337.3744511162074
174.10494194291184,170.751338882455,407.77800294670504,463.86240793044544,423.4894384438583
219.78160212466182,182.8642886832669,440.98526396515183,706.0567241577872,318.8863055723076
183.2076685826294,169.72643094837454,395.8184170495069,604.5113876218996,304.6263344474627
167.50185892508023,169.75122605046897,422.549677738494,795.6123526362121,331.4755703731697
243.7648502859654,187.29324060129142,407.78313721329414,596.1450774150535,385.64815442679827
173.15790957531655,143.64637611197645,392.6913597591719,589.2691432719796,288.37882752677945
170.77095664591673,114.21009865660521,362.6867647914308,435.3826517132004,285.49882545352784
238.11976069479573,163.93340373264652,454.2278630967498,474.11356921847164,386.13877059907475
192.18035386132973,175.3345583042874,411.62402581651855,804.2592954302396,282.05969152341873
211.77054177784493,176.2197463847184,432.64649789054477,492.76517962602674,334.49004726809017
219.44456936870074,149.58665212451592,417.7526311291223,465.38670387578776,360.17121249755496
167.07163364191356,128.59814840334678,412.7452806819831,434.4743017667349,340.864473617166
211.5337613489422,147.34323953270152,400.61931171096364,623.0488565486795,316.16719437991986
165.18713309975092,159.05601582771664,414.7666396952229,356.4281343044736,304.58624934927184
192.2092709397706,130.28955902074696,359.61154020897226,524.446857373422,313.01134643762555
208.9920814170755,163.9895536497267,453.6524866952534,605.8769844270518,329.3360759189861
234.32863746739721,131.88571992030722,433.09796821918513,654.9811932325715,340.3115089981556
176.59870778280438,128.9298186857241,335.02145651919216,745.6360912729511,298.826102754433
200.36431961981836,148.00327573308954,388.7735915529837,576.4230915326289,349.2373199286843
196.36815264148848,120.26396819546946,486.65872611858674,478.4314808031829,428.45633783783273
225.89682296186453,159.02317675771602,433.54968609057823,517.8043836803491,364.9930623223385
224.9420023693791,199.74857040834976,438.5440965510228,588.5593360198809,342.3927945813111
196.53148068023705,177.1645067643109,375.77092272250115,617.2417555595993,276.6958467137364
197.65815692067,146.96769220574927,445.9145964938791,485.02701538648233,423.74421263129983
243.54751420394072,220.53538263244667,455.0627517277779,513.719967104204,313.3058665004141
188.87557278603407,127.39133924880868,401.9482557491326,440.99953200903104,338.4018391889371
177.70429687882736,184.88744029862247,498.56012506108414,674.5492568394326,367.20105031911123
225.8548567684327,119.10721412765987,450.9353504378019,601.2913681357244,426.820298769659
187.64753643496783,159.4428040619162,426.19240944352674,425.29692232727507,387.6666742706474
221.45490728698013,141.75847860814935,337.7206509661029,581.1473624547078,367.48328843377544
206.40146147186584,120.0561515500933,407.33311301900494,524.3278512843757,311.8454307708916
212.5094770120003,136.98515402932995,433.8442488757756,429.3340947667731,323.5465688969958
167.23134953798117,191.5236202989541,394.84188715307255,632.3240809746698,350.3612975314647
234.53997094302747,99.7950426419764,383.52124484553593,401.4119663429903,327.5808568194562
203.84308544744792,166.0089341748379,431.56295081308866,761.7376607805136,302.1065778841476
184.87211264545317,133.83272775656107,376.9939886110837,500.6421146683316,334.5477161601381
191.58395991330875,185.04135655797177,481.9982924154779,529.2614121407571,427.028430511023
190.08613133188817,167.81694060532016,336.44983737416476,374.3576537055953,283.3833320430208
226.92708078290218,149.1034428748742,449.92285322256834,610.5387819531909,362.5619736961024
255.61008925141908,169.50019074652556,428.0437268276848,832.1916115126206,378.73605565562997
203.45117795452427,148.4307256885288,330.7244762099253,358.4149469625445,329.3342025601698
179.89341189339677,126.71180969508382,378.5935016796021,745.7151055765844,310.50451544007353
221.87262596129665,105.44941755778969,459.2690306728351,593.2903043059326,390.22682123375563
221.55348827784493,110.96169225896115,426.10046618436115,548.2167742440392,385.8971386565772
220.1674853679045,152.61834019332792,383.64546122451725,512.684459803789,323.53920541046324
237.09705597300433,152.0863059546776,458.7810079143051,708.8342827237014,388.36105260754937
180.5829368154237,134.57111781172466,444.50286037628,661.8758890216669,355.0027696373582
237.22454113118457,129.42358174525455,449.82621277351546,612.5278690325135,358.08274781204267
195.4483742896096,160.46556636203428,421.07674331349625,381.5521073529205,369.3399476131084
234.1229777436277,160.12253243019987,393.60676743826605,547.8807696474903,354.04107351857124
227.87147485904083,126.40736082416355,393.1106678952827,578.3336938593144,274.9645803572313
217.22090064154375,148.0029912759418,461.0509494166412,522.8405425111106,346.80276331670694
223.62322219165569,204.02739928469606,500.6861491825827,496.12396501944266,385.09118583045114
227.3782044581055,157.51687620219093,464.47469682362123,708.8435395672046,381.68167546408904
222.9431894492933,169.40227412860764,478.87840166150806,775.9384076484084,346.75687131309894
217.96659745939,196.47484455282722,492.19435014672274,564.1480105422019,356.93255211109
223.65840638424058,137.53873621444137,491.12285970518224,677.151174929715,396.6921659036701
209.9495221674854,125.869023437776,443.22501137666865,716.6411378861224,405.8594928655257
189.19844666568713,175.73515283069142,471.9133079883086,619.8581257363393,334.21802209168095
236.950419958872,174.95084113145268,478.416851610078,428.8639014526979,308.27101621071404
228.74399076197054,147.78313065884873,424.79527345094834,493.3692897274311,353.39978087047746
240.84768209350602,122.63682682857748,448.8101077690123,427.67003175481307,438.1389688779469
182.43416881723275,154.5795894566495,439.1097592619901,481.7919579758395,313.3916136131803
254.5779131707959,109.95475847125704,355.49217392169373,414.0655915537169,301.894093898748
180.03930430314705,148.51821873402986,430.8535670784831,540.151857522407,400.48503778859384
231.57165166088197,178.67164985088348,424.6422911326013,563.1622284811016,330.54672840842744
181.4120045439066,118.62012126174993,431.6633753431407,450.1652911689396,285.3551206471395
210.4571398322429,157.4146606972167,384.89268540413883,406.2529209596281,373.87194297572495
197.89528163104518,132.24529311916166,495.8825164504994,472.1090791012874,409.7865818536676
205.39298602810084,173.26528546163712,463.80687655170954,774.9347610184703,317.9560880819254
153.58335739850577,153.1243612595418,407.20633439478934,394.0418212057559,347.21905520519965
191.08182231757792,156.92885976035222,447.256108469353,749.1836435979349,341.88754415461
221.76123406771018,151.90303192242817,442.57154875130374,478.1526935536216,429.0892757839464
166.02448310171712,138.69714814967003,408.07434957413506,510.44151739560226,403.0287654724794
202.01822841029227,124.54909567850991,437.37355413946005,555.7623884013542,362.35285407310306
154.31641672753642,109.86525579622234,363.7577229642312,646.9499747163673,315.18136776851856
204.35187885102985,119.12252772178543,386.3899484238065,717.428417610376,404.56257305970024
213.25074626709193,155.03251845920732,424.245830223408,648.3581611125506,356.7531963706776
274.61703858643045,174.75826981465943,481.46997618370614,348.8755412359946,446.793241413395
161.76755613459622,156.80281975675982,363.7717594462639,553.0943104660781,277.3827447049873
268.10206736319765,185.5014632716025,498.6016990374868,661.3926244668893,389.73604860422137
244.14739714287253,139.5705611551062,383.2520800718102,738.4978381990137,420.74466653200454
178.61878290497776,157.15946600045277,409.7960456573725,643.9020240377464,345.266065767267
196.72102334675205,125.6171992119199,409.12684287419626,405.5108929882961,359.1917298823473
191.7747801330733,172.35574455162347,439.49069872893466,477.27655227705054,364.618181000609
199.66794492126675,120.29260811292215,431.79875413632044,385.17584641965465,383.8860829786815
208.95432214547444,113.55501417821425,374.5862801498191,393.61973017810215,348.41694416995733
185.42410371838832,133.5443616256055,369.1465530924445,357.3875631063799,368.5712261896232
195.00375810061516,185.0385372064181,439.6541268596036,622.9911380181338,320.2011935977761
171.5056582059748,118.16713536050605,458.16844562695707,613.2802985451273,303.5132818608363
177.52188487501746,131.69957623176177,395.50075030918373,528.522817056654,347.0911005702826
182.37304136580332,148.5802347158329,425.54246982788425,396.5857559869294,283.1115489181071
222.154618487656,148.84099105146646,443.0983328190098,605.7290734706572,337.3683009180148
260.07705653800866,152.67763728518875,465.3065136165372,821.7184694340629,355.65079882970923
205.61778378235317,146.55475102231546,432.52933141296796,796.8058806525809,438.197968807902
202.09699900503136,154.70676028979693,420.6255553986695,706.7352935443894,272.3157319290126
184.25048849896308,95.50809877408074,403.92375005222175,330.64143072499553,333.22396204285616
214.21086759235695,162.85750230159272,436.9097715103975,542.6543345482419,340.88818984770194
201.80354702490848,149.20000475450524,418.17948187419586,466.8891764940897,309.70883876241476
182.63902976787034,94.36545310975401,336.3939503215125,330.44750147244014,274.1151614203847
229.0705307274308,176.92157040588586,418.79815353803815,613.9274242378718,334.5195135782383
195.11105941834353,149.25293153764048,485.6776247141184,666.074417167991,378.6144297359688
247.46292587412302,163.9659948845353,446.9632833901714,597.8710609301924,335.7859568938587
273.70281649659955,99.35163201504007,440.0263069925539,375.37422454214544,304.28476692234227
199.68404610250778,169.08513419759475,464.21069299719966,613.8701674284854,294.2286273887004
250.0819107046861,124.43829679944096,358.65695137636834,560.0570629698351,338.51084054185094
223.35896084686703,193.75796776455505,475.3510394766536,604.5261432817108,370.7523974853002
176.7683317560144,114.31464517609776,405.2968791749716,821.040406479445,334.8945621130733
259.5330369976794,195.18554512822575,532.6981186768978,506.7180889516751,392.08754136682643
216.43432520099634,185.94389488623244,457.00724641858824,751.7556018114672,313.35409685719543
189.42657169531617,160.52260730570632,430.2511368008107,677.7425657332676,320.2746466674096
264.7847038470315,134.0446015612371,464.99565014672186,786.8308273333726,263.9556611362589
201.8828219794915,150.95515917187222,434.47693165498436,564.905307086445,332.717712110051
159.66293221552408,177.81143004240846,366.8205940839613,486.6954680088849,363.3179647736864
174.6959899233022,134.4969015597303,403.2114375272028,739.9186553126812,399.78771687910404
179.00720722105407,118.42007107751154,427.3861429879283,481.791333354242,322.86735610690477
202.6033167730813,109.90240096431808,384.24351185039984,716.8417196592834,423.13205687665084
182.39028704792298,132.20184160602864,426.9055861568706,591.0478996544327,321.49502883430006
214.95981355573878,147.19229025475158,375.21320893476087,332.9274024243136,381.02527596299933
224.94256137881305,158.35958969003423,504.6303852184932,575.9132605082433,390.2666110496648
173.98966767773993,131.43750918238527,424.62393582543734,347.4964117244877,300.21897633994325
197.44368002615332,134.2489294430451,434.51412231274736,608.9448356837075,335.5818979701724
160.2504668238151,157.9328600544205,364.73672164923516,485.9094310311663,297.5618146703928
189.5717159207412,158.14006194850728,425.7709798172265,642.6415851412131,302.13395538879564
205.53308591013257,159.89148154377764,417.663921839358,636.5978247497799,327.85033647285854
183.6696641869382,133.41993347163114,393.7233398526373,606.9904568630359,339.8378146575501
210.04748774219277,185.0430218697003,430.8713385575457,344.3241372107451,301.9373275090396
188.76810900971046,153.6125860001636,386.3376013468472,606.7964973000717,302.19348626379843
186.58301469648416,121.20860868162423,349.4493550825261,379.0875617630533,311.1210756918137
216.37878024466227,203.85505920932286,393.45686552703813,467.31162575472774,379.3860799000883
212.9466695367798,155.08786248412457,453.3308608172892,610.0156641759266,343.30655849329844
216.48519712906005,102.65688505825536,407.7860504871046,552.6098975277694,352.6702169027734
238.2148301148454,149.01126141266212,370.90407690240613,565.0973743749029,295.9898364569681
223.29857389679393,140.6316693492971,441.1909078747647,525.7361493780091,336.55645335011866
217.69751037780912,122.02523797384136,388.1756532902395,591.0710795433918,361.1864147536598
191.81869856655481,137.95294043745926,380.70785516821616,452.68109547657286,339.27144342196686
220.2896211964327,157.52559610422057,422.6698156426986,623.4134362892576,319.5785809059912
264.323219732018,122.77622915516595,389.3686413709741,379.9802960374585,321.9740059335365
256.00918572575927,130.16831828276787,413.30578278405204,557.0758015054297,401.021064589019
197.49950280812908,126.78383732437182,380.71021561264814,376.59532488278,414.9153201427015
230.36462960359205,153.10072791234262,439.86149340061127,551.9845579241735,297.39300243408616
155.2874931882352,218.61479253347593,544.5256027524908,840.6582842420397,389.7359607359568
271.262636130062,132.2996434555597,478.8088146026181,752.4215052279382,357.6361939570519
220.1083213647236,98.73060729472958,344.27971904639253,488.786594058512,287.5603802966399
166.09004846011464,149.56971446134008,426.08118432480876,520.4897800738675,334.56848716796077
212.04552156772553,130.18577807745,357.80280644006723,366.62933643603566,314.2569376167627
234.21483841852915,188.67304206282762,506.47529650020516,791.9643759029561,403.0747310545188
156.95749943621578,171.84644370036207,404.6817589652314,756.9159815199804,339.8365747556431
198.68583042951184,100.24842442739047,341.1357448083948,364.8259802642465,326.20726330399987
208.45272416429486,136.27650851799822,481.3331226778865,542.2269047921843,321.00925221127943
230.47238588850448,142.15515317316883,417.88353002077315,466.86745439548986,315.3622215373103
204.33042844605123,158.12091532749565,390.23824692284455,644.0272711452925,324.4982610903282
244.7314122275785,143.22849372734686,470.9715176603409,437.61885706634894,368.84962752394995
180.43679194390904,165.04791790460388,405.99331540805986,473.7631039620643,375.66926020782574
223.45113515735454,138.88802055659156,467.536914257304,585.5375446653313,359.16499316826395
195.08961600638034,168.18730696937357,493.7202138738398,556.6172400829837,337.9293274196592
209.88160240939993,134.39163184369312,410.0284781041342,551.8503899612167,360.8764389880696
194.16257211055066,155.13099973973803,412.80625423726514,452.3053767670756,307.1400850100005
203.14905122602198,120.76422751404436,379.06515363091233,494.4190022344363,364.6531699868991
182.26431950562997,166.50169485747688,481.78787377822925,615.4181737898958,350.7347184037532
194.2000600829295,143.23189507087102,409.40730140957544,421.94848226523567,328.46776161122546
229.15809412051271,152.37029807877815,486.4328361804594,610.0812446543024,358.3548993510212
254.04367378001382,145.79014882907276,395.84161275569846,565.3409640839593,392.6193318485139
160.84148726705044,102.23674177459263,377.6208238764012,468.55603333862604,333.7775094208493
179.96075549128915,116.46080113106146,420.1097631463583,671.2909167175826,378.19019685813396
214.56869935978517,130.14566125313186,447.488535309874,453.47645558652636,378.32994295899323
165.64528153974177,122.89002202440489,432.1771338266089,432.6817738262826,304.866238514073
202.83792836995636,107.30127158728108,338.991736162437,464.4137017602091,401.8819202341343
189.8857443064408,154.71594108333468,444.40398373985886,356.29485557429126,320.99314078242736
241.60635421337366,173.28483283778726,467.96274038071624,391.9774978860521,297.3251064831017
233.34387777010693,135.79845869701543,388.7116733739333,488.7867831889236,338.226461089933
208.13562086508924,128.27730487139704,371.3417981000615,615.3773459118678,302.8403960355469
240.98093641145846,162.33055266594482,427.3164670946653,678.2195147061253,331.1116589865575
181.77846003165473,162.1025546465713,464.67294640966645,659.8555380047179,337.5224103061497
181.40779208274213,149.35731554936453,435.70327666766855,535.8155873639093,320.0751627931108
148.7551711517186,139.7885679068773,367.8393663351755,503.3777224643119,266.14563898802174
209.77201434082872,182.18072861138984,413.04859388107843,413.38526795578696,312.5958981668389
194.00417602160243,169.64974353621486,367.20542909189277,419.49541924321085,310.62367146859884
223.4832662915533,168.70050154557973,464.5358154022848,660.5539378593115,330.79488469062807
180.38258636996306,190.16846943957387,442.9415813242802,742.6478577991151,376.3915580961756
220.42514087184347,150.5454629208621,410.7982258980442,613.9116729141426,414.59005434597657
208.63187792902465,102.99694666522373,406.1968003834671,393.82322615909294,346.5598412187976
157.29012716983934,113.87368106813132,333.3371617125183,480.29823737033985,333.38239884423285
241.5172112765149,180.33918213225573,474.64087379283876,823.9314984707939,406.3300905769579
200.4493100483653,136.38056245317668,391.954401505972,646.0283200025488,311.9051827889218
195.01728362441204,143.47230734215657,453.5381299775931,776.4255164718135,318.01592150644547
178.85262109328744,95.75862120499242,439.29300107692785,438.710676838604,382.68360879236036
228.77777043770934,139.72139541216671,448.86107477677746,680.538462865153,383.0703988854676
234.1067976703659,142.48305665616834,406.0378255070221,491.9188447719362,318.1561946173601
191.35878381739397,120.95085569553666,475.08058942637683,578.5055196098472,319.8752525435811
213.8662955079816,137.3524677459472,362.8185110867936,555.291822662384,325.5763840330421
201.28608398216846,167.22378542757912,446.138832341774,577.4515823606074,358.5545044581379
175.50443510245924,157.8584927464255,455.6488773276325,685.0498437080705,342.87780984028876
214.8786763124366,115.58540097978916,428.09767247285924,747.693076311473,322.3969182214701
232.48460015279156,194.8679461128208,355.4979551188947,373.35273434243845,414.41412811588526
219.31635497701458,164.01919190823463,419.3093657086219,437.52197889434296,351.95235500663495
162.08015327539516,118.19064750663946,341.8423252654868,378.5086098091313,295.05021192876467
260.5927781333337,166.73893907561623,485.74458963007584,823.3347919067571,324.49874697158594
225.11957744229633,139.34838540987926,420.3704378015157,688.154922573983,349.1646699861896
167.46507262517264,129.9467605251379,339.9052755113596,330.05215927783297,291.60416409232744
219.95471622377121,125.29789534400548,361.5228200769191,351.8899031708588,274.6099952965024
228.89539856771066,138.915534471492,430.29620747959785,488.38627723600325,360.7525665669787
229.66148049432897,190.33965892392519,460.78269813613844,722.3364991300052,361.38509887738087
251.67541852176086,182.50923452706965,400.0396415456868,412.17904324782535,341.36462588162175
182.0323526062334,137.56611498808735,443.3615979914279,362.7976847811096,337.5028384696961
187.7798941847783,146.57680207973837,432.0112479711586,691.3219751216454,351.1804035943229
220.3528527489349,146.12219712573577,455.0217908660242,572.929075926226,349.3395206125747
232.0980080762677,128.35802995968604,378.9087846761559,398.2444554956634,325.2486696701944
207.12360082720645,158.1112351012217,440.6014775878516,515.7117771454156,357.33288200337944
200.0074868344648,145.74402315790013,407.4999717846868,641.5208136392496,306.72879408196485
192.41423925733318,106.1226650239557,454.6368957704553,446.4217915296807,351.7744942227676
187.4909628339513,130.6410667709809,393.584233979038,506.2034885580911,319.755712221339
158.19878172929853,100.6746530817261,328.5016839542814,331.7872700030719,272.7563780496048
239.09510655456194,146.92613195808602,442.72031885160266,712.6336601952592,342.4025887700017
196.23572314710663,152.67349616065488,420.9551424589392,496.5805493790876,379.6817026911315
175.87650495506927,161.90467011454203,468.7412005973264,547.4118588635114,371.4818566597054
206.0216125750674,159.05737408073722,433.7040368292524,623.3372816054554,412.8832215770159
226.02517217278555,155.7611706452388,460.88227204090475,617.6568672069857,312.5388836114844
199.28200413545403,137.75832050516505,403.35334380334865,464.71802334083657,280.177200489044
214.1933594270168,203.31733197835462,543.5504077881425,814.1944175555728,336.9658111209994
217.47472731884542,128.09125842083054,418.2225939320004,548.1061117110569,363.79471389987765
180.8218549616161,141.33877535788898,407.6350209301172,379.93546221390335,277.8730664704206
231.52907736575523,188.84803230635703,450.9522289730042,632.8677699536828,341.3486639588184
213.7305246742565,140.95953097917948,436.28568145623126,697.3645313726179,302.1494888310497
209.47376287858583,142.99672359961625,411.7904181913379,469.1669395935987,348.70962546573423
233.58845690811003,206.03889659597115,419.53221635261644,874.3641720068804,435.2597169998346
185.19417329882302,121.06370128944505,373.14905905131764,438.4264110658201,282.71970974881367
212.09644084345436,160.57838917523054,465.81865908050474,747.9705465803501,367.6755912013507
212.7376017427049,126.23367526434876,431.4016288330987,572.9941180944519,357.84464250142355
216.86550571638932,108.06040033666984,403.51589401658396,655.4013554972182,378.18921210960826
221.50880272614333,198.93085866425247,390.10673299100546,661.9938737841468,285.1812182198531
195.5163516857726,185.53058510685585,505.9285242049785,679.3946035102609,336.4921903195415
234.68697566834496,130.91309212736357,434.18817559984444,602.0765631377878,385.16210680526643
157.94511750813766,147.68934102937132,372.6265704392582,534.3538853452683,314.16825625952396
242.29284235810076,132.48072159646463,477.4524148553303,568.4949308060613,340.9956439296832
213.05506633434902,111.62195184486498,447.6327191844476,616.6601446017345,302.60497525738634
213.81528978686595,162.23619555949952,436.32244338070024,673.4721395429842,343.8141825129889
176.7752663516605,131.6935281873649,382.28087488798667,527.7196102554508,323.23845862243587
230.38813951723182,177.47337218356222,458.40292795402775,678.4227626031745,308.4051448079723
223.46459831011902,133.33094571729615,521.640726692253,449.2696187985722,340.18009635597275
219.58390606565362,179.2729185276042,448.90883405198997,778.6529574646878,308.4312645774243
194.88017044234502,143.32674399906196,418.8038223548404,600.5171057034738,324.1081112217805
213.98695687194467,196.73236931067532,400.70052153479406,548.8670214438295,316.8414779302716
197.44781308557904,125.26222157912392,393.08741141338174,400.0965776977623,295.4178042547494
247.65351239735176,177.85017552822646,406.75048501647814,551.3187866424096,327.68021262361316
208.97360306691192,141.04630816350544,401.1031655673376,536.9703249816628,349.9723383208737
223.32806978768363,179.43600050304428,514.1658215460792,581.9512414186681,399.31762739767805
251.11532048167163,138.47701616197332,452.26559021105277,586.8030359559777,385.7083874203985
178.67734140494505,141.01329418472665,439.6292714447473,482.615194664802,385.1123744717105
181.53639163027557,102.24507074742786,450.07063386400665,657.8842327338309,383.9867469411524
177.3677428089045,145.5320381455947,433.1898750415198,527.6540495914539,291.8695686556363
239.2771057506361,103.41065358178611,452.1450152816346,603.2803421453832,386.4379466070243
206.0157205377878,151.21825127207293,444.8770407884918,384.02172972781125,339.191670779414
222.2705551009127,138.05674288245746,410.048813671017,500.1786427938163,353.1868260172174
176.03675590748196,162.9971274927056,444.2201143449496,731.8613501228718,370.15119911235035
169.60503608698906,102.32987380008109,418.6268909570332,389.8321084095749,287.11508947707216
195.83531030033117,148.05280343227557,441.8490857842427,417.926715198714,312.8323346093069
172.23293472019202,109.87022706134903,351.48858140716555,401.1554565293443,404.894022558346
186.8407308072508,147.7864404646432,392.2707580702616,575.740132912629,296.28699775840624
256.47747069502367,166.9020117383382,407.5759497845749,682.8087361958712,327.95814616608914
235.13252626738654,165.62465363993758,452.8835328578467,567.9859105836975,353.0663874637764
205.99957739800888,102.52385427374493,436.1356301994099,625.8899053393291,355.43840365989894
206.7964060072434,157.48253817289742,502.8210368194401,676.0125445556355,381.55991360697755
199.3366343624621,163.98496396999388,428.3756642499128,694.9913084360999,368.91359588396637
175.58370077426002,167.64948817498762,446.5734328237283,505.2408789233184,333.12915592682185
200.1925517314611,152.40944831933933,432.42095946399377,475.25481387106583,299.5807374546165
247.833706437222,155.21506300664788,413.4017318560008,500.17541138313686,339.4017967271276
160.38706113344873,186.81959817165043,449.94692991005286,742.9254437495608,290.37168484613306
199.86560776189663,114.75250398721388,431.3830120390059,519.4591531670781,367.84327324692435
195.3931771864351,160.2241702377273,409.0694432769264,509.3161540658594,337.5318971783574
219.56775184523798,125.39407314665154,418.7294335315119,585.6178686271796,338.39041490496066
197.0572534544221,148.54104308527383,414.4146780351907,649.148485119731,382.59359715093444
220.1174255818818,109.70018869073783,384.66832233925896,429.7577771758079,288.53840125909494
217.31503199089477,149.8454494533108,410.4579314895794,501.093730138863,402.3023561715777
175.50828765686995,140.5145223002353,382.70612942415676,411.7828542972861,313.6864383800726
176.70835527747977,125.14327009082646,401.545512324711,450.3839899757327,321.1372301605716
241.47919693157533,153.16290818207887,437.0800136890523,553.3034931840695,348.5089743135632
188.5341145500485,110.15424535018862,351.0730211667783,596.9510788000905,367.997354047292
217.2867306966234,165.0769668038081,411.43992002058474,599.4077665897139,392.663835472841
204.42498776267297,164.59697011154014,405.26992869674126,498.79302963961936,319.23646008293343
204.60556900178918,123.92927393519626,417.56638981994763,375.60984860512775,344.9592085414246
220.0282322416577,113.06054418336291,451.2655823668811,510.57838549082317,289.30059375096647
174.97735821072672,152.15596975935364,377.24841757334957,368.18672134804785,333.8111211996738
225.01625560036993,155.39871476102724,457.52400157808734,555.4271985103505,375.3073300836041
188.44346381933556,148.22394101967046,391.62279282048695,522.7444992285234,361.54234158554897
187.85733288363335,149.49162316762255,428.671553757684,420.9544837595677,325.89619990756734
205.07412494506008,160.74463870174884,415.52290755570067,410.53594315235307,379.30044348911235
212.98036687696145,119.12057503636817,383.3268023593233,563.0321566889603,296.8425462821245
243.53296897399815,148.5074200380374,498.69508397122803,750.092426023563,283.9430247196574
208.64541954291047,196.96174724404406,461.11163329830316,859.7620889532795,330.71373456851114
207.4575695610041,101.56067503664195,403.57199811359845,622.6811761286099,368.13495640713506
219.90538251235765,122.54526525238359,357.2128249851768,368.9901583531522,318.11099452828785
212.66973821199096,194.48656685607367,460.21675073249037,726.6951491408105,318.9935658125453
221.65334551719675,160.09666447015118,379.23915254605885,354.66574348354686,335.8760990484796
166.1165974803112,175.60946856488536,379.1888470859965,357.28587715589396,290.74128705169346
256.354937148891,191.9962293779408,448.2586369699697,473.21443846906186,329.2489328381181
168.22827085769939,171.542369845094,431.40970768076255,682.6779021024489,338.85712040767976
151.1053272145751,130.69209059525326,412.88668105462756,632.1561206463642,347.7323130907824
163.44597934925542,112.56787930536336,417.47335284496353,642.6235109803341,368.37829972848675
220.16578961788673,193.23862476048663,362.2891207244163,607.2452418233972,298.17835491588306
235.73828851780388,143.4625273678076,496.2034840067591,812.3922237816179,300.0697890404306
212.28856922520924,143.53105526341028,429.6971355412728,609.2927525867971,371.8310053517028
196.42148639128598,163.94502573964263,449.35341191712047,576.3274641489595,324.2626116109698
193.35531988367606,97.38043611543816,354.91090256504174,372.7112774297882,270.80363970051
238.95271733617344,152.3278735058484,426.86237409722463,523.9682208203404,318.1075350829582
178.77401448687138,160.41492330151831,450.0570344268511,696.9925087373455,336.4545080180093
185.11896022265597,153.971930836319,336.8465594582454,370.3270968087074,296.7725150100059
203.8543697411018,111.42038052438377,481.74365199814366,621.5049795789831,367.1645577646468
240.55852421531955,125.36522535585863,394.239054492778,432.491353774173,298.6727443165174
191.96550252823974,155.03020441958773,478.318753461705,586.1531464492284,304.9503327100545
161.9628887873604,205.99476014010065,395.19011610613967,749.0168465233352,316.8229454805678
173.56354370946815,124.54360621768926,340.1765886077067,489.04031704919316,301.5812535350874
150.9130215928232,135.10790847424366,351.7834201616402,372.73595461672335,339.9038942757419
241.53775879605007,174.46555900491123,432.10033902187814,774.6363474357074,317.2029833005859
216.9417919752509,173.7809073573849,507.51952351010874,704.1626887824636,395.9923896394728
214.0634060648208,179.02390028865798,518.1365732511892,786.052786759576,400.4689824448008
217.1802725083746,194.098310939064,401.9984167944389,610.6370399752778,376.8633779802923
159.8289695680247,121.58117275271495,330.0626708769422,377.1000258934024,316.4779622525105
195.2860072531079,106.519112047856,458.2223693760791,605.0386938771524,288.7878055761445
238.97262256348125,139.9567436958123,408.0623437803744,433.09428667179634,331.5392390834781
168.10613721861122,156.2186691442599,414.29681860672076,627.5112558788385,313.7922041206144
260.6807138317703,178.73284154574463,458.6121223438618,635.2552354260795,433.83256232959974
179.3637902102554,152.92701860635214,377.2198080589088,506.6898648106749,335.2530013167218
213.6049272474961,160.11302232053538,453.1195594683172,758.2110177108138,412.7393304908959
212.0164507847507,159.15082285127602,438.3671419084729,550.596292027287,325.9962608247796
223.13679566863718,146.02343514906232,436.25178452643985,443.2571429544691,299.04350995694324
168.4726792669309,148.9332109522526,392.4075355681182,550.7046646573759,337.1948725580038
234.34404285452916,132.7516763339563,446.6737883318748,715.1899948955643,347.9010208700257
186.50876931574913,160.25345228862508,391.7887280428531,679.2386375596519,319.0697453482904
231.03275066571862,194.44191886745932,437.1595638451366,618.0957065090673,297.83806911547543
197.1294803422924,201.95005208946802,454.42530145217194,717.689568425516,368.3186927459149
248.43627823950163,177.9721829156662,448.4920261729707,552.8175684296205,359.882623654911
165.0898240759656,122.49671314782543,475.18183158767675,495.1368763659469,417.26106592216286
197.23644997613155,149.24072245192298,391.98958385433144,614.0048951317261,327.68221181548756
179.87564220707074,135.78883286252795,412.50690097516747,548.8957201629189,304.34994172844574
179.84090635203404,97.21235525183664,382.5172483104683,556.0885994437308,353.34124505793295
185.0469645711689,132.6982158976023,380.05560701835174,686.4395317233484,287.8571055310317
237.0387207800421,117.96433308720205,384.60122895790084,362.9125272732275,357.2870908663706
193.17854593068793,129.4580846865892,388.36913941904675,491.52719987264027,311.0418900287369
185.78948559083278,167.2382403381416,532.4507061811046,471.9650704475238,347.12710516775445
206.26304539626432,187.41292730454654,401.9799310681771,480.032713862104,385.18342798666174
228.995065129262,147.6904048466856,449.0098346926118,471.97794626667314,370.6381959784201
186.44356754204114,104.90319814098812,407.5232651004735,470.05420943132805,350.18134026455795
225.3275456939594,162.91265823074772,411.3317635518845,715.7519684189093,405.53148539000455
207.33364640046617,189.34829139925387,492.64792683429624,388.8128019219799,364.65344319540566
196.09609106953087,172.99208731950267,426.1208176823968,588.3028217218578,385.775422801028
238.99087794980375,189.89085006116636,510.71192187073956,665.6457288289897,278.71249984429477
221.05911446865574,169.50649378891546,438.0062053697956,694.2227222816102,302.33241191015685
241.23743763295988,123.35961212789758,400.3820170263612,331.515950298634,330.37910405370513
198.96140754344995,137.45461337845018,449.28220010081606,659.64247648308,348.99646625220885
214.61710670722232,125.7047895957327,402.31469164210296,489.9087984557082,336.2608002130715
188.60803290599196,126.68818617960206,430.6314998508272,510.16849848325893,363.92841377161585
199.16677612731795,131.98737640160385,404.70715276119734,494.4395565093396,330.76179594792893
217.54462740959949,157.17515966613306,487.365286273446,598.6118567727967,327.2311590238393
186.60365893623688,129.8391079025358,448.80344888430614,547.5120641485188,397.6095301844055
210.98994616824055,145.80488755336737,429.50295395537967,709.1963861760594,327.1460500026197
183.49193376714427,165.5506775708242,405.9510733958071,628.2268780115769,343.1814242218495
251.29647766786385,147.98716244032028,352.67099467379705,430.7104461759766,372.5320347480669
208.76236206054395,142.59086709410815,416.72231918588835,729.0970216414538,364.12142020470907
190.46261079332356,152.69877596617195,400.0015633987907,488.46873034953495,341.58426768414967
274.4248252643966,110.17097110602774,407.7558917580426,731.590243763142,372.8184076941611
244.88559212664626,131.28319301809552,487.45144023734247,776.769999292813,265.7270638391941
210.6435569728596,156.28184742405728,420.83006298105477,381.65531513064514,356.8810465447182
257.9751529257516,151.88341068405785,465.0530869679939,802.7695684325707,409.04930251839636
187.46830482422908,164.03025073941527,428.52048814334756,679.4461238221581,329.787179798133
198.89805883476103,146.9261330564227,381.9050717286486,419.47104010950625,263.69325720838134
260.4217309171996,172.68498500262464,432.4474099612956,702.8606753236861,354.9466492943418
215.34523949572122,121.90233692080668,363.0128629157856,374.313776901557,374.79245808319433
246.53002543966784,195.7294587158062,541.90999780005,853.1165746236019,420.50680804175596
231.53913338376657,174.05211861500462,486.07519976449356,752.1580057235179,351.1431088267188
179.26524681810577,129.18981902187915,370.262698489577,335.148646675962,268.71972543496855
197.75907734874363,145.2836536038744,426.3239989982136,624.4639130619829,383.5924917103687
211.46148862828477,173.71747990784095,421.4354924998355,612.9923173012696,327.4381237090117
169.4933230863409,116.27817731481369,445.4243682169452,638.31032263265,401.1267619680918
181.2884201967873,184.57003118747662,404.2320450980942,595.2415747641285,394.50796576448124
173.89194908784367,180.0492205222804,395.8928328714292,759.5187961305811,306.8857375137618
188.12252088633187,99.84090543283105,327.8478525451994,355.49494629848436,403.20386168612924
235.99321531362378,176.63321181735918,368.9235127121343,397.1311655138453,361.3601977439535
203.19319836627326,179.6023078216196,431.30688082549034,799.9617538968927,305.35526718464934
189.6822140964783,189.48856310151743,419.519747408326,561.0918457934633,319.34893464278736
188.36316728919618,153.45378066338097,420.1367746414861,556.1985477111888,345.5884492906737
214.81098812795707,111.45041984881784,424.08328997284264,749.829020226036,360.05060878096583
176.44874746748638,125.73139256783229,418.14436754978186,528.7843279684565,294.0348951171533
177.37016349539564,158.37546626190638,447.6684998105348,624.8336695077161,284.4706003198179
225.65495572865825,194.46169792232183,486.05899994992086,861.7665160759851,445.69958971143444
193.38473574395593,203.00862505318213,408.3746598787335,589.7147941842898,286.6970679639544
225.24921822363595,127.16959509312098,403.5131142157525,411.2642827502888,273.8740304549872
232.74393274179272,103.91130534846926,353.82196625592246,467.83793528590684,352.86499088261843
225.1274888508243,143.45324210929397,436.1264111246887,543.0222014784792,400.12863939668745
199.83762063132968,105.92842994223837,401.6030979162744,602.3352917369384,290.1573707590912
210.0029643842787,148.2338456669098,480.01740271342317,506.63938458810566,361.61117527374375
221.2502223612982,99.4946230425644,435.6820626179928,609.7889443292512,363.9665842640927
252.68375447306266,137.93859400502876,394.21358176937986,654.5754553963723,347.8558425275202
199.2943908941793,198.18267690374068,477.76183936489366,458.4539318990809,346.3311228081665
191.66382121657907,158.60185417060836,447.67517240218984,401.2840362859158,324.35651301894416
187.30761222537967,148.36054280247035,487.28687616347827,676.3069503634478,340.5733112131913
222.97517933137956,145.4180466569369,389.57497748959435,647.9986319182839,341.3297117609074
182.8637645396119,111.8164018688209,451.5321405724587,474.5213478922703,312.9487566952236
247.95932041065848,138.70279373714644,440.06825591595765,403.60126911488794,405.31588747759696
171.53874654713871,146.92332887753102,406.1801478579178,558.4447607337243,333.4690673596628
184.79512195491955,155.5452146474502,400.0341799712155,521.2975867323502,302.6232648743303
216.84413474453302,137.67186027870264,462.9557914427057,618.501489777401,352.4570367555304
222.2849660508819,99.97838714680825,406.2833874054981,512.4359078603624,390.6099507369727
208.6852139551726,131.74049028695921,433.30434873588473,509.0433186632313,394.800032094659
230.19180295064837,161.51055902353488,507.55586020399704,675.8125950720852,429.38916096225927
210.48546823195773,132.24011601581228,344.3809611206923,363.8125416805531,324.0443834755871
217.12282050541745,148.17696917918315,384.8384717570736,446.04305283241587,371.524661132096
226.84216261341464,202.15426079959065,445.8435164917388,774.7551450803161,320.3104317512325
241.30823507048606,224.56406024572036,517.5007839350415,799.4283713840227,335.3286129554168
208.6579666268919,142.22042827220596,449.04317969377786,603.1233663664979,332.8390673480576
224.3834973646859,163.25136204095477,444.09557808639596,730.2486807644198,340.90814756783215
211.58055423156316,172.90528540617856,500.77698331194426,619.3349018434437,378.58547470005345
226.3613681376164,148.31786192741666,395.2482775890933,639.6200783810148,342.684569584907
213.00222555339752,159.27507974004666,394.9489256071066,645.0419900258325,342.2651426054601
161.83231811562703,131.84480004168532,398.98647989575494,614.3224009480249,328.45748567402046
211.41618515693406,169.02936054764228,465.35675129915586,545.3501255284842,392.2607924554878
224.70775231869993,209.9851515406765,405.40132003539406,374.57306891285464,273.32738521351155
158.271156112397,94.51121240173444,383.19503398558805,351.2104932925177,290.8911541430969
265.61630660798403,204.5113327202197,506.62776065062883,814.953296548383,380.4925341336595
189.42533823309014,117.74768486937907,386.7154998241795,401.94095770956557,309.4660729532205
193.6188145278974,158.4232236173902,505.52942274363414,817.0101563397553,352.4145987277184
185.82573260182016,117.66453539192092,409.76155229891276,457.0908768002062,290.1346776258836
211.89736672074363,116.62125285193237,401.4822757067798,571.7268317135348,337.2630741685071
214.96462808762647,170.4296894262817,405.596787993617,823.5314313591501,351.10744257051215
178.64389612195723,131.05916383534532,415.4490377842847,520.5310485296053,388.31745986325126
225.1586903923422,212.96135476248435,434.69759380610736,775.8558080693757,308.23712004139657
225.4736186643178,139.58874295148647,505.13991545675003,755.2391152375469,350.21751690693196
187.37137563377817,119.23090997320898,448.64215424057755,723.332007528802,266.89390986968334
263.38515792253065,105.00570640513304,439.3032142275872,600.8436385104463,371.6337657396018
247.01572528927423,177.21868305264718,495.43008750114046,774.7773616172226,362.8778008765533
214.42504886423163,177.6890810460448,508.26330418203617,785.962451709708,364.7530466067265
215.63676230665797,166.51915711671072,390.3340857326127,425.9784423030372,345.9035877650353
178.0754792098648,132.7681794137153,445.0256236513311,422.1201134242975,341.04071757283305
182.7223524552474,203.2599303058309,531.3528642589827,817.8438697972997,368.0596585924884
211.116515019035,119.36523332769268,407.55083759894416,611.848828295665,337.86024979133737
194.6275145994887,176.5104149944954,465.7577753013097,728.3903039815581,357.74960849059215
153.05349606735456,147.05405355585347,336.10468173827195,373.36946135393833,262.8286375845968
194.96362977087526,102.21849901129393,402.3533315264096,392.4355228823992,303.6242429163685
200.05881069211102,156.36044218941964,468.50111309629517,505.2480808957721,372.6335448685129
212.69937302772465,181.38648223179737,433.9170699633011,502.5506969043784,345.5480496413327
239.99327579648792,157.29201890071218,510.9119159798276,548.2916712428417,378.6714074409759
185.62836416893734,134.67407105284525,463.33027027172807,503.5679527543631,403.99514298842786
231.49191428158784,152.5591553301144,450.8277470992552,690.0888482540777,381.6230668246192
198.92472587981737,152.40174442009484,428.2455321407009,632.6694346698964,375.89125139960106
167.94820371558845,126.65934851080259,330.9508287392063,564.9419610865406,269.08015380662
153.50448250772945,149.21684229068146,459.61350727802,510.2391718195074,435.9736416230802
193.26193470632577,128.13166631330492,433.06521335733044,476.5423456736276,323.16804121393886
245.41060890728303,148.6995878050054,458.1784478067242,634.2290795362719,396.5929041223733
193.70533890897605,154.3072052340395,487.1802059956438,697.3511386818842,344.5001823925017
192.94991510158678,156.4974551240675,505.10143123431413,694.9523608940923,369.0442469467086
217.6012754315277,199.48931988090354,544.1051872274597,700.8123780189507,431.8972989927032
225.933860424804,149.08810564080642,413.3076310989721,617.7327236496827,362.7211844202023
205.28283919259934,123.05579635917636,432.0987450015891,558.6856520620717,362.7948216911445
189.3077633867737,145.419529950982,450.61976310550045,596.1433809029251,389.20920350776083
187.5623756964744,145.90123904412795,420.81989577828944,626.9959631194547,319.4277261396153
211.17162971431446,172.7557415658264,470.4145234610933,825.7020387459902,372.1355781155792
211.12833877261306,140.06576572168578,434.97125685494717,613.6247428079193,350.7368847740339
211.80269685531636,165.02175915665234,443.5808671998823,665.2899779610116,361.68977439978545
159.93440249253712,102.90889436096792,382.57645126684093,532.718982678282,328.4299069665493
209.38918278825895,154.3009885879157,417.0635249053795,574.3991053311385,348.07087637732945
220.4379997794693,113.54891248222819,468.24677140205193,509.8127468003241,382.5076067302675
214.96584208432046,130.49575974258144,397.4159416956571,670.9232079011338,343.9497594581008
217.02454054266636,160.0116090305807,428.6926178258046,595.2526119237141,353.76853585002016
247.00857415233136,218.44773201043495,502.9059880624477,599.4595263926627,381.31679922963383
226.14859029942807,138.52135340180706,347.37201140827995,623.2487904626964,358.5000735734263
245.42540232265412,128.04913841067525,431.94595974421884,469.2538340195281,395.3392066742248
233.80060406269274,137.64858053930863,403.4417974223856,554.446637632528,295.1007382305718
186.9297349628032,115.6654879389622,420.8895870793474,618.7211086759137,372.6539924761574
176.66707197748514,125.9421498707232,374.68321293898913,344.74426255270953,276.188396214711
174.77386436328788,177.21701839974273,386.06557126115234,711.131658252425,324.07026223816746
228.13468396581726,140.34153274469787,415.49038972802987,673.446584552478,434.4615443255968
206.5553772049883,115.81298728491004,369.49308590999686,426.9159339272961,354.5385305089355
150.22594018631293,161.64186847699486,367.34603203075903,347.412647174671,354.43175558791336
157.02790731072872,161.9188878356026,397.586648459723,379.14139234791406,382.47450330120637
167.61686493423073,147.84153306254208,404.57248495092557,540.3079974240044,343.41832224823133
203.79779175650677,132.4404652265075,415.06183417319454,685.5781326582357,367.8548406081218
190.14570911786615,144.56251599205225,446.8891914138186,431.0203923361159,372.6170611732132
160.18819195147057,114.07203597806432,383.5385846132248,364.16578367520685,349.0354368359063
214.42159093652455,163.01030507217078,444.43660667267017,547.2177048107551,352.7227089010168
192.5309631675911,141.64252863990316,384.46979513671147,550.7950171270103,376.0270746036628
241.10362849114762,162.03284261764438,472.88956165650075,825.9978474612391,307.7208187895392
188.83996160779267,104.3070465246922,336.24450168302155,784.6090334143767,284.672171929946
216.7322120443662,188.99368318611855,518.0257459024423,526.1593941704813,433.6065924565741
170.0927476117774,128.17397052434265,371.5489999811202,387.8810118632312,293.4366206150247
190.9491362200668,143.1708604453691,405.60157450028214,429.35504571267165,339.877996655809
205.10727062375892,135.44043884456576,431.36918377631565,466.46235143339794,401.9809864482465
197.78694341053932,110.55559783593594,443.0654546205234,758.2119892055027,348.191318145274
247.67664927357174,171.21886140795223,520.6371854136538,827.1528791471482,377.9813067984526
268.9660829088644,155.5761001450254,430.4860668771648,514.0529769300443,360.0840644510626
226.37380866961257,154.0904528466528,396.0555925710315,522.2854539331831,315.3630196508066
209.2489160824896,159.5199835059704,523.0839614067218,699.3622616702643,381.25909764795875
171.09647067888963,174.86615731825418,452.26940628618536,604.987439245217,350.19013031252894
210.49648355842987,143.9718963143561,353.49012110087966,330.1064336398956,279.8021118599796
201.12119322916416,134.78266794696373,457.2674378326879,646.7618958820011,381.69687354510774
197.07105414322143,219.54897290711384,527.848088611932,368.2395483417397,351.8146019466026
181.47603154142564,172.84342897510552,447.5807052314962,583.4897078895452,327.5827716330088
234.38935812950734,105.75349891596358,403.7464842494931,576.6246694575552,348.9207035898102
161.5862288485999,134.05600036166996,462.41001764593756,622.0665699168827,329.24908635886294
203.41377785572658,147.42113699474837,468.81509507338063,589.2996003228313,390.2031576118537
221.38509379895808,147.58270817540804,370.3904044520854,398.0201959849464,360.7229550263485
218.82013647108508,150.74439375334825,438.28791524667565,504.1146168009102,376.3827114535035
212.37553006714643,145.05504882360026,407.49890325843967,378.3531532097398,335.73163666455133
202.28690143020307,157.77813980456372,468.19406567448624,572.1892210341804,380.578274814831
162.86594509913488,100.70738994145945,482.9941854623105,558.1671402633394,301.86302103434997
214.04404921903733,153.52131043478983,432.1274396208712,459.82135286769784,340.10921873468766
185.3157692126643,146.0300527111119,436.6420514697122,641.0613821859989,332.0960465360552
203.88262254077657,159.65679215854217,409.88667753007513,743.578551666859,353.6120532709162
246.75702521241277,94.887015393766,359.93683185730595,356.02472854616514,347.38980051353366
242.10285010368324,159.27573930385313,529.3435934821985,427.71212603830077,433.58804182390213
190.53930806153218,166.9292358884965,411.7400652614272,814.6910422726954,307.4072183669321
213.16095944945695,143.82954612764087,409.48253699716855,585.9213161764775,381.80350985403
164.10830077334893,160.89709600075227,444.0057361055514,462.3852178549548,301.5987578289216
240.21480389925026,154.80792925352407,377.1361841060464,673.1948439645794,330.5280091989294
256.9146492688333,155.28984685386766,448.3561052217316,652.1284104598137,348.5016669499956
258.3250888428057,202.4613760795723,537.1464215760425,729.092655866226,437.03963661816243
201.82048392668406,108.80461503589545,393.41467593802963,418.1881416579879,339.6649510049027
185.16357193478743,142.33397260413685,502.30948103288114,479.47861319456507,363.2241347096078
207.99700653127906,149.56770260825311,364.3286130171849,452.3115436835949,321.885482178731
228.06381888927916,208.5861471712868,485.48243186417005,791.0999043391442,445.3977334828807
219.88413995113845,116.73745350976513,334.3495510655505,399.2828237918962,331.97271851948443
247.39926654124125,162.14713941237815,424.0537178863807,853.674329361212,383.51706349452365
165.80651785271854,159.7793283861183,405.8968098298518,680.6366777023263,383.6034881074895
187.2200827373571,103.42816989212348,394.85373665653043,464.09116475007403,350.68426183857326
174.23074148599343,148.5133591284212,395.55060475489734,400.64939802395145,342.7139221345024
201.8169125018787,175.050447967138,438.8430794958951,589.1613974990172,342.59871582926417
152.22252308263197,143.8479836157148,399.8435668130493,667.0763594595053,341.20607670393673
219.86620720706392,144.75641466027807,423.0536265913576,449.6136733729167,352.45742924091286
195.33188522490025,116.06276654193975,380.5733993564464,350.02530197053784,314.91811651889367
225.32147686233841,196.43193041423726,400.8703426305579,706.6070220950095,356.8854757944863
184.2056045442116,123.89422391158159,422.91609197848845,395.06020613015147,349.71216033285657
217.6191816715932,111.1651856753391,383.0387354538772,669.0997932907717,340.22996880388604
217.44610332854035,140.8242837538192,419.41755662084466,483.30449185875926,371.782072537709
202.2106152852116,132.66257015250284,422.4014678029513,519.9560053294306,329.94291605970744
147.886413480719,108.53755231928069,332.34043266369446,378.1503710725396,419.2926151308434
238.4172194633695,131.37906221409827,447.871007029728,719.6637969681948,361.0927352528363
168.97237020986404,121.87597650778032,362.75297616201084,371.1319984056079,349.1106437162596
193.1303315397913,189.57394371710296,423.5330335141926,672.7152409344184,300.3966006130563
240.39265856246917,175.89035690924473,382.32799944574487,543.1756836483164,356.0953299062337
233.13684028852398,115.61820787897693,407.87955125447985,389.0890400329524,344.973431791277
156.2009563548992,158.339380566285,388.4823758000775,373.24897605673436,334.3429095826872
168.17016227151598,163.61439255981585,357.9498461818752,630.1431924239886,351.8978931136413
198.5193452962138,196.19147542664996,424.8982696348646,532.141567449396,333.94668975678684
227.76292550898265,166.14423068545725,416.9353153274103,649.7278176568516,373.57727261718964
226.01099396821667,153.56731069324584,495.3933155926706,758.4653598012078,330.2870029603202
189.72160804699743,163.98443414529214,460.59480726610184,690.3180504555773,399.36737215788
225.5335126479568,118.5298960587346,456.2568920462733,450.0752792763021,417.20138622341346
225.05153772566447,133.01897388022044,443.9656419361422,465.5599868678562,355.91558301043693
196.81950572684366,147.3051716042859,392.64414675129143,371.81117819518266,286.3715840669117
221.34589363316846,118.63666606827688,460.7290735468806,574.9469571208308,347.64886858752146
199.30823865662862,147.21657484052793,456.39704322570714,732.9452059171462,355.25380084130876
195.01139359857768,128.1196396776109,445.9996700657107,459.27949739744855,366.9973958734672
150.5617346803838,116.81788242408739,404.233280518273,448.94356291055203,344.3198607313812
212.6603587172334,145.70143362814565,419.6452179344874,566.8823349112358,421.94227631186016
186.0512615696377,141.72192406146954,480.2018190381813,546.4911925337497,353.21923665138513
185.74543232351593,128.39675038430957,333.7893069888765,332.0120091987172,334.04969845275764
172.46519307940488,175.93473946821976,377.7046538777221,532.8152592609403,325.996066978993
168.31944829696263,157.60691640619729,429.8878799314172,379.3716466691488,299.97266029144356
205.16630198434407,143.31124960876576,415.9612595337133,622.3972765742405,283.0028905813518
183.60810643476387,103.400350856661,384.18600661219523,330.8047837508103,376.72950428753023
183.88859141212075,141.61697004707156,453.7663036502736,657.5682768909771,315.72369394560246
196.03496181130217,148.72164823387268,462.10403821902383,493.54917474706906,316.7308102886749
163.52308645859762,145.29000619422925,468.1346291268175,499.5093075119608,325.10696066566686
203.5452861913808,145.14389993865407,416.9803848482775,453.3889675948236,331.45837223533954
248.9519109837829,164.00773641750362,378.86839297592877,750.3926723537362,311.71343946316364
198.01655436405056,128.97373783466986,442.2080084100703,602.0350889581067,361.1854915816078
194.8426694379336,140.72809370358274,375.3710424009085,498.1498525458116,338.10478510679894
191.325508220605,167.4441145456567,478.4044486730483,442.1366682550825,346.54152463599155
204.71147152403069,118.23311976096399,388.1798007281367,473.54126816018663,361.3166654604654
216.5437439341522,128.66037311615406,447.8381563196297,646.0698000169334,349.07918660236805
226.4524332244146,164.45656189673662,445.3990629587121,510.61003847959637,389.2604183300651
174.12882636543517,183.64024433048613,437.4322430001368,583.0070737533874,337.50183937284106
212.8058290587917,121.33353015559847,371.4658425015805,403.90804320027627,324.02902501823576
208.44768460770578,140.0350757535528,401.17977483185945,657.7841828662563,365.93185158967077
246.21223667967473,174.13114035055094,392.16673953470206,612.5709203494747,343.87906653748144
235.67501963149132,153.90798496407754,428.03901249101597,508.2331585793059,321.27390465426555
168.87312656439568,153.84183996731934,405.8936507482189,509.096912001047,282.4000241861097
199.34774437927666,111.83889645519847,427.95396724974495,714.2569571978105,371.79387716574894
172.42525457393555,130.25030548162408,428.6917491242886,671.1591818097633,366.9852113746153
162.49401142658044,156.35792048366034,394.7406905710432,614.4985651502379,420.8177988281647
251.26620718487615,101.62288759704207,391.8359436529764,698.6287831761019,351.3110204252584
246.82125169392626,160.86676174307738,526.890683573303,686.475498090537,345.56313200768835
159.4147392826741,115.53028894728426,343.59451169639436,435.2465173404221,352.005315610122
214.32147638895202,163.31521082807953,402.994178650756,540.7052504047376,329.86977998933463
198.52211651534785,143.1605822545406,412.2569276358859,662.1333109755378,332.45916546750493
157.85216525319984,121.55542679996975,371.99472116719215,342.1944955969145,288.292970068014
223.55784271807028,170.9674540179014,481.1022932338164,707.1050077104294,425.5429798666089
201.4503516326955,157.97216180311736,411.3180101194661,471.70394665849216,322.52143740045113
166.19198856580135,167.05266614883905,388.47873808988095,476.3191260683828,297.37890939956526
236.42498792084467,149.02601336682406,399.2888383918468,380.40823199329526,336.7678864492917
189.18045182447565,142.02077322393518,445.43093966324017,617.4321597988558,295.86511629051034
241.95496345252909,168.32151811765027,499.08973970976916,716.829979239118,384.9119947460492
173.30234785293,132.23691385769342,369.81171105396527,537.8090929541369,307.0853886333065
175.93905967882867,142.36603589938267,398.51575442461444,601.2596883355734,351.8100754684142
208.89827986629254,210.0635351687761,404.6225045595995,646.8620076328649,357.31023702434464
206.67056135620345,166.9480554971414,485.46068177328937,629.7132240896308,334.02953640025714
195.24330129340782,149.24853254195153,397.5346042856324,661.0728173742674,349.8677882467365
212.27752728403178,105.74445933233856,369.0784840615024,384.80965744818724,374.33274391373425
177.39634239842124,168.04961348682042,428.05695245379457,686.7891173036053,376.32073788251364
225.31214453421345,150.4551356535743,405.9979610982724,602.6768906546697,341.46484953987994
181.6008104147374,122.88608499035874,457.75301945726903,633.5963337530793,356.83356417925506
182.33422272485308,162.7934687490949,488.26684503119236,675.2093852990007,394.3452836471594
222.11322398586722,179.78158292072135,457.62778506579076,504.09479143494906,338.9204817908166
214.56258878223028,214.64809604670657,421.9502053456053,658.9746750062351,378.87209433737024
153.19135125442259,95.12980284796483,352.962463756616,423.5028335009947,265.47775320018604
157.4555201342599,106.9109058757203,381.97762856981984,428.7490145897282,283.1816251934627
184.04481000421345,153.53370141616628,428.054727270291,621.4802733845163,345.2979001203028
205.16947248404486,165.9711512421229,455.7311360687552,599.528739957273,372.1914896292484
216.48919540044156,164.44782498957318,424.60545387148517,438.1113128827218,322.9973964979504
216.6718451338673,128.3074982254977,412.71475660648906,549.1779391200524,413.6990881585371
201.0084361502292,164.64967373102414,450.1312389126774,406.333421187017,403.8634757093246
222.84778601017433,134.35509342540757,431.26129208963795,554.8157436037668,338.25532728898577
165.27882560190818,150.77487945900728,393.28989763868685,472.0411371281804,350.975156238437
213.5134676206175,162.40307073563628,436.41362151638236,442.45824265152316,393.6222146987958
214.13914167063186,146.8576073834834,440.24284552639585,522.8679525004128,392.6034637484322
227.35723167488993,107.48551447190208,395.20256746781627,343.5540546713538,434.75974801213414
212.44747440931363,108.9769169722037,426.50055470236117,557.8960326251587,363.1335576680132
231.59527833856043,178.24654200746818,468.9179543661236,493.32043572388227,381.9212120927323
227.33225118422112,158.2192936193762,472.52086900081053,693.6610529518604,412.7748913461258
155.78328532349386,114.90055815049608,392.56508011654176,489.2511962547099,285.84155674074344
231.50495252458552,130.2578053051737,432.5876803703322,461.6817216419183,430.4357564230429
235.746592452419,122.67941449459634,407.4385850401233,794.2822306793221,359.3102162528573
259.3407516574382,181.58524625461996,531.3916756623937,746.4415188511655,404.5059795451919
226.93379585901712,95.63978594726389,332.9960572202473,359.9085046736553,293.2245163232967
210.80004998800482,102.04561318838981,429.73098181420477,482.800174795183,342.63900642946066
205.87224599500547,190.08537366389248,442.45056941764386,676.0375414556256,400.01153528249796
188.7890062917289,158.74534447837368,417.76487176016593,609.1247917839943,366.8926191548299
217.90407296631304,191.96550715511827,379.56969726297604,709.6310060043851,395.15130103917863
237.11433115592104,157.64051854346556,396.4729667877847,706.9931710269719,365.95337979839474
259.3709088821924,114.867199610025,421.8758929184247,454.00927450274605,285.1435061583375
200.53027881064264,147.25302670981048,422.56989366732387,450.992597511126,315.7094944294917
200.0921431505736,145.7424801283485,466.5809572107374,552.0938005415319,356.22960910712317
189.7399847397055,97.86427818183478,337.72400590483045,344.3513189463247,278.18958892528303
217.65771799041528,171.61906089814735,401.2150974480578,616.7896126788106,325.6648922379272
230.201358737996,97.78490588909571,426.4796803439468,570.9628639714294,356.48462635557433
160.218359140106,146.40837330740646,390.47128154031356,705.0341901406092,336.0370388165266
190.44093643124648,134.06486428955066,503.71586104401115,651.6778269459867,310.2132732809369
217.10950588104936,163.44331349782365,429.5617825392256,520.2748435628163,325.7159300109316
187.325302766254,146.01705329112346,391.10825208209013,458.3039803265866,328.3758843487411
210.5826047574366,106.09976807072876,458.96648309926957,377.1213888048661,367.7948131809163
187.65180693852423,106.03087658918344,382.6589343615816,369.29253376290234,311.7919749695551
200.101786515791,129.32681858542014,429.50292331304644,460.93697794975105,370.1459879238923
236.1567164971674,157.78142493207665,433.83588689219744,754.8394056735873,344.2270724919448
195.44137719273067,178.79599306702755,447.9230000722463,347.94375916507,360.83938470174604
224.65706413830043,175.0688776710671,425.2585421225914,576.2498549874784,337.05020830555515
220.27405565424257,168.74940755805335,365.51737201030033,484.3600934250528,317.3711477718041
185.18647972542934,115.53813828855557,395.2876755548462,470.7175020555611,338.91925336096887
198.56952435552705,125.22489485193417,416.56907759002587,411.07729517867466,334.5698562608274
220.33870951941952,190.37578509095295,423.8911619307838,659.7410934957154,351.8260595997138
180.65989226280544,145.83104294654348,434.4500856125458,471.7891088306026,328.2199527868448
240.04462759552413,165.4847714976134,369.141358552455,343.3059480985211,394.54174776491715
169.3846200177149,128.06588691747018,416.6196535997784,491.1294250827504,355.60109898735743
174.2208062993939,139.79226827453746,355.49962468464537,519.2598724256421,350.7200712935735
240.31215201592605,189.62301744500982,458.8002084764396,487.053168451411,420.7373530082133
225.06292019415898,199.3632037114941,429.42357556111466,484.4534141449616,362.2766973278012
170.93838435162957,118.3753257499198,350.1181701913916,475.420717160853,353.8200470498707
166.24996515439736,118.90520881552801,384.4532841805564,429.3122243937834,344.05736762308493
220.7591078038741,152.9884741650636,448.1429475722721,505.53835938837693,379.41711657618606
214.6003015881447,128.45766207704864,347.77481029781177,494.1922644920456,300.8496690508777
232.64591247049648,204.74707149332215,500.7141840191347,859.1140873086474,434.6549963963507
239.01955548028926,144.47183222276314,404.7032172914198,564.7773612961255,375.42394848568665
191.53484051522247,112.94316676319039,423.0783928507207,515.0925359072423,285.9630485922139
205.22189901400492,156.84864058803467,425.0903449881753,521.4846845966224,292.63929416740825
199.18457129169536,135.78577873910857,516.2979246649957,676.4382414390604,383.9653765575562
212.23219461891478,153.0531151425219,443.51439095279085,661.8399379511075,339.7255029140835
217.08560018788816,136.61710757354226,423.63287265446525,587.7838587803783,315.870215252328
167.357030173999,167.56970600095497,371.04793913636485,587.2077904587564,294.9963119548501
211.89082860088246,156.8132418332398,454.42060697660634,451.9947513305519,304.3001951086542
210.79081285870723,162.35522375382354,505.42945576377815,690.0271954489863,364.8396192652839
208.95364804499454,130.76215175503603,360.88988673122157,627.0349304258635,269.40835233222435
165.9197431930425,159.41504581533664,440.3382434095137,660.943947545936,291.4383139369102
186.32894140770435,177.50269259478694,376.5037840075811,458.433088339886,299.04268930121896
175.81301846053668,150.73063230079507,329.5979679110776,334.53194658470267,342.3761337177592
201.0370013773296,135.74272759962358,370.50579871378676,434.25170014329893,310.3919549203304
217.69807985280366,130.36418113681538,443.84877784287266,572.1818786879988,391.0544359789809
225.43051784525525,124.89854116322941,409.39225289426753,364.50952039429575,368.6932347477789
269.8324359604412,213.48134847279562,543.3453670182157,869.4490247401278,427.2795880944784
206.57514850815045,147.32544478193316,403.7726260024501,443.3239656128579,369.9741898126488
198.6668320770299,104.92040785824432,535.2085632821234,564.6570501575598,353.0807691589491
214.05066798137528,162.00635885703886,531.1341791172553,695.7204273598537,276.33638697115316
186.07245675769823,167.14699329947237,401.01867451826456,588.9272596894594,376.63114849268595
216.96706557616662,140.43694767660554,411.71906447915,491.96239571765364,374.8998658734685
213.51926094597908,143.38297959932953,445.47891608540516,581.8845315535832,378.1206643765236
221.01232979628483,147.56054950508215,408.1055039542394,839.1616675459296,340.5193022353623
205.47794083027878,148.18416228239371,435.8545938164902,615.8376434763921,321.49466207764044
257.95391847045005,158.85713387877874,397.5520693042227,666.5915596936821,339.11034861926925
202.60977791894416,205.03056731272468,473.8755197794929,714.6725419175483,354.5065353280276
196.96325825713282,135.32095698810443,431.10408371831255,450.7550653163119,397.5222249268197
155.06685299693444,155.0361088966336,332.16176420797905,352.70184975503344,288.94018725680024
236.18071356594186,155.27758370208244,444.7191736262895,533.9947563574179,364.01988874387666
204.3405262870301,147.59236063873507,402.3186224518177,442.74042623953625,322.51017347493075
202.45092011343544,172.91394016091792,477.09128026281996,719.6302866600122,369.76668551844006
196.47706844252946,138.032143954174,387.4848356057458,415.8263425876685,325.49916806582405
220.29276792559043,151.75402288976414,428.25683795767543,429.61682324629925,417.757037371591
260.72189525521765,211.47348895509512,540.2157566646507,792.7197691760073,437.13214091621734
242.91288949792246,147.51830378713146,379.1181407325221,426.5378828688812,349.17456706910264
211.01415848830808,164.69706958872396,414.3199135782532,380.6601653938888,341.0461162554342
268.28305837363996,151.4965079256475,480.2960596825455,605.9370829536227,356.1238454208588
172.82028391790755,108.40252469641851,379.21560099383174,621.5459876067383,321.24305605550705
243.0772771880923,159.59916627738184,453.2737040385522,782.7527188806915,307.1380216781454
198.16191390200802,119.81790193980471,361.30909859518977,338.3076917406337,317.1990104033007
180.5097682353546,134.59092412318262,399.70542215828004,359.9078647598829,340.4638896858567
201.57473861288207,151.19223256604096,397.7070060908128,565.2284692564821,329.32655160726193
255.79299573055195,157.7669887546785,433.77757111371005,456.9255096852912,369.6469647971918
210.47428859732432,169.12420708500193,397.8506650795431,429.7824760074999,288.06316151489654
230.4610201967302,178.7373528605604,446.3447914126863,608.3319933571839,363.0973543508184
204.23915698938868,226.5657657664109,530.7680675825175,821.8062017830802,335.6984475815265
193.15801142426312,144.61508463128493,414.2945078143075,547.9831680691634,349.3978710474039
221.54944285439797,166.36140738152025,424.4859722522264,732.8140935659147,318.05741373365294
149.65851773298434,101.86714401164842,376.3994636848778,534.9443612541276,287.43322619241883
214.7738236178062,169.39480707382916,446.3086156355235,567.4933004595206,355.4266045499522
262.33087753431874,223.23196386241838,545.6800487486213,834.1891183611579,445.61608881571027
183.93103777905512,143.91748599513798,400.6132798924268,449.21535334632824,294.27681255537243
240.76751766645688,155.12201443403916,441.5068401167544,565.7884314107873,321.3211607011319
170.04687149399177,110.47469279484204,490.7005818419006,527.5407455051603,392.0686698633677
210.87286403198448,136.34272168662815,404.67226349981905,539.9806755349971,364.8232104448113
177.56950329917876,131.88381924263538,381.50728347439116,553.1547317261624,280.8439128099149
194.8472401171094,117.22422578105186,378.877860059338,412.9370981813843,340.00217702728236
200.65072090653544,115.84735601381668,391.12797021211225,449.5372867306002,341.2184721599246
207.74387035846402,102.3988127480903,438.21650579381185,593.3131476636681,337.7327482093712
191.62821748214134,136.73363677697606,398.8455055582942,513.9500079355835,264.7499941286323
163.4624079015509,94.41708485795019,341.0712145271401,876.2882889595764,357.00924041205417
187.5180137544994,149.89706322303272,427.1538911425431,462.1699771138459,292.126605023151
154.76376909719318,179.01080678845656,378.12225424507153,655.1930846086167,300.35913670209555
254.93614034833413,129.72474373814453,479.48743264432215,406.3685520846316,346.4155280450454
229.01086119837328,149.57832169065662,431.04766861743883,612.0271767272803,336.9468466703501
208.4032503493544,147.5204968035007,478.28738247203114,530.3703780041072,345.42320836388825
188.53238372690944,114.7265893668067,350.26711989135305,616.0206065769225,344.28415682669396
205.91002674622771,141.8129927808686,433.90573487349957,434.1461213505009,358.85731934221906
211.78019827679978,155.10332362456913,449.6448450316056,580.2302010719413,369.236770188876
236.50308104990665,171.10012691075787,413.66359363339876,613.1843839027858,388.1795106502171
204.7568398822604,169.44598349839654,463.82451475470145,504.10554919126946,328.6253791627369
172.2770496160125,144.95502916670816,468.3548539296214,712.1439055913569,369.5577684972333
222.96813257682626,101.57836748322481,445.00743575415623,542.9183760739897,356.8310584919015
198.6144609257206,169.31829979360472,502.2584514210494,647.2540318358392,299.7416604716068
201.43163870245775,120.65911979178135,416.6666742702658,391.99090060279394,342.32035031534804
168.5151449481091,113.47321932330873,356.64059815883184,413.3655495962491,316.73414853927574
191.52803973806027,157.04544661890614,455.2459896717376,530.7782259416374,385.64108285722693
224.19096998585943,171.56189333089364,486.01805685874933,821.4817889040899,388.3564352380708
167.54311043642616,141.1259992643566,414.75777619680844,589.936486832637,333.1332661042906
239.01923417107787,162.29017182954496,462.55828252351023,442.3709976817444,412.7754183188441
224.14617480837776,177.38572871254203,497.70980218816743,770.9039929767561,363.73885729241783
193.8912654850995,199.97757472953845,503.75337232505115,824.0054759981866,295.2600779145824
217.2359003857232,156.07967657048619,432.096353527787,425.18354247542936,346.92706540402907
214.67908088088154,201.7492221935014,528.070270701434,752.7885952422439,431.67090827514465
206.55426512009137,161.53870154335863,431.7094925606491,525.3864137323152,419.0261311815325
162.31252500527697,114.006253917752,431.0301318260163,412.73799430597165,316.6889979799459
206.2344670584783,157.79616142907182,454.4615040344046,818.0651713016887,372.7834536541379
251.73107843046512,187.22968767496516,472.2264796311742,491.64720129714266,424.2762372164497
166.67511043036464,192.0117060614886,454.623827816354,812.9563290997592,322.6626682391067
230.9329884985423,151.37867424599924,447.2623630910903,762.9788504267087,398.0845354708163
194.09328438678716,173.66254432500742,435.06193328286747,362.295772671709,340.56963717705185
208.7084746787411,157.3049334260436,416.81912623459607,572.8370114158095,332.94525018281354
172.93643992972343,176.1832456764847,452.65484978459574,569.0844771298581,380.2111698215371
208.13154300335418,177.75682385734572,447.26083576483313,614.2357823307077,335.57960381182636
189.863952747087,133.2906461559126,427.5887802295476,376.5512435704668,303.51378218769685
173.80216527970757,133.09217614449253,446.4637068688851,341.73934431591016,367.68268343633525
199.2393786265755,113.56489136989863,387.97268510574503,408.05063234028825,364.5934777410203
204.1090743384341,186.79826743855415,401.0620098705351,631.016171746414,364.4115356233082
267.83885506285833,190.8725337649554,470.44483096599134,610.7482273901252,419.5919241354087
218.54282508337837,150.59780369071862,457.3335472133772,594.8335160235456,366.7128031039127
192.7383200569526,199.48586857388466,506.9294981419085,592.6620524601506,328.9354501856092
193.29544046484787,152.39379470069,436.8570936109984,610.3552412154288,321.38625707234496
259.73104015056475,160.34899030953764,441.5309617475437,715.7380521553714,403.59588871559254
197.36378859114865,123.03838398757615,418.7688225890838,449.93780115031586,305.81822869277323
223.87403204347785,193.88783271649436,484.84753478740765,684.4789906076297,340.7713209079
229.3957344513349,184.33470523604356,440.5038284697931,446.6476135532199,387.0672751039174
186.64856657594856,172.68117766554914,463.6523308534582,761.5190389898413,328.2230069997479
177.7501936695768,161.96051872842156,466.35141661591354,523.2002285824162,356.47485514443554
195.49642655945476,161.6700142289428,450.79078491050427,782.366119313101,363.912234115619
257.4156967707082,172.07531389035265,412.9029397565837,826.0774377851615,349.4432887530029
155.7254485402092,150.53357065100698,396.69140478102753,676.5131488595174,332.844597421344
201.59689649911758,108.76324002877564,466.92621972168286,368.93483837375845,342.65425804047607
206.7736744583126,107.53805838282959,367.4182015723171,397.45898731354725,294.76606261406096
202.20707255087024,160.01366029145876,401.8287535919581,697.7941809285495,266.9135309838578
200.8068946180292,161.77389491305058,431.7918258235145,553.7264731654899,338.0650073843076
231.8043073929811,154.10996183511932,389.79243996893337,785.4512530895728,350.21565880886345
185.95967396868528,149.6412890940847,347.93317873073596,551.8230920507262,305.43489283214757
238.27724421199648,134.23146384374314,447.04544632298195,742.4974841840784,360.3693813050486
169.7082880278071,150.88681160489048,417.93294361533117,454.0123439226364,298.8690632998987
200.17402999119113,146.67050136339265,456.52025623911396,643.436624709833,329.15434637073037
216.054086773832,184.88731074929646,442.7242927781888,359.3585531456704,328.41073611649426
183.76647907220115,157.31041625364685,446.43784289716996,398.30399328506434,326.82376955134276
154.94140268498367,102.92065295808536,348.17504321069794,349.2698188870647,309.9525033432984
190.76764328049015,109.00200725591588,358.7631761001137,718.4630141665202,357.50419429185285
157.86136269672312,180.0136804788816,419.0803566831373,854.4887319569118,427.0276514176644
163.97425034199793,178.98263174777424,385.2705884728619,465.60370496939476,395.37112731950526
185.50295369490618,154.65532825128253,398.9822951374224,378.4449974252959,346.0607891344577
198.69052249842431,126.99546855283972,405.62709515645224,669.2878317703786,398.46695481316715
179.74350856824424,120.8757768953055,394.7856320397056,462.3986116861005,333.6894417402637
194.17132408398479,146.23187100245673,408.62717406957864,398.68159958302243,357.017034312258
150.01969563394832,129.89038827787817,376.4608932351324,387.6793916500442,302.34315066661867
214.193535348349,118.04220981771495,370.3915810190488,373.21746366638035,323.828659696273
175.7005104731002,142.58462683020477,446.8728750857023,692.835149649315,353.79814436209296
252.81148149011133,150.03100432370303,437.5784724914313,685.4509276336711,380.6883316741349
196.95814222979647,144.4569983799507,439.6870489668966,602.288842098594,312.529359660818
191.70526115368756,108.38001345448967,414.71096971100985,362.19219367989797,347.46691593174904
208.07634663536913,157.26709380720513,427.33987154194,632.8085867410994,362.7348461712194
217.75164296451277,175.09384430695712,433.51117932531804,522.38090323337,358.34920958974476
215.9925083832531,165.73915110881148,411.57547226606937,607.7813548653523,422.2871899861679
231.44924559774734,151.10360725817316,396.5515489768698,686.6361009732697,413.6319915120786
205.32535851957513,104.1235094942097,390.6054098667852,387.00105575803923,317.6209625468246
207.53412173578826,136.5400615953464,376.26111270538263,456.1950853102625,323.03850047698626
205.61590557042496,133.90558393140287,457.99991327098417,484.6077507393948,357.4371116023566
217.08737375565153,127.7081268977175,420.98449134506205,476.4094945140218,359.3810518476855
197.53555120093523,163.49105620418283,411.65555554192343,436.64390146302634,352.2057944164327
187.67194000372584,141.59549554964624,467.31884934132,676.7034442941793,392.63221424931885
170.69465183708618,159.28904730690067,439.0209127335056,577.5853318577771,330.07337627373647
214.50215885132954,206.10793010106192,494.34508466662464,733.6462020082565,425.372199160381
148.02779071650315,151.9787347501028,327.2793680717173,329.016651667221,261.4792541345036
230.98326516766136,124.95610578534769,377.0664289071792,611.2984021082166,401.8284821209389
178.29801070971195,134.83616324609494,417.059821260585,464.1416854354314,361.53622649344373
188.59435743543588,162.03777304704624,420.5413160457715,573.9830143499466,337.7624111124247
209.14919141990524,130.94851511044115,397.2348552939484,637.0899884535135,376.73727263675465
210.3417097408459,152.70784872910457,432.72582536851985,626.6589592311514,284.6734867755594
196.4316457360162,136.4786081375412,373.82719946311687,509.4404751196985,320.1227670779351
260.40685382597434,155.8249269436653,507.8880357013636,722.7926720080985,389.4395848949093
243.538487314243,217.25043138137417,446.91468839586355,606.6818569126403,340.15702689777333
241.64186364445825,123.45372533835234,413.09954598082624,433.81458694610234,372.1518360175901
174.06612748174757,142.18125456840912,348.3995537108431,450.2961828592867,274.78655393236323
175.36238027635252,194.41386184391638,453.7645297732661,842.9081226546733,358.45635687752525
192.8376022484068,168.30291493729467,437.5329348959074,491.87404335143634,335.1778058672339
201.2500379925971,132.99009970896293,355.1617962502523,505.1599333649948,264.0113100616037
185.45716288244378,125.93874901452983,377.03902179295704,460.3486181340134,301.9188004028009
195.76679103382236,136.85874396206736,455.5968183076208,695.2182426782456,335.83799287735565
149.5709373965475,107.80092667829145,403.2960395934162,585.646281187063,310.3775696115791
242.6065472153255,156.75377318875172,476.80491841806264,549.1740310110697,365.8118609027585
212.90981456585666,216.28713462687713,427.309236762163,626.0141195507262,311.92209710037525
223.72442652396438,156.257216245216,441.5556506323584,468.76087100120384,352.4375966724579
184.96589202038592,151.14774241441677,409.48607721125717,553.363797939986,332.4234944100982
237.7178986855633,177.85893554150627,495.6802192742945,594.7254306437405,367.4255851898546
187.63487992351122,124.05251463132409,407.7221147736653,452.5121970335169,363.1886028586715
184.70069933610338,129.1145283114976,443.237352107572,358.1141669248088,332.6298858538737
217.63291236383594,152.41821994909276,375.0903563012135,759.8012382978252,411.8538991484312
261.1210633990805,221.8031006064043,443.01009916572906,728.4643623293885,372.4096001842804
211.91182297432124,147.64899469000497,425.61471871037986,584.615888167649,349.11463010981134
183.31520940829483,148.29406656774236,371.28468577220224,586.8365145208969,306.4267101728843
207.0372188966548,156.628330859889,413.89880136160673,436.85001206192663,365.0543991449517
171.04514764533235,128.15276088797972,430.7934153922888,381.10731533601336,359.5554269231626
215.72921423637246,152.95292912356697,438.93577323955014,532.3021956178394,335.1185662772357
193.99970425490324,141.39484633460728,423.6430297899394,556.5058729862777,377.05176175813847
243.2857602694375,177.84174672135305,443.586502398141,431.26121218911425,329.6373016444195
180.10408313175768,161.22571594877164,510.39752370540816,586.356135740109,323.7648152080023
196.5148923918192,144.3700464310372,435.3108266714664,791.6673017352961,424.4452182007892
212.65046802101264,170.6666347051622,447.19978123618847,689.7339440213735,394.15610235336675
269.9885383144042,149.13081883073528,385.6737780637935,391.30582284111756,340.0961563076212
226.4480801726682,210.07538444456003,435.2332085160463,836.9878837967491,318.59299815382803
211.3417047595776,163.33993529083696,510.4261458349801,669.9069500770449,315.1595716214276
170.7231855049882,141.92746076664696,394.91230078483574,491.6955781848705,349.1954936642844
225.97403659255409,192.01397231436587,531.4200198269099,839.885247348336,417.0286575103304
226.84717870697014,109.37116375007183,404.3759927145224,390.23637831909235,348.20391296536553
235.4446340442046,179.2971783863814,436.91226121663954,434.09251951852735,366.8116824709879
226.38318603279657,185.33404006753955,354.2212019133012,399.3763295130824,274.0153419189666
214.9806594257916,134.64150098219483,402.81957253791484,345.5061359887581,327.97468030468144
219.12525657393843,149.90375530567604,435.2594116828524,443.76065375834537,374.72107341363676
208.18919322963012,108.214745139998,413.59760820802103,359.1185783599961,376.7295410355569
150.69719593578753,144.5120003008263,345.0674896058673,496.1150068429718,273.86102571998407
150.61684676861694,142.15384938733087,383.3490900968255,615.0385259151611,322.26931123093846
253.87049174041087,203.80733156831545,488.1478057852425,822.0638630046344,279.96187682572713
201.0035765769695,139.35923419583608,446.65612257576896,481.7433420019215,340.71204217877016
220.04396410851618,114.37751242806485,372.9310343446427,543.6255763586815,331.71316148545253
195.9301829429152,158.50035331633714,424.4753862256483,486.8779449000445,303.779004674441
186.6643095435879,117.67580997241114,383.7074615463864,516.2308685442657,340.67663267878424
192.5968124871979,105.82322662462587,437.8755339159591,470.3431980541364,311.40262886524874
192.00013194896545,170.25661389123584,410.04554381174523,693.9590598837251,394.1161360282849
257.89199739113474,169.67608376354886,448.7021642735584,819.6363406966135,444.64718305098194
210.4639106952489,133.15185848271233,415.10671236516225,619.6478199191827,351.4943211072515
179.3189247303069,162.87377061022278,482.50254140389393,775.1252404823422,394.8005292594679
243.17850420073148,178.1056758841,535.1272826596821,706.0650158906658,421.8569811601982
175.90876658330748,129.55785960967947,401.2274565753242,460.7133922387784,303.1776636738134
208.6627115350335,160.987263993705,434.8401867567166,719.9575238028057,395.2162851910127
172.6055429815641,132.00922864379535,331.39882715353264,656.3897172490404,264.2950161266709
206.68176991024066,121.08420670603661,359.41172042931527,334.6867919305325,316.3904023054508
217.25177555647318,156.5168762275278,445.55986553499463,707.1676422870984,374.7385213321574
258.67534940469244,128.80742776061746,440.80730043466747,415.7349377482557,340.5125763609742
216.86433266049943,171.00971593030587,487.1679732812252,681.7758287571178,321.62543830613055
181.39832659997978,122.50595108961325,352.48406972241366,383.6070727959893,290.2030223622383
178.56998730533533,226.95552619605218,396.51145293948014,602.2247672544067,380.25533364922535
216.0340594676131,161.41094426661488,444.6757315314321,471.5988078456078,328.0542004357633
189.54854845978318,179.66205735992858,463.23970543836896,713.5594763904636,424.06902215677775
198.53742145025086,114.02868209539271,379.0247899707574,576.1594572288963,356.0850693172496
177.35093996792983,127.30078199472926,400.9928963562252,818.0619617573407,352.91028140759346
175.32472740665926,194.85626794007263,438.66074401361976,443.93868887891915,381.7505221737875
208.75875731889582,178.90909804080297,401.6583304719821,407.12437019788956,311.6540046125644
170.80265691604288,130.18790279345524,369.0750314543354,437.4063859649154,343.92346933203305
171.70496122545956,181.7367761600614,391.8719017633332,353.9870383891846,279.25719972921684
161.4006781777828,96.59627324713703,363.27531762167416,445.01970391670733,387.8947630554419
240.3135565233008,184.18274503169098,475.3305141293363,580.5725693715137,268.36141966392387
209.79940104992676,149.56962710272003,468.4821405098621,526.7697021928666,347.5577030140317
225.9801150489838,191.69128130900526,520.0961796186834,509.07419586358924,324.3056240226626
226.9006791421518,109.44361009732533,426.681656580964,600.6060801306825,401.060419965126
185.67148425007863,181.16656879811646,472.71904952431623,535.5969770386865,371.67834345295074
195.09454189945004,167.14316453137891,401.84803710877736,508.18239916368606,345.5163152546432
184.61544111114065,202.40534328157855,500.94432939965776,599.7966858674193,395.8996659832592
196.15167012073877,163.2296735132779,452.7446298952036,672.0962325385111,350.2617360974758
212.65773978906867,101.28540513483807,354.2373616808441,454.81079529850115,362.86002289374767
175.96728838234688,126.79268704210835,414.9841010110666,376.95427334554216,338.72442104413017
205.27030312584571,130.47755375206225,431.7409574221589,624.3403746275492,368.018647036213
234.12942771610716,115.04820850067466,481.6539335096071,378.10997361219887,322.4398553592614
225.04123735976228,156.00507239046817,433.5409781364839,574.4909367031652,429.22229069947605
195.4849491084202,173.5645600977691,440.1907880145956,538.0365646116294,324.71802869133757
248.15476573150048,207.82263794405853,425.0757256710871,596.1847145488816,412.6335153541003
238.8227562986336,160.10657382641213,467.56467851724483,648.4059750904316,372.59262607628085
186.89036351619401,139.85304317575026,378.5558538217679,404.21414001171513,338.1587454001048
178.85991342964968,115.53275304630527,468.2540623687738,716.6181787574791,308.96817964219616
196.01203583270342,137.29307600422774,386.32894387769375,394.5213166989939,344.4098681110483
209.5918615483437,153.21199548196978,457.58169737588247,646.802536735529,347.12006847486293
183.63840997216914,166.35877247335634,387.98143114585247,551.1638130087173,407.86515690960766
219.79175115094395,129.59264049294026,478.212475823834,439.6378973423418,344.7707264642094
171.30259185692088,107.41867658500324,397.287725225653,614.3541698968984,344.7850482323091
264.96775659605515,117.80427986573652,420.84058612729456,792.7231874016254,353.3239933646524
217.523179015424,103.15222586250029,353.65872483319663,342.4501339681381,341.91127049224445
198.77453223775782,173.25449994604477,426.1632142100042,467.80113498020575,340.15434717929156
188.9924544746098,98.60525897832544,330.86054622852873,382.2807634333869,295.1343497283837
229.55378177622833,140.70234843752021,443.58323232976255,615.9639200464269,364.05222336118635
236.0445362897872,151.1859285560268,463.8042737374293,533.8646031948534,385.72975394168054
161.215950828247,135.91036466361263,381.7194441499714,348.7656474437657,345.9780944917727
214.06549140616508,139.0378281580609,424.742527302662,387.81983742126664,315.6324409698964
224.24266231848128,150.79451159491524,409.426483672448,447.97249712555686,312.9896438919004
187.73262412855257,168.4447700857652,404.07978593603116,597.4886640425482,349.1801112825393
196.71473224565932,192.61169027638638,383.4377419576042,516.6141458340115,351.4035526635603
258.2417183242643,182.87311159465938,460.83795713763726,576.5283926020494,386.9142235300835
194.75675765957678,120.50615761805201,369.38182803322616,494.7593615410494,328.9941903914124
177.2332879591663,128.80176140225413,496.41050664320875,504.5178062007171,425.40295620035926
256.4496472643723,212.87337925227223,485.2199848064947,618.3084607697851,351.64332328556776
204.21969575573917,146.22572895937452,414.6762483463203,555.2977811145511,334.5510388932377
231.95502084588898,136.5896983364604,418.9025488707332,389.90384265001984,347.09514767960843
174.60539079480495,121.41908698750073,364.2901348337318,505.49903168414625,274.395331654649
205.879914751228,137.85739655601833,373.6578752588352,554.4371727181696,359.8221192022826
218.08731348686072,157.27607405811983,358.90386701677835,538.5438833065901,339.10093632964316
169.46827500760114,118.36598938071234,403.8188392154745,417.8830295409341,350.7427379564704
207.94732251992716,157.70083314425335,422.76853514058587,574.0556483651509,342.6909957933492
192.83851810316443,137.0542253648687,409.9942814006437,424.2305914614705,359.4218520675562
230.972006973426,132.46972237608708,399.21589550086696,594.9253836734139,329.3803667224881
219.584799445684,184.61018781854517,534.7550363706533,863.9484550173531,431.9679946812343
177.0753317168019,161.33699969582412,390.29431163283766,509.1486898332703,358.1420826098736
150.61505510589203,98.83655824989759,429.3383123989803,744.2713260335522,319.81541255475247
254.3484288812381,167.3449655394782,438.26651187999437,650.5991062076429,326.02436573459704
207.88725302270774,174.07324657134455,533.4969781411987,772.6171393214405,431.88099866265225
252.42108919666617,192.2078870233594,474.7380181809564,772.6681559273618,411.48440163804514
214.15226007746344,135.11911603377013,367.56426886174575,522.310338881058,289.21771882615036
160.60448397098725,162.58566020615083,415.86972422110404,331.56361089445676,414.63638838383724
181.4334241994829,117.52725304762446,391.361330544043,500.7552905589005,318.1592801234896
166.62907823497457,138.37301913443488,439.9834875289485,423.8508539523211,344.615070008808
178.93555951171916,183.38631916313034,411.28186451989444,412.9538148425834,370.35111542619893
202.70555253473648,176.5685181968408,475.7678183658134,704.4989471582253,345.0549740241066
198.3853317707403,144.68441516961818,452.2616943340912,802.0176390314667,350.50436409716843
229.37898719230915,168.88963176644617,465.79724296760145,456.0398510030246,319.25992375284466
249.24400799788768,142.70517420345388,502.41059767425554,842.8548999693849,397.4583968638378
212.42660565260016,126.33828940338854,376.92797456804,399.7049666614525,349.7013582625579
176.3333345341427,146.2922531942937,388.42701623124105,594.2775646254051,392.7447405118458
177.9873296655646,114.92461781748487,347.62286523249645,369.1098814227373,352.2905754202047
213.39678904148067,160.487224066746,382.4071073781442,613.1296518257275,350.175093406676
207.87179366010173,133.18564968139688,417.84173863408193,627.1867399077128,312.5753390134173
204.38412830293743,131.75695456532844,389.5538978868043,469.47589166132974,349.13618516060177
170.44889571580998,166.78129135154956,411.6601231659448,411.04181835277586,370.8770893743461
214.85986817138462,176.08739135073958,460.1922884035508,642.4438166554767,372.68821885206694
201.90319726307658,197.9318662693813,484.33633261683144,863.6094571045985,279.06433077513685
163.66189268811175,178.32581736031088,463.18171273563803,397.60499002103836,390.7841776791351
182.77733868166555,139.30858399677098,491.1727577117056,651.3029461914401,366.67296658128214
200.41142678046944,147.82931595174006,423.68599336128466,449.3100927482134,364.8178985079852
218.29818065442882,121.9679432606725,398.25586101472106,344.19390870395193,375.2584757990067
215.49576319223127,115.87639682934108,349.2709025147532,722.7905610020136,327.7586922141395
268.0589408834908,182.92916455792633,396.003266065047,424.3817367077093,353.52359292976115
195.84415924329872,156.77755011067384,452.7141537981979,846.8567946674065,413.3775345888842
250.943501117312,163.68104080027575,407.54465068611046,543.137686129859,370.45078183049003
247.26174161310746,133.26038514345413,466.6429391454309,648.2647090269543,419.60460694713305
189.71312098912367,182.56442773894108,462.7742490193252,603.404963761634,359.91477234761095
166.2190978421965,131.4181594455785,387.7356682748005,526.5704300053004,319.54453313223684
163.4048530111109,202.96320128885873,446.0531875348979,545.2019834988548,288.7592571487435
217.02791331995772,161.8957283506953,439.12782338366486,634.2612249683932,427.0877156682515
241.63083182171636,160.50195587353747,472.09319525504264,651.0167753668859,335.91083524950693
179.42562773178744,131.46198772052387,341.42736856580865,356.66933320357583,309.8374881133001
172.60848750489112,209.5542653430436,456.20703018919033,514.4092295009118,414.2180105123374
193.81685913423203,120.21076340765946,387.75319908582145,449.73871638684807,317.8685691602583
249.012608813532,205.84597337884335,505.372027199562,598.5149200072846,385.48566828940625
173.8817866136511,133.1966488435417,363.97256976659605,358.2010083857519,366.0027154937684
151.62270025190156,110.48547024621789,433.55844953512604,397.6382251913418,262.48218891399534
174.74500025650414,109.74019516653401,375.21356100155225,493.9503993700778,343.7642179330944
198.53980864463958,138.26854903066302,417.5079286052278,555.3582977990304,332.2108425514091
176.3009513468803,120.07565805357537,384.7805908646756,455.54344896419644,303.9706056084596
219.60901789273848,179.4735362357858,512.8343172783325,867.2125392894085,356.7099693959815
223.32047041184197,160.90346480552577,419.00934080713677,346.91705490023804,308.67985049501755
197.2936346205111,189.53274633466063,511.2407845605914,631.1788759664695,263.31395335881183
248.49327202984895,197.53564906863247,393.1461184935445,393.5047516512513,293.0028675656807
236.39552169134816,138.18220298732592,457.30979029390176,509.6329690211263,410.8682746937036
224.36108819689068,133.2759671497206,402.5761021829177,547.0028631912048,353.6903029187062
198.7913883474983,112.80301979473231,361.6857007091622,597.3384065501116,336.9549497060956
204.6179599022134,128.56751902158123,389.1227863088034,530.577783919709,362.12647694963636
214.77359537669525,127.2238258531901,438.08736355621545,647.7790962388336,373.38452756935067
165.69781162769098,128.27241421022308,379.02751265484545,547.1385055365405,380.9554442072936
237.18061248250828,129.04770537184814,444.6729416122255,524.7070409793109,359.60704600689184
212.96163346096947,123.21208263203512,411.03976750676253,559.6251340439181,349.20356581125594
239.46172753526508,188.72874475466315,440.22915257644377,473.29379563287875,406.9799276910353
202.73390018050085,167.11981358491576,464.35151303696165,573.0750164272118,360.8108387043771
243.31697041283863,154.2604130975639,452.558652765167,714.188009023752,414.39947276954103
246.5224062765595,162.01213461354263,437.27440364751175,774.2395719029832,328.1414721326371
198.58373726595033,200.71921753752682,361.92255414168386,583.9134259543323,317.97308899252056
264.3119664216574,127.53516334412711,530.9960409376611,825.1625059950329,371.6906572399305
193.79085276823199,158.1296993242862,484.12251605355306,627.4531253427508,370.2215065813054
223.60758004343788,148.24113360179012,493.2596794273165,617.0637860678783,332.73102541884856
191.13305599539265,178.3326628215949,448.9537427657222,495.97004287070285,305.2757334946377
210.27592071373562,133.7959960411735,389.8413152261859,870.6398947232947,275.26340243849637
170.8082716392844,180.67141378720342,434.453678123329,594.3197418062214,341.7473217362368
263.7551895839451,128.4688471898277,453.70065747578633,608.072999131673,317.35723922474415
212.69500077121236,161.02885111376716,468.61081675760045,461.28222642556136,354.33277598509574
200.94548497009495,172.06515145151417,504.0930487846362,597.7786855523992,409.5569562672411
243.78161923157248,167.640599139892,516.2640744963574,669.9120300810908,372.10369246697115
209.21118248541885,135.9534198331503,360.1888495176041,648.9571878463242,336.2807882734275
200.1986714949247,115.58030247883909,430.14923285765593,477.93135154425636,321.3400165534291
204.24699314737305,98.09138370523985,413.77098790786226,565.1367401570957,271.86125816442797
171.78577087827844,126.96215697600154,472.0834081650967,414.84909762407347,359.5583210462003
191.858158087554,190.11889873840934,467.00672876512493,617.743780043637,288.8113285335516
201.88998488448365,141.42823058580993,383.2898280413641,477.48534831357205,294.6815879548753
177.52722489783395,214.1285020515344,530.298042299511,409.48351977843186,342.1098872012189
170.29191443262286,117.8436990091508,337.0612914005207,367.99165077413255,335.0479079773079
179.94771035246336,124.49095453491981,428.9807414362249,513.174510786996,392.22787330449415
207.31129360645346,156.5236657697931,471.48233818728716,607.5756305626464,363.81700789667934
246.1126598366886,173.26312858264447,385.4034009985017,754.15673847788,277.76493806294724
159.8700677365807,138.7057412020107,357.84989537301874,413.6999999286134,324.5637234277375
182.8274171229744,186.39782720857866,450.3871609425427,678.4358566387183,348.81269288066306
205.14836739461364,195.81439496365616,478.7192114261912,762.642573435729,369.96700003596055
237.954553587484,214.25623960911233,520.8278143714451,828.5363932409057,373.2278348091514
267.38159665181456,127.44963127941472,446.98491402256826,700.9682849303957,332.8874667350263
198.23600028163008,138.55277049674788,355.5506307378075,458.3852416983098,292.881864313896
220.58217506794335,168.81368517021946,434.4994925910651,577.1953107803284,351.4503429214808
191.23822745428075,123.50772911521308,399.4863373486545,707.5094312188232,338.8019833548767
166.80583999147967,165.521881564932,380.61769927037125,390.94010551677076,310.26347639277475
205.33436302640953,188.04657935640077,408.7294213566208,550.5465902854671,354.8404061919213
190.7725318644899,124.91527960128421,511.151722526624,415.6087185925814,265.1288918731398
249.62797756823258,139.95416379262545,369.0835143632952,625.6560861725634,352.04071437479894
221.4673065453244,134.76026585868138,449.71958342680415,450.7386968409237,373.4933329992822
223.7685775669919,161.00220845893503,368.2312164259725,482.2201575605545,327.3663821148302
168.1094311730398,135.3635773864005,358.11152489302236,608.6268219911448,320.5182308682091
210.8463700339243,163.87786508492067,464.1850205424204,586.5863991113977,327.0896478971557
212.17070498503165,150.0928408001897,430.0502061000659,475.996021867378,362.9536302692359
190.74022246401867,110.1642718711362,375.3007204616753,384.24672827102756,297.1502200221034
195.31497289338418,203.1648388985133,394.15187270743775,599.8575582282213,347.90655337781027
200.0699648702193,123.16313829940744,393.1271472558306,459.9626376495633,284.19104507876324
205.84338254330945,118.66033616661296,429.0783637234804,624.9924016390088,336.6157249010945
187.69960968586776,162.14022775432082,488.2502455705434,657.5340763594005,398.50736802908057
205.05780379179174,138.81849128576167,398.18488516963873,479.48443869656455,372.6510483348377
217.10706086776918,128.4499203014363,390.70549139838266,498.72882750876664,331.01381992897865
218.19828944156677,158.30206573934308,458.4024867627092,556.7399330847503,345.9818067585737
195.3834564023283,148.6756059426768,452.6107610288194,717.738901126764,341.03458736943634
212.37746955112254,198.76499430860898,398.486709744848,528.4439611804938,307.63560791857475
192.67620420687047,122.642496536751,451.33673927426145,658.3286131036525,381.43216504691037
207.51048266147768,177.7058146121075,420.387318329703,633.4349373739369,355.99791491485945
197.14565454460586,162.5835131302052,390.13083304470706,354.5861302003627,333.16649588041474
211.8745099347806,143.17237593893051,443.6038903273074,470.3476391426619,411.15007935398364
208.2707845512801,141.08599033317284,385.5815422967214,374.8720762390213,322.1580468155635
203.58267227902172,180.0036251880271,427.745713882664,506.09620889971455,367.84885476765845
177.15239347879228,95.93359803072704,464.56241531128137,416.88886714039245,405.94468527038777
175.56251273229424,156.79551789125708,412.6367483741624,607.5631145294292,340.79057285242203
197.04433671621484,153.5960526838046,427.4962137553453,460.76146333677207,333.28692110175314
251.25997174154185,140.93082324979363,450.3272552005554,447.5022672922009,348.8576212797308
200.12665400017625,117.08149674593233,425.67400910545456,826.749833071703,368.95787407432204
182.22824858777892,166.11886760445043,426.3299873598425,651.4619793852819,392.31101728074975
218.511007291302,150.31354121151534,402.5297232856876,452.57206147307886,323.0517058829164
190.11883990056126,186.48747024437574,457.7262323843598,748.7975031840165,442.5600493693198
220.35374512377646,105.78017925614333,359.78495432482407,405.59689590624794,353.0555947713881
181.51373393810076,139.9022152934128,397.8732118155229,590.2285079664889,295.7948417117898
230.32843542388375,154.71423430216075,405.42717281025864,586.6167159665663,385.1502003135818
197.13212758393666,168.65385996718348,504.00174583122674,680.9216613504713,326.1261277207776
198.82460070797933,118.8372247274718,460.0524844851842,616.2035633588706,342.9495151634188
206.0706750463631,130.2727162011317,369.37002875114365,513.1056650815971,318.0456042719464
201.69205548299408,130.4070186260499,404.54692297335265,403.6002105581725,400.16452326063705
234.0707295744075,168.51235184978398,398.2500517343405,634.0629081128038,427.2786290379618
192.20482109478968,156.81888058407824,424.8928866304085,597.8508804698974,413.73144037733846
217.45026368201613,168.37580731803482,512.0466250978312,576.2686488672157,367.7460324528279
209.03206402306947,141.6706815397571,386.22622994507657,511.21600500378406,322.6530784850983
192.31135064189363,167.84933664458123,459.39997078264935,672.1524581132867,365.3804997030898
209.9327739175704,123.54392589956286,378.9278171388019,440.5999750423363,359.95197054829515
227.66218061713033,133.9233353270019,406.3358942895584,533.826382549474,417.76956873198947
187.21884239174875,158.82174486350982,403.9132156740666,578.7420886430504,316.698145700519
187.7743115508788,174.17163162143095,473.2587812372583,515.1894410256123,344.9071425329244
201.43431847217533,158.3244007568344,349.1582857371756,476.5633202505401,305.57120379713365
189.41757493551597,142.845301011399,425.52469317985737,526.1850415278823,305.4963544615539
184.0363309064063,134.00304154106573,388.47913411209504,546.6266359441462,335.6886086915227
185.83296651381775,134.31302006409578,366.8073567191572,570.6395845711115,364.3594511570367
244.5029264956727,176.50689779841144,439.7170303250312,445.2546923324269,344.08776735500254
164.0104301422798,193.50756603206415,443.0243957505412,449.60575999404,411.3751749578124
224.1709381505069,149.7305296066217,432.11526198452543,569.0472758109476,390.51674457376794
208.77595323558003,154.0941332533696,451.48340576667704,442.98022058650616,310.8991610966892
265.7177945910721,163.08377575746633,468.30982909801094,529.2606267236083,342.59303276050014
222.77882768302283,152.9624017570784,424.4383454661806,646.4622662706374,383.3823788190227
242.8006534188057,110.13369645879955,344.5109490078584,442.4116236634521,324.71450192237563
201.0878442651037,150.76816403009659,404.6110205896508,439.5297167747766,309.1887252056294
207.59585526314154,144.11652594940273,415.66496898443444,344.1957120566995,369.34625963176234
160.83230701197448,104.32485054423218,480.2476295015903,501.60296201400473,270.6522779963813
193.81503917411672,132.44048975592037,438.06438025272905,753.4493308024754,349.69263689531726
196.93570800491165,168.71088195348992,455.66020765705093,389.7088927129798,372.3052884921071
204.50795297386,132.6749152765262,410.34002977307136,501.5766840881884,300.2016668573788
181.41199013982597,156.34112918507853,451.3307457250783,488.69098945157594,270.4417052283787
242.86580130679266,147.7293183367027,427.34389816557467,614.2283242400852,371.9913443479069
181.38677688577715,123.66548248915657,446.5077952194557,595.4381876997221,337.6288315168316
175.0384338676681,126.66730406261566,357.17517515761153,341.5701511950333,332.0254681448861
178.51728800938392,148.74203276863472,368.93435672998436,383.0510892276744,332.6310218279601
221.8884446049699,189.1475865533663,449.97054382298643,642.4663339037348,422.0309380337507
183.5958537326472,158.2050485664652,409.981249411313,694.7917861200173,342.88034411570135
220.0264848916358,126.75857045881584,410.34872550565626,413.2702374924687,381.0956041803978
184.4703871668778,119.4203574113789,372.50732028100106,392.50146941521666,312.36118718437456
225.51346985623016,150.23867086310784,445.7080590990326,811.6480969789661,377.8145529366945
196.6702065053842,148.01662614828467,387.6444926013218,471.34665528553705,271.1546336692387
242.6917917774326,166.90391021039756,475.54038699042684,439.9706324167725,410.04629210853795
262.3637644860926,214.03553174403194,468.5738087093155,573.8927378812256,333.8179507401015
188.79166956359137,149.10096408253156,366.2746598479761,379.2765114984285,319.0314968991564
202.7155132496425,226.18345709046358,530.0410158877297,504.6429438112532,392.89246702032875
242.01954951345056,173.36113626193654,422.22977875157255,589.873772688725,437.736064107337
214.84965340317558,218.71076365754018,523.2512403964729,753.5158273313815,361.7715722823056
244.61477365611486,148.37525893236221,462.48054504137076,481.77331388058127,369.6368484625428
157.80524002247455,131.14083570072123,336.0734828430245,341.4005882100679,346.8561174885072
205.870215410128,184.35048294539968,518.0515888165086,610.6493397297509,326.7226655800394
173.96418632988994,143.97471754693876,438.7500361688269,590.6541545560474,356.0350642136774
201.42204553017172,142.73749918297233,390.5621514720737,735.9558927312512,327.88211088277654
191.47027632790804,177.87516058847484,469.8093688209209,493.9167562075994,357.7456615741362
214.5156306427288,142.08937087913074,428.77462671354897,595.2925526258252,312.87932655249347
166.74313356451,183.74918176621327,512.1839408849592,456.579856160012,353.1098586659156
185.10383712661235,150.63202772796063,441.1644850547795,504.06884506727675,374.8422595592794
211.91038083167984,118.22690249556626,406.06900424743577,432.99751622374816,414.7733057714628
182.84443300765014,129.469615012476,374.19086308341963,448.79139319349594,297.28425424049493
227.07822789779735,224.97045865786362,439.73060691820206,823.6736974329855,361.2474321907499
192.8437266849153,179.61608193324645,503.31113278230276,558.6721045195194,306.9512843158579
158.53956173723168,173.9232735080203,445.16438369955904,539.6647970284511,353.78189401706953
200.2719009123545,170.7303972350034,458.9582949261593,441.9764463099691,381.72601453331345
212.377762672047,142.61590779655947,366.4041826437193,597.362325452618,269.3094768734569
177.57613822407916,178.70135757395633,342.4260317756803,623.144212677803,331.7987751679132
211.38220991921685,160.0689757862168,460.89560077054585,584.8612403409733,384.96891165052125
176.13021754095402,159.22507076132604,387.6524828684104,585.5855642857454,302.7981350171583
209.65172880359478,146.44678485751126,459.3112240757612,636.0948770086632,378.6291478448233
197.35292684861543,130.18234981888327,426.8244389051519,563.0862896654595,292.8926570355018
178.65662200152394,114.22984286978881,411.25243773092143,397.5681699314911,370.06190170006363
241.93900576412037,193.62116168498596,454.31317808370414,803.997784320077,343.5481990344936
221.1880049190397,155.99395987201882,510.0725117180407,619.3053603240434,342.3091696782905
219.47752674034234,122.59259634609465,476.13657865405537,561.1422048745806,350.59688287417185
237.6351593051892,123.83236710537646,433.5762028810147,485.5060271013004,386.91853987683413
203.66510587960119,139.8830934516484,390.1329123243227,687.9704620198878,356.0647581765081
212.13778575913358,146.55492397423933,445.63213631556744,722.2903914016539,301.5774888524906
223.1986368485389,140.17231463774792,400.331946976527,453.54069013707186,295.06059024972154
231.2947743345318,125.32287971593881,338.83163243817546,508.8556447575872,288.90446678582254
163.68854271062494,181.65582239764504,397.70762380461485,551.9970461925496,344.6555110447752
236.56362364650317,156.05598444125252,392.917324708816,525.7865206644184,339.78054186576713
190.86150769148097,173.62307942233863,457.68057200704664,585.954985825822,348.54529931030095
196.5424526327862,172.03941125369667,426.16960246684835,546.5658638702511,347.21434954745655
197.03726133252513,139.25787351834379,379.28176247798973,587.7742528828521,371.9086975881049
186.23864896682224,114.17225521648945,379.6887494745947,397.2048712953164,327.6943001319626
175.14038638603003,135.20346714984728,373.5960884175735,449.32740876600474,317.8109724909805
204.3299572206299,151.2817865954009,384.20580191385005,504.9846721107729,328.5046546952677
209.94956948187846,202.9418873149069,517.3377881698576,703.9786011521225,378.7707690789142
214.81511097349556,178.0477760952626,482.039503902019,630.0106720215681,328.31180011280594
235.8676996357553,145.58679601831673,481.1668474363709,645.3459205737807,436.47090245240867
210.55030463828595,197.0005402258,521.006277833284,467.3195096885525,437.84035155949823
183.0156449820728,178.1223613641153,429.6222745421212,485.1352780336943,339.2319184552306
204.67406722242362,125.35639400335326,387.4514915448412,676.3927874612087,342.6760230237463
213.59201711262756,181.41151998433727,405.1126004214927,746.1748246313213,368.5082207673872
225.46797763939074,137.86068849891714,465.4170213563699,659.5529763301921,341.2561256090431
225.835339945803,162.38600673319607,490.4510904606951,773.0001866882412,391.65667698870493
175.75534682495586,154.53825702723225,428.8063904993766,454.8259224578516,320.83818223893303
198.28169624995823,153.34600594560473,387.6109845873683,582.0349835474534,344.0445216015616
201.1360707142511,185.8091039100673,351.04789141580784,522.1035693857642,332.47738744346685
160.40445674542204,155.10225377326105,406.3113651856369,673.7212924352085,298.1516152276161
187.4462032787912,157.38499269291304,377.17560035361817,546.693582167989,353.56012656213596
168.1657881638728,209.32739574502705,401.8562421871539,851.1426165679768,261.2801937122708
175.66396107807304,142.02773389890152,401.03919544377345,493.6439599483354,333.218766612638
218.23878542307517,185.811135237933,511.1656884795351,790.6208839740709,396.828933320761
195.01988311061368,97.36981089896052,408.20642005493346,565.9081187311549,300.8134646519396
251.06937636718692,173.4922565953521,525.5798251469216,827.9021958428668,277.73977761316866
230.5143155735658,186.79345950831333,521.0426575729157,495.26524741543074,355.450053266015
201.84315133466407,125.02825985835413,395.77655653999153,334.9951012153703,441.5385701512322
213.83889451434686,131.11897079709544,423.59831137222915,533.3244959485269,340.7683620190825
209.15391695050673,142.10930745356683,403.68800594487556,769.5110952717545,323.5598051953995
164.03800502772515,99.53552623628285,362.36707762967615,337.05042571614666,277.08969501178376
190.9984871260065,131.3254228186839,451.48089613435843,613.2006632955678,349.12686139969355
222.95323547475007,159.38645268782275,439.61745826085587,434.2183703025939,324.74361855456027
183.75744595741605,125.76190217315275,364.2609231639646,361.16565764001103,307.4398365504931
222.95163325813664,165.61258106826924,446.78098674209446,698.9538168321602,353.68050217221355
175.4421313975294,110.32389500594716,425.59482340002734,550.1570489493838,347.09743386596074
194.24837917702723,158.25289805372833,453.9534259813568,527.098569151737,305.4607146702651
188.19098436059176,147.31690935664304,460.57524923994083,574.8055638090627,276.24179693479743
197.39189527657882,123.45660768103485,399.49785979625227,515.7323810238441,360.6257882170103
264.9108064879091,161.239758849079,427.96323901425626,856.2692170807912,391.9281307556059
219.76208237884583,150.73382709642996,445.0089004872074,503.53946057953135,354.3715858314007
190.41666442711525,160.37283951489985,395.9712797970378,440.7429848205687,332.4528930574605
181.05877606905048,118.40341772751698,418.7831833375569,337.02061625733734,291.60657660352047
202.4009887734014,156.71637127918316,437.03901008007637,442.2645103873528,351.1421377772533
166.8832559734379,129.9119339158936,387.4243606733383,483.51180682618883,378.2449723081341
245.25374433470913,167.54578706988468,439.89252654534255,710.0729891526099,371.87462943564157
161.16744570815433,130.97578320688763,361.12562135598745,554.7517959543446,328.98726030861224
148.13754832769112,95.45558657081806,389.01229772117654,842.7135840579239,324.0937433321395
273.0775247197311,137.55149756791425,356.3538031184438,329.8396536749777,261.72043960400674
220.66330877557334,169.46591303242454,413.07136802776125,519.1397133516691,337.92656246046624
177.78796763695058,145.0194703937568,383.8350480282537,557.9042871705616,381.7713806989426
258.94816144748677,171.05447063573854,516.5692475089642,803.5839022417381,306.7840328444753
209.02420494139605,172.07464176925617,471.8476381380665,644.0315014257101,360.0881419508105
213.45346976469432,136.76768202141437,412.9369437196344,361.1557877577773,365.8534409985227
209.8566508234351,142.07340199422282,420.534854608483,345.820513042678,285.33317381896904
264.4807612425445,200.81506881392005,475.1100717221811,513.3019109150846,421.7279584437927
182.90027620873514,168.738590037385,350.1870129568738,384.9664525918063,345.99059332688614
174.65943904453036,115.48936896810947,342.55385458683884,585.3565347554454,325.25945637360815
150.3532621703427,117.59421385233719,350.84448800766023,394.6671164272797,300.51017259627906
229.54445279373104,104.29583674164995,364.2364501999574,483.7586335673356,357.1801907741308
207.8642442997715,142.5547038726673,366.7302370378082,484.60901250502985,295.9209505908067
225.96863240929576,178.45767728135647,441.29742215932475,650.2279432135053,318.82233370150783
240.4492169290902,146.15477974749453,414.1556208291678,609.2255751087056,358.20260752278733
258.29881167395007,215.21331908269565,434.9548471184738,659.1194269207741,372.8555163912899
209.68448320897522,155.95477868126488,411.2691857441202,411.5394157738812,405.82723706643577
214.37697986851236,141.26386824560254,419.26292956714127,518.455227977323,344.6279665118833
203.94396422262076,139.59598395463027,447.46551080196883,522.692120588033,404.31225247321373
221.61246041404985,164.86607599195202,453.8441949087635,529.2008928346323,352.7403181575699
214.69269655925999,160.68840011373877,420.8517412822195,608.2489579423009,363.1050705409977
216.03986574543796,146.14979789826364,430.19048582104665,538.7068480884092,414.8411193478193
202.0761365750338,135.75342648978065,397.8701788023142,416.6244835501161,342.60389459143124
217.14888392424427,204.90252776562232,425.5183598376479,517.0719662970035,417.0471786093649
235.18329730611515,101.34381104861659,375.5095236673898,349.6997816675693,387.7051160086666
221.91775389946528,197.1745525949431,489.8599185849005,750.0703765757166,341.950959041773
234.78618595168032,166.19144558577554,436.23179943150495,522.8504967456671,346.61435345788135
245.25298668972945,157.549805443897,477.4624944712015,611.2876899438975,356.03742774999085
177.9045804394443,132.35213719367778,427.4302995129762,410.97988266250917,353.73629793326904
203.75979095824445,149.2377617863482,408.474709759803,591.150454526639,342.18664560868814
227.8390754606683,170.6158316514692,481.59367140758195,536.9005425864553,423.0644535815871
203.53073513565357,155.69222526679644,408.17858791804696,348.25678579741214,355.4791977298901
153.5275746273172,124.48405236755744,339.8143441626751,348.57284597643144,303.6320833219456
189.61712219952997,120.6871478229975,387.5446612831394,431.56098902924595,387.36703790460996
234.58013066456826,226.3845590965207,391.6839625137894,683.5212292466165,284.1107160536521
239.0604396904735,132.1540264004121,455.95019677872057,532.5399763527138,352.56031199865123
221.56965658051942,185.87857151774654,501.75832223435145,761.566172878157,358.1760894267175
214.08559700691512,184.81406078384668,476.11915538225975,363.125492317923,393.23293807726003
256.2139175312306,178.1496123090246,478.7506117726852,531.2609657907708,415.8029573316273
183.95663955114472,123.91072141461042,391.2871902870211,432.0652504534426,335.7013763514924
210.32746124225494,136.94626508289403,428.1685007501623,462.3350973847762,353.7971634007624
211.74215737151448,140.13179183695252,454.3936255904782,505.46932544771835,346.78461223406885
207.20863078307096,108.46609498927913,402.7556859886483,558.5719562919903,379.22648956977844
231.2977947907847,154.93212899555414,455.6055797028354,440.96266549606975,389.1197435274648
226.47415850391553,159.37421421772837,386.20309610567375,542.2081947541084,344.02622391294824
163.72804485044782,195.5137238343232,389.75726827349695,440.295483536545,330.578425412405
267.78221499498005,143.2007616088073,453.1061383820627,618.7594726556512,351.268139415472
206.70314329167317,156.70645793340412,471.99388673661883,556.6081438029511,424.95094187946427
231.37901399010553,145.9592098018343,417.2341221448961,523.113158639727,368.9212216786013
185.73220207786082,133.94825977318058,381.2791629018798,460.7530077427941,303.29345070975006
209.25171049841862,176.84306661558765,476.880027026487,730.7306535762683,311.6991060521989
261.42497151125343,120.18693060280118,477.20057642997944,340.29853149914993,416.05966278566933
255.45918326687146,153.6794609305904,438.48456241804803,455.6295000731733,340.0730200752178
198.12781023275085,163.61230898859463,422.8512211719457,580.762726685624,328.740707996607
197.49181460726223,142.88298492621612,432.3905646595992,497.81139080113877,313.00307761785126
164.25943975234043,205.1343721199249,415.7662176343237,425.01271068180284,314.4686616663903
252.38472366665354,113.95683460070204,417.22143942688905,554.4057328666155,350.93002288956785
149.31711859989665,141.29877954817152,403.2261354905893,443.6171055146284,342.04023509573983
162.71519014369494,123.61598969398665,427.05671929926353,393.1832476908106,367.34675953505973
242.73061628503814,138.56681793046394,446.1535450288733,479.00282404180166,384.41635918336243
195.70399847709598,138.71692044237295,470.5555972690721,376.8100769449414,383.1414010115824
235.8071855096668,96.99170338025226,400.480429919772,359.2472498660433,296.82501718807623
174.6369619359917,96.61651849660112,389.47324032523636,414.2998495864331,378.0616038733984
167.79223550068775,183.61516516656255,393.6949218984801,574.5865258621861,305.2664356169442
202.62198485098682,146.9763098347192,435.1543009443244,518.8969437401619,344.5032089071571
247.79721978344315,199.38366802749667,478.3350246913063,819.4693191508451,424.8583745467334
228.79132779087547,168.86669675521836,469.4327537842592,707.5587508460944,337.1689706590086
197.78467005742382,142.75480308788795,447.3097150090308,572.4793422186806,323.5895114862479
249.47691969714495,217.5257270066757,544.047977370995,642.1800886757055,355.0228325045399
224.08535210894797,100.53141028241228,383.89263627504255,572.5019789864568,307.63873263764384
214.53814159950898,114.22698416880313,419.6108342874186,387.5910094923219,383.74571486163836
224.10887654110144,197.16316693786723,471.8544207636438,540.4489880505554,371.576092872412
191.10696047630947,127.66334529473578,450.46543085327716,354.6556906834428,298.2725217913721
232.90526257061063,161.39735812478287,456.29906883964316,594.3275900368789,381.51690909665
205.87394657040795,124.0661926594817,352.60820982563575,448.9395502450844,376.58493096754415
194.23755660335377,146.17767510895334,413.9326979774215,395.99558161262075,290.21167345247983
245.17555935366215,178.99869490242395,512.954660295038,549.9873021353317,414.81105523336436
216.32852287867806,119.96809320521588,450.5979714050222,721.3843481883292,347.1090568342159
226.85137380520518,157.55950051872298,430.3125600021936,508.45205645428763,330.10345048239355
259.3059696451708,198.75819983355632,395.2834579355783,593.4128637813179,304.2123243690753
195.36059348224313,135.46581282951786,357.6496624377586,355.88377265292115,327.6049734972508
168.6093326473079,95.4470344321858,440.1729761528135,415.62978789368384,343.1379407700876
256.8086868628996,151.32553260239033,381.0565895324288,480.1396865883451,308.07711110042135
175.59039956458693,140.65841420607435,345.0579185105363,513.9490771248031,336.1342585184027
207.91728620530898,117.39625584299652,449.4369781734235,493.5182608757116,354.47661830104147
216.36622588131766,154.49381402544194,441.8627736383192,532.282065042449,343.03541239358066
154.9809708616303,128.7838444792177,335.1884410472582,649.9366931729821,315.9904079520796
227.45310212708299,145.96311518799814,410.35886921608454,657.1016718894333,356.0766071002227
226.73505075209408,177.6111834685738,433.0480294740982,669.4039193572863,354.8051024765582
206.02186782222205,166.64933841467126,408.58537134251145,515.2152488737696,357.93576073296015
200.32009182327417,171.08719529137792,487.7673955013061,497.7904916896687,289.7088306561755
249.00789204579465,173.82108319702832,486.3064755340648,612.7815800015694,322.9379836569555
225.36392677578485,129.49895795194337,465.85267358549544,572.1564370900987,312.24633732784065
226.27896733224355,163.52076039428897,479.1966097783723,500.7552912688032,359.36703505347157
173.60797099485526,202.07152578860465,488.30392046939403,706.749193496207,410.326649705028
213.194482812562,172.0924515380131,484.1043698754691,577.3957640096887,349.6702247436199
241.69666942884308,116.0979783960194,432.88502383137563,607.1410977794442,422.4758898524242
215.91875434647656,116.42681824898446,396.2283561903189,547.8676091728819,299.23981463634055
227.72973900225867,164.5207638727123,500.6052514215489,636.9575091275791,327.23568883358257
209.1252588907227,163.44365777934345,446.8744604066687,539.2150989489102,342.8808879752605
227.22714331111752,124.16181319247342,416.5972221298927,620.8078642344598,355.62593672022075
256.59652580503274,158.6398902274911,355.9737870612918,621.9742810612399,346.38185520154184
227.52940383509062,125.26232255576419,428.08703219202505,784.9517593271311,376.55605056461764
202.77658637268863,182.84043524216412,470.2532127785614,603.6698287614098,339.2901632518221
172.58321901487784,126.08240758284967,361.81162284009827,545.7317242683843,287.3760257628287
217.10464506958846,180.1476617721517,525.9067410196014,764.0319177213429,399.0796062746684
210.98298633086486,154.4545056720421,421.3967495701148,472.1489257170788,385.5842372215725
208.15979328571024,165.42883687885092,331.4661179268601,540.7267619716632,293.14832045177366
230.21311969690277,201.9317560567069,461.82484310115024,672.0762076122164,421.36964158739227
185.16919858306744,172.24382493141303,471.25548998345226,662.7359458421548,423.2534866946887
225.0310569099595,134.60696767807704,440.4639432483309,553.5049078577314,407.6451404537358
220.06617633169495,105.26922560026594,335.7022739668719,336.9638983118918,353.3924209686245
174.81771421251833,174.0460434843547,398.273999871267,646.3087302865905,329.84237881272867
170.10477504374066,148.71854063679217,508.24943118213713,766.804618117882,328.33141177949625
218.65320188265818,177.4905217427728,450.98002907680234,548.4469089229833,322.4933774382327
186.51477541804508,163.76787034482766,419.2749305417651,440.376910377248,343.52432333762243
215.8382116419306,138.344311351335,395.07748730852325,700.2458547565932,373.5990876592262
188.20492701680814,139.8491011983503,405.4354910641646,693.7627209722019,336.93571940934606
211.2446021046519,107.66867676338956,479.45045291335487,641.149435523094,373.13740059939346
206.5617388183804,115.92154686956106,406.9517120800624,367.24827185089055,325.32814146271807
197.55606097140057,143.11757779819334,440.41489361174115,587.0033322362221,355.2919604672263
216.43229112946761,169.23143444924608,485.5948919802531,570.3150398225655,303.1361958691033
222.77775946430975,157.03715895712293,497.96038827263806,739.9420006143181,371.07942507550376
178.55851625745495,167.38946742319055,372.34914720972404,532.4102371215455,300.4682914782988
199.2365858552452,169.05661057894713,463.94288025981774,583.6985122935054,342.1931745300845
201.14871965295498,154.01052687615552,388.88971545290633,385.6284606224353,342.9428110866098
230.90072384820508,217.37099537025594,466.723611352573,689.1320844423,378.509574950718
212.88330582442595,146.3510069920551,367.5455186773458,505.0628351432539,329.5006095680521
201.0539399682447,128.19694544215247,352.61400302315116,730.1952765192981,411.21941021295964
199.1543035549418,155.337760408703,471.4748481244915,723.6325476294895,323.2209870191772
204.74002262862984,149.6928078731274,331.1800073163524,339.9039956404895,359.4693599321992
196.30912495367895,141.4270651987902,406.7035338638017,777.9683032684286,344.27319947135186
187.83308609075422,164.8347612085901,488.66262966062055,628.6141938469799,389.91120647927164
177.70468632151463,107.04648942478873,368.4948237048433,541.5755923065342,343.53845215470756
243.17874020287897,168.23702069063853,542.4921216032795,870.6535513570811,443.6258507244339
201.39284345898238,127.80490879766415,374.2662766998508,333.85856747300346,353.19790437075415
164.21325472305975,121.25213861493872,384.0817124427282,361.6502282071497,300.3243984811069
240.82793743272916,155.3077372271799,424.48752818046324,689.2119290914247,392.03003791759596
147.7798274864976,121.2073912718083,429.20105682773806,870.8735082600473,278.93764818522374
163.83184155319714,134.75090112525064,449.5866291692656,675.1736278030564,324.6957759852057
223.531641179973,156.30989128992584,399.66964211885403,388.8001701426047,304.69561224705865
226.33146463552123,121.67959050484343,415.07848563859864,449.376216948077,335.42066142798166
211.5777390983147,162.0825908324917,421.1801425286552,750.4626774792271,308.5661289551883
205.16869805031826,163.88429892990808,480.20173190147904,710.889275165647,428.51614512415784
170.3073776736118,110.90469402109538,341.6992827003999,748.7425387056628,271.73874604037155
217.3467483820484,150.5932039149529,370.44763077984993,573.6553874514801,318.1272702497064
208.35093276025034,133.15630230757375,494.289593870002,456.79882737062536,305.0509621309348
237.0123785708456,187.4745914127233,491.40173150718664,606.2726789070018,380.30537062073034
212.74740973435877,120.14348375656152,430.4628789630177,598.9390081340795,404.07041967400767
219.2311424543365,172.27196528013644,472.1401927145436,659.3769876546943,380.7224913458284
202.5297861537768,120.84725826318301,356.82031141369384,360.46062521078875,349.0796163014759
192.50180963126033,143.91385816150765,482.7960722537362,433.84116300782637,364.3375442643525
232.57373142144,188.2745313382504,513.3456915693187,652.2635853564958,346.87538620101
233.08782189361358,202.41826707204598,490.88356202456805,821.0644362445887,332.4522515582296
214.26236200754323,128.9463608723987,420.20827156877124,502.51540032116924,354.8504318811622
183.03003011112116,120.82912596973902,417.97146666330485,637.8272057997448,300.3613093875371
256.3957800571251,149.208817338114,365.7762031428664,794.6574524972573,286.11304173725904
188.9720110890781,137.76076018596834,427.85836437707854,673.862017213695,300.60705667992096
208.39107878633993,177.22329834673525,429.6111676402101,567.6386488355033,284.5429868516952
210.302730926421,127.941071605251,428.23818609130603,520.5315913137204,368.7692400375022
223.17573909598164,144.5638889158942,399.35755995443253,444.33518926171445,368.92235980393076
210.06014405971806,179.38816939206671,405.96717770900386,477.36205666584357,339.7217050736906
214.83795476626676,95.67918767021894,413.77183094857156,504.98105051304805,366.0145887049984
183.49191376143918,177.5214257563464,371.75010162331733,383.60740000380787,287.4686100107335
157.0970187112506,154.4530164039004,422.9053871606559,402.0231380701652,322.3664612350013
167.8616927001552,121.38309883215825,396.88463498590227,404.2231317177271,265.560008834821
179.503890740789,218.30387741564783,537.1863549749941,520.4014436665175,433.1970274124032
199.68250243229622,141.85979364241223,418.3281962806635,497.308993303073,310.3005090700404
224.8027047610836,95.760270549778,440.2319866428616,361.16825707649843,297.70476485067377
198.42469649559285,200.4563689307567,460.4148013117848,817.0644289443973,345.7145371914916
197.3101412809642,145.4541038933658,422.5768245842573,571.9841221604564,346.984784867756
211.9513780050803,102.05987317979644,380.0249896541116,357.6366829936097,324.23517758924123
209.87775796459601,186.94767974876672,379.3195498155305,352.8718404919935,432.3148792354282
236.85981347037446,194.76749176514375,426.7381790418866,477.76036020326353,363.922732922262
179.88188965856608,123.92611938054503,332.64118012737663,416.57405697093515,381.8764870913636
154.1181102791609,165.93068418423624,402.16064701595934,442.2079803417424,338.9503765459788
234.93615624250012,224.69028837316046,539.6767873737311,672.4954116782924,439.66435315522205
202.2109439364487,129.65165777604886,403.550969062043,640.293618834931,365.43393404046407
171.25660874678914,139.9878227721402,368.786936332216,360.9205850006763,310.26223934630303
203.4589428512588,193.96663532200574,434.5884794906174,726.2668146754288,334.55606664054034
230.2580088559247,183.24623875638974,364.28115158880763,466.55594671213925,355.5475387593245
193.98734721328265,181.19038125891922,441.8534621349826,607.2729265976191,354.8579991970117
187.6837766331935,130.33691060164256,379.86654116256057,538.4712632732532,359.76231878457696
184.3289012213252,128.2297502427249,358.67104402734697,420.92671951146764,347.10313744784673
203.91833691987136,135.3784285828477,368.1432381273715,475.3764028893963,293.18751575489046
153.9900867533324,130.4584206100595,461.2831255131054,451.3894655088053,353.50108605101815
226.3870362517331,187.06750213954624,509.74654949120634,804.1769854227932,408.116390162682
241.9385673203008,152.73852860356382,438.52272662636676,556.7820720253693,357.77429449001113
229.91738686983973,162.28352340749666,418.5590777191559,497.87991360129297,384.6650372931452
224.40560043514827,175.76809658054566,409.7508159419795,613.1784522918689,358.848721584854
244.53206076792256,141.80811533390641,490.1653431812903,707.3825498831121,425.93978207750945
185.06889506820062,118.18888513509157,415.9944025286728,669.9513542130574,356.86743314675374
231.53895635438968,142.87436304942875,484.109542557448,628.6940184688781,369.9617359168282
180.91022208617053,109.6541211382267,444.16178837625085,611.2180411835077,353.10207942917776
186.9625874939758,155.37684414289993,434.48307582817,686.8292332741435,408.6730279679804
218.8993624794365,138.13808045835495,510.9502944491202,607.2139367180599,371.6012416498323
244.03928094643723,210.57720336073797,486.2187632960604,681.0937754200152,413.14471517029904
239.74733981922063,204.1594985198346,411.3659026655548,422.2431497063521,333.3009352702219
213.5346151693253,122.14878405380094,447.8451386401249,576.4952327128977,351.88156407155526
183.61737439385428,153.6751931138184,444.1606716381781,680.9503255964813,339.7751912601977
212.7513621344289,212.38246564176956,481.8464413612119,776.0656476996331,409.1029702545403
236.29976149339151,176.90738871189978,516.020264721905,504.4173625136113,358.8842664984237
172.40249958301217,115.9332938247436,513.7969060754579,508.294382171099,391.844578868073
232.83022405533973,149.70400698528164,434.95174385241756,600.18534865246,338.28785799996894
243.13395124989836,126.88572324549423,448.30432870270886,604.7093136096765,394.2908161145257
172.3829944559274,117.02428120391104,378.78756841067445,508.8923343455387,368.02552711628215
233.17650853716603,126.34016980433427,427.7624675824348,569.0658398697246,324.94775297624045
216.1469478356735,139.92107585947684,439.10320263856573,601.9441903482626,341.0486051047283
207.70538916645066,172.88307285574277,397.76421574888724,555.5170359109703,345.32322457105045
202.34670785341655,166.74876587322328,336.4950694646935,625.4288726737838,267.938456794202
228.735842788758,131.80066308000335,411.63435361457914,654.7316359251447,356.3174298657841
183.69347227368675,134.39441703032665,393.41369125243045,553.400236333502,301.5499338947246
172.97830477735909,166.88297905425833,388.8876851209712,557.8469761934596,318.70999498380627
215.07496286815865,155.07987028565063,497.61490980274726,738.0847761819219,315.1840606725389
217.7060528352647,111.94090018191885,425.4344056795318,751.3946738550696,368.1659860098369
212.80833109352804,129.1773499631074,347.01274292489484,334.03733528533803,295.48826874780394
194.48734722868406,179.09559677854924,434.955683910672,630.4504631472117,408.8291233461157
161.27157956703041,94.72375871383167,328.4891648158099,336.4116885000069,261.801564271452
200.3134925861043,105.08841921016426,391.0117235789532,378.191091079819,354.9725923351073
157.96844057769098,124.02700005610959,490.6774924779068,362.94398677701145,339.2194874817692
205.53514167136925,135.12652510354246,456.2117859301036,425.16018599358756,315.9927652172455
208.7577825399119,159.81079398327495,439.3115474113453,543.6372478842306,350.34143401064836
148.06767935279888,114.48868514130417,381.9954484393681,342.5483202826777,288.55495029979085
209.4707862022295,142.9318288759629,450.7400386575688,657.767880684052,385.92243317246
251.6988446574686,221.07303622070867,516.1587950445808,874.7083386330299,419.347359117479
185.07259362072796,159.19734996945724,427.7266307332314,463.39865641383955,319.48256896846084
206.35196284659486,138.2818500891007,448.149293528336,487.24891943582674,387.3604953815621
212.00708940307487,130.25744499980723,415.8646375470754,542.961403352742,409.9441168841118
209.78234161249853,141.35654556318903,403.93235104037706,558.8573643630335,296.4589775680203
198.77573790898222,171.61258799045322,398.025138171484,448.2486980716387,284.8523882307547
205.44723751023287,137.87412520223828,378.8161126334553,612.2682001937818,380.9545012763151
194.05097230485194,163.49269365350784,413.22318313844744,526.8081858332173,310.91813988050603
197.8864682894938,175.92170716699584,464.49191504703856,578.3943273209765,388.25025672383083
167.35853611100256,95.39747314309825,348.9251904512275,433.7231093824433,263.2023301867918
227.72631852947336,120.18146674711615,406.18315999006273,506.53611705258436,353.6615636039823
199.01012490989154,177.95442070063763,484.5765712596685,585.5002766400322,342.8084394572929
204.73925302099036,156.25681469042223,446.5539107756844,690.7685220058565,401.19097118116343
201.4279503476905,141.94919394306953,423.155475763999,456.15566599258983,368.62915624056126
197.65419678535076,99.52398089948578,366.36031648818397,773.7374037939392,285.3249149694519
243.85939064092787,173.38681038476153,498.3495302677846,507.5123539132935,365.5608809092656
152.63580612691837,102.4267459348566,373.0677891395042,370.69637769581567,321.0717085706666
221.79420644074668,195.28928910303364,523.8536258646511,776.4461430469089,386.82191149801275
188.55384585782195,126.1724283357683,493.0996096638684,576.0649991709587,332.9805867812737
264.8765200458453,95.80829450053176,404.66658129386025,342.2423198103959,335.8047892151535
225.47411261270213,143.2254465821675,498.34034733093705,547.4561005911829,371.5550270493781
207.94539919572813,167.08380281482704,425.86299997395093,467.7456434555708,311.96203790663304
239.7287301747072,98.39266292698795,508.0444582116955,574.2735925629133,362.4658904426004
168.76683303739503,162.96488405806795,403.2548130262839,496.8360620830326,330.08398431058015
193.31802712295487,148.1191872582243,437.87735091714603,504.4193112526339,357.40195676420365
252.8309758346354,180.25338320841846,436.2385573207162,573.2676221017815,386.66272994388567
235.26847545055134,148.35540702539723,407.3661133334499,366.4162245243656,360.3714751156202
200.9115663453004,145.52493785521605,431.5527693567026,483.8591676375946,338.6866179819296
239.0894863920831,162.19877314968306,467.5901577900878,729.6471500281573,345.39249474928334
209.72192100297545,150.98253284967174,463.46010935967666,627.3204982538704,385.0282894944082
222.1748815404107,216.56085477410016,522.2919938013423,854.2213309801429,402.4951820320086
204.76742652974502,131.21179167025252,395.2673237519679,647.7104931486839,339.78862555427503
224.64367399634017,117.7886923315508,500.78649685912256,595.3940187363064,372.1818071866222
184.86795581636022,147.6631871245625,394.3674025804925,488.0570694912389,335.4180243318784
158.11930148652817,158.15173569447467,441.29222778737005,485.5644933785879,295.48359806206474
252.6193073910298,179.762131097378,424.6681551961169,677.5489231257584,382.8473472746588
201.48234816741729,172.939958028729,430.1131138880256,692.8883969204857,366.6178628191582
250.97225745485667,207.75213983705848,394.0574847270599,601.0915340697885,363.4711751762191
212.92971554789247,155.1009086541963,416.26036651545,550.5071753626286,360.1478277412265
165.31921828253328,149.2157269823189,393.26443961021863,512.5336700332412,338.7449965375433
194.26446676828002,124.08699589768598,364.7274708562215,498.20361177102257,295.8921987705874
193.26952264488816,131.54496924229528,420.6150432731334,508.3032024000552,389.2559548959738
225.12671514969804,155.40030067247181,459.72429821085944,578.7844402550876,317.07407495643287
259.08916338256654,148.70761528301912,441.42102012422725,476.9926544592873,372.3643502865628
184.21555110431174,166.64551648504855,390.36190826454373,496.8461946583281,347.05406974720347
208.48549452243495,138.14326311817712,397.23014862923554,490.62461298951126,348.7382427593288
246.22991488002913,108.78304031386081,379.5471477590776,672.1410202778318,347.6788792434595
220.67312807319874,128.39971603729046,445.75313153137614,430.51285494714296,365.4635183449244
195.1483720451006,170.5607084010653,439.8934395977069,678.8218090885783,351.1313817795104
261.12301430379546,153.48197580802875,520.0168740941839,674.5379795427806,384.98654028456093
213.55217764021867,148.07282041224735,455.3678628650244,403.9835578801962,397.6895806707881
174.06605172466058,133.46540214800456,415.2801239069507,589.8472371000364,332.8482534277398
188.19951306580484,164.30898296057643,474.4822483846886,393.61439407136197,291.5767499613722
235.41506422144423,178.05033221190862,441.81501649418294,499.09153749381835,334.1916473228528
203.0230837308713,179.70338275172332,420.1053146334341,717.578021798736,371.83802680242997
212.85917441628703,173.13234818263686,543.0579708213462,810.8352024839451,324.9956127647571
158.45832149928012,115.99383594285659,351.4665403730036,462.1720113756804,325.61801160972857
182.9318652207757,142.39429461402852,422.8132144295865,635.5804289402637,348.45554570876595
227.1222018107081,107.20433201230769,355.9318286763225,363.18836179808505,289.44257692393523
211.25440060284188,103.53213872764715,411.79569978016815,584.7774354260359,334.79941687559557
163.75741360630798,113.97549014495111,407.2263426538938,380.73404889612567,311.1373471831467
181.12974244161933,98.4940296102572,362.7892028473752,489.9889388689042,288.62565483250313
241.522136090073,192.74777191363526,449.940188065555,859.9356966312604,410.0532155120246
197.67271792798908,168.16090929144377,411.5949974157441,753.717683901168,356.7321751938526
249.3645553932406,181.16830767843047,428.68526814406835,664.4642465558273,372.1607939625475
222.7940450423055,160.07656552788114,385.3090211293571,514.0938729777831,406.4813963239542
196.80693666949244,161.18625006223277,423.4034228484927,775.891676078989,335.45632269828087
193.93353765731987,160.80871533286637,443.3238522890322,616.3911169300368,323.88836857917113
225.70039818806168,115.83327494139421,427.6112068127704,557.56495900133,333.0829670105654
248.72518178592716,160.70292180008576,455.7592049453891,677.5682338786579,374.7632479366418
210.48855816728695,123.86671807218099,407.3271177277687,572.1096557460836,338.1804526336335
247.0590998642456,207.13176092788805,497.729938202709,687.2403070682682,444.4291566801252
238.43604446481768,203.14661464324953,526.0516266615476,798.8503799236063,418.88052408949954
275.117287730321,211.2367113810517,546.0924115701843,644.6970984072502,347.9532008079596
225.5726053176558,166.83087797536797,440.1309078747983,615.9218622418745,342.8522149745331
209.25237654964667,213.70802022315848,412.7361797778373,397.14035769142635,302.9878861280047
203.89926549245882,115.0737226412847,414.53962043382535,357.84114204101115,316.4345242117305
219.4085020820946,144.34719159172673,430.89268790441685,562.3435878724981,351.2664257623854
189.88319724650785,144.23063717193816,363.36859038994623,376.3260588294334,288.27594024131184
184.0863533408616,136.55585927916954,395.7790416946532,637.4559952085732,334.7041068302804
195.28104416484103,145.4451904834049,419.4190000176527,527.2527330490071,309.990389451012
172.26469757204555,139.1619561081911,384.89242987491315,611.2758050636845,327.089710811844
178.59861651101693,158.31523555606736,456.9221583910252,473.3368050522547,329.0029884365198
213.3491349309327,147.8668988424547,406.99650923391334,369.8715653931344,326.89168937240515
247.6922316467415,181.62189472530895,430.3220473544607,601.176080603226,389.76793378804507
174.74406509073145,150.7754467610134,371.08523026653734,470.71349452324756,319.09122816943335
239.16342256632154,181.49196731351157,478.29112151284113,768.3653805027304,385.1600320927468
184.72124931266924,149.58054081545473,387.00703672257,480.2520886606974,320.8561772882364
202.0197518275078,125.11407970561139,435.41665061593733,436.53718529529317,337.9593937953734
162.37028790714882,149.0965729768236,359.4805901246306,377.4887445219647,289.37823944904227
150.21705209639168,115.11189946830345,361.3623726540123,397.89394486220186,360.364317261128
254.45348953689995,213.51736387127747,408.2093270239369,700.1488662338836,335.3790116906224
178.01110533847125,164.46937527319542,498.69072440576474,533.0398171972015,384.0395793224901
178.6410588501656,130.13488998251398,401.23042227091213,555.0737597575496,324.022244995142
204.50609740306777,114.90217925859383,422.2351372131945,493.1388594006904,351.1913762441815
200.4791671441138,144.1276299351874,403.3749206301601,482.06319689026276,338.56310320048124
210.04435741295873,126.47321677732242,449.4461063284836,392.55668758620226,332.334557663888
166.96489736816358,160.81149736356554,388.72911316910756,558.5933237815049,396.221499700079
227.1284886509268,179.18969336703162,441.5376888336792,703.252068641385,396.9119659752698
203.0562370922845,168.33795976986545,481.03963736210557,523.9140129066745,368.3357467911144
181.7706451878477,113.71858153084682,332.8712056473411,665.2908727849493,307.81577754896637
243.7069118934038,175.79965231887257,518.8812037168527,497.7508592713749,342.67065704691953
195.7524496136103,98.53549864902547,378.87596527555837,541.1329036212396,364.4259042091887
242.67347740374984,159.6737163084851,425.0980850179314,617.0317163623891,343.85314363881946
198.69274481613354,94.64462805467076,329.38185542450105,339.7863361666197,298.028793527924
225.30082251960357,173.5737710360023,494.2903675557258,719.5203659780427,309.8962960437283
156.09496805798807,151.14724970450192,498.25030693945445,508.1724787953217,368.88677624462883
188.31163978186564,112.03889872868227,444.9283213473255,720.6642353561385,331.11162381751063
243.45240746254714,169.6293376714468,398.1058274669599,661.4928407070989,332.3177447534277
224.5681249585142,150.02340151150705,393.06676378731106,576.0918645791833,355.1510408257645
209.7556018454191,144.15658419846054,427.2305174939422,538.7433074965945,313.0925451867988
227.22089170737993,143.97429204952178,402.7045174330091,490.378677033536,312.23389224095195
201.33561387016672,126.83369995711786,352.20785369359044,519.331912372271,342.1436978000351
200.68392510725224,160.38533963284218,409.59126521363424,570.7292890372199,339.9033064496298
184.53106832120218,156.92429507139013,398.8531694639844,541.9116999169074,365.1889050836297
206.29053256322254,112.28518414935357,414.2508632906622,522.3340674729268,349.94208748725123
149.66245991513378,155.1455447330903,390.56767891706926,464.3486405144866,279.9260520452559
210.95482979854793,127.03880030940833,527.1214548254616,421.82426203326435,311.0191197164185
273.6189598721257,226.6104285604852,546.3044394487737,875.6437939286353,295.49787817902154
273.76357857861126,192.56380002072598,540.8629953444483,712.5969296975921,395.8091028269822
153.94640565380698,141.46607387901548,378.3878948084502,450.0105933574449,301.05180684940456
204.11078124720134,189.11984711504795,337.8449372283067,529.9955481199903,274.35142574208726
209.07221242420255,178.24267372479872,446.97957399621833,599.7844731664809,426.2821505770943
199.67453405030093,152.9202366974833,410.1341914073501,416.4314406654718,333.04028090940926
167.21098448375716,101.394267657252,353.9107562923678,692.1846005057309,319.35020510447595
229.46202262649194,140.14701190572993,437.8460096832313,488.6926313445098,358.6707518793221
198.04457657538754,112.24699533643236,480.79672886145215,509.9951721745337,370.96352525103896
190.6136095803509,143.49615983181428,399.4665867793582,513.0838979339701,316.8965953897328
211.05615610762365,177.62294033425263,429.55224158523407,627.7253603259202,339.85266543335257
229.16779922595882,158.96125887344155,422.6817632223811,499.04597802088597,345.1984121846296
221.75885412905828,155.86419244402387,492.3248020922848,679.3882882040152,395.09152544281534
196.57032471217315,128.80953330678815,429.8565132702169,504.01241608245965,359.80105390861934
164.6027903565946,168.68883416556523,412.7607615810032,359.4598036476706,354.29825214846454
246.1040971074989,193.70057330149365,492.60763983643926,644.2391482109767,344.3266869032443
187.24729507919437,143.0846416815361,438.89343177825475,557.1150932769674,317.6342601699832
213.2670221782724,126.12143366652438,437.25275806324197,701.850828274143,325.9977026233277
257.79976569206656,185.06534147583386,525.4960466509435,483.8205242046476,389.76891893204544
242.17630951195335,198.33553001192493,464.7236381551541,624.5043836235538,346.8212492625107
224.23069290353425,170.20994020395923,434.0771382365657,848.7699937076133,352.6660131965954
227.53107026614694,208.09733471817606,460.99255667166034,372.09312741054947,264.8009765252984
265.4137538477963,164.81783136844064,478.64847155885155,553.1937407871936,428.8882696156624
226.72584526115435,152.54666788934318,505.44595082570174,837.4442521750154,423.88771191110493
200.91317250550472,102.40724942435979,458.51133042664196,596.7870508250893,362.3009496407526
208.64341978232687,135.5993262447448,440.0872043844534,480.60493257693724,377.9565342975709
201.00050887928376,187.80510911628036,440.7399284266309,539.7648166601848,359.2477308202383
222.12303269252314,142.4476470293092,411.2050476670012,399.54559694550255,383.5818483932149
235.85943121019042,122.03370969764613,421.1027416858496,682.2461814282834,311.67859539165767
156.33259222407355,144.47152677487423,411.9750945414186,367.75507484765217,289.77808216955515
236.7785906048443,163.78160866281283,419.64064776750246,615.6578531166906,389.11761223027065
239.01641214917012,143.92261968543175,425.1731507638989,777.7397542654846,279.25437339962565
238.48878815600276,129.00848100399503,365.6499654696711,581.0352268368458,337.7165386844817
237.65636299667332,208.2892218205016,540.7057821778476,704.5111025057644,358.90860947108627
253.9846322103294,100.81443763570991,398.9004078555874,743.2587417619625,278.53200641462274
252.64442293512198,190.36752779455452,476.4943158395121,610.3522538840726,400.6926329537155
191.48551869263716,145.68813016167195,406.1616098618201,497.45091264842284,334.29663378492154
166.79185048710923,110.95679071089803,403.43826834469456,587.6646264136318,281.13254679166454
205.1107054721725,150.49507180597772,397.36428802572607,707.5903374001348,334.3542551645723
196.9940009876967,99.96680387163909,371.8703800894581,345.99734751973756,370.52723057639554
219.85568371889894,126.1646224540823,365.1870016893183,519.5048435685919,332.8021151598026
228.23691188555233,178.80114978145505,446.79946187658436,497.2528634847915,351.47135704160786
226.57790851198163,98.6367621361028,327.39148147597547,329.40298042874537,266.65600778944065
164.0633768937821,159.5876394746267,384.9705765913128,629.9501341506832,381.7520459328105
186.92553581856984,165.75370872381288,408.76880232882354,512.8582377545582,328.99140904556634
215.7182859034813,138.0434034720307,449.0534147050606,643.4063074984736,354.3062801650634
205.1644304705898,224.20785429211617,470.7604577399984,753.1075301874074,355.9723965720045
185.4546426229772,104.10236624966251,338.78014642971254,659.3892909097467,272.4932552701251
161.01020909995466,133.81824466663315,350.166912694648,431.7266998397916,321.78182500720754
190.3686542611546,178.2280348848571,426.27310761177495,557.1418942973785,355.95989245331316
203.41791042812423,99.37765279770802,331.1406269438308,545.5212769164906,349.61657140369437
213.33741563450434,163.71229303093446,421.5859963337198,537.6466327609296,357.34648577252824
189.89114507977615,145.61363244416447,394.6477873175582,452.2087522938732,277.985449608513
183.6474308025811,158.64153360748682,441.34440141448067,387.204725358502,348.60830618921426
193.9716487957937,150.85715086602045,385.97631770124343,508.8921512510032,335.6260844351794
207.72559580023844,157.61660156682382,436.6141483047569,662.3095097318255,359.0332802256508
177.22974305275483,184.75610678789198,453.8451930384564,573.6109676435818,298.9136255210018
241.68194920935335,116.41079733075054,460.55209683789616,578.6071325064313,344.40576854269244
256.0502146470486,128.02908236215646,465.5401189295592,840.2857988845099,412.33830885777104
227.89376712526513,200.45754675563458,440.897887799411,418.88137819380177,322.1666717921174
181.04043562189707,141.36013550386548,381.84511296752964,359.1527887335482,271.2107470670995
213.76908929691672,182.596039072839,477.7602960720026,609.4245750599953,366.82411427892663
196.70324983984437,124.79424972425856,384.8053080444487,433.6343469873311,347.27550733145563
184.4985169464523,137.34236248748107,460.2395002564198,433.45814073785493,316.604287535206
197.91068781648463,176.38914839472184,426.01174958451526,613.9576814684816,298.3699258373498
178.05559235973172,171.1329822721305,522.7017604364497,591.0421513556099,427.5633792918128
153.39300052447288,121.62134509541096,427.6284518924281,509.95174148041036,418.7510927529668
188.122128872682,142.45540530312857,364.32472213385125,383.74306573357075,263.30183840140154
171.73316824405794,153.16991618659262,364.0285092148126,480.99628171413485,345.2764438248548
218.1389747244482,141.4243685921125,492.30045348087725,623.4870520316157,374.7826451649819
186.93342532785655,128.95218063661775,354.5129777823141,568.1841327850667,357.8067095307999
220.57800888219117,119.87185164969044,402.0744527552381,381.91935993448914,289.8853354903962
194.04733436077623,117.01752632642426,457.7908712531618,546.0032559657735,342.97479122915746
238.7399103466497,225.6461038245374,508.306137755495,826.4795131113518,347.25421243948335
195.20889415113112,184.77706965394992,437.3168149928448,622.4711665264507,368.81466707683546
195.08256925276746,123.95015343420785,434.6393724511198,406.4010842308922,367.0720677981621
270.15341543243807,139.5758130782206,493.0200106007656,601.912236593351,357.8775264847568
221.0554037070696,158.3028749740023,406.6231442670513,591.9495469998957,354.2879502548684
226.25145374336543,195.03511009746967,432.74256772116865,526.0597538398018,335.4356726629978
186.01494249489988,166.9331751139774,450.1190215088184,452.95198439405647,308.21016285127627
250.8333860937978,196.13372727668136,460.4288581059637,860.8014933244966,434.50831039529425
197.60014882619404,157.2235605605623,444.5258519116133,714.4010979601047,368.4597218225959
199.60896986313253,103.10458245549546,433.7128037728492,476.1080803994645,384.8208093791559
207.753595702226,143.55406226023186,445.304647297562,409.34677804518026,299.24632674260204
272.32759606452134,181.3794416501854,423.14022568427026,777.9027457201444,377.02080800668585
221.83407773719074,128.458780331158,396.39693400667886,491.2590957312753,364.4172679612452
182.82809225490473,149.22017918855602,485.87330563962126,452.94933443378045,340.9832613956663
198.34213427781683,112.73477532988166,378.39050132252095,439.32769684063277,345.53338882738694
188.22698043306016,169.61879223250975,438.2549634658178,617.1975501464206,360.54780883369017
251.7645507482048,181.01185026855177,445.32333821185034,476.4996414369309,442.5004194406232
208.45048043695186,129.86605331853485,471.0107060325769,636.6320640901948,407.02032853048826
175.02177167096312,116.2474727083969,409.9032087529145,648.7403737943496,344.20312191360614
252.0196972565229,204.03312148566866,481.22458745284223,827.0567677008183,407.54168111013763
179.7220096461573,96.20891104151517,361.38493736994,376.08535901706176,335.40519058219223
218.72560367977647,120.913936976927,353.23646736937286,676.2932697242871,439.9430988268718
184.74462794829884,116.48068074592271,419.1609836586728,426.79222765106493,264.64490719181987
191.59595054869322,107.86259546890065,379.4920653039838,540.7915211277024,361.9878375041334
246.19199255957025,167.7749453716675,483.96352892862814,573.1321580868597,376.7516595334048
201.97093984702184,111.64992399593855,419.20211787982385,541.9777056017984,274.16225781520296
216.93848726212855,134.88972097349114,372.92388903250077,654.8521913815556,326.9183555110091
165.2298297900089,139.38578205445378,407.3081529484342,437.2897350531422,279.04164499997137
150.49610603976572,101.28119423048985,446.13017717789484,564.3482377735286,333.723307141053
200.69416173696095,154.58782151992114,406.8009641642289,526.9689334059362,309.80094957880743
198.0498626358715,137.6702640516003,379.3073970002705,467.59096958792577,378.37953081370944
227.93600028056085,166.17983471221575,440.8366029531261,615.6810484701701,342.39932538860796
223.07964880265183,120.86447998699443,460.4960265451416,347.61004867626826,349.0589184862135
218.81542026904665,178.28564969324268,453.22083703442865,869.7266978094916,412.8519891986362
181.0113847768579,125.31464101860684,383.12059162993125,362.8185432436274,274.6841289774307
180.8591390598584,135.41387747229695,400.7757472846482,485.5639534549079,293.16862207332053
220.29535247593998,142.44233247567684,498.3456254516236,730.9284970993866,382.923127335501
232.47149405909695,151.90060345510722,421.6789735206094,562.7598949005263,412.5961114845103
198.8501661192729,167.78037731299733,478.4405752783522,747.916274725506,366.9925879886288
226.1817904897434,108.42206102435212,443.4551625143032,725.5849894539092,336.5076461461881
205.1386661556034,142.36475527449687,402.0230561137894,513.9945932468742,354.3151801231364
183.0804661308214,148.14500245765197,381.99683357176696,439.2771952431572,311.69554388315635
199.12862628260544,130.19186191162626,408.7196847915906,435.7483830607879,348.9617522218358
235.50523336673857,142.30087856357824,432.44839238958815,500.5836049198794,371.7161659057735
209.77492805868698,172.03301271165526,441.9775971639733,474.0692162513723,330.65316223359144
241.6016461675323,181.12932979386184,468.62635836850836,666.2850710542012,392.81431133940964
208.86951863260867,143.9275565670844,413.20456781916175,529.5338906765542,329.6690596401871
220.9243350646833,109.42963394219892,441.7471858778476,656.9480259893963,356.0206936279968
209.93647630473714,146.70320806422632,479.43140828635137,708.4191915919179,400.8666292400925
199.22297872229817,157.2458649362772,426.4113693278655,544.5430921174681,355.98098648721844
210.5309828000381,159.8112944067289,453.9518355578231,503.408952685308,333.38845762692796
216.48467380667034,161.0660764839892,529.7010622766697,739.7734479105084,363.15893601429343
202.74820617880943,122.9982363743349,440.27804392430824,738.3409630276277,415.70843039666715
199.03962180644075,132.44916889177887,370.9766685607524,529.7639469840498,357.83351506941744
200.65519564439236,176.95151836562698,467.4621714167778,495.2836151186655,313.6503285961026
224.5494747410428,143.09901173030264,373.9473060528704,612.0253888926517,340.799850514256
195.80573601291107,123.83344495210376,484.1769705095287,510.4955505219676,312.6362397150606
186.6473121121627,199.51143916439688,444.29765954590647,518.7158210526247,342.93268891597063
185.58013254820418,143.43420252104698,434.21887855120826,871.8261438514526,339.8908142886227
175.5456830894475,105.29611099794805,341.755626882741,436.9302464941794,266.5961074491712
215.65523449452695,155.16922627996206,438.3341372656621,500.06054234845743,372.186901698625
189.98455819997184,121.90832192472944,449.24416291433045,382.37880437858996,312.41632766708415
211.75260216932207,187.38566760716998,482.8323339056615,657.717241650169,405.77658732706817
178.512385882898,130.60352719885307,439.0640826687879,391.0940643890366,263.3011113407132
197.74722768568765,143.01288140101093,470.79103358031693,663.8851691376232,343.18452087954506
190.5806403202477,182.47520767266826,493.9506473220965,711.9154976118438,367.5227535311582
191.0089831708603,144.84999715339939,376.8974922750176,597.0022666985426,317.22672598616543
211.95179420171488,99.52146492949986,354.47092043592585,403.95851232639853,273.8392646751998
220.1683974533935,158.6680678859555,435.1350036590058,436.4026056717366,371.60997820375985
185.20333978185803,139.31649668100113,370.9003319717368,478.6681751429013,313.1081560659148
188.72468880936992,94.33430581628286,355.35809587445107,337.8454251141737,379.3944830414003
156.6282686489563,95.9550992203476,401.43979345218315,777.2705228731406,323.47489685802
181.01228886324856,128.48292469121222,452.8289420835787,731.4785837612716,367.7851203175835
220.37866298151587,133.35756874743922,397.7380804730939,557.3018932864836,393.2688491152495
164.23326979296777,148.65584057780552,452.2023006953224,588.5741844592002,372.6937674367754
248.09242714488119,162.96503810991064,521.1933930821604,540.9934549258381,342.01191840333536
269.7073108093265,141.88733414572923,354.9746844396009,333.39332057614564,341.47556841571736
183.10844747622005,180.79849807248934,470.968013322864,731.3479556691002,320.6951169621651
231.40803551624325,146.38093213555302,446.2071861499393,668.9154793941399,324.72558234677524
189.7063755649602,129.63513122697424,426.528627072904,590.630511429199,365.7037212010683
173.45911873370343,114.89585132298986,330.9741547167726,351.9851183427012,318.58805245494693
216.02803588988846,150.6905885293495,422.89549590330984,576.324908897444,354.80864456533266
217.77538057539914,181.49326568138173,434.26229204578624,706.0351531503965,354.52741119856785
259.9815193276863,132.46917514942524,431.1394461491393,334.4622256708088,418.1476425632473
215.87376738155683,141.53251853929513,440.8209202456022,520.3071319605037,340.92174649592135
241.468412450768,200.15488748317074,453.2684901437921,744.8017874437176,354.2973192125522
209.11862216002024,141.3349634764874,424.9334480606042,521.0205815124143,335.96555042438683
190.26507099469939,148.35091026610877,409.03699830946596,628.7598790642579,348.59637154719
187.29935510142766,135.6698603577954,378.79935962562627,358.24198166576394,388.3151869575897
247.8350853946167,129.52269857602002,379.5988769846116,468.5912403996711,325.5932888236236
209.27747936220752,136.81584422698063,408.1454246168137,488.51251223336476,350.96385498239243
177.5314448293854,133.31130328463405,400.4706175164493,563.8604215702027,334.03533764999736
207.28212837274006,113.41680278090143,345.3453060974541,507.646461638261,332.7777425137371
174.2012456786597,126.09187481892414,394.8901206773279,506.95594333409707,331.91660807554894
168.95086081736426,144.72753407095763,375.2354423785272,437.52077474623894,356.5561558959432
149.2332612449392,124.53370048274536,397.85217701170666,564.0084190804167,334.36110419281545
207.07506374111537,128.26674794701782,479.58663846709504,583.687626874118,353.8646787595852
176.8354140093342,141.96294029414204,425.9162536930686,701.50693033046,289.41127817842175
240.48869970517077,177.33000929927914,522.259021211418,633.5286944060689,343.4635314173062
214.6500252932171,158.35431714040953,452.67741035085874,634.2139558233458,382.9540797842388
221.76204573434845,148.96349330297684,425.3847271613017,443.7242425116053,382.1129651541885
201.17320084331973,98.15209169490858,342.8133555589374,549.016382565667,294.94225668170844
173.83328805115272,113.0443720017076,375.5796173111025,345.46778962251176,334.8442577135221
213.91816597026082,150.09993708921834,383.2661659307714,368.4618207027164,303.98658357284677
220.78126695035624,166.5336646549169,412.6526315451943,514.9859261568412,292.903927012865
195.279462995411,112.19615655339173,396.2799987413863,346.96006679581785,290.3797677277947
174.68090598156803,140.9063086902682,419.9518675498586,782.4955553088225,374.18411184750033
200.4696911432055,155.70859505241287,413.57049908443975,605.585176073205,355.29232457664745
183.37550864440888,148.51791802924924,402.5307082388281,604.691862897582,271.165738681285
220.125773804555,143.4378643709887,389.103689277961,501.826456217881,344.89856356596414
204.2654219880079,122.9019729061828,445.7989222405673,469.2489485578741,384.3688313808419
190.2299002502467,202.80364748419237,424.20956651043355,468.32975853132797,290.82571242268835
218.39487250974435,193.21968657363783,447.0829989790285,649.0946914209803,316.6841634290515
246.8798016152328,208.1495651223895,410.19143363708855,604.194897953441,318.5391233850343
162.0099726521651,125.42199764931276,416.7804359415122,421.52260039148274,274.5394798595764
255.3831855296619,112.08138766841753,385.30901713959537,602.6184674351961,305.4362337600136
212.40021747281412,154.75912458094507,427.89221910053163,717.1540818909821,339.7901338362902
241.3174123904203,152.2492074158615,447.7613768419452,689.3225573283614,370.07652732145203
168.83702894929584,112.78852513347853,334.19603634213314,335.71323014255785,354.1105556717418
206.85565145790815,199.509034450246,425.5083891678104,747.8652685464361,398.39290649352967
161.89548862720702,109.7332605881187,408.79346060483226,606.9595771946906,417.55497486519795
219.5828059461244,157.81362666867852,522.2735847893892,671.74763763997,379.0361772094755
166.62166152434634,123.38654796476528,456.1653273807373,393.6060275845971,291.5174350364962
195.66005839192982,182.6789207558727,453.84320799441497,491.5138634650119,429.5884737265616
174.40830759345445,133.21785752709732,397.1034341564401,471.7042739025701,340.7325994244287
216.57092240599997,208.97421748863556,467.9317533533832,587.7816246768328,312.4550904118099
228.0769114505082,127.00035694648156,447.58821805355484,583.0854498799044,312.61506936219024
201.72342390365708,129.32174778252264,432.60595471973545,342.5585695544412,270.78191803553244
216.5167411731393,132.5664291778132,416.4188238020896,525.8661841121179,318.91024205715007
177.55901445043932,131.82667051915507,446.8923809481203,548.8900197402551,352.12676971423036
229.30357503185112,179.65900901913474,390.8053892453182,716.6956040712777,413.1332446359835
200.1092985237323,161.63358799357624,382.70631405280244,557.2328518052801,331.36834554807615
217.20524238982006,154.76399247150704,419.6132876881586,604.0096718957644,362.46772109560345
182.8798930832401,148.9381746949719,442.1464823258807,581.5264144656297,356.7487140727867
188.96824764578562,124.84628708489784,355.36330279709534,571.4612287252345,277.2946871305183
212.30603658597477,132.30554042980123,467.11253516038545,376.0350333388672,372.43300938077647
237.68957282122688,139.43596206195636,430.5000481558342,681.7496721725367,344.2394528343309
210.89208311712434,146.346406328429,515.0750867791501,655.4200047357022,308.4737207901499
219.80233004806973,192.1788773564697,524.3058689669284,733.0602098604386,364.4981378985252
199.17208332075415,131.84859618579077,444.5792584255819,601.7147540243441,424.4278466057285
208.5575026714346,165.2072334531431,383.15622114531,646.7213486939819,331.7843191617858
208.53127772446837,222.54660568974305,412.70528124349755,847.0811452152894,290.0174713702262
205.17166130050376,149.74115443104455,423.7824483601825,698.8570823162906,317.540996167723
192.5054105331825,185.62316746929469,391.6038725004958,405.40221516642254,366.55855564587193
171.80665314973265,131.19500795363209,382.5650501493204,371.93687027899847,334.1242894046526
179.62537401318224,186.6272429997324,458.32417494897595,576.16167386227,401.57950009575353
201.40302994307405,161.06849097819372,465.53798316586006,685.1219221856257,352.84078496783906
192.7936779223523,131.3908074865012,424.4373657241074,668.37304049375,326.37231591685224
238.26999507913217,157.39887227559223,409.07738464125646,648.4775042256256,349.5351506531767
222.36743356426544,125.42250183398767,387.8008098500277,464.1124168579991,329.1878724287112
218.8375190241643,170.46248525458677,509.6939605078002,760.3343793834053,339.02185835115955
168.792811731559,101.62825955968059,426.9541071117701,486.54731570995614,322.73865383045114
248.51215001201348,148.20408578985212,405.76646310387787,742.6958746449911,347.02723249761476
182.10558644881047,157.73055487317953,435.10834870102025,606.2303974606637,329.00029106762923
207.99482016446782,124.61402424425481,366.2097111788607,507.04900615809544,303.2215183926323
241.09923164823246,191.5934597758112,450.367201372536,589.7606802257848,359.279822008699
211.23082815170028,126.89211310996116,466.00007042345186,383.58659433156225,349.88394676933086
175.11796038698984,147.51681632834195,410.62592094990043,395.18976477298276,315.57317812002486
167.94249130491076,105.45429360802801,366.4127875173735,350.94697168112447,344.4352924750634
209.6265568938867,128.97680674847277,404.78166837657886,596.0942620827398,355.96073010898243
223.9611802672655,123.74540983640297,428.64629797171585,369.2129295003168,337.5621359230459
211.36972438536566,185.0314745161915,456.95935336207884,628.7662680816006,356.62893729559573
214.89493906650463,188.61478716523584,452.73072818585695,419.6027192775232,295.2098112267063
196.17080647637061,122.98067348895178,393.5810698344467,380.33333976986745,342.4908398334553
232.21969194695762,192.75223549795038,493.2740024739236,503.20906666462116,308.7172417844356
226.2822999983595,156.85698712979774,380.41643641798163,348.99773498273174,349.0714486299634
190.1652972040159,130.1516580308368,423.8067132209314,484.0682425359753,366.9035659607755
192.22341728375156,101.58728078515793,359.9862858900334,416.2528191757354,354.73693656024756
188.79752147979747,130.77001890779061,475.48524834635805,448.1068725081384,394.9969134012972
227.55989438548303,134.121737798685,482.42319361576324,485.9713778890789,394.0592646115228
193.13559353338667,161.15062634678816,431.281241055761,685.4807551593659,371.4671238371276
242.54904467924754,170.79749279851177,532.5045721647848,680.0481631080714,364.851304425758
194.12661698597896,187.7837484628018,438.5959072163353,636.8909361796314,375.60184935007175
242.26990126660203,212.31143303043868,501.60877344831096,812.9367782110753,413.2312290044526
179.92372448847476,123.69387475083356,437.8436207632899,585.514323006671,356.05384393402096
247.58078855505704,165.8472632878788,490.8839964334833,816.2818884684345,295.36397168395746
209.04844987053096,197.88745240459767,392.405890940696,584.3390190195975,285.4277496737495
205.54928996805359,136.61575472503355,410.4501565205574,619.2046243818671,336.93645409351547
253.82174652272275,177.2643394650777,543.8512760258392,750.9104732431497,433.7816301001481
197.87684407571643,164.52255757222045,443.48548560819097,565.5232143716285,329.08847573720584
223.48104947235544,151.42813985856347,442.2071291932747,652.6252670311285,427.10576802847385
212.83728524072166,161.61252158695805,431.1502771590676,549.1344348359676,305.808787078351
199.4960200840668,155.98521134399974,478.11771031518003,677.0846316544494,376.8843863677243
189.81772020315873,142.547373346235,424.86357064306003,751.4998872642645,342.5269714239151
207.34454628243844,129.30918606358543,414.44140820491106,398.4710767925665,353.47170201602233
205.29650751942944,133.49907919798568,462.0291078616793,855.9808043249456,364.4769572659977
182.24495134068212,158.2926752393238,405.7716735714967,415.11623633216095,345.0932818927108
185.54764320515486,176.60531585425056,396.1943701475189,569.4781602938812,299.0296459193157
166.58201288864387,124.46161272069844,392.1636594988927,501.8154203639008,331.63022392399114
201.49785230751993,137.18865367031603,401.0162301649554,420.5586924927887,343.91072738742815
245.40156302712316,204.5097575444682,457.43591728259923,553.9953860223656,343.3704530189209
229.81150009069177,159.59384536204254,430.56145751224,485.6243857315133,321.4763686040626
245.512208350768,167.2880210791398,404.722429599345,616.8676437475204,302.79544251774524
210.56433381094786,151.8962174620033,386.39294792371567,656.0258730475364,337.9599588845361
202.44699409431522,109.03152234740129,419.38125685409017,394.6699714190069,352.75112620028096
212.80040804214056,140.5409480753933,414.83531279136923,503.28341291281316,333.54167502737744
206.56034071971908,144.0072241085241,461.92168886439384,512.7271539320353,344.8798837787817
194.72217048217124,146.60073927147928,380.7433832823202,441.4480811651238,317.1842902003672
181.09175901222392,144.63268955738755,435.60342608605043,490.5565017053224,300.5413702257556
184.19092529018025,114.30642476933933,358.32062620308517,459.2756420021544,326.3286349750984
171.1617836016863,183.7969626171064,483.0564008226833,731.1360379333433,326.1178080867539
215.50372255794244,170.33560346129917,438.92190590551627,783.8195788700227,350.37847878026423
191.55838458085228,158.39501047964094,419.02744102558023,402.47898086262177,300.25726214586905
198.38843122120454,157.67415780792317,464.0006584973673,399.8844120141044,407.08535033207374
173.5684824847274,147.11130862364564,427.9851231630514,552.4599373464305,328.4560495846267
154.88891471125663,172.6765730176926,363.12707673021424,362.17117469233824,314.824853057078
226.59788321461826,167.4072582535564,536.247703373727,711.4868219647705,382.27162258270823
202.39568977624748,129.11328073948917,411.80458889483845,599.8601576604109,357.51400308128893
189.12394090231427,109.32596404879311,438.56057727343193,329.0404724490239,438.84228653870935
206.49366452270047,117.34205162736396,406.3734205063405,552.8813772003238,370.3239950778409
238.11830182764493,159.7439907572661,397.2779506376944,370.3180441890077,319.0372905324129
201.09708144363867,135.6782474150902,450.14948304924593,513.6341696799444,332.45631166607785
205.92870533027445,146.52313312133572,395.43192153162727,347.6056987214434,316.36523922714736
197.69958401043021,140.21088049169515,400.8001092279191,501.3813249607499,296.28848667673543
231.33793794437963,117.32707346122463,409.78655336867973,606.838815172988,317.41857677128763
258.5921485941537,158.33061231526582,380.20298582057865,386.88789710770726,369.0844797908086
205.75092593246745,157.92002135975173,399.8235621971887,492.1847970849039,286.93220374472605
235.16747859763294,178.89859706669864,490.2588000061403,588.1417884198348,396.1745989077825
193.39842346300452,106.5099105984495,362.9068727263309,554.8504168073077,331.7120319690031
210.79579754138922,123.43310895155389,385.47519998109874,608.2674928422457,279.3343290360189
196.79731375357412,121.199940179649,432.2779192608649,624.1795666487275,333.5569573093291
203.396435370683,221.45720197272806,427.6666012984503,500.17802300552535,298.11084147843576
191.13656734403554,156.15306627939074,417.63817106265617,415.1249724688859,304.2739116647942
203.2466718433222,127.83947656667578,443.0666173066738,518.6402601718762,365.8966393520939
200.17243924162972,150.72143244108673,450.59084828030984,630.895852546568,343.95480143591897
209.81352595829122,177.8190844485292,448.5918321871266,362.6592236700552,357.38359361783796
198.83137803536286,160.23372095716192,477.4512255249889,567.2889404697505,312.4077187150254
249.55078279802368,95.44161958113571,361.58115233915356,458.6894969678729,316.0758508165986
208.25799637490135,179.82139509592184,422.17782854721725,602.534679423384,291.7862132733534
185.17063695033937,186.4698473708657,415.199148322867,523.5197201262259,288.4402002567734
199.48742845569106,120.34056449548541,452.1005697566225,444.4245289450356,298.2437225850314
186.60189677072816,139.7559978382431,451.22457901259116,504.849174717661,357.6991405207782
180.0055675580126,160.55047348335515,399.1365209813854,476.1739077128463,331.0225223590716
158.6680362582386,143.68652974108977,378.4650246225966,427.5428039653043,280.2780700686465
214.27121133422756,161.00831863637896,408.5355789128579,459.81472272647005,342.3164354241504
187.90923176520414,149.33866886929613,403.2971367058326,823.4678396629687,332.1085908302077
187.50821563457293,147.86895027382275,408.91851366901466,578.4550996255007,358.33595220480254
177.73107511338443,153.2276169478698,401.069297810523,382.2988589108418,315.53472733571476
223.60888645036948,143.32730396442392,370.16139378419297,437.1672916312764,300.62222728664966
204.72888089079925,189.21676341338693,511.3474954480671,747.9406511568502,344.8597622460574
188.12727036013231,111.17482000385623,385.0683467032513,488.9090728436462,262.7715687875335
208.77587496613455,139.38340463508655,414.6252098154859,488.6111498525478,413.4152279767202
216.29244976624474,120.69167405510457,384.9797439402147,427.21633021021665,367.62765820363245
152.2474314631822,95.96778926213872,353.76294085024693,371.9411129846879,442.84202680575993
180.68733781108062,181.9569336556393,433.03271225899664,409.35136007617456,342.5520880371135
205.236425694585,158.39923574375118,405.286626156239,439.1736240832994,318.7431088511585
178.92347499073216,176.25904286466982,407.41328621958525,536.0287665070017,320.4497483787356
240.07389465943191,177.06194232082416,506.5060662629524,756.3544518463963,362.88269662148554
159.6513084213656,108.36834862527233,334.690469911007,522.8504903720894,340.2069378737121
239.4619878709678,131.85801947942971,401.3680300900286,657.8219411107189,343.4922823878123
192.02640881570073,119.06562176817226,414.1736836693664,480.0343451306575,323.1985407349454
220.00493079785272,124.36794635844711,409.6884071850841,679.7819302029925,320.1563417388021
235.1116830890541,134.64344165150607,418.10385023637605,716.5543830760397,307.8205670154796
167.33052088056124,118.3127543479985,398.2489068029324,371.5431480929103,379.67638702356845
249.70147048832115,184.1382464768689,477.81682096485633,384.85270698087993,364.2795572599923
190.45225945064314,152.49312443084668,441.5411253556201,545.5994553787955,351.39937901440254
210.80026256499946,146.82628394431916,437.6028747401409,725.9041719107037,340.1714493309476
212.6944175176151,132.5814501050707,433.8518912424501,632.7212298985997,382.8076061511047
224.937230457748,147.92362322925558,399.65333415444496,775.0532259831059,354.5612328668337
229.3176923358735,184.45784395428205,491.49841975106307,481.5521849896413,338.02484742844575
231.1022252986038,107.69250565882054,348.6764077819828,334.08532378928334,370.3484998023919
177.0267480205087,166.14208524851304,400.76467730683214,508.1292489976108,327.77498690887745
168.94940176115048,144.1227855928592,467.2531558623596,634.9763260599042,338.0418648578816
211.32521322722832,116.79797393152474,363.9371718134143,465.7642649188684,383.89338555000165
243.05537484040696,220.3964923696286,459.09580341357594,475.04832749908763,314.7786978102637
204.11038933591357,164.85733557235397,376.45502248042834,653.5460091115647,320.1347169414753
194.31548012122104,150.19588979307932,458.2092005595967,400.14424596043455,332.0499320338927
175.34451215366755,142.57432291015834,418.92007253210556,665.8730043483565,326.42381043070435
182.941354078213,162.5261915390744,458.6014758930756,611.2357683063658,419.68346868058944
212.21009538511376,121.78828584047147,439.6982936403846,715.0057586179922,302.18264859966064
269.57575621621845,170.9812179998673,439.30735031852936,830.1592467416426,329.07525664813966
185.49895887648046,143.34404483172477,425.79841231758576,459.6039443033121,334.741660964837
196.00420342482133,140.5459438547588,382.37331147454034,632.8878382900535,391.0113416482788
219.39864660723154,184.34057106528962,517.8787682823964,727.9146442746488,391.35842247298314
233.34206635332293,139.5261363158564,460.82047128928946,684.5917609322765,350.8695553742837
206.43291024312026,138.78955661721707,388.03455292117405,805.833008886137,271.19116442145213
236.59063565028652,164.70563461572434,501.91971829942054,626.8493281385602,350.24074507115205
201.1358134131456,136.51766872665596,493.3260339508819,367.91638235599004,377.30720994308325
250.2648710197331,142.8396006376897,473.4557221206808,735.6101618467013,415.73604784715644
187.57100777934795,185.2856480478896,459.8518110747734,697.1231506333298,388.3663027558085
201.78295186768528,138.71605487331948,454.69680905600285,653.5217948553903,345.74391730810805
177.52917796510897,188.6308769670987,401.75324977187233,841.7900368860373,395.4184395270585
213.88637655584998,157.73053685069993,417.1831254007793,601.62238865678,405.1367107746651
195.84671875215525,202.6193852293862,457.96758944085315,612.3319996423517,401.2156496997035
232.06119319469835,104.67572701242663,398.9626402962231,525.8671441871625,307.23747042527117
191.9932394358469,130.02345658295627,429.0429395751066,389.79841598657566,380.1434009378174
238.47172046476558,136.2394053672674,443.12678592290894,364.38368097317306,357.92354818019834
214.26035891118568,118.59050504614714,412.18930307872677,481.8425854595688,371.89210197636385
212.3553524397989,158.1544511637799,415.5500683357686,480.92368402105006,378.96755752939214
204.35346090881785,173.27279107142832,420.57826068817036,571.6325511428415,286.3884972024513
200.77666487079335,133.42674481542107,475.5539292950983,615.8409290833691,334.6009030366376
224.8259373212641,134.46554955009844,440.47846008132694,524.5274949489517,383.50649654810854
207.9560072711657,125.97172831364338,495.3792289626396,740.5333071257738,342.9282700726043
222.4382497654816,132.41863783265174,462.42852679167953,685.6556698726571,320.31406659311676
212.60610131838598,166.77699627379744,415.4653801906852,603.089747502166,354.10244393999625
195.20574184893565,175.7013416302876,399.8105213393442,643.007062306895,323.5719270212673
210.0971636361797,137.24679378325848,391.72496473720145,353.2139414400612,393.93249387343155
251.13445537302474,149.8262641277332,461.3557353247612,597.7559645270161,364.1034589358667
235.10194454402142,192.76628562761707,432.8366052874798,671.8145964720107,408.27652687865964
172.58004219528516,171.7778806733722,459.78684736418256,487.6390648358917,325.95980264707146
189.02338589408185,147.27533143295565,444.74146475594534,570.8127560072635,284.0463141386798
196.93586843970016,133.51273593917455,435.7717544363477,773.9369044173039,440.91661475119315
209.45868805930886,147.5392458979537,454.8185438945391,595.8036593167427,290.2946343435778
195.30897316692645,132.51220080508438,405.3067761840528,513.3821327285839,288.9735898498417
166.7993079329535,158.6790086047111,392.6873545754808,450.8985699383491,316.8464007866608
197.28846118556916,145.05497716585856,427.6647938995175,707.199065812702,340.62928833097646
185.68345007862771,116.65173130752542,386.5516439424812,536.3779362064337,339.39787278939247
218.9224041790717,137.5774804056359,434.3448024928272,522.3765406803519,318.6314355432352
229.96744825903272,148.3332214949585,435.9666022462705,668.2586491466727,359.29535204734094
187.4995545224879,152.59143100658378,449.8549237238453,668.2090339140915,309.8623216372658
211.5261263288736,200.6057745948209,499.9566044067771,831.161552952635,370.5258382194033
227.05431683265903,120.44566145859093,402.9764185653357,518.0688284840594,363.9618827210703
211.44497646334236,106.91278952433228,463.22023135018514,423.20264551885515,340.4015338595779
218.98957891022923,174.21600577024836,441.1049404271124,807.7658765498528,377.117077554483
199.88196595553146,169.48865795562398,389.05065966024745,512.0032953650428,337.1001648921179
231.7083452021007,148.46904937959894,445.74454303914865,546.2309449697738,326.203639196881
166.96156573731471,162.1813790895336,417.82599273877764,407.9152063911536,329.2865395146842
228.92909550969708,152.08615303818613,419.44130045836613,689.3703702824985,310.8586155712769
199.3460216272011,152.10080408663282,417.17703752904805,698.8723508004391,349.1153436290532
206.00231790472273,102.62253817357325,363.53523216825573,386.26634066969467,293.61894070463813
180.26964486915773,121.08067229050674,374.1444279332828,483.9641221829133,345.12214048842503
211.40068844390836,130.06612248733586,414.30747510752815,569.0095098646083,329.3601663986479
191.0179314005261,158.98407877106922,430.7586201826887,498.7990644035368,360.2891290621124
204.8752969164844,176.78083808560672,432.1417633183218,609.5431974509553,308.7481536278665
203.8546879695708,98.55014955607447,367.5287620177629,387.0168054862915,335.07877978949404
204.91968672584875,157.38656383314176,509.5266717162565,802.6241477936484,298.5354011509597
185.0975579587688,153.49039464131675,442.931668186919,562.9499343838751,317.21905090579605
177.38237139048903,111.75492262553618,416.78856297928144,396.18407128700863,351.2613271001923
210.2009120121884,166.1822310464155,494.75243149910756,582.4803273494725,395.4359668728729
257.41827315681707,180.20438965606738,419.92503504513445,664.1432296395972,351.0971018047536
201.52125068775382,146.79240410340034,444.6108535070074,483.32048458264984,322.3938330226177
219.70126007924924,156.83646393665367,464.18397987058114,484.75400907365446,367.6902147054186
203.31299499783577,156.76688055817192,367.46096381983347,493.4620088293007,410.723699858669
213.29956839545878,140.0340410611109,328.3079092524523,420.8970657651414,326.44887516184366
229.05778954043998,174.15212413413258,422.23831814360744,641.263545042767,351.2101630816159
204.4048699166457,161.13559475694854,400.03216266030563,432.3460202632371,324.0837547734609
203.562628173852,140.1695141214196,440.4661902032747,743.3437661281101,361.4424411923931
205.23205602864766,98.87620395518825,398.45541742306295,431.2336019830225,274.93466698449834
271.28609304616305,201.02323956019842,507.4669772305459,607.6854844664842,379.39871675905437
232.75361902651332,109.02854901003047,456.18844939123505,600.2630124832814,388.6063858389392
219.899288504978,157.03218225619273,393.2248287550148,670.9845958514412,346.3225868905791
196.68608187547582,140.30752471227476,431.2924006535695,413.01648070012146,362.7475157502732
241.02426975307276,135.7364927624768,374.0940989484585,645.8203187877355,404.3375832943554
271.65997412873327,131.72555892032756,426.62244009030576,491.9606012548331,395.8156728351411
184.44079905541923,161.85934240621336,459.54737909331243,721.8065391521482,342.91846775860637
171.70692919959887,127.01652808620969,419.72075483745414,673.1444095575613,338.59161499750036
179.1532217006994,161.54613294657244,426.27073712004193,440.2970162311551,335.3009904759895
179.0318613283958,133.3909823434532,457.491452563815,518.722770698524,350.4268914174436
239.17552842186925,170.1101038701077,507.16322806723525,555.6786035791981,329.83285255341815
244.81559750233683,196.59658083293095,360.7285418306591,613.2037501570496,361.44828924613034
203.1245527750164,170.26327505516625,379.7364806806715,570.8739680243172,318.4947213175027
194.7514384766175,118.29810897058992,483.0981803641068,560.3381180303335,337.2636401867393
174.2005774519266,140.95416066861122,339.1083049619433,364.9565665067262,361.7168570064697
194.71215730142146,153.41295041460523,427.9624223246976,618.1741744750791,383.25327133811265
206.195682053406,150.9071305324503,361.3686539137157,396.3464467299484,374.02312340478267
225.52385646045494,221.6725441344191,458.3550342977931,503.44482292057256,367.4036401732027
185.0737143977242,133.08990387630507,389.7933298753909,443.94142342951403,353.6979360419055
198.78764666051794,186.06015753607915,432.2722892756694,688.9456641385458,330.62061561764546
169.94473219744503,162.34444493172597,362.3439511287952,756.6095232904285,344.57884360200353
243.79043895482295,137.5377113631643,481.85167419618836,718.7047824040965,423.28265120546945
183.17222674474533,141.20065116261506,374.25396192083946,418.53815296999795,393.5385725805853
232.19256283091693,139.05344043086276,394.3591491215833,443.50721575067183,300.9510622424306
173.10241771949495,123.26967636963951,337.5653808814494,639.5545518663463,302.7289934176975
178.77821828041527,139.51494994600483,407.50695752446507,603.2881038370687,317.1663705042618
207.30659105733727,144.89394528316842,437.5910979972694,506.7351996474882,361.5646527619114
229.0261714860364,178.58706628464344,343.97623221269316,396.6572619051085,344.89760649514113
169.69386685362898,139.83099227473622,359.30995239490215,335.81942398104525,341.58629265395894
158.22943327557465,178.42347356115167,372.2072524825822,627.7395286863652,314.6595619640658
180.6705919127118,138.47732598820699,405.8827583698014,498.5711630099016,279.0781397979008
239.21751092489592,118.85293140715213,415.1170209144699,503.54681995284733,334.5355510028879
190.2557804690867,140.8584849145546,395.3359604922511,389.4441950308574,310.10706508073525
195.04618511467837,162.0925536425994,420.9599582579448,384.1533316978446,416.3165794208411
202.9691469881002,119.68984833928685,400.2963566930499,575.7228828500637,380.43875002650276
197.811841157171,213.57602502065632,460.77140808383984,670.8568895319921,393.3919406695998
228.83073439802706,127.5187135849357,400.989156155224,604.5972713117712,420.7038809342923
222.7023679311143,171.09193960526414,484.2672654769445,535.2914698601436,388.38020009876936
166.48193037806462,128.35226898254598,478.1217594509524,591.3078950584143,365.2224518788689
232.6996517274959,131.6949670391337,391.597987009545,460.2511142327822,348.01632930076306
216.10532357778902,185.23066930793462,458.6686846718169,482.83733006273445,280.6648792827519
232.44003558021888,146.88057176407557,425.6242344005461,497.94996150538105,366.1648791431972
234.25646959705267,115.59269117837769,352.025368932556,384.20528715271746,440.917078848902
235.08199936865512,224.50361363142594,367.55190978538263,458.1742212891066,377.3940007625655
258.71346098518825,168.3198636348009,520.4753500027823,812.5689152208943,322.71013454372314
193.6725882689442,182.3813836555957,489.64438922644115,662.3943151126389,301.37264767553285
237.66033332831344,160.24908863044277,489.76600736360996,484.1727916618635,424.19733155299735
199.30819155864535,114.45691198173219,451.2283881970835,760.101146841116,385.17352379820585
172.8540942945217,127.35358958635645,383.72338718613736,538.532018574248,382.02331667001874
174.40542153434228,158.0503074087641,435.9399871425929,679.8780260518242,299.37836034786187
232.23454795920546,144.07014162214074,397.4662800542998,514.4851310626697,305.2178230136739
155.80536601468395,102.18090122163198,347.6878036289928,361.7882273707153,373.31288254626526
176.34657226933524,138.58537246260258,394.70909652373746,514.1564481608393,309.64494198621264
197.0052966506237,107.45024010917238,349.0515809652099,519.5206850393201,340.36921605434884
202.8019921337181,150.79953248783363,373.4131803762407,411.2149251430651,381.5026440144018
233.26848132043943,193.0081040655915,436.5765728253327,690.9787289010818,364.445638572388
181.99322249881735,151.246551864,387.6826507100464,387.9691569477104,389.10017700904586
172.38146928040754,157.78711135699922,420.1556590344142,588.6816039878238,308.27301948443653
192.71620986268277,203.84603652481877,518.6494077561991,833.8232172107777,420.1946306896701
212.67338806714326,125.42742414012925,459.4026266912132,491.38048649670014,365.8827536676376
180.06055218411876,113.39849331953467,399.25186215629594,446.9657853787693,334.9740302361094
231.17480191053085,144.40243437362182,423.33070099319343,527.302045722859,348.1693056360879
158.0100650822493,162.13561121181385,403.2778293326945,623.910028167989,361.857006537468
169.51887878081854,107.6020962477465,384.5375474768862,376.75900990700194,375.1405142185168
202.4910321309898,169.18839097517343,483.6049444587577,446.05875651668606,334.9913633651775
198.88802131139764,118.95946628244262,425.12177308723716,642.3830896809918,344.06933459152907
262.8841801293564,148.69379673766775,420.1315298024882,555.1326506454295,431.9552499921101
183.6453319674469,179.52520524727368,441.68522785259347,555.0636670631815,349.88534848815766
201.54227366241992,171.23947622212,422.79964488984837,796.7714145784979,325.1608309637715
213.50178559960665,146.38389304674823,459.4288605317018,581.4388071207717,363.93595584181463
198.74275182605194,135.0179178004441,406.59932867310397,491.3191692248992,309.067960037087
267.6793733077828,166.40327497853477,481.2180246876613,709.386673408573,407.8317151396243
216.45941094181296,145.15218053540858,448.96021285975826,439.951553694511,355.18974201511907
166.52051512660825,153.32790817158042,418.91302849386,414.41469878056864,333.8296155015724
174.0987160434087,133.39630901541213,467.0589517580533,705.3726495660575,345.7414596493579
217.30249743625998,165.63071793566058,430.6287927540349,418.1353332987636,353.89619512873605
216.93028810534236,128.70486254124643,418.007145297801,535.2269165868527,342.6755389449787
207.3379538097508,164.4748267087037,451.85206738512693,600.7729590956271,332.6190998650461
216.50527211123938,212.91221102091234,339.5284868170188,549.403534977331,270.78559281019506
176.19505085588483,117.73824983995432,545.9526428464634,549.6921114898004,310.0117312736161
214.1638500114115,134.1597358614645,389.82579101401956,525.4383909316274,394.63035724292456
216.9837575845076,167.31169737681645,431.8645816420996,616.7329138457918,348.12654822693804
176.50287907842144,95.05500268657573,382.6658435453319,421.3577773259391,312.7409398520951
193.9018658010658,159.81632883404046,411.16166323691823,577.9290054024132,329.34515507805685
215.56787476755352,137.25712245227552,457.055030407424,488.50750343680875,347.52026844020685
169.66551711462242,141.85530222268838,450.4395186127466,587.1489198817894,337.2398843550839
166.54944647751418,123.9052712241247,386.092193797833,448.87436174299035,302.3404266452647
236.6838011385822,135.3911167712944,391.56444910856305,351.22920822631,351.02584157284366
223.2927070107939,192.98114323649452,459.3086532955129,509.21143126062475,340.50792198101686
200.8986623536214,130.80654148438657,376.08864274353056,539.7725699595904,318.65198937405506
184.34327329420756,183.40662609021544,426.90451871571463,800.038373084323,362.13120752213763
273.9846059982418,152.2699741924945,462.4413915997114,545.189458692919,394.0863703878786
209.78282486660996,174.70356164328976,453.5222227417018,583.4833268899165,346.1394809904727
231.37897010208852,181.38888631741386,394.0069032582288,548.2537870553243,432.0006708704179
249.59532407983434,122.69435079504474,439.7150542829802,600.7854304809853,354.10592570361644
201.653134779345,166.8764572336351,401.82475250742505,773.6278665896035,325.29899703283724
179.46212743580082,156.00899486075951,413.66594879800834,462.9916160454083,320.07328876504664
235.29793797404312,137.3619649573119,371.12308232849983,409.76387639406084,349.35491115909014
233.25498446447807,130.37812886724817,499.5999971092231,620.8163714984754,432.72995567676173
209.63331773024083,123.72067792776251,410.71727968637384,476.35702457391943,292.2161904200483
239.5960742190696,135.73991136473575,509.5946266407944,586.796396670687,366.4243393643304
196.97046438145122,133.0988026673662,499.687295452256,418.34558417163504,376.2214984459743
195.03080550674395,148.43738835854393,385.12265133214316,539.4066388968215,368.57763374221736
206.39179930409472,205.72374029725287,454.3533208549856,527.9792330923547,346.266460231923
186.17216355369032,103.5517148738849,370.76669815742315,379.749836089117,324.65509835406175
208.14883296074046,147.56925743342185,398.83450037049715,505.4424231466773,320.7832751176801
174.32222083763784,164.6637201478887,390.5778162291371,608.166822585928,312.4438838192535
209.8576474949964,125.32462130277527,428.0590185718763,546.431560878098,375.01010714077364
203.571787583086,118.96294420456925,366.84475048802636,403.78965110517805,358.7136645965876
247.10450454187284,195.1395205560445,519.0987299802642,657.7473378045484,388.64263818380834
213.1754858944055,186.97895321082868,479.0614958826313,685.2199719524951,383.0734459009805
170.42902802144584,148.86053909875773,442.8853204288024,561.8393089936504,357.0349717246655
193.55908315021475,115.12939981303687,408.21233889433114,416.08534724974555,305.183394494263
241.42999912812334,131.98473864730838,446.0133521258775,632.0668072526031,412.22521333429137
197.5344166997111,119.53625447586968,393.11557689343175,675.394540313317,324.20174092878796
164.9738513836165,162.060583026314,531.8086524869061,789.9686688192677,325.05572795564746
196.48409935409418,149.4094698551701,420.93214221157,694.2967848184886,364.4686396009103
202.54232886178886,160.04655403044947,510.50378495125324,728.9746536130076,385.8564289597991
217.04388480257708,146.1073130792425,433.6179284163681,417.69829342057074,357.7357027038739
221.9199102781463,109.5113774640961,434.9573910091185,595.2830302134721,380.4840214591656
229.098930259194,173.59007385830714,436.7804337714387,594.8304828411647,394.6483469453005
231.5451277629529,165.9672010776716,429.6860396427362,622.9772071039121,331.2915850983176
245.3625592598398,171.66180041315852,519.6529872658789,577.3144979036114,415.30934207563865
230.4179568266867,193.76665582974212,491.295782319408,495.27658034827556,364.44433996290223
224.70790506235485,176.0797950541055,469.5193222486365,533.9329085446035,326.4835407998346
206.09361087346343,129.43302465749736,368.5222812153091,529.1941330600521,346.62501420572886
185.281280490457,153.1865897107667,451.1235414162547,636.5198804664959,324.95914510381454
199.8359685506878,183.23705226103084,467.7272062720778,700.290649578031,426.1014080807238
213.16223244387723,176.88224847560932,413.24016532226955,521.4635149166816,425.29333910691446
249.7478989130654,177.75992854899664,423.65274102656787,484.8412820421813,300.3503408279064
253.85246910310875,201.84107932748512,453.89860561815624,813.6202867730834,424.35556678613625
236.67467963788383,141.53099002554208,433.2170482582548,579.91078828544,345.43705086968555
171.59457939434725,141.53698342951984,448.8465168187051,653.5186548487817,332.89306836930507
214.83256855768798,114.41958367672233,419.62089740643347,445.6063532188905,325.6856368146235
202.93640970932205,141.27384184081524,419.46034611740345,572.5329956067852,364.61173148820836
196.90467867520326,139.84095039413373,426.03187345096336,562.6757706389267,386.02435537163734
221.82500106693914,203.29866748124303,480.4820297007303,629.461409650687,364.7517301880403
238.66459874563756,188.62903451662692,519.3843203401448,580.8001796930704,385.56530635685596
206.01958311877019,140.17274148057737,505.33628704548875,551.8629377420244,353.77350417820605
210.34755873788075,125.39952342464262,401.7745538422564,462.611126240001,276.63809337332856
212.47914250873848,139.15128472613353,407.67387950942924,446.20373180558573,395.7529773658918
206.70016412280134,166.78881515027726,486.56808363517115,778.1251958664856,369.86403950214475
204.8086301806684,128.60416956311377,360.95353493266623,431.4603362774991,284.31332616213973
232.1476770486526,136.97622976852873,415.57298941284637,377.333068242515,340.65986380714395
214.53490548830356,165.85493001172648,414.67594030325273,502.4237241027476,405.7360752390496
195.9238996156166,161.94266730832814,409.3576962220344,605.7981907148444,331.39682970630565
223.95221310252646,132.883258236468,462.014050294942,597.444686496761,316.67751279483286
196.97317153173876,95.04809112143892,385.0291990242217,787.8293903481007,283.63085562514783
170.48981656753665,161.5986183932959,411.997611565706,402.01490101599126,299.6287472978094
188.6502537415879,177.01350028555038,430.74033997802803,489.12062366729606,324.1143446811596
207.73004229239586,121.71067208699455,422.7935251429348,525.6558660297256,280.08637246581094
150.358460686358,141.91500145174612,359.86451670359185,573.1109780378132,349.10580086456133
243.64028516248405,169.1712704327228,479.795397468281,554.0537503335962,361.4406156068043
200.61202446648537,153.55533558402496,422.78984732821243,368.0451048915138,366.0127403306056
266.43985828291903,204.06287558120943,452.16596770946984,480.4756744188835,443.7357991799351
153.16608425524618,131.75191231497152,391.7397928879611,366.5445908837846,317.4648673820977
162.29244323801564,122.69649474700418,436.53226193562534,515.263807782461,298.78829032906947
202.29198815726593,164.38901203311255,431.15524023630553,379.58860313443626,301.24952658823804
206.0912250014512,149.84379513110127,482.08694203427024,797.6900869546043,380.17783300085574
178.15241434066664,183.7664219758066,473.29696592285336,572.85011728474,397.7693511653949
192.10396379103943,150.93072577434114,473.68975515740595,571.6854420796782,351.8372100836877
230.46120871307002,179.9340942431335,444.58616641617226,412.80498661040076,305.4650130923813
179.3126636509993,151.71647533894838,361.3708731525919,437.4098603794328,317.8342198096175
169.77785590532417,148.40954285619256,418.14747106648156,525.2230178753609,347.7828651415443
223.33001858459494,178.82240291407498,455.3535396023242,428.13105229296156,367.9638036725073
233.85361993944218,133.06544517039904,398.9326838030613,480.68762922408155,268.9854339076026
199.0815946017787,118.93359629117658,461.3810239895708,493.6433982307363,267.71580710403146
198.81656445874077,190.50459177487525,429.94675974055616,499.15432612859115,335.13277685281656
246.7345531757578,171.02416212186492,515.7671653978692,624.6588151272043,374.80602117623323
231.64388225319826,106.53030591231624,445.4121493727704,492.5146131288184,289.46571756003044
196.89486023908088,119.24980330832945,379.5883563882515,389.7738431364068,324.30817122467965
252.14450818410126,220.84383935014205,535.456121302237,703.7425461009,374.9778293328672
216.04141259303194,156.05757769749673,405.6495112716812,387.26997113233733,364.15417775929006
208.250051103465,135.71155431359924,373.5837315293844,648.1551874040547,295.22339950074746
207.55402157537873,156.6908527518894,428.74969708285363,493.20445756535173,351.63579836092816
247.5527775557329,170.54958146132304,480.17423629692087,831.8857231134912,342.8120111451834
168.66652074041176,189.93599913617294,481.90372840073627,733.0490169093487,386.1954445271662
256.86869586922785,202.67812951891057,479.21688989892795,659.3200529728274,407.22110637614514
237.7225419609146,209.4270372637458,527.4292745790631,819.4382041675265,369.99294949562994
227.51335531292494,129.08087366735992,497.33547881497776,438.9966374096504,371.7552254215985
179.1861819950024,156.14648886324227,415.3480970144352,499.0548012992828,325.17970395332037
209.86145705045988,183.32807858165208,418.3050985303105,581.1912541323217,313.79385118867634
197.657132733374,131.66048204085362,384.1671505566599,531.964747432464,306.0544722263979
255.24532016309928,181.6213822769363,440.6991281182109,619.0183469841032,339.28406440272227
201.69298625043766,128.75249529660326,464.8454748709772,479.89933769271084,349.301085752744
242.5389722897147,143.0157569563822,447.58413087032415,616.5756801110862,350.43878070121673
192.56561938283087,159.71248649548892,422.2470752827746,338.73099359335714,303.6114899133324
205.11562136865035,155.21731079107374,417.6111341569897,584.2916835285548,396.1799978971971
176.32344979242905,104.93726281059281,376.15866667884546,481.4433227994145,350.852367727116
217.4908627666148,185.0325638875391,418.7580911688198,645.2183679469979,358.5907667816073
192.61403401265227,144.8135584384273,471.66327164901514,544.327168963698,343.86057542455006
234.3701050187679,181.3164209242704,443.0235287236967,566.0268851828871,442.9456532011526
172.44873013888568,128.61362117014923,368.742016716858,380.2081333846872,294.1645500943061
234.01303281615475,138.25339322665133,439.69684443706007,729.1975031362472,344.76417966318763
232.2841939023957,130.99190978452572,484.95434869534006,761.6872715055291,404.65986503446044
247.09680624345427,170.22142312319596,479.5872171727043,591.6399914305836,370.7504086341498
206.178549209912,158.3908090556766,478.3393578931656,595.7420737408818,353.57196107080256
191.80986212396905,133.87529529445797,446.29737586144535,441.2165065800435,347.5312899667653
198.96776160190464,114.3350733640836,434.15616087790403,592.2328170635976,363.17666991232846
173.94476857591064,141.7584085806825,486.0880949151972,714.6796746978334,280.86657096527955
211.93261151340383,136.96027939282516,388.8662329818265,600.8953117822306,338.5561235111979
166.24724943715154,153.8584204441082,442.9087495197675,655.1451774646099,348.2682714991206
259.8172758422132,177.21756575310536,408.7340631600815,569.0596546128417,330.8183685964091
184.33347175143192,152.7067822212618,481.1213885761002,673.1409517293965,352.6670465952493
171.38222579070765,103.76367309214649,375.354154816505,447.0666324226148,401.33812404546063
183.68170310807915,127.47295488806975,420.41266989111926,463.18386655861883,316.0563595866652
227.48720571251204,188.190739990667,457.80269652822176,733.690836721207,341.2281065434614
153.9698581236272,142.5377684469352,428.11924117719707,526.3774109503697,366.9327879497952
179.47816717752482,190.8133635662334,417.2152823073193,535.9420131279953,348.73447331691557
213.31891005127963,140.25580359481592,436.0876103913507,578.8410725773631,330.0621298913543
207.21675164535347,144.2875098095529,482.9012948382672,577.4407720460506,351.77045150301865
174.0924226171444,141.5481770445218,394.0176656635813,506.00733932880735,343.1848074659336
241.14961273343187,157.07345677505566,460.1226158389655,771.9346316331093,376.88629454226015
179.31511376713965,121.02503909794679,355.66747015770187,634.9214998106047,372.5735489439068
200.56664228070005,111.30015016209327,428.99657796040066,505.6642529257214,343.22029549464355
191.14604521416518,122.99434337356928,457.015405364234,671.4970112221804,284.85972591210333
220.28392359039051,152.89550178177657,488.4209440824121,544.5647528646268,350.9045760600204
230.1947120872698,193.18279620115305,437.87668625358015,405.4993827425802,355.35131868500554
262.1301931315529,190.88073003566362,540.9373801555852,709.6658089539679,358.4031439713889
213.824244808228,156.80954571672248,501.2699518044084,735.7931601114851,362.4572281010792
224.30674804189798,189.91841021872162,426.1567177914939,854.6931660725554,404.40156005773275
244.12170792736742,142.37810494289477,394.6217758092005,502.45653107952955,383.8684855840897
178.66797469690962,157.4017443921553,450.53656458053194,355.6136695659587,292.4272825333599
217.10289629299626,151.7673664363818,457.26700486818567,335.938519291125,339.10858844720315
149.32074285047273,119.52966159678515,493.8022764612424,489.0302510055409,352.51535923149504
154.88875487567228,121.11785064299691,397.147738108613,454.23074136226614,352.3718169890557
219.42616640667876,204.32245471055543,521.0736572953234,490.7453767890628,404.0311708610148
247.31619797164726,137.70978562113987,469.3055057844253,407.2928596463288,387.1941286181578
181.81134997576322,124.72799202189913,333.0635902449595,378.3569750589047,336.26887201887104
204.91317399503325,143.26682579880892,453.8707433781968,560.6776474161596,335.0465778683423
226.63086652435862,180.4753891619742,537.9656982655147,573.1805922160195,444.1444373171759
197.18472542372214,164.43198832098227,420.5127626340725,595.4173639072231,325.07383697622305
206.31443385742278,110.89790597028252,424.7135066429751,434.44021243581426,367.3092894963182
203.7776988333086,123.62880133134603,422.8679834603525,350.9642607097202,350.0502343834392
213.69079253146742,116.91335894931478,420.4760534729111,434.78282881973206,343.60420662365243
208.78512109053239,191.28843714188844,468.9513448885576,614.773299633849,361.1188435279351
216.91390202185576,171.73585966116144,464.3831232640064,740.8946755251458,318.41688714454347
191.43356346596755,132.38597988415216,459.01264651380467,719.3696169886089,311.15719218964654
198.2293853670417,110.62205530303419,385.0345038571347,346.78906955512974,341.05814999929004
174.288826660099,194.00576078108705,394.2669934864008,622.3562795742492,352.31344874306717
237.41694399456594,137.0946837594092,467.9835033605499,659.8943757582548,333.3443369527413
197.22794727503864,165.82260956131174,394.41059889081777,611.6669111941509,312.5771121548187
232.0907406644414,154.46410480239214,471.4027104304325,557.1276780116227,327.5138876097965
198.1493254454035,149.43746179331967,457.5741756168589,672.7584866438036,314.8571449769833
185.48556634256653,122.84088081914086,433.2155556738476,366.4132799680656,340.6098935451207
181.77364843467817,99.59596007130934,404.869173882684,356.3970804568796,361.4228996615222
183.95264498137513,148.80652579189845,370.72294161642105,492.95126568882284,308.7901577861362
161.7339059363355,141.07166420173755,504.12283275983594,523.308545923279,291.6321872389511
216.5496606384651,166.0109903751793,455.686753803061,472.55176831014893,287.5985304360962
258.8778673357364,146.17602963548194,475.8386399020006,820.8686411845731,395.88063509087016
202.30767719776554,139.27947155850921,369.68771369920285,347.6533665182395,361.27253908406044
220.73239487174848,137.48487429710698,441.98880542745434,337.5897578530265,343.39155135903417
172.65215712132274,171.37771119569396,393.1623444525491,552.7729897547451,360.94709102164177
185.23388552387956,146.20692659619732,430.0037560837819,595.7652203776604,371.41884783874224
209.21414374695289,112.01972077137326,425.39800820220205,401.4767799727733,369.3904195681581
172.87046318375027,147.68652211879356,382.0111936571301,509.07844821908265,326.99121003809864
189.97942232392245,133.34264951844688,432.09728889306336,403.1776028465093,285.8626038967341
250.46044040054556,192.0956067354378,337.08942960426754,716.139039538392,263.0948359777542
252.156044067624,183.65076760803666,396.2800400329287,353.15408525309573,285.9026033492705
210.57308576593692,114.59998345306123,411.3021812102479,674.6532746599562,345.86793003468813
235.9719189454712,114.8509228215509,429.96746697599394,577.3153340441781,356.7234989319346
193.09993518334986,155.73494925776941,436.69840558068563,613.3240214100099,363.85916977839827
201.26253300615153,106.10085128341724,399.2244218938046,427.9855029184278,372.9606683548419
237.7318243839788,140.44484821439067,473.7437420817097,538.769547275595,390.5352917542143
196.67302417264872,161.00717727580445,477.3519300928271,576.892310427188,348.34139177497
233.14433257091716,167.83187767365706,475.6855496225286,671.9358747613559,341.0745725627078
210.41092609309828,136.78258021321156,422.8533394658137,437.5386401503802,334.07589037260936
214.48146102690117,95.69147611572299,338.9271613389642,340.3193751746794,307.55746750628765
185.80462826949173,149.5446326199988,408.4443104939462,515.8161363874865,323.69785746252654
202.2003992477517,130.54238303591464,416.1463518809419,773.909388829496,280.130057012647
227.7694248078546,139.88220592584915,443.36164715858416,543.1531969219337,375.25755488249285
233.3337796028122,119.71571264496633,465.3083499117137,554.0121668943699,354.09615318776287
212.25260034892844,197.7685306640098,466.4230114938281,558.1272502693319,359.7974151744499
188.55930355466106,135.628231972836,394.00631682962506,651.1751747464202,359.4549382354739
217.10593497735601,135.65450945078197,462.0731839525203,549.7959919366674,360.2255936486846
206.93711610790436,147.1567060038637,507.72275650106457,712.0773633094316,363.11957767492095
257.4370335631526,101.75176198081982,328.90512809827806,508.6167488058621,395.6860720547384
194.96789563548336,205.1665195703153,478.70518373421135,741.1409161282918,327.00948738084736
170.33370104523638,131.2057795344294,403.5656248378487,511.58925905250993,336.23207083556383
223.3170141499345,225.42661311303485,469.78495423234193,747.2510576810505,431.42234043344246
204.40962528286786,218.43357601096142,443.21091740577805,517.6931744835817,358.96954530251304
187.55946982516852,146.14359327358875,385.8099036451978,449.285948009651,309.15814733618896
171.3701463220013,124.57562040759184,371.89461152886696,441.63761387143956,392.63984473222797
173.86602329167908,99.60969047625986,441.76722550865435,503.7188565673437,368.51144633772213
188.92949830187456,132.0791092228994,453.27192948687576,870.7819156580862,347.8636961059875
187.5448336923635,161.2040808419388,404.8420394415959,426.5621467808522,281.3687937365216
199.37859711609832,176.61170222988144,471.5694886867186,749.087101001073,411.13776613717494
234.49736818561027,151.8413181940295,490.1130623863263,493.843322719619,357.742628757167
201.86487309002783,137.4048546328597,416.2680300232041,469.893495613554,285.49555477802977
221.64929785189574,177.23216379389302,432.5639275539494,527.0944995910688,342.3095459307069
163.92752711646142,129.21651803582753,394.22023262509737,384.24174365475164,283.2376113046626
173.70370565276076,136.1853464608027,398.27227713331035,458.11256045106484,354.5319147301862
193.58842959854948,143.3052057635247,331.7831785824466,333.9962894357554,354.7260444772319
188.2431088101106,150.66733591792442,372.4627808695521,392.59684155639906,338.4083594183945
238.24346830084647,111.03433802913617,441.3021426237588,537.7544047564426,362.9189040449664
224.25121362808233,163.22745147194485,428.32457515770375,844.0062360336594,340.48653842693136
212.2620283981187,125.68136159460805,397.56393614266705,409.7209826917091,296.35735025347606
247.0868565415937,170.33515067952175,391.59103428537156,579.3887512626087,399.85555160546573
206.08032878551256,124.29721502340495,376.90882079984203,743.8895296003234,277.68094505850604
196.53359004153003,146.72710895427514,435.96448398002553,530.4723632666651,320.7694943985311
215.4277403949557,162.53014480256073,466.28206831381993,614.0556296476343,336.0546606648821
186.30432750261164,144.4415087486453,434.4144758239464,459.24762434191854,349.65080739845445
241.44504226808917,189.13877416461784,471.43627384981403,459.6152107188786,361.29614544057785
231.79507788408011,132.70208014113317,423.6116150362617,632.6892953226372,389.6695070175911
160.06188467704322,117.91488902743001,364.2837333513164,373.391826453524,327.41548836831845
238.44994599314063,140.25731560117117,511.7317062091023,775.3076214707224,411.3911218461916
229.27930859196795,157.25061453661172,458.4491362341682,737.1090321668257,415.97847429378123
211.92663911052762,188.54679867734407,440.5565232100409,481.8984521706029,287.59937586238004
205.46997801991435,221.51033481918665,471.8686904119808,484.6509840770641,361.7846506533332
202.9241659404553,143.6048724087454,458.005841897386,511.78514010425175,333.2046132404662
217.69678426158617,166.33485345580306,514.1059303543443,456.04313807350263,386.78916738335136
188.13900883744984,151.39108797958147,403.2007199735371,601.897320540865,328.8134740651441
200.67031983499618,162.75465400686582,439.39768366653936,710.1666609488909,368.0463312557297
226.39438202322367,166.56523633739755,463.30473498279633,716.344940670553,351.5583505689807
230.0345672222868,206.1721603862246,490.6697019807147,519.7952636275907,339.79869915464434
197.7301801751495,204.52285116206278,403.4836842152583,476.82683295437636,339.31248368274254
251.5606708052594,125.33535734217945,439.91535753878316,645.8618930331693,374.6679165125899
225.33155278035616,149.72779976517253,490.60432221237875,606.5833416639952,306.0347457891654
231.5402508200102,125.70714520606583,466.6693658294312,566.1344962706579,383.91442670552925
173.46161616649843,128.05721354635918,420.36888203781837,331.9544695800947,338.32914985730883
188.44210268749285,97.33986908788725,335.5074428317902,406.2980643540359,306.06079337098174
233.21703607577564,144.01758898540606,506.30005944847437,782.6723689564707,330.23140748116964
200.55214442433783,218.94210385620917,434.9355432308903,643.6541494351402,305.9197500780565
213.32668976631396,157.4508884321859,501.28422778172586,813.8558574099276,379.5522524636119
202.41814116550114,140.51782407186997,399.76219328273584,464.9111564713294,330.19709088027446
241.26950106028815,155.74426434337065,438.967112372867,738.2696904534223,408.241557819093
211.6183797407467,112.18418385320436,429.3068316883851,514.7762905061672,307.1382142263523
217.9345491310853,139.67121947872997,404.89768520438827,428.6349490898039,342.24539630456496
212.85763240178855,124.36693022491022,426.8858872009628,689.1060114043383,316.55828645480716
239.09804362601915,200.87878535534895,514.5240936906293,787.3634578561126,403.04062195967936
250.36545522641663,160.8640506759294,394.12389753482927,608.3058975368881,330.0820292259664
249.21277515932795,99.10545177020147,419.126115747291,374.48925713279885,390.0706594911009
223.61946234342065,142.41030806021894,431.1956958287542,635.2330872877085,354.14315601903223
209.11101017294672,124.96804346313824,447.79236664318876,466.528223818196,379.5677128062021
186.60936529893948,146.76588204862756,420.59948571777926,503.2705815631284,347.00348407854676
194.07365111992218,156.39244617523255,466.78882575123953,529.4724903317898,321.26411348275315
203.86533897309664,141.30420753085076,454.074518542727,508.8323102935729,338.5633267874716
220.1575637835704,181.34309055598828,471.51242881637256,540.9942860406542,336.80701122356083
218.18976304773958,178.65432410010456,438.12928872135944,480.57970393003586,355.2834372496231
171.76045533800877,112.13716247112693,376.93057002700635,370.2375037644097,307.5780725721481
206.7487146069857,163.97924313773902,404.90084479812623,521.3051639175347,299.5913751761583
217.61917737874592,180.094818789204,480.4518764295346,511.76256490608097,350.85091591312107
215.8419785413984,179.59348582048565,511.9083652530883,594.0828148938327,378.63982895591136
207.9128722758858,159.05989860658966,402.7213424370776,387.9240327767521,299.84974392892315
183.8792915179902,179.65736739183657,428.34945837035934,612.4291094150148,278.813937678225
266.93408493078823,135.9401213154086,429.4010929719416,626.8520529049387,345.004498075337
257.72473618838205,145.35642902645802,481.6793588015941,605.0070081034228,380.66339575821416
233.6355500523391,130.85321995572377,442.59895122130655,588.9955855048353,349.05917925650033
267.2385291892735,173.40881086144978,507.27912803230276,543.6443161880638,416.72981106274136
196.65326241712862,224.29616727539084,486.6674676507185,560.7711613388824,408.0899815916454
218.6355367835788,103.83373493507312,427.9437632678118,451.14388605631217,342.5990958511149
196.23532738165568,142.2298643017575,414.75783165015275,418.924322669018,352.855814790849
153.6713765162269,134.40262066281332,404.23104034867333,357.96720675591723,343.51077447522823
179.04975159815444,140.981141418124,459.6481338484019,386.782146267205,337.9661071181906
225.0717453048807,147.29838026914283,506.6111013784571,705.3801218670026,356.2133234307391
199.59628255284665,120.6401829308902,385.3808303021471,395.71956190239723,331.7446350845737
191.72729843904517,162.19058171000233,443.63422474541443,698.6527733561355,356.546920387217
249.27068397251566,194.9929659122867,492.4849764500624,796.9799137533498,399.82849856660926
220.4952891810029,187.3915179930946,468.7436841162654,726.9051446554466,400.96783316678784
217.33624358022556,147.8858972907714,417.35150616654914,550.7624439403528,342.8696843529722
200.95304252951524,197.11816488966588,522.3860170187706,802.7546367595461,381.0169234557289
225.78531668566998,154.6595483636088,411.77860228206146,359.56551870428314,345.45319221969663
253.1691294025143,129.62514870243996,453.7842615729414,475.23017299980984,359.1576992838843
186.09137638409533,179.45692370141455,393.50619198922743,609.3071304697107,361.42142058606004
213.72338163665177,98.55996056015348,409.82652409060154,372.8148377768648,315.63193661463686
206.23495989765487,155.1511390529988,373.47529189409266,529.3235559104032,341.13022564660184
177.7715637940755,140.7215208545571,475.20792023887185,746.8947812201085,343.06876980890644
218.66656732095112,102.17332360125101,391.05722014165957,559.2345547174252,349.3525011740305
184.19921785435875,161.6851681876986,444.8568073744461,538.6323054895571,346.20017830413843
218.68262725499616,148.6377731023372,437.63627117179135,511.211846860854,336.8235265415578
195.59865030419144,138.19600325814906,418.6101014183503,441.6497022318564,343.66696878561174
224.670096064535,163.78713671429244,438.45267296551003,421.9777976074628,394.04107010670987
191.06522345181074,143.57305130482098,436.3742540420413,671.6263078969002,286.6936101460953
211.9027195060627,133.34923054536017,488.64761210385706,628.0682591638954,346.42299096366713
181.13046633168582,133.76635743750612,428.04030059179735,443.60016381700456,355.00493186758246
215.0521302911849,148.53232477451513,432.040313738787,705.4869427546982,337.63311636465994
218.14986152252354,152.9817031532199,403.3299160681585,583.134645643161,367.98827112427733
234.6981234008717,156.68186583344982,419.349527877283,463.4492876366435,288.4753917223174
211.72061315793275,126.18961669876875,448.08980270519703,563.9580437799967,355.1496770836801
206.82571276429562,162.05107200129478,456.26865489361836,633.699191271423,332.428234712245
201.25511369120485,168.46944754269,384.7351226443154,589.7422774436103,318.33891582788345
204.404047876878,145.8921583990544,496.525392814397,510.75180948990743,378.40514371152966
232.28130949626424,150.4921978659048,385.6840216723864,590.2572597112334,350.9975070048286
199.20937719711324,143.41178071108362,473.62112525141856,638.1334371824329,324.69080388845873
178.1181338007322,137.9470363054285,408.42364224831647,625.8702700287504,324.5533588368899
244.95169629172392,131.89939032286375,465.13129886487087,475.80851637674095,342.100336626449
178.09970761933766,163.16246789401941,373.18731686277937,558.2128790646517,304.5184106828145
243.60485303117545,194.62895747244178,466.6725605417742,851.4359775693279,437.3799516708446
225.33195673714,134.98004386787815,432.43283127769473,421.2701126327505,371.9428327761735
194.85505359221276,126.71748248914,380.11493341840895,366.49596118800054,385.0833114240704
213.84137651272633,149.43227084596361,441.2793937798603,585.926547046844,417.6156455472758
213.35878837992954,154.6235169335528,407.66076646305277,577.7496674016884,353.04179017623466
196.00615069331502,138.16974736956774,445.28863515706087,658.5937329496719,370.6132975875595
153.71135322997435,224.07179478419553,489.90441174709343,579.7588737163722,348.42023620546064
254.58918959117898,148.4456398675643,464.13762253688196,569.6373874318825,344.8475119135508
195.72118363650733,147.64740016029813,390.1615458826083,585.1603537251414,354.88023086623843
212.82539801901382,133.5867447472298,357.4888680006365,541.2267166196954,265.1523110323598
227.31582871963266,198.09124416716978,502.1900994593256,688.8786546082854,400.5619933028448
167.5096701305936,116.67918484209731,367.6150805613574,502.3808323462905,311.14081110367226
192.18387837844384,130.73200492695545,410.06632073671005,364.0373498915636,342.78920989981765
239.1860153944774,148.61975059126357,449.77363185171043,653.9057552056441,370.78955140840736
215.6564840689313,143.4988067671489,441.5104340954941,614.9531206487156,363.0530104838887
153.72734802442878,162.7113718411398,424.5484158677736,698.468815051195,355.6824728661375
202.1272340803527,161.9625282535609,440.3578437691028,560.6822654899737,347.5093112671048
188.70690649289648,122.75881533578936,430.8563183595928,665.3616779437164,314.49660596190785
171.32187814838397,129.02988902980704,449.13922612880214,572.4256433584806,359.6130337604399
181.01682662801295,102.44413565185505,380.79463017256285,465.01995593115856,282.1525818129847
181.67557341946866,157.43724892703528,449.1810333431905,576.5663213396643,375.1808954391668
231.96924277811004,137.36139338869486,406.7902126377739,810.8738520381837,310.99667277628197
214.0598390312777,104.99596474108031,416.27309656227857,446.5526188803545,282.3300031735241
200.61081678601698,142.18771155841722,455.90452691438674,413.67854447138734,392.6636215287705
242.46431262018558,186.71899550379462,406.83032629040787,475.6841060503807,372.70881388160643
252.18595712063473,208.55673642526205,539.6570030529182,773.9238498637252,396.6545725328965
189.61290820654492,161.0087147172864,444.8675125136539,375.8051162283837,336.064957822205
208.39274132020032,133.27268457848967,441.6640621505124,474.8538953535106,317.25449111001967
196.3846143940277,138.9033373833605,403.4091760492556,749.1836096197205,374.4356135155549
216.822014809368,142.6405105787391,409.5429935924236,591.517811582524,371.47464767756014
198.1611834379044,158.26805550301833,434.1140621398886,440.14360993637206,325.89016364644317
200.61882483803825,159.007378107415,398.3723865456563,588.7055994661761,373.8231529895104
209.1819552343128,104.00954018073885,340.20650111224876,490.0129070905809,277.6428369502413
244.96504780470298,174.69669790874033,496.6243943380558,488.2766768490466,312.5827998168035
232.08843486321584,135.0524245222415,404.0283198803476,495.80250084653164,344.73711645262495
216.95373551872956,141.71262676358748,451.14391279261156,337.9450740506592,299.2055249038574
238.69201458741597,108.16803869353201,369.310440065084,537.8187458633485,353.9010057252709
236.70546372927402,216.36599732711292,429.1611358355113,746.9998242062456,311.28266426812644
197.14286625096375,119.12862596398442,428.49863279063914,607.9833450561496,341.78625602972727
188.24173795784367,123.23884609473198,392.77391838836206,535.2188824395595,387.9287419940488
187.8852491868436,181.59858265726393,401.2257199659381,553.2613164177915,290.26457013441814
199.54539118546202,131.8950819567642,444.965277203153,814.1942500126041,414.56866779289
190.18134024685313,216.46925807642546,499.6159483552254,479.66746634087565,381.61196399585043
236.43942215959743,107.96236052013373,362.0946471518153,373.4306129676892,375.30147911483
196.0421406244606,103.07859974854776,420.48236490202254,632.6317370181175,378.4115606169804
202.28178057381015,122.26397541181879,395.54558171784475,390.91021282317007,325.5009009308523
226.2489041803191,136.43772666043446,498.53636563688724,633.8412196885894,340.8406268450133
202.25123377405893,124.57569968964272,399.05413613371894,529.9310437887726,302.10457725328604
221.0010578230782,162.9711869272281,452.76110616132814,522.8935348759395,376.26803962015686
212.9267841843059,134.73277893518943,441.1886314632561,407.7299182344635,351.57585106102283
213.3880034271129,128.38356608356648,417.07671138106224,426.50825265759323,277.9559258182918
193.6932162994513,137.29743050863735,442.32537849120223,625.3973698356931,328.7894440641138
197.0995919658078,107.71145294731636,452.19121795044157,706.454566719675,319.3868082104114
191.0661472419031,142.82291555971995,406.12259004002516,406.51898861565803,316.76019056485933
193.1648675853541,183.66668811215652,492.9030171202092,751.6421893401459,389.67855725820044
165.43413014654843,141.3581568808696,362.7012724360302,340.9327816375202,366.3586563402981
262.2393641506727,184.53917587915743,467.75440426692415,626.1147270033717,329.0021999069225
167.44714427889156,130.2246615469411,433.86758306479936,442.5596086314464,303.4214635054674
210.3429428009236,146.53787247801196,411.6801126592236,551.0686803889312,354.47100925850157
215.3624889135404,146.83944751503674,448.7390192277794,621.4349405284992,392.0217306811286
212.43618836535876,145.10508061012172,345.34087589926077,338.24603542074726,368.26400836113527
208.59081514978377,221.44275375074957,510.814015266368,564.0243301518093,349.4442378387955
202.2756603431352,128.76555894454097,409.0764473003515,445.1246764886417,376.1066015506579
189.55083799945308,120.3421261658253,420.78927985924804,355.92124321080854,387.6110485079621
198.32123899536518,148.70220061829016,345.37262322554676,666.4845851938012,382.0586322716462
222.9633658415984,132.3563355791525,345.2538123196359,667.3861807740993,299.5529107902507
180.94900847912507,106.95782318873542,392.4451376511837,423.05980859434834,374.8423642572459
211.54449213233988,188.12871855649243,470.87576516708486,587.9649471241846,304.2609343712356
202.19771437722497,213.53311662644657,421.6904576943271,826.3460250893901,394.51353556896737
216.51073864830838,131.3747992360773,430.3182252681255,576.6834257227002,353.9599415362256
172.29292927362832,136.8326203528051,391.8455763880508,462.28726588093235,301.61395592554175
232.01307766592683,166.61974411407627,420.9447737963516,679.6739758987852,362.73132871462644
166.23553135027382,143.53579767515103,396.7453816467122,571.9407181727823,369.48251549161546
156.8536753591237,144.95400536722417,417.9959747530333,463.51633465364995,303.3634639510855
163.0405484569662,132.11855924073362,385.7983299585441,491.90338407053434,281.3695523365833
155.94575736992107,172.38791463398044,403.8553249939727,583.6007252556492,317.2511194581551
203.19823735045955,143.6188110551001,429.1508628303891,423.50140374104006,347.833119250009
203.50856595181975,129.25283812430814,396.1728703575657,377.85414878096634,349.64924941210637
204.75456438789655,101.75668434666282,425.565218529271,536.9607465883978,353.5586211075948
216.60093753956073,160.74371971848998,498.45674717019295,437.40689862513017,351.6409740888197
237.70631961867733,186.5138275824522,444.6945330291073,486.84889568889577,366.1303319618611
193.04748576039174,151.6289630221311,384.760403743644,579.5571762884978,310.21593421199304
167.67920572284103,147.79564489201292,427.4977380402164,438.9584019876244,339.9827765107534
261.2248541518012,154.85855804511743,496.4682103209847,724.3331284676764,366.59278677821254
211.2206813576489,147.25366810227598,379.2819453380638,671.8548471256329,350.53085487084286
208.2106299944203,150.81096252117692,409.9564300173226,394.5881909034757,360.7832922642613
187.36134194273617,148.90046765284745,429.46757508292364,531.2155603674996,290.16291077806636
170.21653539019624,109.10642610967534,357.5074585266959,435.90643236765675,271.44534073610504
221.7729404683021,220.2345198491379,481.39874716263796,574.6527738103962,396.7759380013925
198.24538179809988,134.06599499707517,390.1425541566476,578.8045248231801,348.20343798378724
248.22712243960007,163.10479499899677,442.6044589139974,360.282533858981,345.82128679247205
183.44694268362355,153.9848227310165,356.7463402550028,368.8149402754532,261.8491110612651
195.848575214072,171.6102436898919,424.57974572876935,364.91288226454714,316.6605249531445
199.64322772225657,115.19067409060466,523.0329073814565,749.1373882881926,342.08812028159645
217.33310068354524,146.45789823388688,407.89685686366545,575.0472896244718,341.3062990343512
183.56589659615702,157.54922563183567,497.2595376128873,710.2641896859604,360.50822755714455
218.91475521202804,129.17616945040032,353.9391241302466,365.62276807014166,367.80203756838705
161.30324962252635,104.87990468205238,361.40402494470595,588.2586585124958,362.8131571417573
205.6602939257646,187.77924727953115,433.64572353799684,616.5826828385694,413.8977368416959
188.0040041658864,120.26250113560803,394.9737189079755,539.2438122715291,305.3382069982314
202.1446542811351,144.1981270703368,436.41130714597824,508.26021521971444,425.76544935700014
175.3054576059567,177.7827574988877,473.53094891813123,684.2021334916227,381.8281145135809
212.16235224523902,133.3682387619145,368.8135924739797,463.87873741088094,345.7133495880219
181.82244992668018,137.0214972887858,341.49608733722215,807.1766735287979,316.1776345895028
180.75239252367479,145.79542040363455,371.3296910732144,515.9759803569535,326.8297123720539
227.84385906235173,162.48672104933956,441.07783399791737,608.7300805256551,328.69387784128054
176.39177335181733,149.26102915550797,458.47306458659057,568.6353584444262,397.4415085912925
211.4858730460104,168.091625262642,425.4852564362527,469.99680888815635,328.2493134327689
191.15368053413195,129.9033826958555,399.6832516159945,530.8715571108711,303.0887024481363
183.20035768629313,149.55107101090874,425.2138709928634,402.085745025069,372.87364807303163
245.95811070070462,142.26036436046405,396.10603480205066,368.6612112415002,381.47549846519985
174.953481370548,142.69017547111983,388.5339172969717,641.9718398376671,374.38111054651
165.98754329290873,148.961274428437,367.6341249872212,674.7887579932293,311.83509142800085
215.08435657518876,150.20962066539929,400.53183367044153,457.93398631756787,338.67220085995467
223.30968837520712,121.28839998912851,459.3169498197734,541.8748352696857,306.40545714491515
206.38551432061263,123.75270240921867,426.1126981421015,462.2782440040267,339.46694475660314
201.6903260655116,130.31133012024273,430.0845358005606,586.8987955427556,276.0147427534833
199.39758308222002,122.68220854925562,407.71406098066177,702.0847902626253,369.2882438702889
199.28388543414013,152.56922747170628,376.3134903461891,448.85698054462296,327.6028485595903
163.12058026926405,134.3501581950997,390.2782342951418,700.085143886015,285.66340065084574
243.0917592688569,191.32023963583933,439.9708525848182,612.638661955449,310.5207112341376
202.57140020237128,114.76280493771607,391.6673806337289,401.9398148168283,329.36182235801294
188.60524709130422,140.61361426411494,425.27311964843824,635.225321350572,334.84892105221735
229.13422377911053,148.7176322350582,508.1675606350181,668.6836162444841,377.5417463234017
255.2428947226927,156.3659900971325,452.9569304088295,704.1910837962085,382.43964939631184
187.7713920711633,115.49204842435881,390.71265175306274,519.8542978490776,328.07729651533106
242.00492351831923,167.48976137036152,463.964407273857,471.03940490609784,382.7912673638277
254.2926598663283,183.24634709778326,500.6059745553791,801.422159554529,389.1482463245675
187.1875305033191,121.5972904418223,422.30879683248696,583.8448539075563,304.67202081932544
190.72960210095835,167.62161324122027,386.31144316049233,581.5999987736986,342.0935710078168
179.80033775015448,172.71706213390962,419.06373169333835,660.3317625197031,310.33121953765055
190.74208804568897,119.85096918318008,419.3248767692183,411.47555001004275,321.2739872298757
233.21602690736276,198.40359405165466,513.2832197716241,554.0456252173046,427.38590903679653
203.1755084478207,224.2114415195826,404.85605443126127,763.4132057018616,263.39645756345624
220.85755373911542,145.02141164207703,502.5996895075594,824.3191066702567,371.12015950739334
157.71437433958872,136.57768059453747,539.4426667245665,853.9599311029789,401.6799690864533
189.45365241875902,150.77928632114816,505.23495847341945,714.4421327735995,410.9415588775057
217.570786573317,155.5819022666503,401.7416367787735,377.1843617280457,355.28333928863964
266.03394856199765,225.69376152201133,516.5893566810538,610.799928661638,329.9912596165106
148.14237925853632,121.15474183594876,372.804629446884,402.27197074727195,335.20067249660406
199.70011653806938,122.60553827422306,409.2066294605577,592.6340187403249,398.6194519463865
237.2289947058541,223.21430366827838,453.9249512602711,839.7426664961938,341.22526287651283
164.13704509704587,135.25666143424337,416.1118753113545,606.8147221771267,367.35028470685296
250.97297864146228,192.0875211806727,463.32238408993766,586.8430775658543,380.9861150203371
245.49843720490617,188.9747393761684,449.67213738664907,765.7249894864299,394.31253297637386
180.03677821852128,154.07707334465445,375.97851059032394,550.5169160018573,376.88461131046483
222.06479835963432,134.94349114100473,426.3951894922346,423.85709589542444,409.53930089883136
186.35169044902472,159.19014108062342,419.29161322413415,441.4128298452304,286.2491622942276
209.3981789231103,100.61869537961114,377.2018323115426,491.17948262768044,300.35521336425853
179.54968176435645,134.10853263170895,360.0597685483976,440.87699896218095,331.932876307984
210.3253229809749,205.7051879774723,401.6049554459484,611.0512501567821,352.14432350485214
217.25104991732093,135.10869085554887,406.1948667077443,466.6352936826763,374.72422881577336
242.796401891079,163.7839916154938,422.66846831953785,819.709988543019,349.34346002809895
253.83497807638037,161.66531608164865,429.48773776088103,493.08368379354613,336.02649129842337
168.27281673458648,114.64994668569335,382.83195980296625,355.91572438083625,391.70974348658723
232.0276468671715,155.6983337309491,461.328734017882,734.0386986363593,326.224442974236
187.1734637159962,176.70805460733686,399.9786036116251,423.6514672746888,289.5278604032264
227.23034639674324,129.73259975202066,465.41073079693643,762.9457215031825,383.9878856372558
189.4732839177059,184.54429132467382,453.1544567959249,495.7516212109399,381.8650325988793
215.67595198934393,139.26963362155055,451.4708207449389,661.8268465340868,347.11128494251153
188.40055143484997,124.38361142376688,434.7359909379678,611.0441181519643,334.9174163149279
181.23119393031214,173.8758860720833,423.5306705585741,514.2356385743329,333.3156515094671
191.59694581366642,96.92369036544098,434.62000821909,329.3184028757765,318.3940935071275
210.14301121877983,181.68659343944742,409.9143755463886,567.4150963610855,436.9532230436627
244.88325345405832,143.16064632911707,407.7898897946617,541.7941366337691,434.668937241804
197.5178480411845,130.57049957486842,499.01095182640375,426.72293403993064,382.57802125667286
239.03859632116567,163.12491950093178,430.789565644118,550.78203241288,431.90798800881157
228.47659974166135,114.51754708219093,399.78376252742413,471.28691348775584,401.445955161609
231.7685774235216,142.41726050671002,385.7600301766971,538.1185378751234,346.159564950118
165.59281085978802,162.6329290233576,432.2623769159638,561.1559318018003,366.1816538414629
232.92228070732048,139.86346525135696,443.2753754200214,813.2455676522966,343.78890694044566
205.91275236313436,133.94479602651734,424.96018570885605,467.9348524317545,363.9460338732957
261.28107398968035,167.7486977499355,525.234774669944,660.4792619820109,416.2528495208864
204.0461095774109,116.31229650247174,445.6042108865115,487.34603091397895,327.9768512743121
211.97852345906446,139.8990489459215,380.1399884632877,828.9566369369788,270.893983409763
184.64018805936993,117.93985743480879,434.82862946102404,426.601184510326,263.2686192355922
229.58100574852995,125.37087019978402,437.91416106127974,475.50486184582434,304.51141058032374
212.7734609147903,193.6352772143519,493.96226123898043,628.7911516199056,292.4199756894454
221.23667183908597,195.17916819170424,412.3967181376139,490.37073373033166,421.47782928706926
187.61037315651072,148.2115537253454,404.04423222551327,654.9369377266468,338.95391077639107
176.83213993616351,146.72041663701032,369.12911976765656,334.66481561937076,346.004002078514
171.13305665844206,116.17183116821369,375.4812683709746,379.69755990986437,311.86377178080556
185.8935549907516,179.87268950254645,402.76871237988183,694.2048333508864,355.34993160978087
220.30527717073878,176.36760940793914,411.6464463326324,593.3996457575417,342.350038100258
190.03853079028414,150.8467396863127,424.22604120447437,389.6208774767076,318.3162778963426
216.95817319781665,185.81719556661315,426.49408274517657,423.1568219863686,337.1257597216041
274.2527996901239,218.40943415199624,544.2219919601238,576.712659458015,417.9437250734158
212.65243346379975,133.57798460882063,447.45043589200276,470.5321507941695,348.56477044030765
201.08616246700572,196.70841875123676,468.70814328427923,676.6068611819992,400.8070619765764
202.37425664048862,100.06555523373888,396.1448246627596,517.0341735898885,319.2210558292773
214.51225929354806,128.6510642645914,417.56273462180525,679.9544550036387,365.98512887252605
194.4233703732053,149.03313674565166,434.3303671926401,488.96629477318635,313.19551958243
242.74707478676896,151.5777867316577,455.75427116301876,520.8895041146819,346.3180756376313
205.9459344446399,162.33946179413482,458.46269945203954,659.278180970671,331.5833350182116
148.18830971364616,113.18932494998103,397.99677593688415,430.03032082608706,344.2576330130192
204.61239401271527,142.10038643684086,437.19950592414324,842.7786651061784,316.06642737493604
148.78021684253346,195.43006211510124,468.96442366961696,695.9122510412699,261.89802686471813
181.06583762300065,138.08995563155142,334.13368288704766,817.6170988165369,304.8244448978803
203.78530828851615,151.31402534345773,474.75261567917977,608.7308440780362,354.46886140225325
214.05394644344014,209.6504861144015,449.69214678370815,801.5478332795057,276.9863986979148
219.77359692601004,143.98355403581832,438.16272665591526,485.7147396725949,383.4039409333781
189.99843494450354,156.11126668099533,375.6912075732269,489.5573361430267,323.2740967744706
168.9797263740962,119.87611785377965,446.3206786014423,494.03772414314324,310.1670446714636
192.67951787273142,143.4008430202654,425.56762649499154,468.4102325819283,298.14588363634266
212.26406483945593,140.4335239363261,476.25306474139313,625.2831359126749,340.1593225339159
174.80467551875196,117.6382794487618,400.48730365698066,361.56021127766627,323.50993735980785
193.54195529838654,103.78723900007219,367.8932456978558,332.7762825587466,315.1880479901367
175.32974764968,111.13263396086373,328.26682874783506,379.11425321809594,333.1438231614588
178.20772203540997,166.85872492624483,512.6235557116663,575.2399902959521,381.86040257724
183.85321851687434,157.72962356556494,369.34819042392587,680.3143236616977,380.01663826672484
215.54383902548898,151.62249311085242,525.6647001620252,732.4094022064123,342.9205467608217
230.38939468040311,186.58642803752633,516.522280236867,817.9482721206527,355.0480236524795
215.94723455174926,182.2077121667856,484.22740648365937,675.6645097119341,345.192312631216
187.946750361992,190.1318386502417,465.5480428801159,712.8767080372193,356.5082850060963
192.19165978172356,143.2875049217215,430.55130883073804,632.0597296318953,339.621817637451
225.01028255854123,165.28489705057336,459.4352520105987,437.8895532571925,349.54238202256437
178.09494747476637,158.68428654543916,385.48161431873,567.7697047577063,275.5832076087963
201.26339424446633,138.32043935438335,395.46239665443557,463.8602041949062,336.55763073818474
232.0689566903671,137.07240876704546,399.1715298086238,400.4280046349226,344.53823867684747
265.9657179760999,212.81493301079098,540.0267210596677,787.4897768330289,441.73628645242474
204.9121502409897,153.6655817573156,422.02811812283403,486.3019147808062,316.0374588063299
230.39041615192133,184.5020486007872,436.49676192151736,700.6954586665444,365.55408274265363
208.67179737323062,126.4055305696942,466.80240510499084,605.3790563182234,311.0422965111667
240.8995084331969,178.52856344889315,459.8165801258621,426.5278970584089,414.3925431993403
192.67289944141058,131.04372626959133,387.99126673325117,574.6513028751077,333.0496900602711
173.83609185444155,140.3460515690085,399.2960045010194,492.0807958425211,321.25685500687166
198.90960435364457,143.56208849693977,371.20877315071033,474.867187533091,390.672198458639
193.62847995688387,140.8247924293702,436.91776051938814,572.6064880864571,405.95611631196203
199.7051236992242,135.73689334838284,458.29328533940884,509.15239297298785,355.6681540824102
197.46746016749802,117.92522819947766,398.5006965833102,594.0700769577536,312.97350771287364
211.53911069864554,159.746770058568,431.20423696943016,607.8846823687857,325.3788757081855
220.34496095051145,164.448766831615,450.11199962404146,715.2762156518035,369.0034700454294
228.55082659407566,157.1103152320844,427.50755579032216,572.2098150863211,327.6363589729127
163.30028767969677,146.2962067106163,419.35421558691945,609.5110561093888,320.2509417084062
234.51508310919806,182.0150997556481,515.9704489984327,599.5036230172999,322.3894251181845
158.65548349489634,135.68894743108297,334.3941537244162,392.19327498319603,305.0336630276704
216.08008556347704,158.77739031483566,431.27952580893674,589.9067070680227,332.752837428191
249.4506099478896,190.17534212510714,524.0760151541948,681.3539718472083,429.2665399503081
154.60590085844646,123.360604220268,423.3754830884177,450.3020827291681,295.26681134976803
207.31322247484826,181.30059538523682,525.279831497473,456.202399612579,396.64289145179805
176.64667409248167,159.2111292159633,435.9328916977873,493.31390535222357,329.3860215381287
221.1208759201099,220.78319797479992,491.1114022315101,811.295995460423,426.8592392828274
212.84806463018217,135.54504352900537,425.20629463099556,516.625578291442,355.5193661798157
204.240294540423,162.94257241568124,488.45450164535697,500.1138044240693,418.2479665153597
206.07509805835815,199.1252375245829,421.32834370191154,677.4724853917571,338.47665305277906
200.0902918132437,157.99498501349152,368.9892203125883,544.697357287655,422.0607477261961
207.63048582693565,169.35159665754864,452.4007711656597,672.9502007630076,386.03594766913204
170.43737045772943,111.1378249469349,405.0748117051325,512.4027749906949,311.8275348988456
231.58623673865372,140.57601766111267,435.9965809751985,431.7611699482835,408.6910161582875
198.88265949059246,169.53724867293238,408.6499110132702,607.291091997843,374.38088648470284
214.636370195971,151.89189789529254,469.07693173579577,608.883166869872,300.0749646086467
229.4851457079987,145.7722658985067,394.5118756803453,447.77526042311774,395.1908402882636
186.19793185213945,158.88558585510262,406.18777088601786,343.2179199707894,330.2341205913498
199.3939361503208,184.45830138750182,459.139669651778,601.3022286020062,325.72242577382264
175.23603106610918,158.26455952638622,399.3369591811092,422.5503122051543,350.0135834037324
152.64324624407251,131.83860319820067,363.386538123119,417.9757594031594,342.0967678941725
190.64033560861216,145.61418990463164,389.4816606298684,702.9100896244155,340.3000041601945
210.73517664817652,115.64844970779806,378.4414454810911,356.6238771282217,388.2354455297974
249.6139253848188,188.2609943056358,503.1159901654241,735.6539795730723,367.75287452813876
224.7222708349095,153.79758807847503,443.60911757990795,633.1674409380096,329.62510950570265
188.89323680955061,119.67071545197258,474.7837947570105,564.2961987481851,334.43597307915974
203.28601588157525,149.76180501763037,387.2691422866251,463.7164929272428,320.49720922719746
203.04934080132386,167.8940979335134,469.5232973771684,544.8607997847156,368.69213014587973
153.27249853601708,101.10904474730752,376.6428727092567,344.93586790871274,281.15476827376375
247.1694575578415,146.78631439385683,367.08797823316627,532.5988693614814,363.3733215420241
205.16165191852505,155.05688710759094,387.0828865134015,610.2263146904752,322.75975041481985
252.73980528817694,184.24147913589363,535.7299218438229,820.313507267058,412.1322913079479
166.51954446056112,100.73554018280309,340.73372720628714,444.9771000845428,265.90154797330445
197.68279020906212,182.10759045215892,452.53530635520787,584.3674400363443,319.224253728845
222.63515931979626,120.2323101511445,411.0045686305479,657.26733616916,359.0044488355115
216.9424044432152,148.18731775142302,437.91243047260895,572.8017137183823,312.90000772553367
154.50939579161252,162.8072996619278,457.34905715762295,464.7558139983327,383.22110419391004
227.8965866616268,142.32875910006945,399.0397020680844,376.0003051386587,308.85271239913027
149.77368493829357,125.35272904551587,410.85774312886565,411.44359592471864,306.33413120638255
239.10802335721505,172.20656443679127,394.0655888039732,537.1967114479644,406.34194448837627
235.9514287101179,200.28472475677222,379.5933961004912,754.9982217340702,297.53370469351984
164.7244384903036,118.40855853625489,347.22637415421656,413.72595823280017,327.77234774432554
234.5274539433024,169.72465597366528,452.02988888525357,581.2563959960298,339.2997234052281
167.9683904641677,104.17539087885056,416.23735114653255,486.19577148319956,285.47549520740574
266.5244765032388,215.31775398277827,436.04938542952567,552.8376363227801,332.28646487411214
176.4385019872056,144.2542698044205,334.9442891553395,665.4129921577083,338.8338009011444
236.87862169713554,198.70368254296926,448.7722880573925,824.3524157174107,371.2573341155806
203.49487429064843,158.88898364752376,415.9330520403678,659.9176731339625,339.3233440950707
211.75897377149232,148.5491299955336,476.01702276738376,724.6620704422892,366.3520459039663
212.05567876358538,124.62042805100019,410.70447718608426,414.42888999064286,354.42325301592797
214.61695939859084,153.75887474362133,401.68321189274593,761.3994702976527,339.2017937508609
231.43592441358692,117.04404022929089,395.279680580256,394.9186973584242,402.7711038910797
257.8409285212309,114.50696667157297,375.1952205863781,469.56455709076533,326.82867988147933
198.51641369973058,117.57999634987057,469.73614589355844,644.5427162181207,408.4917958075197
252.63838152622836,137.41370836079474,418.86384349161693,559.0243733312142,324.25437671783595
178.50643406427605,131.42645561560002,433.5629162432908,651.2310424377406,268.9115883082329
210.71323392882144,181.4428427787253,459.5044681829597,557.0004833107483,350.4223653427912
218.7300474529884,153.72510929648757,447.4400712358751,587.1207109472575,337.0287348277233
224.7039307347928,120.31051790045218,423.72317392556323,595.3425110350643,360.2276564101181
268.7813697757061,174.86042796286287,424.08718892449565,527.4557671271616,423.46912540149935
206.60313391894908,165.0009252065046,422.7564727288188,421.15749278312387,339.41569733060925
174.60594099506937,204.23868497203048,476.27809172930483,668.3766079670887,314.4585365635194
271.36962275485536,194.39828647832482,534.6774990017387,703.123047789967,333.088807702179
241.72263057245658,124.18068333101739,409.4412329795955,490.04534762213274,373.6111994260508
180.12157644612122,157.73471019715,460.9208337882479,542.161290889336,326.7902235580893
210.62046041525915,143.88283452166013,407.7427746086495,516.7778978755302,345.8022142557207
196.08252929394433,161.73026965831497,334.73119694192815,586.3490259704605,268.7700329519422
148.12232921866027,216.67760805646014,346.04696658551825,660.1863799216827,377.14099642768525
190.59337287831065,192.6358279082976,466.9128870843265,567.9379827857432,305.50184804603214
208.3473358841828,163.80906822013122,439.19420524499265,618.5746011414883,342.7915247749534
216.2845430038036,133.95179174558467,431.96544199612936,578.7276196483259,367.12783781148477
202.90226108241873,185.24259799566488,449.4468922334298,737.3306661771207,287.660181365589
174.75627074710462,149.7179146166262,385.42973887238855,513.5470895111696,315.38197543994
183.6202556095159,116.60856802452614,478.1036955432713,688.8520015235925,303.027446420589
176.64646291823428,146.92669280427626,408.03213802926825,506.58530530775585,371.702234922066
210.2311679038315,156.968975099681,424.15687939890114,501.5693676716212,322.94671696746576
203.16355036104866,144.48359964426524,411.1049068843824,536.4494727258661,344.4094921123648
181.40454948795815,160.28128883059796,413.78918460423296,757.3530971883631,393.32216977114365
230.88038187952557,165.6469470859123,440.69391617648307,608.9414538435685,312.2038531540487
179.25596331438382,149.55006687310214,403.12314862109514,365.457388635823,334.98693941708
179.7360457334035,178.65486197504794,386.5901892824842,470.5760514357332,359.0729864849627
227.60012635484964,97.13060372643609,357.8834792379147,331.71529168977133,297.20399606075
198.54279400223845,113.20234322569377,405.1678729156797,397.5644070203654,320.7955437809255
216.55802319141512,130.3432381836732,361.6159712834913,333.39935079327665,296.40224755360504
176.84744561174924,136.6019160048487,363.71269521710036,336.779019803288,340.5741964988511
262.16477205975315,191.41430041639606,490.0184834760694,481.37521420549734,329.0354252258389
217.60377930542018,159.6363233330076,418.1448521772526,621.5355394886312,324.4791385233608
161.73677126134646,137.87738407185944,433.5233945309883,698.4112411633657,318.26846435339564
227.10298743988622,157.59416165463742,447.2411440907358,701.3594593199102,376.86047204658627
213.16115789571649,133.17421681368523,449.46138744421233,549.3489482340765,353.3981478201621
184.47623455730587,166.3737187401865,470.3988548122574,623.5659598478619,307.88774124971764
210.38800726807804,144.9263493579194,454.8466590061733,679.415195640085,411.58917693446875
156.04134825613073,125.68282654172138,371.2566760788628,441.69982171992933,307.90837311629906
195.33817312869147,158.2197777668759,425.29402727731275,490.14256390356053,349.6906547656386
166.30153591183833,101.2648132493478,343.1406314978723,339.2975150835978,264.6073119650492
179.80398583710954,178.34115863930631,468.8505916335578,502.89026824911105,295.34906895104206
189.8213379138068,128.0278422305481,415.27896641550825,415.48726641590554,279.5591706468311
208.23000090012496,151.85850487250244,430.90639310667626,608.1109398483326,322.1901433242427
212.48745386994878,103.99166040471434,401.83724430741927,563.1829026797392,330.730726176532
206.56368905015898,173.63918289555133,514.6903164561843,521.3588900503061,336.0825846786747
196.88521859142608,142.7577993496772,449.37396515825276,550.694731498959,359.03157612189995
190.96461849130984,113.24971903027051,453.47530735491097,362.64299476055305,388.2916496111465
186.4999786825331,147.26373319521124,353.64019385072123,552.3972379048977,320.5629759451314
209.91108712647866,140.83719404595152,475.0408195054686,581.5932378015345,343.0594276849775
153.1043226419383,142.64171113638056,423.8120230998449,411.3075457108262,293.63653229480906
183.88457987009846,196.86614036723958,442.7842191239961,608.7617453826815,303.11830424177
208.6907626537979,134.2144161034287,463.0815329894095,516.0968187124563,354.51330392587545
186.37263748861426,166.79193363852298,508.08271917690547,440.01722322677506,351.7227103753456
215.33221922798504,172.08755485992017,433.3452578683417,816.2529479919178,356.2234370278762
238.83903151717922,147.86423323882036,386.42904670974417,516.191328516263,331.0287008287575
208.98369496011017,103.64430996063668,414.5781466215647,460.7306534620085,335.079742034587
222.34865241921597,205.48666819915775,497.8414108461958,859.610672657854,439.84994747282394
236.8123823219976,120.98092753536046,421.4181574517127,462.85632575320284,358.1224557113689
174.24833577409524,152.89396979365722,452.6987059692069,818.5825556817127,384.73842552245196
184.29212685332692,152.15972485210963,378.9777675266566,534.3481144757689,330.28409872430024
230.71037490768632,141.470894746267,470.1013552578803,619.6697608351062,397.22325619166105
265.04801865607607,185.81252963909486,477.3828162853102,691.8828575589505,395.33863263803477
193.95949265240756,143.69795750950232,419.14178119996603,644.536057423272,373.6382380312124
262.82061547801703,156.23959909719395,447.62609547463114,451.11238804050583,379.8806181510175
217.19760141132713,119.44632661034217,419.5294805300914,662.1594239279547,318.78339652473994
186.89649097789658,119.99307408041949,404.65098998947093,544.0038268949085,392.5013822236431
256.5448798721919,209.84937058028655,509.713258385654,583.7323365008289,413.13926621556874
224.45556362203763,168.65639537522577,410.9499477771106,555.6986754850178,419.37298211505293
166.85206107990618,131.0090910499703,370.6225099983203,420.3107804102606,299.23555285503784
209.11777136040644,146.11014305680726,433.7544556089338,530.5564517801926,354.6574734411198
203.02887859496624,120.89203034752562,432.0858429449915,437.86465919596407,341.7850200051111
205.1693300631954,168.1063809902491,535.4869584740356,639.9399233474743,334.29604268537736
176.5977176835554,120.35082659938725,352.5133137668307,716.2507390878774,329.66003810022835
188.7084411129997,155.97982302046668,396.6310221780407,464.3074946490172,282.8316877584203
182.9332339158972,173.42028660709573,511.7979320166631,570.7619641126686,358.31307462674124
233.70853001369562,197.80839290971434,480.0097865464294,845.8339404584382,338.47457954192765
241.91250501012394,164.26055994456172,448.5802832583677,616.141439105044,345.4810132814403
273.419272389162,147.65798418590478,522.1893217361842,409.834955190617,323.18724537722795
199.69039495813408,168.60089670826412,431.95868645785714,551.167003378268,325.83079508871197
236.13849460026594,136.33561644461227,426.35979231080955,545.1106275008661,348.51247170314485
202.8101160260499,158.3966264331308,407.281598103737,534.831202107563,286.48793948678593
192.25110447266306,149.83864099145967,354.24662700382163,584.4833699068729,374.53381151545216
188.5384643741819,193.877830575194,436.92880315053003,810.4017396104033,340.8054598565971
234.72778741923005,198.01970956017144,473.64414129990126,809.2589280627764,377.5840671766438
231.36892213218616,118.12859385384412,418.0992673437117,544.2668370615135,383.4706287701375
191.26767506847094,134.58223900230016,453.1555651568982,521.0052110571389,364.9647837734057
179.85874985374986,133.6210786387783,402.9519939185559,519.706753803306,331.9546890067095
175.61699909353214,165.64556814746607,453.88091830867916,661.4213189566444,367.83784446602476
201.42565669291014,167.73095905826293,424.48163701057234,566.7975311871353,308.86394097026886
196.42643876269904,181.04565771590467,412.3605549037993,626.4436380276458,374.2551066845091
228.77846429227907,184.4253058141698,498.0600128736038,671.3792785267044,384.04501379426733
260.4266566776058,165.28289703794897,484.97128362427486,465.6247200887502,398.76154430300613
187.81472040302808,163.97087569915536,337.3652347935739,369.34950488915376,290.25072056078744
184.00403124617452,159.1690869757066,385.53718601681607,369.79961645886874,317.17246757729094
181.75323538913955,139.2033546461605,392.4794437271984,349.5857072215577,284.8105781038036
260.91110967285675,159.23197201377894,475.37773904301946,606.2854166192783,391.20309238178055
197.9042112910361,134.07136906614411,431.6960827617459,395.91233801870595,330.93017588372084
202.30906069763165,183.68587636174354,427.24779503983615,620.5066282237193,347.4320038556962
204.4693770087337,156.8755651458327,410.1594501977182,615.3905838894129,331.46457537001845
197.69005499980426,109.83679363701738,399.45366841591175,451.62629143259625,321.4789297602673
213.7461220395095,157.52453021618624,515.1936700969886,814.1400728231586,437.9788497878523
214.98367191542556,144.38936006994572,352.301187147583,606.454433190476,314.24919539028605
190.2775506852886,141.80873601285305,381.43116043511213,434.2763788360174,294.2557401349293
200.48663086856845,151.7644150611629,417.7468107889386,608.5063884187228,338.7970586961295
221.78770434612534,132.1346270299746,451.11895802325154,562.2859537788919,367.46960553113905
210.1487127153219,124.73689824502563,439.5674842000961,468.9361770594252,359.4564693776067
169.8276268229861,138.21045335704545,403.2398328087666,379.36326768584945,305.7887229844386
204.59247712727952,123.856775544165,401.5528649800593,467.04868269418046,345.59233982327913
228.26301573609112,162.06809429955237,416.83577309606966,621.2040301837421,332.0195427233492
218.456250520363,134.52050295910308,471.26890657262186,709.3294104737075,386.0147962379897
198.01346772661466,159.09849141269322,506.4991770254802,487.00622311145867,335.5103151323394
205.8977586106894,134.16902774727177,331.83571661751245,499.66397544003144,320.9807322401003
191.61684185206025,98.19656272213481,385.58265561194145,603.6948737275153,316.3532244983914
219.27409100832912,132.09696457575882,448.78612021486305,606.9532784428326,414.1382899538171
181.4161994315314,182.65151029353174,398.79701445173964,472.50021955983755,371.8149162105374
211.14930810644992,114.41780720910663,386.07216775705,558.5070085119978,355.54110427758025
168.99159074963407,140.21313743385525,402.0127789935698,394.44942287302376,383.8407851265761
225.01584012384296,150.26146737878747,463.4286067036041,587.3322981559738,417.53432692873224
185.61035130775264,212.54563987301827,472.2747096954538,675.9909645550695,365.06633596485995
206.51428650486937,150.14184719357374,410.23332488853265,565.7497863099425,378.6246247416315
192.8350317881491,161.29213945515383,422.50913453806083,474.3212866202311,340.40977112595834
197.2237896908589,141.429255985611,421.6126554800019,592.5226725609496,318.1726971192642
181.99886194923297,139.53425540763965,435.213791506666,585.2406030387192,317.7443780751162
163.03820363025727,106.25717365569038,359.9000707741954,351.79271170282163,303.03424748221636
232.630467079052,200.14236875728375,416.0235009461894,672.8094255741128,348.5926673918653
228.63423822352834,165.2454021151528,450.00642926116086,508.24208403896625,370.7656232707442
208.25385571302962,161.18504148978653,467.7717546215189,576.9395982970224,349.48089688733216
157.22051895772535,120.96170061185687,425.2410362166347,637.3955462872216,358.26633822146835
195.83525786252324,166.9293469585193,401.43660754734327,461.63694600923935,390.86272221360576
185.9576692728013,124.08836533815784,420.1382681565554,541.0185944741412,350.20647379372144
227.8456599800402,184.21236007500227,490.935351124326,405.6320854990634,426.6188266351429
233.5448202311688,97.75327862062429,370.2863053967415,359.4427093742875,356.6812861168114
206.7617547894764,116.99634589280399,378.09029629076065,549.835833583312,365.2853362480069
217.30836844275532,141.23614250083025,422.8591275000656,411.34074787193504,329.0732979757684
215.19773175655928,190.94501486010134,479.0166071995243,479.65456463886034,356.0189549925654
194.83567857828132,133.59460805852532,375.55102413946764,452.6069282423683,345.1636185271699
194.01444674303565,114.52721629994114,356.6706694182127,446.3716400852656,321.0181594899768
170.4832041935812,106.5748778157991,364.9153827416783,465.2057691007681,298.04246853618116
229.7182274331911,139.0412949806774,412.8740835010023,590.5486449985355,405.1764562608345
227.49272736344236,97.52595397597672,380.5479757957258,414.9692498729081,400.27348877364267
204.60406945983146,140.69985537606502,421.5401030654988,514.1571296659132,326.25985345398476
234.50553589388235,183.92494638749375,406.9588269409296,579.1202971372766,323.11798194280993
236.37665065461482,177.6225946002186,379.05069100686626,584.1705061372824,303.89229742328837
206.93139375035412,131.91625788530854,361.9266236898625,462.95825090145263,324.869058720036
257.50923441328905,102.53698076219612,416.2719242077407,507.45314462962375,366.3412924948441
259.04342108242076,206.5653079196297,510.6979983786316,646.8263431637706,392.59558388399586
167.44154305288495,109.10432870977846,369.5575820575258,354.5256050328665,307.8908344021188
247.34437316525404,159.58070131540657,475.0627162487237,521.718136608425,385.62225278299314
215.08376107291886,160.87714426384665,410.3320454863714,343.9104163809682,284.61023687157285
250.21692797097933,203.83264810193663,479.3840747810024,591.7881045859799,393.64966095514205
191.22072355852146,165.58402506874583,471.1230135748191,697.5759467247631,415.9695660782879
245.8463802853458,159.8278245347906,396.9763888108024,565.8261969372992,401.7332820651249
161.32064753858137,105.92094655473338,328.8939116820539,424.0135778710528,320.9283192843169
181.75651133796038,149.95254426351624,380.24828927112196,455.5819581905686,300.9912819623434
224.40432404782325,152.14577106964805,346.98860244550104,795.1886738823522,344.4553984403903
191.93930941123614,168.0991770007093,406.96783974496356,534.1146761025042,414.63903620358565
235.86805696555393,204.28143777328992,475.02666996221654,643.8073460823298,419.17036871000266
197.9438084345062,157.01601700899016,412.77001910313,542.7467157995549,346.5121818521867
206.79556740339544,158.27021659239045,442.05586545095673,690.598369365642,339.54344514614144
246.14507936882757,153.6389312421436,468.4725826582967,564.1036698889917,348.2280039726968
233.22245036293359,177.5784611734514,413.5634966778344,662.4215449564591,311.79286635776145
222.50529254301642,165.14739321737923,409.28503311090634,405.70242451617173,289.57423669467425
169.75509519751725,178.23906056553923,427.2133836284315,369.12318350920987,306.22626009084297
190.1915783755941,96.5834904933108,377.783002046753,369.67567286146397,336.73855824897475
239.3185681218836,144.2484801929636,488.1146425614838,695.2441078834653,335.8894214155282
178.07770295345566,152.9081536048504,394.8639744725071,516.811817178545,399.7167097195169
163.54281735464278,118.58933291736642,487.50815277062645,600.7715706324256,433.96897032030637
169.6659117803747,113.86167667567177,334.404572062192,480.5672936010194,334.98995103047
203.58610220145994,137.74783805156994,413.91565983062316,439.85455861796015,327.50791503989836
231.8957939375894,156.89694779414938,396.58452047846083,442.9245584585807,298.91426892573617
199.92064813466772,214.96847292966723,387.91501680239423,632.2946026863359,266.37845624409624
214.51094992430905,150.73316029959034,394.4995816562658,493.53724389172316,314.2368464007883
234.11851206240925,201.5860760174736,491.8873841513836,494.25449400256014,346.4934583693163
216.9547049305935,152.87515265179934,451.299404449019,712.7168120277098,401.14469655150174
187.37277235635432,149.5489570171878,376.9371875573162,468.31863542053827,285.5024376025769
231.16015302027986,128.11078785827976,443.8603076087559,650.33474625702,309.8848909439341
198.62561734187125,204.77148522755886,459.64857975516406,589.9977841768913,396.8166615007783
184.61576061384932,146.78563596273216,420.4605461886926,392.7156613661618,316.11293344471346
213.51910328851093,182.23139738110106,491.77682486209125,566.0788008559625,331.3014246096631
206.06978874719604,180.95923743405592,471.63400942156244,641.5676261948047,408.6908564680727
182.01911527897795,148.19780540920812,378.57879348053564,452.2061651180761,348.4940400073388
220.76241553328492,97.07120871138093,356.57979991025394,467.5940839007756,417.0642862020787
221.91293210635573,155.03954090491655,475.64627521718734,425.6260296157192,409.22293161436465
207.00448614594865,145.4575803813,447.83997454705775,510.21603352570133,376.141815024275
200.51705756993965,121.68732381963015,362.8585796435723,440.9753590635916,339.5756513743788
254.43482786641542,139.80410662224955,418.49174310381,603.5229758340265,322.50369609056634
221.89202335489688,135.90265634925237,478.2073262185418,623.14909703224,369.0016780101962
228.81128131990502,139.59433083302523,421.41732312374927,526.2437938105488,294.2292369249172
219.50720720572346,184.00611254492748,449.707695357278,431.37296203363786,370.14766074210434
228.77263300127706,169.4363978621265,449.70320282082093,413.65166980234034,353.0958398116345
216.9855946162282,110.1000535594762,410.71372279402743,726.5574280082405,312.66776887499753
226.56831382534904,129.33108000350904,407.0248586564309,498.0869375665312,309.7367000260767
191.85087529543895,165.65702846824286,406.4564231279632,791.9081075678672,392.28467234086827
216.78926808068672,147.31063943450263,401.9941295868567,384.19952268595097,304.3169151200717
179.97689342593858,98.51788857868999,341.3206429968217,461.1025585635688,308.7198018469839
197.07098911809817,128.84667962275836,381.86033140936644,426.13235302497543,366.07412665685814
224.1427996808233,128.7147526555862,530.9897657941226,671.6948143901582,423.08133760327536
197.31410373930626,134.32797424556045,438.0459876553413,662.7772043412128,372.13304276224056
212.77782336215998,161.55894170892316,391.49589970696934,576.9625366569601,304.8234238401773
155.94626724462356,196.48471627921262,435.23343274256916,635.0320298297225,354.927475963344
172.9305691863066,156.98830267212972,412.78936963009596,546.9564720413186,288.5069711159433
196.1909375149431,126.70487199206045,430.15276273861707,591.272975533678,322.30414438394047
205.4860950137722,185.81200319009537,485.0485888443253,539.2961467296327,393.53993190878924
179.45111944004148,147.80834428846583,411.86640247662507,527.240540968364,311.2623583840732
241.32367184239968,146.92350099800316,349.95097671829507,518.6153698647893,316.0053909655485
215.96549074204626,156.41639901163092,459.1382959526478,454.95075774545626,339.40398167069714
155.60822347115896,155.001175323941,432.6509439030157,508.129375358146,336.54022287023315
234.9114047446397,167.82701818040027,458.24160397841155,625.7471919475155,343.3062608799099
151.7753381286168,177.38098909122607,439.7199360614557,421.56889528005667,314.9996625968483
214.02994694710458,176.02499853549773,503.7383521492964,433.03460704767946,415.17075097069875
224.50668994886402,120.12610201543498,388.4658714823137,489.5269835266158,307.58545815140616
199.51797361178166,135.43747971583647,383.9894968528529,415.45894083937543,319.16827016095704
189.56587451751076,143.00583827707675,425.8314956920751,506.17804419885147,328.97703124082926
200.64645440532857,163.66114578196604,401.84350472797274,456.27656042793666,343.10790841508225
216.47787082814284,152.76431487347898,466.0487546838922,576.4397426187228,321.3951820482548
173.53293636453006,156.7674203154833,379.83576667243216,598.5134448681474,301.56626218914926
244.9162609991112,123.23237704414176,431.4707801088732,740.6787631676946,438.6133511346437
237.08508549834303,185.1664566544555,444.8999558354128,540.1128905834805,357.53609838154347
228.63023436930467,129.25889657619194,513.3483760899823,558.392044102055,315.24359271668544
208.04244168745097,160.92814301684768,481.61444918198276,421.5783007334915,369.37328282556473
213.48743910759165,193.5116674179272,535.0155489197987,629.4794868376771,392.39743010142007
218.2372479263744,179.13164887508037,463.05933445783165,767.3418508028903,322.3381449977309
195.21989101177618,155.47887760681812,402.6279734024206,567.0712154020551,333.2629018213081
192.43252751107883,143.19898083731522,380.4949367877636,363.2298965700392,346.11561033102663
204.196555587454,137.28944805402827,473.1301748613157,587.4877785019742,349.65110322680357
200.40760940923502,136.64536588441663,469.81728358600964,704.539895538439,371.21946153005433
194.82369233119906,186.09201367369096,454.812303759124,541.082269671104,337.9863567670927
181.50042651592906,173.67775987887407,415.35122400335007,621.7247899370971,346.2026975680779
274.2587975517517,175.7072537840023,498.73416126016025,716.2563063693154,406.60716117216026
199.3507550634916,211.21545121791013,498.0530422337966,533.2498129192469,419.48992470107623
155.48439544801752,192.7969174086656,441.4537174595965,614.3098027739071,263.1502535186041
193.40226895387528,115.0978863118587,376.9647584406437,596.5443772393169,273.9245260363404
206.73896709648122,148.91842448910978,424.8338337575753,805.254159357201,414.5003253297731
212.1423204770748,102.84130771835333,432.1949847977494,346.5848742360124,281.6713118585599
196.37040078453634,212.90801931480974,444.73718462634855,431.35994274138346,279.484477915162
190.72325585738074,201.47780588996952,449.341929028186,550.5274815673936,353.81402482875046
218.64322660852062,161.69480412731573,454.70282376973284,684.7531319214495,341.6157515295231
263.7611140155648,102.07968860215215,449.80540459192855,436.3796945528066,351.08411888183883
177.24693122842274,144.52452418514025,449.96401671207684,430.6798230593934,384.0301291814187
208.4429612258194,212.49632531716924,423.8106413036253,497.60011776631603,381.0421017332788
214.3818504697377,159.66154785881108,372.3974901411271,558.330255657788,275.6736924876654
216.15972266111947,121.85446372652149,336.9423628022778,681.0287738028967,307.97449379126203
181.6287129515257,165.28427592794128,451.5307411635677,735.1902975765651,326.512228950855
159.00830482042707,154.46009369782885,374.7760743768962,407.44224761079244,328.2719760522803
201.7134538442365,150.2728655078138,403.3013414478989,612.3427737865002,342.8594900901767
198.0168443393368,177.82853270817486,489.4776749891692,485.8214334938392,373.7843229925133
211.6243187939598,128.75614171688431,392.1952533357286,694.0838663660494,368.63650123806735
178.59848723783907,131.72360588803542,413.3325046345019,528.4021138935085,311.00779993516136
187.00034966484964,166.98755037104831,510.7352939223422,638.7825313623719,320.23697672125866
158.1987011235413,107.22851384226959,448.3675845652045,491.4443545013884,332.59417216517016
162.3629196454499,121.90735045582547,402.6628464234262,341.4358733516496,364.99727246646137
202.90579341828595,152.72414816707976,389.8436253605726,456.3772998725156,335.30818846046924
229.93508851748322,173.84526068015992,463.0366086772996,632.8969277207217,341.22195320330445
228.89343992498405,135.7983463498491,482.9214395571451,526.6055703376314,363.77279286232914
234.29133985915018,164.24387991608776,458.21221772323275,655.0793245922214,357.88727392210603
246.6686617538994,159.95100561280256,405.6997461850432,662.6687528759497,350.01748576301617
229.63432988350667,148.4772754437371,398.2327006658689,420.6064525314426,370.23227710103606
172.05994897386273,136.4485765977126,453.498006173581,614.8400876785809,341.90926051509814
195.1525652911524,120.1279227898333,410.5697130654329,592.1103802526162,352.07954407618774
205.14598850413344,127.46808112224252,457.7070040108244,481.7264107398143,368.66813302616663
182.1526738768521,216.0443455924911,481.5134605449354,506.4867373588794,337.25570492187194
175.3077562714739,143.4269135986995,437.844696815221,619.1951581621502,329.6842848290728
219.2112292341024,154.98141543094405,463.06046784445016,722.283725094501,357.58623593264
203.3800157815192,207.343980962502,476.0526178235896,544.3676282807103,361.0264716916034
213.24802688765848,178.25680803247505,474.66200995577117,570.2381725676369,344.2492419037316
169.90427860126812,159.218984982127,428.167389478933,408.4598045808628,375.1157984931691
194.48305618172765,129.4283998024766,345.1026914672432,338.2221482978475,271.30336341547843
224.82877911000227,140.57629114552623,461.2034021986262,662.3093985355129,355.19157914452137
169.71268924400792,165.72372618682306,483.48601444344496,596.6286377105386,331.6484069454639
209.20392320212872,172.4474844891427,453.98086935304315,507.646354867276,334.55603817320355
181.4737253616208,172.54156952917165,332.5435522480084,349.1583687105132,288.81511722054194
196.09323767841386,139.31694970958915,480.4918765041582,567.3983586908685,355.48557335113003
195.51323964195834,136.15571787035083,395.35072815889515,601.506089973056,369.89121315017104
219.28459092643277,200.49702619062106,532.6710448093468,689.9177953968517,337.3102857132271
248.69303474578203,120.44693350596668,394.9441751525992,428.333563147308,354.03516194561985
192.30677258087633,152.06196921006443,446.28327372201966,550.716562536793,325.26450686164236
150.96104166879178,103.91895050321588,377.3368865824571,382.52235266841313,263.01420915417833
221.79352691208607,206.06341435149912,436.28194776301723,694.5504958847922,335.3892444694027
223.53000725352038,143.87188505093908,440.57826421014767,806.8903401391163,336.91788123675974
166.1723013921285,113.36602454474648,435.20146450866224,368.4426451326736,398.21635453092756
157.356620485987,147.3492723137817,337.20234384326585,727.8414830393035,350.9446569324857
242.4205931779644,121.78984616817499,405.6675463140316,465.05285391943727,413.1129028322998
209.84461539929816,154.28220177627102,362.5312981836704,483.35325065060414,271.62381132222424
182.07486035534131,181.06543514851697,420.0536502520308,461.90821915065436,328.4989414252814
252.25620516396276,155.60998435402868,426.6574697212369,660.403592943239,340.4941042656536
236.32682525450858,214.46392856279613,474.6308264042805,869.7629840676133,405.10740976325434
182.03991648320127,118.64392015331383,431.1805318157996,408.67567661902797,339.86890517184634
184.36719686739977,124.80989552753893,331.3645924516872,519.7727707060011,352.65214306985695
207.83709762872076,125.75890017599735,478.4096610805135,511.17861766938756,383.0088407486145
225.72735586214617,133.75331270365305,420.6517615280827,735.3071616055855,383.071459745933
211.84738203388713,124.82501823339804,390.3809293916259,483.94962350262006,270.7386034831294
224.21141653000046,123.15744593101569,388.74039737834414,599.3208757359255,318.3700169570275
231.3552161398638,104.69099099878473,395.7514285220524,513.4492826811487,396.22199550987415
195.03409552052128,210.68941868423346,456.8909321495682,577.2674156667957,280.01950199783954
251.38600146959826,115.63920622956502,483.1293400517547,592.5543607800729,358.46686181434234
190.66276655175196,121.86279350983374,469.67304426210666,424.9211232414255,333.4618026039266
205.6779783551995,145.34052385939145,456.1003475903678,673.1558145661601,330.9051933303845
189.3683803489898,143.59354639034063,363.37948169123365,363.77064981007004,324.7785350222003
202.5451419803336,171.68007318255565,449.15364255505716,550.3707033250329,349.6615999749816
203.10108226228817,174.4369933475669,508.0321718383907,547.7709650697744,342.85354410351704
193.31425873198262,134.35959110565236,412.18412185782864,691.8792056613626,286.93470681035933
195.70219943419633,148.3792610338291,401.7723721458435,572.7200767747117,300.2673025284128
157.57860959822074,142.56798760655093,354.43031616027463,455.3143653936407,286.8219272465911
226.46117045496572,172.2733942779442,401.16098131416953,562.8454109486801,366.29119383610333
151.32478847391218,96.9601581693903,334.03817542783673,330.5316609191038,324.99835822946204
195.71089987297648,125.58069626453552,496.78021305192607,653.2851909378355,374.2713882108531
173.9351697567529,113.95532793644394,391.89770521810397,577.6072521576882,338.57655189018175
193.83833343752013,124.48414694794965,438.80035576148913,425.50128626587093,351.8341737152913
188.5998185880024,148.49786838418552,387.13751852634135,451.8489226279178,313.77502409504
193.2694763514161,151.98886832454605,452.65058014962966,685.2889883628085,391.54820512730316
218.57715005857855,132.96424952641334,381.96957446676043,678.5479444104363,387.69792432920076
249.66080293427927,123.13641281898144,351.01957826228283,383.1597434026568,277.2677412123931
254.92533332748627,184.87986138415204,492.7146747723306,569.7903721015206,388.48839261930397
200.76096721399966,161.2910218583106,505.0663929058386,686.5611038550721,367.36358637906795
180.9314493857971,107.9603226206485,356.941137389132,356.5041906947422,345.02556780137286
207.43382300999025,124.44810558474887,495.80998444421834,505.40296082304087,357.1935340843125
200.41503950064723,97.78725848080963,401.20616570637156,355.38201258787956,313.0510485792772
230.9841619934192,155.75358981557116,439.8858392842756,533.0303542781328,379.92611957280064
236.96517916641116,152.77371251163206,508.7218876235162,864.8232239368522,291.82174351856764
179.51575531663622,134.63764572796913,436.37371880921904,594.3097015884773,341.9399870139245
269.81044627708025,222.23088850287036,492.96585357798426,527.3798338299805,315.63767441619603
229.81282928493238,178.0684034257169,444.2080470712826,528.6332801219919,326.8564374958184
179.62690000934904,131.12552854961288,502.7076907555185,688.3259978468675,318.86289816445196
200.5216040855938,160.3190277069991,449.2486263964135,645.5336807627004,344.3456931825904
157.8600334207946,145.91744606312383,408.32018564320816,465.97656047733204,350.47958214724605
248.47566662437262,191.3804605318644,419.36142357411,626.7042236957915,336.0910248699845
241.63845211978284,165.26608638313303,494.06360218260585,732.8997760048715,372.1921175311757
192.1429902852021,181.9071504230803,439.651186117434,638.7984052120403,342.5191387747889
246.93617062674764,115.86410007775537,340.7577976671243,401.1363801812329,347.167780898181
249.89136761833007,157.33126007539985,443.34032217749086,528.6667451279615,339.46483927617675
151.39238084523487,101.09330422617684,349.8215377476197,331.66387712036266,337.3646341430312
181.41520343647082,168.22768181816937,412.0653268620963,787.4660928604455,344.13011225679946
225.7527105309769,154.64461222699083,446.53484455580747,853.4568293046865,333.9877947320272
211.49164280214356,167.07781610650017,480.90189347878635,476.27601980591606,307.87777093640494
206.63556428270127,156.74383106265813,356.53492130848826,523.4752157884204,311.1010591860353
199.109330009055,145.39663850789225,403.5248378006764,696.2309781390908,331.0098375174308
226.7960344731659,154.9309933453363,408.7063656357246,731.0428547896963,430.26086918817566
198.27748618148627,142.08901037088663,354.483492315394,554.0437461956018,301.265259485375
187.2145669475312,154.61936069778994,342.6892160671194,548.2374713569777,285.9238792114944
252.61189383676148,154.8612981293266,497.666207807708,647.6918706924654,325.18706364043834
257.59670549085814,193.6951445172885,491.35421368021275,758.3006614212094,389.7460103432878
237.67964961736004,147.5147522356103,412.427083495984,529.3315668972597,300.6784650762045
185.2201024732769,143.6242903020435,400.0186971298013,584.7307009970579,338.8088785098198
218.53733394010143,168.19706701112418,397.4802267955046,850.7654807575943,356.850766155057
181.84002005520446,176.64941427482626,438.11947071231697,534.9975797639742,354.5351562471747
235.1791761778788,167.28175931996088,424.6722715460432,420.7324487678066,321.38284876189374
215.31802633579306,146.24315897882525,440.832590222081,682.1440107479187,373.7442423145067
198.55990646072604,126.80893718483065,447.5526682817103,443.50596576562947,378.4052985353523
151.34923918312003,97.39976732553654,347.1620689972964,391.39246012159185,355.4176312766159
213.39702834948062,157.0204386964904,462.36379760830164,731.2049952824121,379.42616204126415
218.27317001756106,142.6855074017656,459.7949923371312,498.3827059575041,349.9573512652711
265.1699023232828,182.56408534319036,518.851586153408,614.983537974555,414.2728429375833
188.39883494072018,98.72099952765524,427.89493118307274,409.8350149255444,326.8392325767898
207.02615920099115,178.85031750454814,461.555274233584,568.1526045102361,348.001442002138
209.75456801531408,128.34784311850075,430.3165367373322,540.399778790341,376.35066354409344
206.6119317002741,185.7330875781648,361.1968569446083,526.9010737827315,323.37060126392635
210.49632352569307,201.0359952331206,470.6159846112724,641.8162690664082,415.7896722383209
203.48021932784525,210.78800569446432,437.86690561037557,851.7191968587766,333.3199786158297
249.8299063624849,112.81810706079855,426.4672947421851,428.44627331579176,377.50805943151875
226.83146435980822,127.40132394309684,514.4946774979373,529.7349549686461,391.85861914030505
215.34526994654638,165.35297332032846,438.1861449610806,661.9587765701979,333.18266145592924
179.17917418782386,170.40302517545584,507.5838674832164,559.0974492540385,339.3515211572962
176.34966358527376,170.74861679445323,542.5497389900821,500.74780770245076,324.85713462008863
222.75095030388584,157.984228276051,449.0835393997346,539.0767185185944,355.8475218026932
229.31168573400578,220.9553838607576,421.7479081318088,811.4461020901728,383.78740593159097
207.53484121427303,113.60323053154004,393.1652639032965,503.9928678693041,388.8527089999074
223.70732853172336,119.87919044967663,413.390190434257,548.4767621191288,388.2369120114784
206.028949883495,174.77971183144442,383.41612775807545,739.9690627291156,378.3809903521168
226.46236259778505,176.3494349502668,404.67857959412163,479.5903168995094,319.9779496350448
220.5372865787761,126.20882275186436,444.55266550160195,516.2637398762324,353.20535850260853
224.68062874303453,194.71830836205632,433.8000048915474,457.648454887601,386.6243299827872
172.21570538172915,190.31880661555851,358.7181829842722,431.27615299085056,313.4417320383317
230.7031089857306,137.98421415713022,415.1227018686646,670.3345757513628,354.56099655278723
207.74035290332745,126.32411390897472,423.7017142960044,387.60029350441835,327.7770702100742
219.13777797002777,150.91427361742842,437.82202511992347,610.9401860384224,386.55247049769105
212.54657825204177,135.0507731502162,433.66325891721624,382.5693204859807,326.864351018654
219.7205816977755,142.54609786179194,357.75125178435366,563.1706965755742,364.19410583457574
248.46252045133363,184.56402999697355,424.23356934072274,690.7020056516126,383.62667628658903
186.77080462063887,123.52270380223054,390.56510196235513,389.4969262040331,347.6320157645993
172.8099456646944,144.21391786211763,450.52192939106567,511.98760181306204,433.6925020294963
247.4165770110561,121.32354589825968,455.76131751598933,681.2988529083173,353.2100506766567
150.28810441573603,114.37224995461807,420.2618281972408,533.056983729098,316.39095549793615
167.42238139828098,144.79428373164177,376.6787386910708,444.7985882009533,395.34669327174004
239.12409058143336,187.15415267454293,513.3908397348387,637.2728217242334,326.0312696201549
177.93730949638132,155.98223515002087,405.0382397771884,708.859654302177,322.1111306886209
201.92004028549692,177.51247337837336,395.2257173024004,573.0696644607042,355.5419096266976
193.59074113055374,164.639945099944,445.16387107404324,695.1102190048066,306.67776387282714
206.73205060918912,174.2655973459231,440.8424335907294,561.7354131587023,412.9775580157479
215.02931994482128,127.4387401946876,450.4768633812843,513.9612426258961,356.1346014388074
189.98002739899476,138.19679452551003,469.14036435063076,508.32911990480045,367.70115489654256
218.4822579038728,115.93969568195817,410.6879448127526,424.5938968362231,350.6602042679637
187.44641796151555,179.06785424408233,428.6807007763206,560.6252961540765,299.95512158608597
248.5879242831684,147.83737384838054,392.6963454261109,491.6159759987056,437.45989118156257
211.8741016595905,140.3097277362785,416.82768809805304,636.6953939948334,331.1829826070086
209.96321496252705,102.25231736877164,434.2551397314434,395.93855789346856,401.94291429285647
150.71586091822053,158.61766342859207,386.7314083688068,532.5404289275328,296.23682908764766
225.74207660099177,162.8975339536133,400.3559283725354,622.9635964064695,351.68766857329433
199.2965524923209,119.53616292242204,449.9479787685728,485.6244733106873,404.9314104908415
169.10256649818476,159.42984722114596,439.98778665002635,446.7756400743319,319.4328628859717
247.0200986053327,121.95997113900951,439.3988811690869,629.4139968448308,355.4943829397883
212.4737942836328,162.62177094330792,462.85434226979845,420.2930996358196,324.93957398028834
227.9493474878355,144.8193265402314,451.3696723558211,545.6541311384101,321.57718815705863
207.06317054384508,146.04772714247815,437.8280081623119,614.6894184330876,343.40452050356964
223.55643421641298,148.31592882561387,398.44594277727157,552.0800554599222,357.51213886068535
242.59165976021401,141.3093562684041,411.14515868884325,462.59003485704443,328.28351678149875
192.6911630019824,118.33380584533417,438.57016213766457,472.90860019730474,342.503031588781
215.6026044045662,138.63247284335574,425.6607207120064,384.3798198961683,403.29648134604116
232.368289532722,175.43214131031635,491.80131896981817,623.5500502061525,374.9528059779617
185.67874685748302,152.72983710670533,494.36455565005633,562.7291656486417,417.36265841335245
241.11294969737628,113.10786839730616,393.63534413640065,398.4357497308877,374.6260694991751
213.98140226617605,131.92910102366895,426.1553925281849,339.08006575294826,341.0955976906884
243.2219941186534,103.93629440416453,410.90622888170793,406.1897909618529,388.124345707542
204.4455056064183,189.53354565325455,408.1613927971175,625.4515539218742,357.1974217843221
206.77189210878663,191.19412276294986,471.35915451998596,649.200848440619,376.15981589702403
189.45174897862645,142.84441559148772,452.39398071958936,674.9798052687264,293.51345377201807
219.27674198748423,223.34161911637278,483.0136936051177,435.1946409264378,359.40559230314057
204.96219030515604,155.32170576032453,434.70341879870784,369.2363834901818,341.9183444215778
163.15896458613187,100.87087760417404,372.7480907642658,419.02030595007983,419.88796885208194
195.77846626888768,126.073893964978,459.73981685566804,492.91469470580523,442.4109741634285
225.19280255814553,108.60236295184171,432.2622120943004,687.8999132999977,300.59993249098943
207.64068144108313,145.06133962454726,440.0449380050518,532.9677635296229,373.15854830297485
237.04737249530748,156.81596969238456,455.2078606635626,646.4048012991399,303.67621792525654
246.1635542494335,160.99490080045854,517.297137694928,742.903463240129,295.5106091283425
197.18766213642456,140.13358018880953,384.79696438247674,558.5606413497601,355.44945634693283
183.3173246974354,139.67247912227916,387.6517880366036,398.78405734880386,373.2479587824785
257.16567563640047,169.11526078222312,406.2446811659959,749.7162682286692,396.46482454442105
240.68849669695646,183.59901715416484,459.41508908121824,808.8701343654888,349.63160660556196
212.1400127798677,169.32594823442878,404.0510580191363,527.9494500088686,358.49521283746117
208.7217491491095,159.22610455039944,402.78594524281874,605.1497781951507,362.27297433671697
181.68909612242552,141.6361715291448,435.48913648985956,548.365334618838,317.4741660545963
188.71819476043362,101.79171345347761,436.15864488710395,354.88233885126954,334.9833365797989
160.94851480534786,107.17404961984342,360.2017389503454,374.14018376904204,290.6630935299901
203.44115406394562,136.12631217662636,450.3829860800794,628.4148727567846,359.50058361401534
172.56915978705464,140.65656259709672,436.66966781486457,402.9911906780457,324.37979762493586
189.98925167816958,166.56120059590995,459.09164363842655,583.4926754754565,359.2060902318963
164.99373270418175,154.23415366859908,420.66310789268755,386.4336485472049,338.2364830335354
213.2472000013546,138.14165619951424,415.3820664681481,527.8705248388735,263.275374324641
228.24764778364437,191.03294119372126,502.1188148968063,423.2610581163875,331.1512698319644
221.7484947140157,161.756216228371,479.3193541149845,566.8363318619851,353.14638756354674
168.78404271549817,124.21967159957144,409.85784034555087,582.8557731119707,302.7467949702802
241.3832506808422,140.52621013870456,371.69534640479657,657.0497233669264,369.29446906198945
216.86252927535622,154.82530035112254,420.7454010406865,456.18010907764403,403.835116856535
194.52725777326995,102.28597974239858,400.36596238387466,341.0000746448988,325.98263771296644
210.678910440904,157.11444253466732,391.91518314151654,400.413212795698,347.55983053763276
151.5513740371934,169.33674628872276,381.59125183295157,439.52485257463763,276.2546268970296
183.84176676231323,139.52627645972055,386.4297104548765,587.2918836213572,339.7439219747577
219.29297320276117,111.4365786101303,479.69858595755375,698.4422014140325,343.8921118369589
224.45483143893634,115.2856626006236,430.87249968802803,658.9164991345125,384.2350188720288
220.7886036203351,149.17174010685582,390.68407194860697,564.1978733140576,316.72248509685875
255.4526432503924,136.8153435771163,388.3748204860642,679.5260678550702,375.32586501106067
176.41103156761466,145.57194142063383,379.8727234539416,465.2840228998475,314.14297115677175
231.801777271489,133.72500751208852,455.95785103470286,649.9406534293017,337.56766225754404
215.9888309652261,163.3836098937508,478.8073738291558,637.2827565166592,361.79111077895357
219.31932716255216,148.34500141639458,484.10657680403625,442.65522109025716,393.568499454376
170.50984948740742,140.08397344342418,465.0077474532283,416.54847107374667,337.229578965115
186.33504254787954,134.25707278850393,388.0505275763352,488.38163203753965,345.62989614522655
206.27559545936018,148.15707222861832,421.7985213809931,558.0357878457654,369.8748400573354
185.35241380494458,165.33626006335268,478.3997534234609,645.0408478779935,303.81830497422374
225.6566710274388,159.90675314760097,516.9619103158416,658.2811436822126,357.93974338185444
217.90403980373537,135.36007922962347,378.84001264416463,356.04030910311593,422.3258068768124
197.4059391755082,146.56668535542408,431.0330239147592,429.4559123714965,351.7906956766802
209.951494411158,134.04137950119048,405.37080241767444,462.44950151772713,365.88429673244
176.20771699042035,130.5927613166434,379.5463902985584,338.86785412027604,321.77675338199856
269.8547957676588,147.0741078003706,500.17860378849934,841.9641275545221,341.4959957517557
167.7569864218784,114.28457275018197,391.6389834686914,330.3201253411626,292.54221398222376
233.17387757941012,160.72492016406525,505.9930643836476,650.659883638616,342.0062020359311
247.920145765939,141.04068005983606,500.08799711549733,708.0022783419686,405.48478572287195
185.01127806486554,99.04549739874366,476.25129385064974,368.40134595807126,397.1764151916685
191.74537841057818,183.81047334648588,402.8649271308496,412.5753252617423,346.017262061763
200.35470810103715,133.2274473055502,456.4143151646574,813.7974876932672,352.1388523680961
193.30930656331236,95.73794921629413,329.3724714528526,463.8393710599845,277.84758365212144
171.61330579113582,107.64493027199656,367.2047644073874,399.9072820160914,307.98702547523936
210.09387659984907,156.43562888819883,479.97076462309633,562.09887391256,420.11254934426205
196.08158860011767,102.67253149629754,344.0654473911442,430.95736295282626,325.83155075737085
186.81940415569036,138.18748073070128,366.5939924000177,371.7505752779364,297.18164365317784
252.59949124665147,201.40172146604064,469.3540707058578,529.7123937617317,382.313494727148
241.04505233021004,151.61305448262516,369.8530191753743,416.35685680280517,332.53999965820014
201.8735617683945,119.27429336679278,438.1807421098942,473.35215016905977,330.95502743271084
203.25827107548153,161.03972384444873,431.4819411696327,575.0338074267715,288.67745178992027
208.36966132224643,108.25908912487422,435.2162789226483,443.6179316727446,331.2680643322223
194.72724685080155,123.70624398008444,440.87088927791245,536.1467969256204,387.27703937618355
225.45662695104517,149.72713030002868,430.84564505958855,607.9531753562931,360.19177923551973
173.67925399845882,135.44661652574933,395.90904159921496,364.385667656906,307.1158856527945
189.24639970844507,132.52838673202697,397.81560003739605,479.6670224697176,317.8697188234524
177.63200955897014,133.96274108404214,421.92177420565434,688.2311101465048,340.44575214105544
258.9749223575917,170.74449620007377,370.9297366141353,367.76520220955314,320.0892038555219
208.81731102750865,130.2398509355009,381.99021686547417,516.9089323954231,347.730096119218
173.55608100582808,99.67746713827927,365.1691921214991,441.92129430164846,313.532088223011
234.44038155760416,116.25296207593382,423.1151199160889,350.8676120031345,333.14597907671185
255.305772735254,164.86513236149236,400.55303464635074,533.0916390864802,315.9858648673094
212.21382659691875,98.68053766001702,419.78063657262595,455.6211094887654,319.90447294056526
190.88637643255674,207.9225517238916,467.19349491713336,421.39625844408323,393.11001325382136
192.66351744435218,142.63967970278702,458.4128936242017,519.1824699751791,354.86947871328937
235.12701986848825,195.0520838479053,528.8809070891464,781.4301996086334,395.4876723934794
163.57023961874054,112.08559186651951,391.9613472348831,359.44044560852535,318.57196568427105
185.10440583770279,189.12821936811144,455.1300176188268,625.9147410906721,283.23097044297987
212.72780931724122,136.52641459671796,376.47100124321395,435.3854425031355,330.2055845395904
204.5806718752843,163.9136122787142,384.11663189462223,469.45733083764856,293.8111982796961
223.01180253761103,152.29202475861865,472.3399616576238,734.9364390862173,371.9547823844516
228.30811437890333,151.93778440719103,490.3279957119861,707.371921719764,335.66143444128096
213.64228385318123,163.43166925985062,349.81943858300866,489.97639400328853,329.7665593914691
211.1301667528094,135.09239058945136,427.378177280896,678.7196951019033,295.6199976644262
192.94615086697272,123.41009069796517,431.0178693496652,639.9953458085486,338.38953615679014
228.30976314688436,149.27193375071337,392.0783058771586,403.9205065531867,366.5152118305587
182.4109173139056,147.06423392600558,442.0997467123291,532.2381551403845,335.92697131260667
207.9450070258745,124.60433646428523,341.5840822799665,547.7380175763602,372.3966206908415
197.3834363592042,148.47636657441845,443.8643093968357,654.2325768191181,403.79520951394454
250.39606299297185,189.75792565399212,436.9191114472186,634.8684563105921,368.2091052250076
243.3195259615301,206.6708798512826,488.7494411517046,710.4622054271767,410.0596072796837
246.1581771986728,137.97337155164126,449.05979121308474,460.4655066650842,290.4643060626309
178.332848954226,132.29050070344783,407.8908546200464,551.3579095175477,319.9651252062356
219.8080220643453,175.79680568721503,483.28808759730606,650.6355269648785,430.2317880389646
245.34405495916457,126.40520235856776,459.61013234584664,523.2066317472168,361.7330671916048
194.0922573857453,212.99893911071473,468.44090054078475,721.5176647910786,363.51302816808214
219.15133484006915,97.76459193449024,435.9288013049893,566.2941841670524,265.1823906691855
180.10905470587292,138.0529656711689,404.7811575870888,698.5438928831708,332.38609710739354
161.63387073585105,143.03659521320432,398.439870439055,527.4013747179305,337.05143542762164
186.35557535080747,110.62151203273645,338.2301591762738,356.5902113868784,355.20238599377336
201.7278951999156,174.06100530111328,388.8691567452727,639.935242684377,344.44518430816726
218.96099432907292,97.67149111097491,486.9380669930013,592.7071942569456,393.9906529824358
193.17383709755222,155.39342021695796,406.7582005699997,492.6922784840167,356.15324491403436
167.36646273676345,123.50770422483546,435.30643626667865,491.6248962806053,381.5142591974382
157.88926662828342,129.5996467432862,409.01631200220316,454.90150586693164,335.81053741995515
225.7523033722228,153.60608884942926,419.57070991171327,506.4153730408907,339.0559279838563
239.36862294379233,155.5744861739947,496.3358816332066,851.7648829085782,327.5389059321781
205.76418305345607,141.36408817193094,406.23667741266155,389.7144451648092,340.41633756425176
232.9577692512905,203.20368677357436,535.7987526687174,748.0298149440677,387.42839799000535
234.06065126319317,114.84833232940382,392.29697463929125,555.364851213415,353.16460238415755
207.08502054631305,141.92658202144904,429.1036665177566,618.3927690755763,330.31761535739054
168.4396442913377,163.7234341216224,414.9046832536843,493.0058550576195,334.1973957360523
173.4711354956391,179.3243032349286,506.6544756999691,853.026083626036,368.89152304395054
213.74184963844849,161.53292709520179,382.9217877060726,496.40624426126806,342.0962003398938
215.3018463053827,164.56925605629723,452.8293109820168,475.7812228904102,292.8842350967693
202.45784911993707,139.72512528477984,458.6340506593511,642.582610317153,434.6102085080388
236.68033549989713,181.33560865741893,436.95623856117356,664.3003801745696,408.32874662784053
214.78399654990716,159.32559308208423,439.0348629666083,505.62979583249734,355.51330005566496
207.8148724593171,129.94514776871355,391.2588815603312,539.2112262171546,343.5900303688479
190.17824751136504,161.60205284922765,404.25904832159813,536.7431151160026,298.72713193690873
210.19886229725844,165.32281464770867,382.2893264237438,519.0448013246554,328.7007639267111
208.4051745644487,136.63039648797928,416.9639675381478,372.50940799918675,371.6377696346915
211.8813466668379,101.25546623829425,387.2323555317979,388.07127169046674,379.4028971609183
206.28751154208214,148.34842573682567,361.8174847706218,403.17025591445656,312.9398830313759
174.82614051714384,191.05794527405462,442.0307082704098,481.84870178287935,304.5833638337016
202.8410170246601,133.70300973382953,378.65991508219537,403.03630409821585,306.5325862341402
270.0753839267632,190.92027958834402,526.0841189571217,826.8288296907564,361.1016013816409
228.70495316954592,138.85012082951258,440.2268543975794,689.2134798144224,274.278800150712
220.6845205299849,148.1358385840069,386.9882798419565,648.3638398680836,319.5639273120953
163.86139516063017,151.55131761689995,448.58975473983224,439.6030870055979,343.2747835126569
187.80223454723563,137.4471588021735,377.8107766078959,624.8903360097875,379.0507036475285
171.73888702383766,94.73102093488477,373.2129210555614,492.34035060145345,356.9603300882903
169.040471364517,147.3692439059295,404.35515845672484,419.3134300030246,329.8519380151629
192.2012697906047,99.59606260370781,392.1816286132886,477.79296011904114,341.7245642984951
200.58179958441798,107.97467085814145,361.42341906892676,459.3391002148605,328.22853889240275
203.52424205017277,136.94206168298226,402.47361606061133,609.6625794627726,328.5009299421149
169.9132008770806,153.31603278333097,375.65492904110124,550.8884872311855,355.4362325668407
226.09595216799175,177.98606067574178,471.8272757510272,496.08824277364613,370.89929372971056
205.79635602283633,131.85518151238068,400.82248686680106,354.49765261518036,331.37811654522426
160.59412164188547,187.63386189901425,339.6084418229571,456.79731348209896,344.97092925930406
203.5446938005848,174.3819673520369,472.6361959100327,574.2400855216579,354.8491846027467
211.1766473428095,150.5305374352966,388.4373588748661,394.5313700536616,374.971406790287
154.8912542281977,175.56732991996083,394.0951628706276,452.2013353439577,382.0359902827463
260.8737720177786,158.7641146878523,466.91849068295846,743.9637939746171,360.4418327057512
166.71524190889386,205.417322795861,360.24830418566376,335.09764409841716,300.98690144457265
210.4708747523174,141.03691432393225,416.73227544554646,393.0090194430286,362.8622386917726
252.89187733376681,203.82461804218408,541.0487205179338,788.018102953297,332.8854625761715
196.67883896864626,126.11066216290536,478.937313490312,680.1832387367518,370.19102563887367
232.41570965897122,177.46661798258467,363.6675907278997,342.9952173076916,366.76818851556453
188.35542501181857,140.74012096777406,445.51313335200905,395.4306990506007,312.15549271973885
201.18841814377342,104.3974253122907,382.0397815210184,371.133892900352,303.0523375410462
224.3757728900441,178.0975780975814,482.3274015622323,757.8110831403689,374.72734017996953
170.13989457218526,109.36615887371686,398.1131607197538,380.10594268980435,271.79102965303946
185.75926155878324,148.84714785764857,452.14339468191076,595.9105691684395,366.04974645089845
204.7506043958413,136.77191258844192,404.8603400613086,431.2035180703958,383.67311923184775
235.17276114617238,178.335453802335,434.92982267638655,750.9099536293394,335.73644012531963
224.3502242680862,110.83085182803084,398.75109785690046,623.0476088654516,339.7684117652173
192.3907539570665,132.8697125606793,373.7334320178809,531.1111844228905,338.6508450737505
228.44639868619834,155.6411015268658,401.09458915668273,537.0507381677728,290.47667403820384
150.19071908741316,152.884902239407,357.3695125692535,531.075367245036,309.1973278767535
150.12416056055423,158.34613113942493,385.3468271218782,473.5589287050017,293.14984953186234
236.31878131764782,170.8492226798849,536.8480844572945,764.2971909375198,440.4765397524248
196.92851313551208,131.50676430420484,368.98108166941745,361.99242815496484,294.7027570120945
198.7545410030692,151.39166135436722,403.6283857817703,534.1628922400504,383.0531591127527
155.7734343977502,160.06336633849259,417.6566265782168,527.1655928299682,324.4814903163483
191.50858552348225,115.80213412858025,408.02943938140015,389.0325345157904,363.7343142112219
230.3938388621183,128.2246007254953,403.49283073838853,806.3792610671662,402.84634447971285
204.22606693815217,127.2918638087058,418.49636617268294,552.0306332374546,314.6069681873985
187.07196078629244,119.52338887232752,346.6420377309611,404.18973947524245,318.9011984785487
153.62872815454503,110.58539861277711,522.647162823493,333.0962442033721,412.8163243029242
218.69462686224378,111.7003005946839,422.6191734147552,659.569963021457,341.0291053770207
213.92169702798407,159.0398919713808,393.65246639469234,593.5989272927202,342.69658051674975
201.2285428358178,149.914472591606,429.7385897420371,432.47493230909197,348.675518291542
216.543111323749,191.91584269986123,541.3676912730598,867.6808926902543,362.18428629554467
241.3796834518455,165.3830301485563,453.05828287414374,494.0669154110294,361.46662312067855
251.978448247665,121.9884350394879,492.113746412006,365.86831750767277,309.94710988632283
231.68185479664425,111.11862145484871,359.9990710961432,483.3824944231309,293.3572108156026
239.61354586126706,174.95175079369383,519.8042521425866,439.9763641740556,367.204173243302
216.5785162260067,114.22746290010973,345.3394939578755,388.16590961600116,345.39345718280765
165.40831754878636,133.0357750725663,434.8608654224404,457.8187737469978,318.2615547664803
182.5821132361329,155.5924310412744,388.73239452716217,495.3379878376227,351.8341084603344
210.07198519127664,189.97363640861317,363.8236333128526,423.30836977551735,312.2870024584814
233.74958376122817,121.45630096927405,400.8308289213584,497.94782754163083,322.98524186952653
216.31506181831642,135.40244193470411,418.33763825595486,545.7185498400564,361.80789715207305
194.85013350528263,226.23810741911402,342.202515169441,834.8123996058754,363.29756084151296
201.44593452618594,129.71745536212194,359.8758812772473,522.626682013542,327.03174989852204
219.4467135983017,137.26484200992516,427.5173190045689,428.9483221828459,358.31439749619784
192.58364976002113,178.11768875059238,484.6057973006574,565.3710329488632,358.3087894638471
214.40929383098458,151.10807637448409,379.8216970556169,437.55637329021806,304.05478778460326
213.80632629457733,139.52481757728762,376.14184000016104,695.5415758842918,308.9975564992525
216.81642604648178,136.64606939318332,403.9829244487832,640.2499148232113,384.29993156926264
160.8519606368629,105.49128455722717,351.2950320565819,429.0085113276452,275.96231116807274
210.7968564931634,170.6238244025361,457.38412520623865,425.55882217338257,297.953699933528
205.15232583222027,145.66708257539187,381.35970551210306,699.2911250187327,319.696660636658
184.7785125336892,134.0732759022816,454.32632506119194,732.2022182733588,379.1025079127604
199.66611795005917,109.45150190121741,366.0472702324787,552.4868301505948,369.58049350628824
171.1431174368452,139.12093916065805,385.39227263471287,452.2039818607895,324.3679243340272
201.71854738051016,138.27979871202166,422.3154091082918,558.5723994656546,383.4364118905279
205.28000767461145,182.91244851227012,457.4902089667181,461.0373570678435,317.082636632899
226.96964490699034,172.92608539245882,430.5828163090617,557.5949348085612,287.3997779705409
252.4909761661835,170.71774421756786,498.95562143383665,840.1034176907709,380.24934775236653
214.3707276206334,95.92981723023468,465.74641323879786,696.6180877859315,324.5600184736223
165.70843417578033,153.1950055972176,372.8679967643745,386.22866106816036,274.3984524672333
211.0776426534729,154.73994410050378,439.91408627195875,593.3754149354492,347.59966371844814
194.22166458721685,99.03266901064765,431.3429730526171,418.15080832638677,319.74561388277476
243.154806297406,203.96659875861414,408.22092483091336,703.2306107988173,356.325776200216
151.08481201221105,166.45779756450375,446.76424539383925,464.35630280220005,309.9096798904849
211.9932865271566,136.0127616904908,473.0318528783625,510.41977824204434,384.9609453622003
207.56359769688217,148.8077876218102,376.39024013868715,528.533227275982,333.9220031711408
148.97265655295456,111.79841908305825,403.04538399817795,726.5636385748936,314.5670323947686
193.524233364977,139.37244583998864,416.26327673021365,835.4915482699379,331.4650975226418
234.81246563570275,105.82656631047416,394.7312210158697,385.8715845167056,424.0055832948285
217.2583786682457,120.85740253937708,402.98157221091094,441.8287978834311,276.07773934741573
239.24648117689392,196.45276716086818,507.205059961041,827.0194441479687,395.66762219251365
214.99856711291477,160.88714169124393,456.66190062242845,848.1535596356953,325.2168014682991
206.79474928946183,147.5736907774127,405.7129350804471,812.933168170465,306.36883957029966
150.15453522823233,163.98385850273246,422.2372039907123,809.536053257697,367.5783854422098
194.4188930302478,131.74421998604265,424.27755554775007,566.1841743734816,348.7211961269341
208.80657195159654,158.81626241766728,479.89275461451086,839.1326569565628,381.22702829774886
182.98000012808336,145.64190539621936,448.79388533420234,595.3848234893376,366.3176755478632
221.8920928765258,152.14048866438853,389.7865801686869,624.6721839556095,314.7741606438617
225.3148550933076,169.0112273230641,418.6671850320445,609.9548249819884,411.3757358688369
217.47859872993862,177.88503624334916,335.5573133199836,709.4743811262867,266.8030214038696
195.63654339006325,158.43930862868726,438.90115104448455,624.4749457786316,384.0834174124866
161.35044880989147,128.7103988124511,407.86248488794763,419.7696119716119,334.2869562505038
200.94198638462407,179.830438156394,451.4510208476216,605.1563011658441,298.107233203104
163.43989396261065,155.66598058101988,520.0644403117119,402.4260330107438,353.9350128267584
187.4743480313598,132.502095815402,372.4470528525506,524.3031538584427,348.7828380532227
245.85232033457302,180.55171968178894,510.7443820558059,813.8423403674021,327.8961661110539
234.75616490503066,147.84186781738993,452.79368477451,623.0025223966433,388.30998783961235
163.581702255747,103.61949487736756,346.0135359996719,361.0066252455054,354.1667116043909
197.56384530034265,125.9143095149914,407.1750098404696,547.9916714320186,295.0802103807904
164.7015703494686,109.3241620139111,424.14139299803213,459.82504868561773,362.9285673396146
208.68556495261225,148.02365643249206,488.42458935218895,623.3194750825836,412.30984394889583
182.2324476372266,116.88048645754544,341.0648618172828,416.6118048298657,329.9352743890287
216.5209223245227,186.08991778999987,466.0705665654206,507.1576396569108,360.5623609422695
169.84162372651605,141.86146176049016,407.2250958157807,447.07285085014036,301.68813529702726
234.32418164298647,162.30407484072393,501.62442748928163,755.2305412286738,389.9873127379641
223.1100773404332,105.58559941730243,345.7478446115328,408.89635399046784,317.3928074230893
176.9815641616903,99.02244737337668,441.5980023054111,362.03696193111455,287.1555013015131
183.6047415189098,208.5618619561518,397.1041558998654,409.8404658734963,263.22838029445467
168.97013281203525,112.588570123598,368.286742849742,432.21248051407525,281.93958252548015
206.3163483674509,168.314313525986,527.988434637132,797.6572178130389,346.67286327341293
183.94846431892694,162.89151891213743,476.95691938474005,720.8724310775817,291.95434454361634
219.48681780278406,168.0425509943542,411.2114642944897,533.3374957191835,318.503621932504
181.18531003078144,130.98347793136895,465.92982631123317,713.4903854378563,361.87694505864386
171.96471219230563,115.51992746987823,401.19916995191045,418.21809510382286,343.4622471796721
191.51407633490604,104.12995161764702,357.63649977665483,474.5898856588295,322.5853538283622
172.41489979959312,130.14483107957145,334.4419617456088,438.93537745945343,294.7547807044228
205.05140808830214,177.17423041100722,511.947453354702,752.4537025714603,316.3166899158496
222.31334442377545,201.64475005425072,461.03148889659224,692.0792547566615,361.61540468021565
233.70425746378646,170.0395891697933,348.9889553371542,426.9902090583663,337.5906266509082
221.31233623473545,135.02556283986246,412.67104761781053,479.77372243474593,344.7013584298961
196.11837810213316,133.6992812971496,433.93718820971554,498.2436223412029,291.6758320738665
227.716953913702,165.98755420910211,416.63956086354153,560.6998511234676,317.42875101852087
178.71210848868046,153.93587403927216,443.1585024866296,564.3088289712932,289.75899728583875
228.82216581844634,131.0676095332694,435.5188509429069,430.2012030589408,295.6775745876431
186.9742070341549,176.10357736979537,409.7231492624689,620.3105895263981,305.6576232686195
250.63232086477635,188.49220703856886,485.50602389592774,613.9661892836127,289.9115482548613
199.36460291309425,139.39927268853043,438.6451726775428,757.5598571667432,390.6504083443421
235.84615584532062,184.7547694973757,478.3120709983388,798.8484382486961,406.8467039653373
220.44785498341966,139.60228497040836,404.9751284081496,504.98563174806804,317.4902221761969
197.51135471211646,147.97732312351795,479.224225256061,582.4654909395306,396.6672979712911
148.19295847335698,226.56519028425728,439.6688076432499,823.3229395290542,303.788714430085
232.35625447416345,122.66436144064234,346.00547264995873,633.7718636126625,322.95254897168314
167.69396925481263,131.11105571290219,354.244397112674,346.81701578546057,302.64598146370844
231.89831377559557,184.33372420585732,436.26450330968703,765.2990241434808,397.6700026964875
194.14738004323584,123.07951460865881,344.3556748957453,360.2096455076978,317.89729850875995
169.15284868285536,125.53988633381994,386.4984721653569,381.567742939968,338.9629555221289
209.84003695993852,169.23164143027498,405.7908791803058,473.27720778461037,368.18580443947513
197.27180886563747,174.88500260751402,451.198481436654,665.5807956180516,419.49569322972724
149.77073021930394,116.85863947268118,340.15691702098843,344.1087382824433,274.1845702671387
224.10025616571528,164.94416191262277,478.1981677519234,640.2241223100336,389.95261068029635
174.58325441884412,180.33294466474308,445.81202204766896,436.53551175285867,324.3320427188473
164.3902085862609,118.17751128173929,465.6254226685597,425.3325809230597,272.76425878199944
206.09804873393512,115.82753030511653,380.62550516638487,392.5866068309032,275.165695630974
185.64001402386214,141.12318281269887,427.5168681850558,595.2819605833956,431.43181833179847
193.40986137931037,132.39136691384397,386.35314773133,531.9237890188775,331.90902453966345
209.63482997958562,111.17364912664742,377.9987866566249,422.6601694363217,281.1844945721321
237.72194059672037,138.96244760406626,407.02895087843575,485.3748897603232,332.9250238727972
196.79980247113312,144.76186197885622,435.6588945541445,453.877297513383,389.2152956234739
225.8050245985384,177.71815804340437,414.95854467339933,426.380955424499,392.521110371544
207.5151485745299,125.07576549740125,488.400197525008,569.3025093853805,359.73852045452657
199.2612448372589,144.19136879531973,418.1405609111083,576.8140707413205,321.40934888573776
259.5143001132987,111.97980781886318,411.7579696214629,540.6653925773801,319.33634760752983
219.5619075228203,150.05390338177082,435.4429854044151,691.0797575888918,299.69426471705754
227.10680428280855,176.09085359655754,498.8767453905242,632.7730299220174,374.0825207619377
221.96291030011471,152.0870121922497,450.07319510491874,405.4489737028271,328.09139894308413
173.68732147082,153.8904118684736,443.56366819873136,661.5626234028547,403.94326906963437
183.99751589805808,145.2267448369241,395.4812531658075,438.6759842575139,326.5527199594864
176.88896792547283,167.1533015931856,447.24861727666143,585.5129919308866,347.99075368133487
212.03516223906445,151.2220269356946,429.8722396474645,476.3977406189985,308.44581180536125
184.72252114066362,161.5743618287486,388.61690612887566,524.3116544327204,296.94979068715406
167.37208820096075,119.57195575414298,444.86206527404516,544.3555115545669,344.61374320865536
236.64769651813174,191.5240549957564,536.0449825113703,498.03187785083713,385.40559159990295
183.6350034723251,219.22836152190948,415.61415788708007,818.5419267406793,325.6693265726923
191.39939698213274,132.13873982647954,431.7417266772627,532.2231978135279,299.181171290527
181.7409417328884,155.24282095731544,426.05091726256774,515.056034729609,327.0510028963056
166.30839899045628,154.7309444779915,375.51515130682407,626.2911698894295,326.25104287660645
201.36624372469353,139.57994167201676,473.7724039102322,529.8820392288675,385.07251791890286
182.1086265918402,148.90932307376204,395.2649233555424,398.64730790095643,352.63226464925134
207.0712812809145,178.09951803736305,459.2696594832081,670.1848891486674,370.4450947803293
209.72805277871112,216.86725334995907,453.56817897828785,840.0159607820807,364.64596935063156
177.91765137353104,119.11161429365612,531.9045240969193,668.4080507752622,370.59661759057576
160.075370936559,193.5382551563799,423.03825400005456,581.0793378685654,318.21346085903315
221.33542215626747,148.47430267340778,448.4129912665405,630.8916449749985,339.44283341197354
258.1222839054963,138.42324239653695,346.266562813666,334.2792386670931,315.75731651610994
210.0383403293116,109.78876751158137,430.56874817669126,686.023347121071,386.1261284519594
217.23182948342836,119.05823843136254,422.11108484280186,659.1633083134163,342.7233151360353
238.65058433027548,135.89774948879702,435.6759418175284,638.5705204996497,366.31805774478636
210.44146466226815,165.43921332993122,433.0349386914583,388.6067962488738,365.3844829701844
206.25751031163304,132.71123659371324,409.67021329228055,688.330534860326,354.666063233088
168.69717287125923,124.41481773751471,373.9659596647387,537.9011633960839,277.5309043597097
214.77487133156203,150.19051170450695,423.4902275940288,614.463672597933,359.0998935060004
195.3897435389443,112.4751535271739,384.89377052672097,621.219920536341,342.3706548210312
188.52976551581818,103.508403742373,375.60579566239846,389.7434624744711,386.469569519392
161.55575007574382,133.24658396443004,352.98525691002754,587.1184311384336,307.6516937300664
187.45972663433474,123.3001990313726,395.6103353418323,388.92786591445065,309.39413432479347
208.5971088732272,158.1216759105146,390.16162385579577,839.3607601300888,338.4162412552167
182.94733801113452,180.1695041084961,414.2071619102044,565.0973491396596,373.4028327403719
203.7759012008297,177.7138752303402,471.59101236190975,840.2947637245238,387.2805119394786
194.3825295846964,135.80189495290674,425.7065699863105,494.838696454937,302.24043862774136
254.3607432212056,154.80776498532245,413.45991569504406,535.2363628311065,333.77236835497763
173.6563039958163,156.97334242942944,440.7917004485316,375.2210800109456,339.36507836545655
163.58992277735402,134.09401171391298,435.65898176540026,498.7773864859402,271.91431564630744
216.38149170585368,120.11779741745973,374.74750377186746,390.1325455058071,311.3618356351274
159.89386788536618,143.92935437358997,433.499961724196,331.323004453976,290.39097561645445
178.28079268740245,117.59831848664841,409.697365870269,395.47098599687405,344.7085742446582
193.19681430241775,157.5643870855403,430.0739548193548,375.8426536438198,344.39984826756523
217.95580330660275,143.3756286836219,410.7578306327596,573.7997837232249,355.4492296894488
201.66823824068067,146.99880694846365,413.8161499102582,724.5792545081325,321.88707430827213
216.92600368409938,159.47000222127446,494.2289562824383,673.0477962367361,335.43882585302214
190.6552651474951,135.60081071795196,420.014697688392,419.24361290172027,330.44894959728475
232.37942506873887,213.0269690027433,527.3657792114966,857.4056362020905,369.5836969933251
196.89561544310493,153.69470302780033,450.6901967871149,712.3617487792822,361.9611099627202
194.96487130783729,151.6878505019255,393.0060058176398,412.0656989687897,329.51776652018725
204.83197215280592,144.1289942577613,447.5197073742668,508.5090023116909,422.15669023849324
185.44203148669297,188.97796212910546,478.1236423172031,658.5902154583168,372.69930131088427
191.61105867328982,156.22467318778246,415.2677136150415,372.59097245161655,348.12858431287447
219.660578338131,151.5899100483728,416.79915939189186,657.7020167781646,383.84253029676256
229.29021177912497,146.24631290058483,366.6912915056419,528.8928432457832,383.8167233734724
203.16562316419038,129.30606935535621,396.22955406499113,458.5822758082263,334.6284884133096
211.36938105880353,114.84182482141728,425.78924289472604,615.7831826101714,332.69792726549315
271.04721920921224,136.7224487164925,371.7913578248961,486.60563861372236,320.2348256933396
207.22030193418885,143.98401296694576,389.67202877663067,458.3322506039859,347.80525627382536
262.75938715025023,172.41185167882995,458.3762467822306,685.5644982262189,429.89134421076
245.10563667553242,106.17221418491833,526.1090725091775,636.9504038512498,440.37300090137603
197.0740070733975,119.85006196353322,431.2641250040752,522.3407743452191,334.67073963836793
235.0603830940875,151.00725853036334,483.8795080883047,427.0967326514261,361.67844475300564
226.54115334293886,157.50688717040794,449.4303909697595,503.3511146566877,314.990226940709
199.94835189354444,121.2718379428505,362.10603408175376,441.4215177735073,300.72172770887914
200.86784169573372,187.41198144685893,442.9248346639933,545.2059739034381,373.9606302348324
188.76844227486498,128.40406540122328,462.0631566263014,692.4749747052812,389.06198322638414
160.8120245325967,165.50199584215724,510.92026212627474,549.0873566112369,393.9895509597182
205.01314165246094,128.5550345255257,393.19848940976937,366.1368449491161,336.993679787302
187.9409444842898,146.8603895116421,395.67530615931787,432.61088815399296,296.38653116560306
212.11825704966918,134.18080665260666,348.04480295579015,555.2257397642868,271.11356210942387
163.69572281415395,153.4901990902041,357.35223368472174,609.8837022875139,346.8003843728327
226.77679745313546,145.1735495298402,413.66549452894316,542.126392687976,368.1830335491567
171.5689942630782,96.69389808222935,340.73044470955307,352.7049080824728,268.5087071861658
189.37659190857585,137.25760776366195,466.83346726385815,599.301111696312,337.4327080347143
171.81239622216503,201.8167940636738,428.88839526385465,630.5517759354069,342.31088419171
223.54463643989945,152.52606973351376,448.24640578704265,837.7915272883351,376.97319939427393
206.74155413007472,143.61623818754265,362.7404421851097,431.70290996172423,264.449234330772
191.00376895673088,139.72715984010898,399.88639090340564,503.26560644111225,364.39396442031216
220.54962952493534,176.61473922855353,403.394851935426,492.8938417139848,343.69883497125784
205.37742760870248,153.53444981582308,332.97816445034186,386.6531276687929,286.9973461191848
205.03990553472653,129.39804399405907,368.26266375242324,433.94915043146284,271.5611105530461
212.11587264752174,107.27097393545984,379.34538134848253,417.66359409610936,335.50841557967743
190.30083080833882,131.33740157199696,437.6519385714489,714.0660006749674,322.4782839695315
215.1624727311291,150.50923906196397,465.27609156277936,464.89168730636044,340.8457196923944
203.77908915766426,127.33123351513491,439.5112112851768,367.3164740329441,339.55840926584943
202.0911204631391,105.57477112587635,419.5431089518139,481.1929854204019,328.96045647044116
205.4766479568796,136.64726670724562,446.5402671091355,670.1055603370121,414.43664704674495
172.24631596728477,148.12027769198093,411.539712281509,376.7045370023507,374.8371016917555
193.2364580755769,153.79030006463785,411.23354062826013,471.59644019049233,279.4448740981077
251.28730923837884,115.02287074169223,377.225672673908,570.5349912558833,372.13786248868655
188.67419475322401,135.93015658808446,399.4900605056762,481.0260926208354,317.4217209607325
273.56557591977815,108.13122161343304,468.760040697085,489.87918338069875,442.63938651813385
180.31455469580442,142.17948455467192,400.7648423841494,493.6548815592099,320.2802124075472
213.44675418897774,159.28555063399838,455.91931350087964,588.5590932318757,362.1617645691095
211.316517622944,141.0903365102674,383.9777958502808,403.36790431053316,301.13588656675364
233.43404264539126,140.63716101662595,451.81632790183784,603.4615514976521,351.9332086117388
164.09792095555628,155.790465789404,389.75528988722607,640.9019446921017,356.2614784172576
263.0667242602454,130.52127898804923,448.061944925579,620.7425271456285,424.8834578130074
213.84604688350768,182.75425848222724,443.91936388752856,701.3480002060616,330.39113734307654
154.403332466414,113.30960598730994,355.3061083985785,358.75816506602445,324.3895157962347
211.65577676768774,128.20381977534558,408.19129501388784,532.8799349629041,330.00879870893505
201.1477479976124,201.1406770337454,429.5392918211175,598.9503429477513,313.59932775986937
211.48352682072957,158.22633500776638,437.5649102117386,551.6206834231641,360.1551236071471
217.28030113919877,153.0320906555128,425.4239388763063,594.2064074431136,369.1575995855381
174.84881206919425,121.05069645989602,388.31090771519104,455.4841730353809,297.9064154986032
201.08563925026922,207.11479485897758,476.87350452227525,613.1165508721921,289.1246557139451
210.75835254944943,142.9565250623912,356.7421185383743,676.9530265670408,333.71388115523007
221.09127497715778,157.91687307463738,451.1325141028549,597.3942880609123,334.5133379524189
181.89034724657938,151.91657247716924,444.04533921843523,495.4992663379332,378.0748723374921
218.45649536029407,141.12379815700794,403.0968633395265,614.8062992437393,372.33458329579037
205.84479694130198,145.15444787219354,411.6413426462811,501.680037862167,319.4006106050441
201.99026987480454,101.82513458748339,385.4711552611674,416.09135133461496,318.82717094364637
172.53778044621896,203.36102422366943,489.56866012753767,692.78756831474,341.3746953659264
159.37829252994973,168.9475644582717,378.2251102309796,367.45514900066604,262.32966289138716
199.84414033187045,143.55829330516084,394.2767810263333,489.76502122801975,332.6266890686272
204.75986293249235,142.0355643423065,439.92136932476456,641.7802499698339,335.0813858459202
231.2161280524306,137.84449556506556,439.7068360866721,643.45377745056,326.1356966377972
208.01430959112173,150.0415323179232,459.06178065857176,509.114212513771,296.1978625643909
215.12354951637778,188.7541293830457,393.36581672190573,366.2473528030331,332.4393861458753
195.7526927992418,155.21932161170997,405.6760124050141,684.1258618829748,372.81372198425095
178.3353216115555,137.35622866414326,403.97119310971544,480.9902410985799,331.2558903119451
262.560291592602,149.29560815522115,504.53762883958274,615.4037625889434,366.45190133901417
196.19184668828836,160.21463450010518,364.37514701217583,500.09967815596906,278.3221966029648
204.67957125768547,136.23780837787962,413.88149343056733,457.8249358403356,298.2514299271235
172.98004792698018,109.67929166518218,349.2107618912226,534.9856257926498,322.8008939691136
259.83535956271277,198.4286566297332,425.07684222353765,549.2515351349028,392.69704951249827
214.5119429995889,140.71592001470356,402.7294717481277,492.2361761107886,331.33142943269826
253.34866013305907,125.57515992465896,404.78908812065123,355.9379819471603,354.6717835797193
212.61609220580482,117.3331462502902,429.01233177405453,556.4098634179044,377.88512966245406
206.69882313677164,128.30490515668077,382.7263484716407,487.4422762359552,359.871093822307
194.5601901317658,129.72363663603244,407.01345455492486,511.51360446842585,348.4092824320186
225.84972046242856,175.67935154440545,477.1435681688727,716.8767230827101,348.13092192028677
169.188150935816,141.36437902909182,440.8952926147388,551.5827910328676,364.4383050463796
180.49362037153648,178.3790314181127,489.99022133104677,677.9258668095869,437.44151355399833
184.467423506779,143.67423591768954,382.0614056541708,734.3904557428096,345.24592780883694
187.3846310532344,182.1536190722639,517.2859752921426,742.7388397363834,414.4841234295887
214.7382772627048,153.75424911759566,449.89187528852693,534.5554092802104,312.8300627160769
203.70277030807733,144.0559593245755,503.85976717389224,584.1493761511385,370.64733111401983
174.59548039344867,133.54808580936228,445.8267748906715,484.89072334505545,345.05949599922724
187.96614718788436,107.47820723877645,344.8151979439505,520.544356437741,288.78351994544374
228.26264363248123,152.98128245031594,507.30691062596867,811.0362506492465,419.5920009790883
237.05694207245293,116.03981564640402,434.9640788369424,651.6512574262892,419.50879282794835
206.64352830237675,151.04115237106603,410.29091765380446,517.5117296502434,282.78077596532705
207.6760496385192,164.14992943118122,432.9593909158049,659.2960310990804,335.9613066620283
196.88316468743903,118.69104327358845,350.40819824761394,601.9312157051831,287.57100575058587
190.31842404070258,155.58899778212643,489.2086177094378,752.0180467468055,392.7392290923095
207.93186510432662,181.67941365090596,507.3759176006747,634.074722778395,328.619416423344
199.15024064965078,114.06644498146302,406.80075801057603,464.4415815424598,332.0256088968007
200.38130059362615,95.45163055029533,369.91819739753674,333.00165374667654,275.65109524763625
265.97019403277034,181.38175536744026,477.0215292471461,774.1302591762756,326.5636273713911
196.88234552336482,145.55656866283647,401.2842072857868,705.4589617199567,352.03908288818826
167.71974098007314,129.87840085335952,358.6804077307401,461.98366661190244,327.120865487892
204.20900742596228,169.35881432851207,451.9246842908507,564.7883286546315,354.21824036073997
203.91765540603595,141.9009934669315,422.3967958836557,489.2021066845154,287.4123349671211
261.63019129607267,190.8626007358548,516.3805584661873,654.9366073854087,398.66964009821197
162.975031735316,127.96549223457271,417.47574130185967,581.127417161037,318.15565878733406
199.03672839625145,211.74133422496072,485.48802679668313,659.9258633961911,329.1941427421384
184.0096344733156,128.43272984031597,423.66890120650635,506.8702272901827,350.5482703026549
159.17531088513616,128.54921836416725,355.1514664221872,400.1168167705347,321.2057096945016
201.5744713013022,160.18214039195524,456.9219460839276,521.8201576597669,300.2579324184426
178.89940141515032,145.96701880186959,362.7458554877579,447.3977977773583,325.263647643389
240.0675618028481,157.94681012525297,420.7559531451987,543.0449630934928,342.8886765701468
271.8812337398546,131.40058837959126,448.0035525417063,632.8849172955141,366.4699478163297
199.3351696373306,124.13043907546431,395.7085586729219,351.83855810158485,298.40716253660395
181.04775964112002,166.42198772079723,439.85080747042065,599.8321014516811,341.67094052072747
166.10856261797167,107.47674471792584,412.3086508529015,383.08825167240826,366.18577628666134
170.64188106094926,132.37133204464635,421.06849001007595,432.6587994732279,321.0899000264095
184.77611401132103,187.78021225874775,362.2063343566458,363.6005720481295,383.6739410570594
232.96428213058826,109.51827855490932,394.1752516352326,584.8712541231224,347.8522416951745
174.66165535447286,137.1914993872467,444.1591444222228,447.327731314618,363.3702353995564
231.46912103036854,155.433926779372,416.64736351631615,565.5638479190483,371.886255590349
180.55889444606277,138.78117830679295,356.16996256530047,542.0228417659575,305.1480848522389
215.01783668537325,192.5858483990341,436.01896682027234,567.1510635756526,353.8518073033461
175.33690535575474,118.43001885530322,423.0874722918232,496.85813916507624,313.84062299410635
185.65983331607075,161.90945826585212,456.0590472910559,395.2845686085026,379.48680524269764
255.55691931770258,105.72653197838584,492.7317100692927,414.97387014022905,414.07238854928664
251.27883611321784,158.95529252811622,454.1415672510447,713.5491120616174,388.50589515104184
150.48453731119616,105.39352301653076,373.8064628817662,341.43593598620436,279.3485169845702
182.90287767478338,151.4350974472522,332.7829485213546,343.8174783545293,391.5228951341254
236.00872742999996,171.16108913179337,484.16412279140474,515.9392391353248,401.0210479797087
247.9388756413068,116.8023999821079,382.06194213427926,406.5154428363785,370.1106319804132
189.1610978322525,145.70377635781117,413.60709761617534,798.6950353727146,397.7986287137972
174.543775665704,108.11228469354238,374.13636092659436,454.6450418437993,297.63992571323826
203.550482028082,100.89389380947162,438.3934258844761,449.34122662555006,355.170749398823
206.14782124516998,147.30345600802607,417.3402993739709,576.31791070892,339.2321541535562
235.05694727930722,157.78546997752477,433.75077300616755,471.56327910267817,363.7050444638946
212.90516095972012,135.17603644446913,400.2826494593021,451.32827344895423,329.7260983599972
249.29510976905013,133.48627480680173,427.6593228230691,527.2132310279908,394.4370752237995
233.27600996230365,179.66729946346365,438.09827201421484,657.7337736562445,381.3903543284021
235.6132580665122,98.04475878162567,421.2085789528322,370.8402031183594,368.04943116297676
255.8804773896053,170.77036123511584,344.6899700135455,346.2883342921655,352.4000790671812
162.71770735202108,104.70491744100184,458.33596257940417,404.9337881282031,327.4113982446987
211.5554194765766,173.19486243625093,460.5645844470854,698.2835821861033,357.9911948680418
223.43785481093929,122.06732728918561,467.7618064389835,576.7128759823469,359.1930041117023
223.65077280960958,144.67091132373918,443.3675863876899,616.6315254097481,342.76379159728253
213.05202690424096,144.0070072473317,412.4641266575006,363.68963302358145,290.5984631488076
183.95683908833067,123.55761335293863,394.200593368114,340.6879008186459,296.60911975161
173.95610776903322,148.56958915647303,498.80012812187937,691.7460438718721,299.7115246918311
156.76694305890578,161.08115476985495,530.5275403303339,828.680937581896,335.7621079137879
199.46031995316764,178.30115302317233,472.97734755440973,734.7645838768605,280.9631191009971
199.56956114328105,130.2437438377988,411.42050388507596,374.69324694453417,338.84581831458377
244.62698852484698,147.7974972475954,497.9831490771826,851.6241819869684,374.12782153630275
214.44205951223537,115.19478187932057,386.80684294283486,604.4453693326947,374.4331109150901
194.52331136251635,203.0589359702354,492.0373871954082,461.4331667537125,432.81017334420744
217.20017154798003,220.92857823957635,472.68856175383263,838.6055586682028,355.72561588819593
220.76361479708308,152.55457788247733,385.16832930812615,444.67491328840845,365.1232169006937
194.62299571619658,113.05094215289023,449.70206973199066,489.87446804977407,319.1358839082232
218.92595491664625,113.43347329359766,456.91650349205315,805.2216257387249,346.9127819171896
213.50143805913072,147.43581851368455,440.4649127629195,489.09501736233267,340.34905718282994
192.93871602921146,153.59167128557698,433.89512884621547,464.2969058912151,391.02607837008077
195.39835075943293,127.4712991605293,384.9475621614115,458.1163346923464,317.415732093103
218.3087139056391,152.5584583722258,458.1053867224877,589.9700183604002,318.3985881011366
198.9382174551857,135.19941920862237,337.3690009714653,364.8787825320856,320.1881636398256
212.80394432000205,143.96663834140074,446.82864174688046,419.9055073152174,375.53395771224547
187.65978012677337,128.84217992739335,396.32944689223535,589.4531079752078,356.4289585940587
194.68172494317207,98.91077582445223,408.839572275887,441.961389899898,432.0472015681583
216.10401183978308,163.13850638215382,479.5716417774495,812.1948826582654,378.8355748134166
220.14052280314596,193.54152408350888,466.2948806430139,828.0864248331654,344.4277939203136
223.47795746286997,175.45030214437537,441.39235505432134,647.4226103122481,425.82586425381623
231.7989184631324,152.30965954940697,504.70759113322043,766.6552293374441,361.24508482118125
172.85584120784404,169.41615200854366,456.2234280332279,637.8281283722092,423.4993081718531
172.6076735765573,98.19557530431949,344.10084670515306,350.6834918738453,277.7118257450017
203.20314345432112,133.17353258471275,410.3204560022054,436.32091108105345,321.7513041456414
194.27794002161832,164.8244891460944,447.0764171268051,574.1732685238832,357.2987353190565
210.44746084297464,159.21710478684756,440.629594781209,759.1063319993469,342.8458312930729
195.0771077584946,192.49108667328542,480.63992239585525,458.4758114277876,371.56727949387687
167.0308568677034,172.17958910735297,418.2251645306123,605.6762743470767,292.7693802211457
211.10491197302613,210.68661151716134,472.1452130222372,824.6921230051283,297.7900629423307
160.0405028909383,175.9508101366863,340.44037898197405,375.74686484395363,285.5208900019807
221.00406622638425,225.2379831654354,441.84172816232007,579.4688575539384,374.0242331864843
208.0546249427039,194.78756346440954,471.92453261827717,746.9728217780117,379.0168092927533
231.86944433130031,108.19099010306387,432.5622048700149,447.1066031745985,377.7418476360184
221.4815228773279,113.68731078346977,451.0875621406668,499.64514075575505,366.3735333810046
181.89063875095388,144.19640720096316,412.20610034216185,509.1614050087942,281.5652580754038
187.4866234755873,196.21068799271887,417.67223257634976,611.3258274635184,326.2060478134642
149.08344728645255,104.40678948430241,400.81257796125203,368.99967203615586,361.9915622063735
199.86272995630492,169.96798553206423,366.34861327122366,337.1718122453431,305.93536069399363
254.87934144627445,136.37310304560944,418.90074693875727,775.0626618637572,371.3325071730849
203.03431373049358,145.95268035412158,412.2392121794229,408.1160821277144,372.2750992479811
194.75772080959098,145.1907784896868,495.2047215404269,701.827098103607,341.77258939652216
200.0942280240038,143.4600027862298,458.6567098396433,516.8694474050607,325.9236890271864
205.00107458235425,205.5443704866062,535.5078827276884,745.0450664314437,368.96735650191556
209.95035313645235,139.51781284554676,384.33152758974404,393.6378765487922,331.8851859875142
198.80193063293643,140.9412591780554,469.65330764383447,412.2864720907879,331.4286977605253
238.9091564646966,156.73115137081837,480.8845042734266,677.5842932695444,332.06064334852226
179.36256100725853,164.9004882419215,392.2450361367629,744.2835514775128,317.73230738150403
192.82190355503565,133.3168454950919,388.660634242917,520.135809114413,343.873386686874
219.03541850319525,160.1620735331269,447.63296296301183,480.9779880130884,379.60148419005213
205.8635173533778,137.84947104611012,428.2175212440335,380.22126772610903,350.0268118938318
187.81399903138336,98.23533355326443,389.32975044964763,442.67330183121163,339.7942906702037
196.91981311307887,113.7198068670792,374.2148400843829,435.883512013439,382.9714107540289
204.2053637919514,130.35625959129086,380.1606949158077,530.231976308507,388.13383281556065
175.14542206165294,116.04081285026864,424.72798110944433,332.02169902544654,279.7510571659385
194.8705475608938,130.0765180990922,397.2088798437382,537.018713909569,377.89394762944
165.96792676182125,131.91504316643775,467.69328839426265,431.8732785325492,305.81755517100083
233.02728878878523,209.3916324919489,479.32517031173217,849.2435536365759,352.45256088097926
234.0400458851982,112.09244692210467,355.7036394305504,546.0963499623209,400.02253532062804
252.99979555788812,225.6440322087587,465.32212477363055,867.6089127315495,414.10762864859066
176.00189798907869,115.2425783040219,347.1249199508407,468.3753488459739,332.3075014366714
187.11081629335544,153.3680088312265,396.6301209757512,607.6340730095008,329.28682829766467
193.13985552486432,99.28982294775,369.845853053416,433.8466953362698,332.7126890597423
176.27640368033352,165.86246084433137,430.23945106600667,599.2057949373308,416.3130151607055
186.30615512440096,129.54388259028013,411.14748241986393,464.0115853946685,324.8812907065833
179.68741602194834,142.57404803170536,445.6844812521632,532.72817730795,296.08467239730345
200.0810013746591,204.86993616725192,413.8009183157578,758.2627716521209,366.9625912888923
197.44471513288283,130.35097054361736,362.0104697654102,594.2872681548309,349.08407639503787
241.50838628876318,202.6811173623428,453.5516356346271,666.1180414766868,345.3541166371449
192.67558342501968,168.68718415541338,473.8835415500007,589.360960672389,322.4670600526323
195.81824242588016,140.4646782183459,381.4762467124937,531.6000012928649,366.2069359198687
210.07161773669304,167.86955264644786,426.70202900194187,521.3862228687036,354.5706832193376
194.93215672560217,154.21354256850194,467.34324071905934,563.3217937027155,362.73049763118684
196.35820636883093,189.49012387411108,436.6243733017298,699.3101170769199,320.092698108247
220.41703316916278,124.94933849888643,416.09971324234533,562.4684966066299,350.8506670929296
180.05050198567656,144.62912187375858,425.0849034030131,415.86176068507234,333.1582191127637
176.6914888036276,186.47880997053892,448.9382417623457,619.2759415710897,362.2359048766759
220.9205717106282,131.05833502939552,396.3175724109362,733.7604942035915,262.80017610939626
251.36915756198692,130.30235332809744,529.3257946472693,707.2393901619492,444.00894388878044
161.37326670813465,166.16076022059778,369.3247301145665,439.10703313641244,346.6647998495825
206.54087729654873,148.9762648276101,467.0037268953033,690.4843952960492,312.27415690555375
199.24810383013542,159.4445286307484,473.61399832754864,633.6095451069752,350.29778188674686
171.17141123308951,137.35418768969149,342.25296665538895,412.97996111688633,301.47462609771276
203.24614275131017,155.95175504471774,494.7061080687252,726.3113594580046,362.96091798581296
189.52106451510699,187.63763277940157,432.9315713201867,679.2172405996592,301.61989773176117
180.5970708280869,128.03197569515254,391.7093284501842,401.7470824844965,304.5623815653631
194.64196344481266,218.30095863526577,507.3291454829162,469.5921278830955,343.324548618485
203.6240614008432,168.7868569142403,401.3967654958175,498.9887759325593,375.7003243252355
199.6023221428535,206.28437948374258,511.87738109404,819.3526878665026,435.64026156867874
151.80206136530532,118.5272847692922,463.4368372122234,414.26293129005484,365.4024586701506
194.5580623739624,159.39235266343252,374.0188124215362,371.3929051307465,316.2018705702806
205.13383310114747,149.00244839661698,363.8269972324441,444.4235474334975,308.6660510805584
210.22001640619433,148.17466989129477,461.5991010178774,837.2818616950366,341.64481917904476
216.51714585395615,160.18720350689114,403.43037835786237,714.3449737618287,328.59450127922497
156.12493949869219,188.8308958928154,449.2942128849758,537.0918035373227,412.01740685358124
230.31564645820325,182.39054379786856,470.7092558741249,610.2289536511961,428.9855066523603
216.67876794399257,189.05880074463647,435.9978745664594,443.69408533302396,356.8448569803509
216.5300718120814,191.64507171886464,437.9079160629553,822.3461959688939,320.85274435887624
242.2679894458945,125.29312669760404,441.2335778454799,619.998862153614,318.66008900127395
154.3865579712841,105.22549878399717,342.79522625889535,384.42041171768153,315.38227881591524
251.1494669575904,226.80274797659504,453.8256711431725,451.78498433966433,421.71574275917976
189.54201464912757,145.6135917267846,423.6483073237741,565.9699358472228,350.24302722031666
230.6718225586015,180.8040869303604,441.48858152256724,537.6973499908826,362.53156387838993
235.12723223704674,151.08688159051303,426.26661339552123,422.54128998500084,315.5324853584401
216.91417997365565,146.06174832287778,516.929751756631,823.1596536052023,445.4817890648683
180.94688434743153,137.66464327108554,362.4262139809783,443.29710876185925,298.94206963988125
199.92651806441648,167.78271285705213,428.06319367068625,573.2927409150997,368.7303108741172
196.20843209020535,136.82707492426664,374.48355909699455,433.93841439838576,335.46221660154555
240.9845897093052,95.4688978143718,393.8132889467696,335.20945005699537,338.75388582486124
162.46778406638913,215.09061056956784,458.24943642467946,606.9806122269357,386.7025344152104
274.1019507277007,188.0649616235757,329.69023671345946,328.93472032035857,262.1208271799036
213.18595174359285,126.70589433013167,419.6158324465434,395.7931656258004,339.13128652100636
236.34382384955987,217.42352637571636,487.9178988591344,415.3873080566125,385.0688829964565
179.0282242934651,185.4988429654738,414.4532491420576,709.1530546717235,316.147076754031
227.59428639744078,143.50529919371897,405.64094483821196,483.9648673616107,334.5634981946485
183.36878766083106,146.30021727115238,411.84887334403845,557.4238241676973,279.5879698678776
227.1243532946179,190.63157833514552,511.1724095422969,665.0290428402869,348.9603355644191
181.9180802625373,122.91784213740874,402.2930525042154,552.9298445496031,315.36950495301545
212.76699742036618,117.4384612422345,445.09387619630337,567.0882334378732,274.55658613168174
174.7757278570897,165.47978055134948,468.0224686147668,564.9192111467136,314.16335677055355
187.22051859885542,147.51443226770695,395.28679178496026,481.48663746090807,320.6481515518567
275.2001992543863,188.811607759321,513.1111245620099,761.3419773104007,434.44509878845435
180.9682092136073,148.03016383803816,481.14843448216027,472.772715048812,372.2851948091058
228.81505116705443,175.37759388251501,507.1954105148212,550.6925030145632,362.23814278108676
220.85639775771432,131.75889761794957,350.7162040704288,407.2141651633241,372.0521689402661
216.0810291768384,172.0216509759243,448.36817725731,552.2889936389709,283.9686201924529
256.75573665515446,155.53503909467167,422.8487734907846,730.913471970494,393.3881165017007
235.36845123972486,104.71022729296223,455.85143525446034,630.3307244206425,394.4733625058115
212.20966584308368,178.2364144090835,494.2776611075976,703.4577832546071,308.2654999788068
211.16260692045367,217.28268515315207,512.9082517417252,735.2168313264589,400.1400815000759
198.69847399461986,127.95529311409172,379.6741748320926,348.41419373716036,367.61045302830206
200.53600867137828,174.64698521665264,414.4000856468743,563.977371572949,352.71042602615745
190.90727630286435,213.48153682537236,513.2576749270659,684.9941369848023,327.871584294939
189.44950912928476,134.79133791356784,419.36246140325255,515.4305402550555,312.79779405648566
164.13134753968865,130.83540003848563,456.79881098999317,739.616050377073,372.25350608167577
225.76940352881059,144.83542274510023,481.1573338478078,475.38758445853597,314.1130766137589
188.136179758601,121.95721280236478,355.45215378232245,438.7687883888458,276.52185537495023
212.55267824650744,137.65053435548552,475.8939716550071,825.3668286589517,378.5860053909802
191.7297709036683,113.3060312038298,344.5929919079657,405.93139467529187,368.8471208239739
240.82288851593185,148.57966475732394,492.6436244888731,546.2944149064803,299.40304177398167
244.6884972563969,224.04941318652936,542.2482949055996,332.93572654083323,359.373080619887
183.87462075989654,117.11273698144034,391.2749699253523,442.0787628992618,370.55826438965926
199.78846462434925,114.99877100664928,396.79418258839024,386.66055345858007,342.37204357548876
207.79510957865605,135.01436850066523,445.29719147486753,556.3203301731237,363.6347481966801
208.64729865631617,155.13035941867176,477.0045760755829,562.946211984468,318.3159184013339
261.89230303604023,189.75828778506772,499.0808141563338,830.8914033413354,388.0613945777841
251.21244596392313,139.94149953922383,474.8270531595958,509.24927362029126,406.5855195394883
260.9085368629893,129.73706863139185,495.1275761788604,833.2467933883302,344.0300808725512
164.01833878053293,163.14496073690614,461.0853930344904,505.0011550380109,337.12305493373174
196.02824550873868,149.75759456445354,405.4707976794806,553.0226672805285,280.62942803540824
202.63368680770017,131.93639751914066,473.97168495137515,459.7828629696212,384.98890778172193
208.5653952544459,115.12664093491898,348.35860478083737,416.5915548039425,349.560043478254
187.29521830474064,192.80605785333017,452.44124113948476,843.3091748907314,336.5913588700329
209.6176971456974,167.62673776432393,412.6358481467791,698.0916512205641,352.01402329932364
207.78160689118758,120.3392321574434,367.144054045722,464.70655922957536,318.52574085422305
215.02884303194892,160.26435234114385,413.3872516245822,602.8825437213361,339.36662791907327
192.93389910777557,151.31488932731412,483.94660666343907,631.4156880829532,380.71394037926683
245.4855225925575,103.19865899396311,342.09962862341644,339.081988237357,351.2464669810834
189.42658188863373,181.0052033859367,386.8341999908053,580.5307018590647,315.84503956104606
203.1245607363889,201.40099475543786,412.7812844689604,773.2144635097535,341.6828733440406
161.45382198897255,123.09221478280959,368.04298640234634,457.4514721207597,317.47847534534475
230.83490742024398,114.8561712101624,386.5562102497113,747.7353582266153,360.7738132843173
205.0067839066483,132.8465086630383,417.5668433444516,448.6724074782643,344.0954477511664
219.0223647687379,195.11399559211532,502.6620340474898,633.3849590682295,388.86054465282
238.98204519104885,150.185949648284,379.7148253854749,763.9134180825143,362.7091997995746
234.61070274926396,142.85482753956776,420.07846066098995,584.4367283816514,404.5280367998261
234.7339605075904,162.81118835448962,474.35354704323174,637.4400106745613,415.9730995170763
193.5450280809652,164.35752626845968,363.5325435728571,410.1303367535203,287.94698756064406
239.2064662068429,158.87944713009483,405.70451212195104,596.6797438511734,356.1867363302147
174.24957146159727,145.14781263712723,369.0517627575783,404.8648592425489,347.94103732013156
157.51095812603342,162.05288230603793,447.8005327576788,360.38446899328176,302.8578864539326
189.39788929088004,142.61059075899004,475.364036327121,791.9746728979842,328.4892139853141
182.99430009273703,129.38486538699905,390.9378709677846,526.9645999007889,318.2778689840058
235.52262968536806,181.00495382479903,540.4448160803454,675.1479670962173,396.6993172778711
215.7014954213024,111.00907656507422,383.94872097138864,416.4769501241941,285.28036856272047
200.04460430081681,170.90166843022305,423.1377605990816,519.6812743904507,334.65137222742504
266.13530754399045,147.34586162735172,480.9418898470862,612.8595836343623,418.1721837972139
167.7325435708646,106.02778168328001,390.2186275256046,340.16668411348735,267.5719740565469
174.72700957612906,137.97699736989753,396.28738150166004,411.36678322896404,289.2022822094625
221.35633687619952,156.90338954279176,450.20160589127283,571.3503989578677,352.7210885763182
208.3946370224928,127.52837429958483,461.8143694742797,679.6337263915481,367.44518332483847
194.2079114244271,141.59764940127457,407.5062274475316,546.2092610930803,309.2833140642824
174.57436287286566,116.98737202010183,501.6310084061484,647.0959153238244,261.553512241126
169.5457828798679,136.36632973035205,362.91373426895177,636.3392149028396,378.2932247883197
239.2346625210962,138.0355053907121,453.49340771367076,506.3388300358187,357.92044525499256
161.84106607528466,123.05052162730854,392.419165658256,378.6120119443706,387.25689430553854
190.24560151503456,144.32395490363072,454.7422288533259,535.4120950710721,339.2001245743362
222.65087878350477,180.7231960893932,473.08441988656654,636.2923005451543,384.8666166929978
189.45929152668126,115.51296497057996,391.0702311674184,413.2498745237622,334.5839626764814
181.26214750956555,172.0530508899028,440.2762405474551,602.7592049620574,292.8920951558045
207.57743178045808,146.3969976822927,426.87319078008306,645.9723586520973,317.55078458907485
174.49990810360035,150.70576021785163,347.4817947319118,423.2832021434522,289.115971407705
209.96249159909587,151.54429997398344,433.86086174135306,552.2516046679025,295.71368540862363
216.41165157349306,164.53026487902548,450.1445110270919,719.3532526882426,355.3460956629165
219.18975804350683,180.89790473003976,439.1171497366949,676.6274115651012,353.5077485443229
191.78744491560883,163.0581148831907,429.90805517731235,641.9138381645313,305.9091704733295
236.65105045879986,126.51519723012218,393.79765318350127,342.0775529802113,392.5122059428234
208.67291636885057,138.65969930752334,406.89659644020577,383.7234449992303,286.99268749533445
217.34873405176995,168.32554060291048,378.5835730352131,611.5305081391887,297.19265845459256
155.48370026533289,99.4037561945001,328.60555899638933,336.02537028305846,285.51071386077825
234.99941263701822,149.9298241767714,427.8820675880907,522.3114562202393,348.77718653206864
207.12189608165943,138.12645932228193,376.2285897901896,575.0774252635019,375.71437040042423
226.36982720969036,165.0419188430426,520.6327594960296,818.6110983983684,431.5700278470314
173.82718532678197,133.59397714921576,354.77762352482955,422.4614466876922,290.04706442192565
222.32647181293203,147.12211128099338,392.99493711703616,522.8114529955817,396.0642701005031
209.2678017102445,163.35748796943304,415.37064857966277,674.7391713640137,349.056866188732
206.24728399575628,198.82799030622152,514.2374643375681,560.6525175326746,372.5640665020524
163.99598308293398,109.27562575375957,340.17679694262534,355.50522445488576,277.5340002033017
195.78773740500986,123.97137369519687,394.2754329282545,601.094380861361,371.2034521163153
221.20526996249185,97.39708436458658,408.0357554550065,329.64317847731155,281.7595109672252
272.9992353596796,139.33482677119747,502.78301498390834,389.1886102575744,398.5320185034413
212.4041846607312,141.7648052943273,417.3284134206737,730.8348160433599,323.55655536269813
186.28304911602046,145.48091577535925,400.3790841807682,484.59279551670056,421.97326883379685
166.93434976466793,105.77326010215265,393.3994449391617,414.21334461962215,336.2352545583878
219.06559647796593,174.9323274237977,477.5421658926825,639.9377323679169,387.7770378380732
181.38314047638073,110.92705450292685,342.95528012525165,415.876188348428,355.2228902942631
190.80274901476764,174.22202153346143,422.5250418784474,431.86364752108017,297.1165049402424
244.51443075824724,171.5384249136642,510.92155300359553,611.6247612248286,403.7294715069538
169.0523807821734,166.72706252353873,368.5728730146227,755.2802288225273,317.33450294048237
248.40909461196807,127.90697999722744,469.11063728630586,461.77203724722443,408.0782540616881
232.73235108910916,117.11730298650349,389.94482977705803,718.1724158415983,344.900950923387
219.2492152007474,159.37652427085013,441.4895684284764,653.0543287515983,371.0113296181204
193.68609096908435,145.13826045600626,439.7173462386373,645.6823723685275,329.01332255813793
248.46805901460561,160.32081057650637,463.91071361662813,852.1073467465222,308.83463171436966
218.09464638796675,142.30346566043488,463.36412809769547,622.673492196074,395.5307986170284
223.66250841504961,146.47927812821675,436.7207465775764,636.0673931263082,429.30121645020677
186.68226700672184,124.64676413018506,425.5967525460598,469.3665500827461,298.97774457767065
217.2589746345008,117.4041999455616,380.6315386017027,426.7061370656541,336.6908521389252
205.26117982253035,129.48463961836148,441.15382015562415,592.2564212962604,375.0138978399123
174.42560809866333,165.78567172211055,406.40171956903015,370.77776079614523,268.69493584202417
190.59363143543385,188.5739255788507,443.7246208795142,489.37228726229176,390.51083756881786
183.80340812711515,114.54334920833031,430.46388763416314,378.6754310448334,368.9258796429904
206.22352785693687,159.47119959163112,351.6891384320504,380.1385992108081,283.54714013630036
217.41438558992047,134.26756100226734,434.99658391585933,504.1748673684889,340.9559626692781
251.36552059479948,124.2869631761441,407.56460187843584,703.318889066197,287.28621331989524
208.8870419076979,147.65916973330337,390.1782966503259,607.999512434748,300.1832134917571
166.7665895141638,183.06252621540483,369.63952551675766,549.3433749078654,303.76890473848147
252.030702876692,164.83377015454985,401.3272854098639,752.6612347498617,375.13551290810267
199.92971044562032,116.83514858338467,436.1595266004304,384.9668140131332,342.98860204201
183.63902716172566,169.0283258347832,387.5327683119045,497.53008236479576,373.3433364732166
212.01686969615793,137.23028457035977,443.227134672267,555.5910153284439,432.23099160306936
188.83149028167438,174.05301190751368,500.28783716169676,784.1168790402353,381.6437395504616
212.74125670595382,135.32445145575508,427.4931253528305,658.7119457302572,334.2229557889308
261.82961027049873,122.72880923965292,436.244073633664,522.4027413572423,276.0366817470557
234.1085678707884,167.56303371285588,440.56579217145776,749.2946683201965,379.8044996447566
274.3296620637692,148.28072858934826,387.4314948084932,714.3644125377764,439.8415269803269
156.33816909973893,130.0489589455374,414.0416808262218,543.4575333323057,358.7482295338675
190.43831708274513,156.03094057192664,422.3361044885216,498.60281176825185,329.72690506477477
177.5338836620583,180.24589427564908,456.8613286256969,756.2130104848268,319.27243692183924
233.1801237015098,216.64619997135972,491.5295159197429,811.8098423832023,288.43648953142196
187.5822351943475,147.66450536245205,416.3084424659524,393.049142316144,369.06365849215507
218.89909075140838,141.55406898524583,474.4328737978381,662.5143013524421,377.8874010045399
225.30343297560165,185.71993952441633,404.76058081751813,630.9484259204228,326.43152090222526
247.31634276274934,126.36423025789345,429.9003018366801,418.598027215717,311.70219326448256
205.94146001208614,104.06102902214906,353.97148401624924,398.17952874090014,383.57419732165346
189.34628003121202,165.19974855571834,438.09056059996976,575.5879737547514,416.82085891773966
207.52603107959692,224.42919583219202,475.56524417489686,564.3658284829049,331.18468744500706
205.36183791135312,183.4487797651434,440.4344920431301,455.1720188550073,318.84036969606586
259.29248846894524,135.24515840776454,407.96299692775034,595.029830433054,364.80079527824455
211.1367737881835,168.08430133757835,440.0202617582525,666.5149379185362,349.85109375201125
207.87989183767357,176.26441899883682,533.993673674122,557.282268861556,393.6802177431376
222.20260946037794,154.30686538159105,453.9849267629463,478.9693246453029,363.6723430672741
172.6544378227906,107.31047117638192,390.24995796450645,454.04745619907914,313.05647416103403
243.71895114400252,148.00674631283525,363.9400535456739,607.195215489589,357.792311942747
246.29149651062363,114.45857050652772,383.536860137006,402.64437013210414,341.5880696627321
249.36521537046,116.50478860560558,391.02201182449005,440.3335104731784,358.39810291426016
163.04488052322057,140.5623091139121,450.8042016031288,643.2822610597433,359.3895077302763
158.88528982363945,170.0810497503674,442.81804773784006,557.7287221509285,267.2546771839442
240.72136288682356,132.38030070963285,367.43365177804236,397.4588104760941,329.3586117166001
199.83718424635225,130.72773678544146,459.63857368498503,477.6629706710823,359.8416575762114
159.15069042607416,128.7782494951235,353.9676808387794,591.2088708974521,298.5912396112564
203.43381556007486,160.70777343337775,515.5047223198401,606.7269634146455,386.7264154620155
154.93625427355227,145.26560819065864,468.8602040410511,682.4569670998638,327.80392514225923
196.98420540607972,117.20030518348733,438.85063174069256,783.0175019535297,320.7813958890052
244.99736463850437,162.6448836652438,526.3902254596434,684.762518498088,395.29141717658814
201.81888639088567,167.6535684579314,439.4437865156092,466.07866803738165,370.4960263958408
207.62385325313772,155.98939855444823,451.51135997911587,581.5939696170551,396.59116336125203
174.01137559605723,146.5024804850658,343.0946275670306,461.9030617709871,316.33463157667177
182.00731049524398,160.3920107147262,483.9787226781355,637.6506865866622,332.718780554162
188.6268605995791,156.5568263863713,453.7043314492356,643.043230666436,324.1200338164245
221.92536901713524,148.9428158118611,404.13149529381235,528.5451909274085,342.3746093327958
255.70876041414374,162.28065681007288,482.22104708961643,692.1574881751801,426.94554101548675
236.7706848887429,191.46768793883535,470.51187406475424,445.51146773140607,343.96949215377117
189.9749783393477,122.56408532382505,348.0666441170474,647.1692459850892,344.3265722069795
180.68586983552112,176.88567646229095,459.88855584389546,580.9216541910457,363.99686552915585
199.25864209527538,104.89332059793,342.8114478658058,332.43990680146464,339.3352220850646
227.38959670013628,116.47572645896301,416.41293061419236,627.9174760557802,333.78421969269306
218.33194303973318,132.39216956708088,440.75076473954596,538.4134536891885,361.3237705012693
165.3024927409115,156.79295984385837,414.3267278821558,613.2127439266283,310.2565261912581
190.3980648269775,134.9745247282001,466.4218166881107,387.35067783269017,358.6885207884478
246.56154101837126,189.36775885416344,462.249472884197,562.7247545282379,370.77600495582516
196.25652571178247,137.43748588668396,366.683621538928,349.97259327121793,343.9795346744105
187.88433742357714,135.47349322390002,397.2878628332706,466.7581660570701,363.15633349372007
203.51731958944714,133.66668342589256,436.285430137326,521.0590935102307,364.7071209479279
187.52794512730821,134.6475839456051,398.3947001121838,537.0195083377426,291.8035238844691
235.7591802228904,115.05344936920312,402.15720673582666,573.6246191430521,327.536130110396
168.97173758493017,163.18048863080926,378.29602345601614,442.72425154507357,362.5664929972001
192.4139709945816,166.28259229410475,419.04990587991205,578.1202620234094,385.688450350024
211.9258592105242,112.97127240564103,457.46582553117514,830.0745403971113,344.2508958488715
231.14578502939017,156.79867736914687,414.60229447011824,578.8552203000057,315.5612783881661
205.9344589746338,175.56253881978517,427.66891758084125,569.6561571983975,344.1389900519869
193.2083856206962,153.53158312010055,515.2630627621074,532.4189557801694,377.05525735962425
161.78391672151503,173.94023006826876,434.50691841188126,770.0778850387172,362.15059956130386
183.50777328249583,118.6646269350856,407.7498596981524,428.7691721040206,341.83753615135885
205.99178712120755,155.4803770623639,439.2862500881963,376.4754895462212,346.99211446695926
257.0088627095839,132.88466397467315,508.17697488384624,471.83244812938284,405.2296807160364
161.1059616412497,101.86991595013475,361.87014936144914,391.9894509366405,322.08231110906945
240.07234320811466,135.77507290023004,362.76569833633846,372.22010511483313,302.66603783973585
177.32027842936992,148.91352891376755,400.4809091056133,430.09910153217356,311.4825544297601
175.12040621488583,148.26627234730339,425.1806216223768,555.3662524467703,368.3630909593439
219.53135522353975,160.93801518578556,451.2293920052916,475.198028773084,368.40592551514584
218.05375192410537,138.94858937667112,444.5417673983734,682.8752921865231,352.1541575861536
176.68052466502814,166.85102654329123,408.7202458541995,501.7159740200008,318.07609072273146
185.24145792571105,131.51816030733448,404.01472310923145,544.1704363403644,308.01103435097286
198.2548507037258,143.6109728402204,427.2653824037994,457.62625332507184,400.19071174433327
188.9680166374849,152.35568970454915,444.8770338512625,563.8996286998585,361.6320438701422
225.03968162897485,144.0057691015004,415.93758315141986,614.4195614316533,353.73308297702545
192.31173079088398,110.51402404025511,380.4059007895276,426.14631623525935,375.9790835686853
229.1787724631479,162.78503638410947,391.96801647299907,519.4450797246918,356.7237961192054
176.16092305157625,157.19047821794356,456.86829448321623,611.4560951830762,298.9606873260733
153.86778020243958,115.85239899231881,444.5919454504398,781.2969125097529,318.9968648668576
226.0343860634723,110.0586128363261,386.8712438196702,494.730802137349,390.03745721214335
186.4192054857251,147.52012900645812,460.531265264442,406.78925847589005,346.38757161314857
260.79973377409567,107.81555625119925,422.4754062859755,593.4486365015348,395.35259058376977
204.0940005548171,150.33366047902567,415.02601661175026,468.2991494066539,338.58422062547714
235.7930699650346,195.8433295835734,520.5547733422269,844.6219535546943,390.9233956283091
211.67974261534948,156.41248078382318,399.06404253792783,462.16152009180945,294.9866453802781
228.4683602432469,170.83631133013427,508.0981668087219,804.5861382099233,350.1682222270108
226.04769871383587,122.1953860661305,506.71611964180886,815.3465801777131,338.99477052688405
208.42007523005384,171.23962663924448,417.94583186816607,429.7821196342183,361.05616065567114
236.55453173299247,175.6380827422348,420.4468320768127,844.1108049779072,397.25296141907126
201.54724670521432,119.09293776519687,409.17799706230966,611.6252481495638,304.2648928975323
197.07844853708286,138.5505965546895,418.675895915206,459.63729343405754,349.8025645935316
221.830676521807,157.76625435992162,407.9812038750493,509.08508222023863,381.7155074791346
177.4913905963912,180.2633282166165,438.93105332301417,435.5543340678721,335.6426639908682
187.8478651764008,102.1745623053429,384.4464234305361,576.8530348192443,305.63443493347063
233.25511526804232,154.5523816164773,430.17565970428393,547.0657318104626,377.6093114733278
199.7033561531153,127.33446476944883,351.4888558637406,595.9561015147275,331.48869807983516
187.04160151661608,168.24161521691653,440.406678316715,609.7606811165768,359.8654288976572
223.11466741150676,153.62806614222274,493.9114752407382,554.6123999552577,357.6431966647944
210.89163823085568,129.12152381276707,462.860726241076,454.215079932984,381.9817411627999
244.64695653070174,196.70431390173286,489.2877181231564,594.2033354724443,413.0339987094715
188.52523460169743,122.79301419937008,418.81738682451567,567.2416595128989,402.4992100529503
189.60888314586484,119.99214171711995,343.0286357727128,583.6044143808565,311.6373165401072
181.5249147616665,125.89922747341451,415.5432113542412,623.3717515509392,345.544244984575
239.12040357029474,145.08132938649035,361.70906383383453,606.7705547243689,322.64630389345405
164.56661390640357,97.38676820072249,370.50054503669946,357.38829216369726,357.51057744143213
214.2173822380456,144.30511643880592,440.7975102879239,405.262465974024,343.47692497177076
194.09032767923048,198.65516283863428,478.4636786685105,718.3296632516748,340.36909975673655
192.00342186808888,121.51868942829375,423.116123390274,482.38061199818054,308.59855524917845
160.77257446765296,121.90408947197362,370.4007083213945,408.1394431551989,314.67737433334395
257.46758471020956,173.80035674753904,476.6015904062662,659.9268492379997,355.1621039796995
217.57419330430383,152.86458248761377,496.30009805691014,872.3669008458179,341.61567440933453
151.1710922289447,139.94236256438828,422.1047908286845,339.7579411571204,305.8839961082369
190.46441057905707,181.6706457168532,455.09809095384225,457.67307048720704,342.92100897758434
223.48534532260297,131.540148488619,422.0148816606433,514.1233198152919,335.1890762681476
197.97982383871417,196.2801594504256,408.3830961461576,570.1212035028974,297.68885907199876
211.80716915046042,153.95591373524255,402.48628828422716,628.6797715578916,358.67795540608364
227.14304911681128,178.26007587621942,396.1845048954081,485.9229878242712,362.8015945378711
212.0756150062362,176.2902502137478,529.0015170612352,836.0236917358686,429.725544034379
214.2964234849718,206.7334580283112,520.4542764699139,679.8892278408496,326.9830547769506
266.83278242359535,158.14546036528935,467.5608191671772,708.3970964668251,378.9998158640951
173.33944807200047,179.79490830290146,455.377900192774,458.8338972148958,285.21982221807895
208.668572656278,189.96739907996354,483.4884381270995,591.8581312767493,347.7220516258367
172.68114373414883,110.55223914142245,390.023773372575,343.9740398406522,326.83854628245217
221.95180687964344,142.72873947708035,395.8078547136952,392.170644933041,379.7094779318823
165.11440234745797,115.85461692853566,429.42441390911404,437.766593162998,353.27368543895886
210.0940243742027,142.72909201802452,443.03451334528967,485.5118445623755,361.7812286866886
218.79907604058027,194.80204219055534,495.5118669220635,817.672497828119,354.2403708075413
228.58124878702847,172.582539240447,451.1614250912688,432.36181289176295,355.2489818571503
198.5423407727038,107.13528552109622,337.3397357595951,457.49360543970744,306.8158041996852
180.84453438565765,103.90647402121499,390.8777399690551,543.4304095971182,265.5870105181284
188.5430266256952,111.2634145364536,417.14913202473855,487.88456138805924,308.2511709026682
239.15355009343443,109.99279934709816,388.49265568375694,492.69189591446616,342.11352165457043
196.48433463686024,139.43202268883488,379.35887752050377,621.1827875004745,312.5522758196635
165.79586482518238,161.3871968319313,428.4410822027393,478.5787344904051,421.8242124287719
239.80031760305732,124.12034594772791,457.4506508302209,567.8192470228684,319.9238754468218
152.29943522923062,120.18482933433938,357.95286543411396,380.11600730393883,301.1976806853569
212.6183205400539,107.25148050066818,374.70873052893177,659.7091466071319,304.829854245663
187.88773499477114,128.97648445089513,440.2861637249405,668.2728576336107,320.6799556236219
200.02280660909688,156.36523420935137,441.5813726134035,489.343560127211,372.1327753160994
217.54627443834832,139.96923018496662,429.8975485284274,755.4714460143539,353.9822958141791
225.33132975891965,146.96544996585433,424.38775654049994,593.5582487591792,381.4981521744622
241.73364190574466,163.39402441586046,473.4160438939365,748.2991284114522,375.41585012722715
217.82677475534507,129.13640096049537,409.50690125778084,596.3966196697681,373.7948867998703
217.53225193122063,140.44205158596006,437.61817894984813,545.5237943141657,305.2162564284455
205.1070979428901,174.8857780437053,442.93379039251647,524.5689268206891,391.90763598855955
213.4443381121007,175.51902301962224,475.3893232230352,557.0001573510153,389.77331346076676
202.5479147268148,140.07226645138897,469.0886378760947,612.5910945845346,371.4972420131271
192.41911622608754,112.54552929655262,330.55328141150704,386.43578323167867,445.35217851999244
153.39997196030583,101.92842483901828,391.37318487719466,589.5383876724089,368.50119076465717
209.44145069980405,179.2900466277745,451.35400669309473,482.3009685503523,296.54685394211054
156.3213926017574,155.45059331545102,373.2392823130038,514.1004012022976,323.76868702152893
219.5307007850257,166.4059899994299,418.87220783017426,606.5439650002432,345.215366721539
214.12834152208535,186.77767201814558,486.31151067287135,393.1665933347156,399.9763276934699
213.24723092385474,128.21688039580775,450.7580894792355,538.1412260750432,301.2257906625556
197.5417685209242,116.7967513227258,410.28637709501794,678.765718382594,362.4888435077017
229.8734981515568,202.8352526163664,448.79500980833916,612.4339592684979,393.6817735970316
188.9730735135163,140.5281952928858,396.3018049628129,444.6489645388315,368.2134390412383
162.16945804603213,105.44092061365642,510.8477581981204,570.787515815852,372.16336576841394
209.85756335035774,121.13509958693969,434.81745864963506,453.29943079757584,358.3865676353249
172.682834270042,155.46098837367552,420.9597430002564,500.3513281158394,294.77159054546223
256.22430774687786,162.4039050251564,513.5050535701225,814.306591002043,377.09034773182356
191.99713841141374,137.81951065446975,388.47399437202563,463.8584297732335,340.12222143100735
189.5520435968508,99.95515780499429,406.8560100419805,666.9534967149556,349.9251694447993
201.6134370257804,120.20127163038867,360.22804069134855,515.5283486034812,319.56459838136135
182.27892088876155,164.81579529366155,418.83966780919604,666.7709849260608,307.18732432043475
233.1168076966694,161.44532474973943,491.9435378636732,785.7739739630393,326.3649230499682
262.65401136448094,213.75241969542236,476.80946614202486,502.4215359387397,271.24684698632467
234.15852496705426,150.55476778759518,409.9353332059916,549.1489248989714,381.24310252496775
219.39776197934276,136.7551610762631,460.05917157512033,699.0444959105946,390.09376761338507
171.34389427221785,169.21697946633643,409.826735513565,481.0827786074062,389.4412172373728
213.17312538967562,176.32877202644576,383.90903781683915,359.37943201965766,346.4734716253083
197.13440670185503,158.01658479335634,453.9219228338718,638.2917581785109,284.75698083111877
213.1076505801044,141.86877267648498,367.57665273511026,404.47305653372086,377.34622478932283
160.91362962470154,118.97621686544105,407.7399755797741,407.18222107916245,330.91136690667076
203.63912272772149,151.7153178855794,420.65541262194836,394.7477003354436,289.1820010427207
177.28424514992147,165.49004843356164,465.0711544587699,779.7691867127435,350.9288598230934
221.98323696746695,184.40027633226225,480.7230544581535,817.7688975121188,373.0676964545848
274.8094099376813,164.90960216126334,541.148076813566,779.8842469311046,387.0987424602317
224.89127870604062,133.5815433363043,413.68380464808234,539.5630286548867,324.0762402754975
246.14377301703843,181.65564688657255,458.6023141343633,615.8037820847031,366.1277816994254
243.0263844548824,144.61232090756056,470.02110994008524,642.9679461297704,367.65370488772436
148.17597600022114,94.88547060317143,333.26168058746623,356.2961269932941,269.35358742987495
197.0201521134113,145.08268730414304,388.79291091835574,581.2530360838944,299.9867800377129
153.55010677145822,159.08024758297975,398.4039236993714,383.38026658481647,330.003581467917
252.732898895981,120.27613293618418,401.21684897430106,619.8873401833177,414.16609566687174
171.32762325999857,157.25423300443492,389.0546909611741,546.3276417185251,409.08125985905355
197.08320275826046,137.24300789171363,410.11763189769346,353.5253644065693,412.4426815081364
239.35816630272382,159.42894697203644,466.5796769775105,688.087440163064,337.99394516674585
164.54857595810603,133.73218686140328,362.02976353151223,345.7604303562365,308.6397597023947
221.6791099081802,168.2964074864371,416.65554323642505,482.3128384231738,333.6103929749858
220.6437277833253,205.6734794309824,478.88848705801973,699.9323312278666,376.24562263568106
158.91836965035847,111.86271253215547,361.2882644383684,414.5356608209631,287.0233003768763
213.02272688974034,168.4421878316659,456.8657005947675,480.3430264823695,346.02933587030753
207.71434457388696,104.025724368644,415.57823740914574,670.9119244385015,316.4192905859373
223.61158677357335,139.55989798511467,350.37690021967904,433.2366867682781,356.4218277648442
209.61644960254685,169.2446929443718,474.99052946009976,647.6888377943252,351.9384751606826
193.43151151888043,206.1102789433385,465.08867176311696,722.6790153804221,364.2640321312092
204.7345411487467,150.94289979851348,486.0340206486645,599.302280737824,375.39377386964765
225.016711389219,121.31504602838598,413.18189071582685,465.5302457553284,373.1640215166409
203.50692445605532,158.34091408983403,489.4989207506639,663.7988413702033,384.0700596393766
259.8443611506849,132.09993462268844,410.92850876189925,338.2401988782262,393.37221621317605
199.5865196009583,140.54693435787453,452.59595510964266,579.8287245987731,410.62166752819286
218.4437838321344,211.60956372374383,479.4415870395952,642.3651260195115,425.605611012221
161.62969935617292,142.75761945913294,340.37082240439173,398.9828365174507,265.01781005172666
187.00226348154243,137.46178033136798,422.9199940307525,367.59602047046025,365.7862137901027
207.52807097013255,194.1498424794947,443.47775982951157,486.7726995344853,335.7186211073443
205.9071531215245,140.50404368184942,397.71579584344425,500.387732846189,330.14170024912727
213.72198096932718,131.6940680361227,498.52928569045326,561.7878050622013,304.2034240596903
193.78331720683613,144.97908979029685,420.90484331570826,380.744256834774,352.0021084693032
207.07421021880825,154.70693092602298,418.85712482571984,701.4959596254079,354.56971819254875
179.52895933842586,201.4642844975256,440.3569340236071,610.8694659798714,322.11136221433713
232.83120834759686,169.21422489128042,454.0027505941688,615.6765374060201,402.3528423532352
237.29386499399763,222.27130717751405,437.58063283947774,802.6431704950306,350.27939930150853
238.30896983181563,121.47877240318367,364.02042779659786,475.80490350444325,292.79660084428605
205.72878468896482,103.21456022726164,410.6791262376007,549.2488787157173,305.52936310333945
224.0418081768725,108.43013022943221,391.4903902449856,447.1931307788262,336.63506128667524
217.01495578581398,149.6242293101336,471.1774617849318,598.6497535282749,355.8233259291911
149.18727045846316,155.55102936274005,360.9554072482533,620.4560349778827,268.709713415437
162.26287745735507,121.79577052731595,349.08583420554953,462.8088414706269,328.64343454589095
187.6303369292624,117.77198994701301,399.0672693453209,746.3780354696928,341.2179560758129
158.92876997722766,129.5338353693499,367.60482747130214,362.40826521292973,274.28260281053434
168.39543236140992,132.95964996783488,341.7454842754078,557.2597934705003,284.4588197643333
209.56841363607163,132.33925112403443,392.0529161264636,664.2842495955044,405.5232179685989
183.67207015348143,109.76449032482509,434.4064270017543,412.8338621962577,315.82216926387406
189.2391302375431,156.5498755760949,422.35365358473433,603.5910359961849,364.3019442169114
175.23670249921952,186.40887430822838,423.75887873067074,517.5932689776291,417.8346141306654
171.2744268216965,141.95334456858095,362.82395976989534,422.7858885199434,295.20017759985905
188.8662747664263,146.68815535431057,444.60359526771487,757.5869064245187,295.6473617884601
200.32487079879297,114.81755338514846,408.41508245723395,471.5441684315554,332.40082034271774
239.7469362030998,178.34213461589147,502.15272348398463,584.9107676543133,357.8997480735735
158.60679739792937,157.67563261970923,497.7804039875243,783.7796867668476,317.1398214999038
230.00631288293124,120.78614068539802,494.65228961760903,629.2789885475821,391.62699011387315
188.03606165660148,120.16213410409061,363.7191675295005,336.3829331938826,308.6084359609686
235.11760100284226,184.33745264145165,379.32938767320786,543.8849573204434,353.87549552633993
245.2368437256207,120.90260119093422,445.2933751534048,735.0494904280187,345.6828091161691
199.6074249933745,141.1233005877871,422.9294777089696,774.1863184770856,338.09048711762483
224.69682836957372,172.143159557072,411.9695761501988,520.3573839971075,395.0699201045549
218.24523234535684,192.69991999373792,380.7947143878051,721.2683409839506,395.52790713691087
226.62509060547646,128.29634887912866,357.90137797394476,386.91296431049176,308.9886943592337
201.4156913254626,133.04985021097477,358.5451311835037,423.45111799982817,355.09978113939627
244.28762501489152,129.21176498058094,348.9602750179862,604.4868599091835,329.5509682208658
181.57118276939326,130.18350665750503,446.70562291249047,623.8198247128834,307.80694808822557
216.98843035841216,212.2360346927071,521.8685503207416,819.0180350367004,391.66488872539975
236.01601548436835,128.3498971943154,446.14842582499807,437.51879156339515,379.1662080097699
169.84708542428714,113.29725698313398,381.3433319353623,353.2534936729426,338.779186751313
217.544186692879,129.54808698592254,485.4097927279152,731.2007133203698,334.0682505208565
201.83297144166062,165.87627474849663,432.2678296972412,724.1486660848918,329.6338766817271
254.5283600267115,129.4686593358852,438.98130745975527,808.9188936661292,405.610186287373
198.24626143461762,127.23549329534002,470.7951422627733,511.38160665948345,294.0480135393346
228.5820310693699,119.53302022775328,366.9362206577407,628.68224556993,312.2559181252084
261.04906230196707,154.63617935750386,431.12584921875555,753.6973647336505,366.3796431237167
182.63079561620776,142.84780825735524,402.2110501591167,360.82803543266,313.19841281217236
206.68574171410512,152.0335173586468,447.2760738366562,447.16924527292156,352.51572426008426
204.50410990215534,100.59317149574554,483.26555692153426,408.02742449596644,355.18746006178446
224.8277315705682,154.29871713028726,482.13553973913224,726.7268306153335,418.6488887840686
200.37579211431205,140.88110626248928,484.000960636075,437.1718273493297,350.911135239115
189.06527964016576,120.4552307250683,427.3986769762433,613.84101762675,386.0658586878914
230.04012945460002,169.3105065110025,460.74576596668516,686.3139288070038,384.75780813392566
160.6983901454865,167.88213168001354,445.13761201812923,564.7603311034281,389.98686758297094
177.6901835196832,112.0108078772658,447.284766235663,540.5675248925331,311.7422274786279
188.48961550001115,101.3045825806841,350.5740114017665,348.2952519193868,341.32079646475256
149.08387970986897,104.69675472156155,370.4309355215532,329.3706138148478,291.1162407076013
190.47186579967186,162.38852151781148,437.02403482752425,720.33671255543,423.3380995027106
212.60622025571158,125.79883082749834,435.43942941501587,710.3214809749156,365.8176070396138
168.43980448413438,121.64694587143464,461.19207049164885,522.3446531381595,367.0727275845375
185.29862554526855,141.59687204304862,419.3475905179753,407.7419466397183,310.67022303183774
249.78916556672948,157.83887360716193,358.8151471130519,592.1605022024702,376.5153096087259
251.0679724544011,148.1245588553661,362.5771944470953,581.1845636922693,325.71095517248426
168.14756908710947,115.07269762586391,338.28641145156524,330.1134169514355,355.97597302205617
202.82610041677881,138.84237103758608,489.92960667255454,558.9489107041451,348.47465008286963
202.57049895152437,141.53475917814623,410.25310755410186,534.009148734223,327.1383915811753
189.23847748985781,164.84311521832018,426.14084024001744,475.4144777105751,350.2593400713947
185.10861513748415,146.12231006436895,433.05020103727077,687.4088552245398,355.8437818035941
236.25657312161422,193.95885994076303,460.08054662763595,462.5691134131437,360.7885432779825
189.32579167814333,133.80097568523615,361.35962520057393,380.93941372793245,288.63249285950377
205.49429839830353,214.24983199342745,464.3366987335827,744.8598613083936,432.5034389407864
199.088558414659,141.76632332295154,381.8643930813544,500.929588748157,340.80993652600415
200.03574443204425,173.1384251228081,367.5860112938375,534.8902187158473,357.3173756712237
232.71424381021095,143.8660351341111,452.55227317535685,644.2144706874636,366.01181024267777
221.26176793796802,216.43797127070437,469.55802938912814,338.74155002388255,313.66689612632734
190.99306978650634,141.8915981726529,379.2058441589202,551.61843812833,292.8013212392851
189.3279968332397,161.8653927851629,448.76871433423054,513.4580100906898,366.0559090112791
192.72080150176097,138.13119880757495,399.9367533816741,388.48187651116257,341.18675583996446
264.9778086226883,152.67733741991924,544.6644108378041,343.02257896971656,433.07542913748
195.40593395819823,146.2278470071326,382.6885569599506,510.9829214629814,356.7180136348121
226.02568072039512,187.92520034512984,508.2188313651207,873.929207165538,371.52086364285356
236.54768306634878,151.97778911531046,366.13752966741873,605.9904616161048,296.3355518578793
183.67473564629017,117.26247192020551,400.0597671857452,705.115376675037,313.34073581593196
237.80880512317194,153.61116822119953,409.9796541400079,469.01433082073817,323.1105616055808
206.09066422727605,125.62252823524477,405.0987075181027,393.33429034488955,375.65108786354756
193.63104270520543,132.94964559567413,385.8167947523153,401.2941811990962,343.0794621586634
205.84704422657708,141.21382932869247,437.84798766115625,450.09441491883473,354.96526887510606
240.11805804527717,150.37685268514983,439.01464648563746,418.735954520924,351.3155199891626
217.8365841952509,144.80169031099848,501.6200034579043,576.0432217462227,359.158574897784
203.4384914271723,179.60617490288604,421.1719121939777,781.2715402771479,289.68686556774236
226.80175341010695,149.61494478757356,511.41958253938793,606.5982298983496,325.95875902552626
173.92715119659465,145.99479343969426,397.5115467290476,435.9528723752883,311.82609500403385
185.3962792337881,111.97107356738779,383.32626529320845,541.5402297265434,293.8780188681652
217.86324126706725,154.59093844469902,417.6932032344044,651.7569064219314,316.4726206462486
210.6164396936384,138.25792385308685,439.01211501863816,362.01912572146705,412.6561316389485
187.51775889077118,191.36386343882933,389.02704034683165,621.3801585696781,351.9579075809129
163.1988749041197,106.5233807294175,367.10585219955004,385.2230983700287,300.2474161155561
243.99419088489714,142.1684013936066,446.58101890039575,618.1233302408021,318.4304569971982
183.90774096581748,127.85405401777199,373.42355430326927,688.8587848533147,322.41467240582335
240.37489952998635,163.5985564546416,468.70232400407247,638.6800976410261,373.100434184004
174.3823260284894,99.31911181523714,386.18149833787663,454.90317403949126,298.1299446044979
217.19326148046423,162.97311819047513,476.18741436112106,548.5426017706473,358.4962755820367
205.32878084571163,188.57866743404847,429.23377824089505,876.0177991871115,428.6578976063428
193.4801318172647,176.79607358503046,468.6029583311304,569.7763589255155,322.86405117748313
204.43566184104097,172.59589450561566,423.35292844691844,617.1415829162793,343.41967482549774
197.07879364907296,142.34360978584922,358.11023892800824,615.1043139487412,335.84219163112493
257.14644353887843,172.64129184120335,467.3906203968504,628.1246062374936,389.8813014653858
189.76166004511947,133.49174656306306,359.12379310616154,490.14821717549,348.20629264039655
217.1072605436285,160.76927793873793,468.39167053864315,449.01960846643743,311.7114368841934
170.4513528468879,135.59917866790613,399.7642496619909,442.5980875324463,325.0793729065456
204.0970559488469,137.22556646273645,367.37345332939105,712.3855127831358,324.8845355697514
199.48649704580455,143.27317296636826,391.5637014992611,509.77855576509995,342.09329389524436
168.31106745296825,125.22496365926104,422.87274675307395,351.7586174971649,394.7897163141267
259.9042186453832,213.54165189517735,457.66620363335085,592.5821588755708,434.3258622472426
179.33588298680232,137.7359165349957,405.1213298298216,545.8025598562635,342.7908681249261
187.82126680824334,152.43021816765668,438.74394463781624,521.755808328841,367.2377134584087
178.2347586912572,157.28688688571464,398.77519687916623,378.5322158760275,329.24984467087137
180.6897763703958,132.53096768930135,455.34972963362344,538.1548592040107,306.3786967987127
211.26941279488474,138.13000694388944,459.5693789930512,539.0457450847773,403.8412270596525
219.2764812356587,150.5093255468799,444.94134247775247,576.9199817184376,358.7143519238358
201.13689747472233,153.58270693148125,417.76935008450755,743.4357763557376,367.44287351117094
202.71061988374515,99.46227708150147,399.58419999455657,380.4733750246461,319.256617875007
173.3063079561057,120.32130254571173,410.32091928156996,567.9140393066311,280.9221868481157
203.82315915766802,159.42623267585145,408.2945144693579,581.2365113520344,306.83279719543117
168.78402497648025,105.9331768606615,384.71961845942576,361.69253813282614,356.8094145373086
168.9846383549571,109.76695248077459,418.24649066355266,463.59943515044654,327.7419972904404
181.1649417951254,139.498724046187,412.45209595131763,465.07374773032484,327.92348941846114
178.28352236597243,186.30723800371018,408.19297821599747,866.5687132186298,335.10121253789146
202.4490187285206,188.23938946471063,470.9117519551185,558.4514021043915,310.6796458002931
246.84448886915868,124.84678165592385,429.2143798995904,580.404572223323,310.2494353816443
212.45771226579348,169.16040079303338,440.2689335788999,560.070004707302,346.1714440527931
210.74018485750392,151.86900358565953,346.6190177733443,678.4411768438628,371.7940248970946
240.53754966843098,187.77021567748645,477.49985422342763,519.616336847694,359.4941268048662
164.35352568477845,214.33492242654248,459.2788516740342,367.04759126706693,306.68767506856085
197.77752675925154,118.99073702309488,457.4152032520031,432.2271508976173,373.12191853079094
228.50635499120278,131.91906147811653,501.89292606247756,576.12922772495,306.9190634865381
156.04197642683192,162.3650116898207,387.05910922021195,697.4528305411403,294.64087456362574
237.40691325537873,169.07057645660305,434.7615582293192,614.7686653438539,364.9045672618717
204.03269617725053,119.29936784569581,374.8413456070897,399.2527560620929,340.1400480279297
200.50973539123387,115.57498169334886,372.242969224365,521.016376706124,352.5867696620523
233.24607651977382,167.18607019484796,492.2889567900169,814.3513818934481,350.34523178371796
181.60300486110688,146.27193536041398,421.6179295308386,489.44621939170526,296.30082432318665
240.08144909164812,188.21879059491064,527.8149294658949,751.4067708658159,385.0483526935764
159.54376528428978,174.07748910473936,450.4599903441,701.6517019338164,368.7586792758034
215.34552648108914,158.8119713923506,366.0705834050612,415.35092377565155,366.9649917030422
196.6636778159499,121.84208861416255,372.1825948281553,396.3210257342392,328.2858750074439
167.49126704340134,134.94359502574565,340.4673618254334,493.0809245348659,311.632594979254
202.37745885006845,209.66433763624792,449.4308398176199,455.32532894656237,375.4616346657269
238.60146847180386,159.7613724783363,414.51637522261734,505.7861307457503,350.13823222908695
202.85332565246912,139.03950198103917,484.4610265239797,674.0522508142093,335.57778358458205
186.7617840878747,168.92368240546588,373.51287785913337,341.51838549490213,301.6314758951613
218.81145041986696,201.5977752043909,409.9890820417411,385.22205192535995,295.2777923212479
156.47303674289074,111.10035387822447,350.04592274499004,378.5773130699001,351.105804007995
207.93822193955353,162.60580304754913,433.3566838732435,475.26557398161725,339.17689304196114
188.93086006890152,128.89012386346164,396.3143302424228,392.90415157412446,332.97078957917824
225.16440996378358,166.45022784075707,460.1706149797233,459.5028765073735,413.7064357536992
207.87737649522566,192.49215659270106,446.6126692593646,635.9386158766681,400.2406979546605
221.227355356753,103.26736890960449,412.0997591144899,356.65635532488767,370.445135023088
173.64731499238803,141.2315585559776,374.81307195284415,398.9090445725278,316.48961860827757
207.26436374404048,133.66201213384952,395.8833667652631,445.5191086526938,357.5036706989402
195.05222498047564,164.31733449924016,444.01988471952006,425.2626979782397,362.78537993030335
216.20088513128252,170.7468262109241,459.89655411830324,491.77459543185915,344.890059676967
222.33695760571794,136.05978811582705,376.8656994264099,565.7840819926702,327.58254824072037
216.06679186680654,130.88778212302515,422.3822055298483,401.97458296679997,399.6367026794944
224.1382850359478,146.51863869240552,452.0290169937727,404.09657353786366,384.5977466636738
211.63007328369557,108.56066040213892,356.1387100686224,376.1033239188397,282.9125025823335
192.71489614341047,169.28460008731446,487.5239124078336,735.1531649261407,383.31295490260027
219.00189255825228,190.84725945084602,474.73615781053206,604.786287756874,325.23578940590085
205.90042054329518,155.61470250290668,425.19453588269744,546.2864564967842,310.08429913418115
194.38325102046593,121.09086122990541,435.454424145603,507.15819978956773,345.62860089348493
235.78275788805078,157.3384007984367,473.1256321863685,839.2549493706773,436.6031481077114
203.56997421728207,123.15786504118375,406.0322997631738,574.5281818230017,379.4231091198902
225.83539928062763,134.37122150658163,445.2021632426987,634.8018358541291,382.0067880916018
191.0044287935812,124.780550720694,379.9784100219824,341.54222567121104,353.55133069837245
213.6323537505923,208.9265186703012,506.9090824595907,797.9090525621947,427.5929022434059
183.56175350909254,128.26708262102716,416.7186547309839,611.3892255500956,385.9268818540406
217.18426318927257,163.97379147882225,489.7567850124061,813.2041046556826,403.9443982186885
242.37072904114024,183.5000467250363,515.6301952634001,645.2812470381596,375.98469910887275
197.84340573007117,143.67449911032523,396.026183890366,574.8373226489161,334.72306466885857
198.18848142064547,160.57259112865685,382.76105982565053,424.87746695238894,292.5293214051236
223.31034373179926,122.48028264579955,503.3645003217747,529.8531831452879,372.65877915822614
186.19042907350973,155.96422829547254,458.2555699638846,617.4041124911877,367.2623023580447
228.30860085304727,136.64471904496133,449.03244499657296,456.1148376403904,381.3302674462134
192.94219661782523,143.9906544703532,425.63514697836507,420.55741252081526,401.98414357138734
189.0773709800382,151.21348597484015,424.7364799465621,601.3596112651334,361.8222906901104
238.1772029798009,213.97812032395882,493.67616273479115,601.6209247630406,298.67836021103267
171.43782629931766,109.22128988201021,403.0871706649707,358.3653936139624,338.5453830432987
253.1114464777536,126.31469687319434,435.7358527042641,554.6255811156251,356.21374295827945
209.56568938938187,157.1015618415787,413.53903209159967,432.6535017250329,371.42634750226654
252.31777093684315,147.6622882477669,369.29054822001063,499.60998220654363,340.27208595508023
217.37977263842814,148.91585492487425,476.40670736940604,507.0171619290605,316.17295648938114
170.58710036434653,169.23357503204667,481.28022883926036,639.9911814421944,344.43722529977737
176.22056830493872,127.37095351977095,377.32848846584244,528.3697014881301,324.7285933494831
193.399454693301,169.51509269262567,471.239013723127,421.34378887326113,347.9588398609061
190.42042852509536,206.11398680567203,470.65091991932405,685.8938764202471,414.3603311262775
231.30936031965987,155.68229707695647,519.6322307745064,623.5596529121384,415.78271115571744
240.58626932237485,176.4800157889368,457.51366737571715,509.78555185002284,403.50312358659255
207.22621899623047,132.864357362013,436.74274993903185,793.8734590176907,333.17199191292974
248.5902261485957,126.37813193383181,358.1413783815193,535.826848890552,286.9679834451951
210.70183948198138,152.25779448189508,469.34339210048154,466.8122999043489,343.66181767095225
256.21735685487494,175.28562002098235,533.8705233295817,736.4233003707837,442.5851450726402
187.71054054288214,135.46362368164657,385.7903762458378,440.2709540109944,316.7240620709837
208.65948127873307,170.40975819251074,502.5412719960399,383.129108715925,399.65893884420933
192.12108242578657,119.97950796059573,357.2871163565636,445.2119257561168,323.39504891864186
203.56078594350947,141.86568559542718,483.3006916993315,564.900712521915,324.01038725942834
248.87043744777685,161.4604151468961,402.30422152735093,571.658384320854,358.08054358516694
164.7440019572102,163.49314133087802,382.6373091080766,526.7734001664484,276.0924689665373
223.58368378701417,140.14888549549627,456.406830139545,617.7743793355781,303.9568972150644
229.9723412056721,140.99862075144142,423.06813346226727,633.232071177864,301.34390614482015
234.16753666843064,137.17174597537206,448.59721560175905,534.2752041442005,366.3947594239466
196.36503640149536,159.84335225243757,507.52315129768965,459.03681646825464,328.16806732082233
206.79324544251853,130.3353882886704,447.3835465079763,605.2114914635839,355.696645492598
224.56059972345759,143.43407053382862,390.6742610999015,588.9045871329035,426.03014399170934
186.78959554796697,166.4976728160453,486.2396946988308,621.3367036555798,360.8682344334876
218.88792510335273,188.90956656295148,424.58825413254465,488.9214095977083,287.09760740893284
212.07614874030094,183.29794803370726,448.3148361636719,688.9441848201382,363.56258893230745
191.31421161408218,144.88197995556018,392.67752784212354,594.545515468875,344.7167586143957
204.34621153171366,161.40322180121365,450.6572369523346,699.1283817924949,384.4579517801691
216.31729008072145,98.06614210465897,345.2559346722337,339.72106827926495,385.4467971090248
171.39485729221994,130.5652098624458,409.1499577881974,722.4858668902067,318.8759166600107
173.78372896397153,147.73921508803815,408.8524867725304,534.8419672266441,293.32469308767594
223.551118659546,158.2361963822276,454.3880976704587,534.0635444571565,345.05028137206733
190.335717923597,145.71545390423955,394.79510166641023,357.88314708277085,351.58402352524183
172.72187943347174,124.63054662120095,424.1987589414776,367.44087425096706,354.6186663054933
251.16311956973962,183.4617041701032,422.03393890912474,438.1022209287241,397.80677476062124
248.44516957623517,131.2855965052847,488.96406698997447,442.3838720375567,444.18506839279996
248.444915160921,144.71127547776626,487.50384845233657,854.946537974081,261.86604744751145
207.18061178931018,172.31255105813324,408.41278353985933,486.28088556256984,373.1937070051309
215.69372894551216,150.09924073824433,433.27927319660284,656.9329361629161,373.8781468474179
198.860934065803,146.39052554810223,447.1668429770405,598.7907061363695,368.5944893660596
167.3140093961649,182.2501457798828,448.2882836626377,525.773222444125,322.4459023204019
179.47469957746063,140.65491796924795,430.8052703330873,422.49140645615154,356.0812236322754
260.46488689225373,104.85703642766855,412.47072306008494,606.737576003965,379.8462835012505
237.23804008732648,147.8197267570604,441.20679019933146,593.1416539127938,364.8791342689519
233.59591632349162,185.7714187508969,484.71495863614035,622.1921295476957,323.35573847805097
195.05563657532528,141.06727080877343,429.83739535543316,682.1812196345211,306.95315897716534
218.4124086362467,136.0001749962604,375.7644816471257,475.8848220173574,281.0572972192737
233.32630147110822,149.76099025232918,360.03365267423385,482.3204304656773,393.5246232778525
197.7867900415607,138.2870692120185,392.0786348726431,415.3366695218557,367.14541643753074
207.3409653147734,128.11133260651198,357.38854895062985,514.0332038077927,334.38790835797244
195.70770674489285,132.74409202094105,372.7148799301411,392.3109565526339,337.0311921491133
218.94059394808872,143.10922976186873,411.5373243134925,779.3811001021861,313.0511357342093
192.8028105795019,176.68999579128842,430.5934786849002,608.9307571230904,337.67424031169156
205.68619000262933,200.9376196735785,436.9245556409601,625.6199214983803,301.8180685801749
171.53073217657374,189.9666926806419,488.72600654692513,610.3551141762351,383.0137280998314
211.6772004206848,143.8115701734787,513.2685017445541,671.3360700855552,355.7420028083039
226.68854050745182,184.66352603886128,393.0355824564363,676.7722591949121,370.9327709709099
193.14062473286276,168.99367871653766,439.5251178534771,632.0049416523261,392.58792568931324
200.8012834534431,101.07527619743007,432.98365614983766,356.84583343623194,377.3496759322025
218.49048348412128,158.10587227954105,477.47448482558593,641.0932602588244,406.87734420955775
230.8161753400075,145.85344840378463,387.44679357601444,387.09804499168945,310.89834504577505
221.18923025994934,166.18779249332226,452.603165265291,645.351562884937,328.7458563437909
210.801892862191,141.37745404432647,451.8059604939082,732.3679588577261,360.12323691261406
214.25447949306698,151.31992259168035,427.03904779180857,599.124264809517,350.37389010252224
154.63867109379083,153.87651341101574,500.85697565247426,506.38975747691063,318.9565023546082
196.19426747653935,168.59444638465848,443.7637990336202,720.7080563941396,315.6133159557131
219.04396453516398,162.91403968768603,396.3078199691246,710.853741700522,342.5382060993922
212.02748839403995,138.7811921289507,418.5361536377929,453.3064615730024,318.0630154839921
217.72359087269402,140.1395099588043,376.8503805643554,436.75637794628585,362.9511787319557
192.37064085845904,176.41653191865313,430.7371842861085,478.5031141879311,352.36055522516824
192.1754794595093,138.1707903102422,470.8889038057372,619.1606843292323,329.3806178590794
195.2869368178373,173.34970617328068,447.9300830401783,668.84953356402,394.7013924733471
241.70410072441032,142.33705179867016,501.7924846255905,451.2334067886305,362.6898135866274
197.2722356218337,151.67474540588583,396.03954887184636,571.8741475788944,357.27827446499356
250.54418592015833,184.2179234188787,491.2928809543777,866.872726192805,424.77265067645925
197.45738382171712,130.9846775485476,423.76134968082147,377.7313985002442,408.3780149086813
151.3193913428361,152.3311915645546,369.6658638767016,339.41536101516886,336.98222004835765
219.63691639664032,157.62973341154586,437.6135627615046,674.402946467004,338.6713482924128
208.36186153198443,162.34101878228353,515.6614501676688,626.8122180342156,356.7964474487548
184.9720112403316,144.98461927886444,444.54326108208454,617.1120266833583,337.09708927259453
209.6138715294088,143.74503349557224,439.5180475568862,606.2605612270406,369.8196798143418
224.24016553068955,170.69102381725816,460.1462509788802,572.0962884537014,311.71747173586334
174.0897332162263,161.3082199602056,413.0719188467664,526.340458791164,382.4820185279479
195.26906936796985,95.53504014623606,408.919167779597,355.6256134159444,420.2871261838168
223.01859180777208,137.30849607698286,386.91601342094555,508.36577089959655,320.72051543046916
192.65102918599462,121.5284179484283,395.1100990923894,529.9938028389039,362.1851805480952
197.0962478803174,156.42860856971978,405.2746733473416,526.7070187974447,353.189123646574
247.02241409775772,117.31827116667117,442.8659825947935,426.4611906442511,340.077683707232
185.715836157921,115.81386824052232,375.00435439871876,403.9297005495404,317.5273751933352
169.9054049557288,107.3714852024244,378.79031716606437,423.31513464037306,354.4113812009155
187.78126718398553,168.34193749257906,453.05938653992075,609.3995744896698,337.9344487231453
160.02223086831694,150.7948759378326,420.1123236955439,763.0929618549948,337.85997296018843
231.2954217513448,148.15828545529504,410.2252705059275,443.4370866008639,366.04926335798336
221.4439297227158,108.65974525441534,437.91859586129425,426.3675694679258,361.6130895798447
168.52701894298636,108.55500474053247,373.51885477641486,528.2805808515047,351.31234560713915
167.7632188805019,154.91716490330134,379.0841578542697,749.5464110400545,307.93710807735374
202.4324878137324,172.23231176380898,359.8239315799564,581.4175663585391,345.5652594220019
242.32351577482711,189.48183927046944,533.2293817279023,815.2776986222141,400.5169973971951
193.70801355910885,151.6747972898274,401.66157990585725,481.28768749643723,393.74664432627776
157.75767973867235,193.57552399728635,410.7224108581405,479.7494052889652,324.4875038123947
219.4347587304108,123.16332024839403,416.53923795339233,690.6767663562598,406.72823586837194
201.10746028950328,143.07425857438858,400.7162989063253,712.6961348002649,345.04398020900425
221.68448810758628,154.04943967477203,421.1132562370292,565.1254378634326,341.04928846916374
194.66678339862827,107.54751137019338,371.14498907968124,651.1303314720675,304.53707003418265
196.72015007806493,169.4433175042141,418.2826094148528,573.9659943721244,324.6770798926771
238.51559696326115,125.73259524056219,376.3052020419273,376.54449687586623,392.8690040386733
175.20140325769,114.96305791301357,365.227371834044,656.656481211431,327.00049366636426
242.15071720740514,155.94546159361295,478.31685223438006,737.1265025934924,325.66901502331626
217.55339582193434,166.08942816545223,410.4402451071513,642.3338192289589,340.36752290631216
189.3359158281697,130.09319946470006,458.6270018834933,443.21462533383226,378.5040538609728
188.74684421482485,115.61162591238264,401.8046476028453,370.85840511685,299.3513951975286
211.90324580862756,128.7918786842462,418.96655325921137,348.0500739507572,326.62689644571907
253.07477419094846,124.73549510335788,489.32007293826405,377.2983853045743,426.13220930434983
170.83298255489868,146.48548099114348,346.5393682247096,591.5860625809254,384.2688018892784
162.0241836584104,148.85522329590265,406.0040449325458,787.3549176391268,283.30444727826034
253.27751609331108,117.43455808470706,533.8387547875046,671.1824705122507,411.01967392458016
191.48096668511866,163.8147419619054,416.05590341008906,559.9540435550841,408.1049474672197
204.66805581465027,139.00408589229036,494.3791744671988,459.03490419126416,293.0811673301034
209.9488844841738,155.00958533615966,394.63869294497823,466.26200092801935,371.2925445460198
201.65271680391632,107.7671517501461,503.7800211867718,393.1031133190667,357.921804406923
199.0852180320689,160.7161173373068,409.33372644199045,593.803410355506,292.1556721839124
201.81119044822327,131.945533181916,409.1519296873453,694.6211958638307,278.24645194420805
232.19591657399303,181.33270506072148,513.5931902165628,613.657790069212,364.66414186592493
155.64417806023437,125.6295288015443,447.0525875237467,497.86407798644393,352.240282247205
211.96956868885104,165.84629192934432,442.2118087705826,545.3882753131948,407.2114752934027
206.9025759805759,180.5698911577177,492.24728989878037,700.2085662385206,385.05693078705417
206.97474095325035,158.7672197885821,415.2409986659462,684.466036800039,327.79181911845683
206.0188473385459,140.02056589862096,408.90884479701646,521.6240768151459,295.73718195352285
215.7010846751759,138.3145494505874,459.2530006555722,801.5456503351768,367.9120970636065
214.06779019402117,122.50285660815918,377.86594814444766,560.4491453096413,358.9122816560803
224.69125954317832,130.9964906518663,465.55443191210867,580.4437849758419,325.12022011266913
204.8875813986644,145.98407493410338,447.92596155295917,383.49087960641657,348.07141199336667
231.66602552464724,155.77281955468118,448.271386400285,599.0429235211219,339.6552612599896
268.4461471000485,186.47481613678048,459.10838361589555,742.1813408349628,440.51727619041026
153.89600487558374,182.72916684680095,335.99502425130856,615.9014671270779,276.4985754231178
186.36821215691705,123.87689090886545,456.2619849863646,358.58502746470083,328.18427533210036
176.86256668132765,131.83239243876213,384.1552394781304,675.3455895835585,295.23118190148796
183.38214153860213,144.46124529889462,386.87201689788367,511.2510002644686,325.18993928726553
207.91241467221286,129.9650123259352,412.83395669569666,405.70624642943545,350.5577129576868
226.90059683586878,207.20929368505514,415.06171103066396,815.9810683338167,421.0721767237041
194.86008996465821,156.8745201962179,399.4213054232946,567.1794442083369,342.5723805638681
153.0059642606482,118.69748486740191,457.996499601216,372.3326279415003,299.0127930167413
209.58844929805815,141.3638956218275,525.2025270711434,712.9421922112833,405.8834964854887
196.96325167762777,163.18209405195728,437.27924662572417,575.8223324237975,370.38257547265704
191.630644518224,134.97670741988878,439.3782455276767,634.8349600011464,331.79560121249693
223.46878816223548,112.12884270629773,397.6125939377715,604.1677856363922,364.87370646985545
268.81180160574115,141.51512846306758,413.7865698987497,516.725320427663,336.0478439974437
187.10999075464184,149.7572828136188,383.2785691856335,679.4397125169166,277.8140627810735
207.47996336593857,173.92710074242694,424.5115555229505,731.5035304929287,335.7815106059637
163.60229254134236,175.08200000114144,395.4405151588314,572.3737392885373,323.1428794155436
202.37583683069667,150.2024511974108,469.5083510341894,501.3460438805596,322.03598999309656
214.45753367744229,149.1234042078556,405.5455018636007,582.2437142401434,358.04670185132335
189.52148539626404,118.30767958322156,441.60907648669934,526.622479498307,345.7978051814629
214.7858215181638,150.70742686431217,452.6546561246539,507.5099711783241,418.64328553833354
176.43803455307796,136.94858750741878,474.6313878676813,484.17947461022004,350.901149297219
196.6782128604469,130.38758303520845,406.235352217146,386.80756548706063,356.1719186002787
233.59556260841012,172.87835054526863,481.8397987095942,515.7835009064935,372.14145776839786
167.52163733718012,168.05375728329048,388.5476841410479,358.92901578631415,276.4828699574211
204.40281963052217,123.72909416283055,401.35311519200866,656.7572663886239,297.49357773947315
173.44383790069807,161.91674459833567,461.16274813127006,532.0932842611708,370.41926572737145
260.2714746367037,134.8954806688528,447.9192948640057,630.1842065365776,396.7548724497508
196.54342903157337,177.38202527559127,431.3900674138735,636.6468870219742,306.3346278663321
230.87380061028128,161.03327164355585,473.27789241306004,433.4748841291227,356.56519186422383
185.3342475999292,125.13559420255018,389.80734960924866,459.5176492252843,294.05382533863826
188.18320501969822,134.38118269078922,434.1612893696823,469.00955456915455,287.37459324718947
175.14744768365856,157.72066975991422,473.9068126690972,380.9261384896839,420.2832384215294
175.69935039928245,176.36401301504267,389.7506927925109,617.0118314026158,307.0024402313024
273.13741879801194,165.67106192750575,529.2006200061098,365.03294338178995,350.2050659462507
202.70144355622597,183.39528996312123,369.31950081499315,432.5642758870609,405.4178660663223
185.38819805834095,116.98191757162095,408.3251310581856,490.30285367015,348.16529092600797
237.39116673544407,116.39038485072206,393.8743360194177,611.4584550458501,386.73200250644277
195.92453837706168,120.63844156259536,441.19512439214213,504.41206629522776,305.45901687386953
211.51948217148325,122.57821434257038,384.9638722212143,568.551694947078,320.23247165716737
214.46087955352112,160.8176984394219,401.6364035271405,393.1944722138089,334.4634749505752
197.39980896829016,138.66644615721884,369.09022094504843,382.26108781596554,348.8208607642104
184.41055973057192,125.96940731634453,394.52644247750635,368.89451877144,360.18373333452655
194.25576464851545,162.8656492753422,377.75452256846773,472.9829903266185,344.7629979337171
175.66743419874652,126.8982338362098,384.94259449973356,481.4639481464436,374.63577057233135
161.06575413816694,179.92748737404023,448.8658089782253,747.9646142425302,365.6537086159484
191.3261120090392,154.89484134150368,450.3483373132081,642.2539920055876,360.95013054771664
224.6822888073144,104.32904736786764,424.6267921752668,745.6937282284116,397.9474607189094
185.22907885313197,168.48222037310873,356.4946183748503,472.43502836557843,329.7325410168547
191.0135712755975,110.38891884891343,369.17261081882907,500.93034380444266,384.0152939911428
155.2242331027024,132.8562063512516,416.1709108797547,650.1046379736603,311.3889448111975
151.3071558637943,117.81315020251368,426.8142708662023,392.4055254548369,362.14985755674246
231.830055768518,125.89116956481348,392.88808200993145,342.7538257808102,346.8498732722159
216.78043903484877,163.53930654715924,471.78476993213974,530.2295968474856,373.7000841541387
213.08719582683293,95.15363191175504,384.7372992725448,808.3595801202373,317.82993578875715
214.81928760253095,117.17808654826223,423.22082180929567,498.594198369673,324.0970652166473
188.89995364506208,111.71150044920935,348.8187805925396,371.85238617586344,326.7788450129822
240.9154950980238,148.5196062750604,513.311618637715,439.9013640081742,353.3395716772056
211.05560476973324,105.81424604193943,408.12309373776617,389.4714928008184,287.9469324453052
183.1556403643523,132.4601829798455,413.084140018098,687.5142712699471,407.9636942145087
178.90452876045717,143.50122305066824,404.90341016371104,417.93043963235124,290.33327283996346
226.33240810379553,171.94730452224888,473.75019279702354,542.6112066322879,274.8188602441753
244.05017629378966,146.15892402726777,481.540136220582,556.8905371619495,321.020983886759
231.5341602305758,111.12611056200451,425.90380493729947,645.878251718032,360.3688953576618
180.44070472308928,146.04973958843718,425.14448215400677,614.4846694279663,315.6495560114673
199.48874915802426,156.35694923645357,428.0121010780359,602.7549361365252,333.6220366448772
237.92917830283722,186.38298887553037,478.5771935144889,696.7258270400457,368.4161692912488
209.16427559699784,144.69779225378758,467.51056598721016,603.4321005009027,324.9465200051841
227.68320160589175,102.42031876294973,401.9431741113657,473.40872770365706,348.01323899495117
221.97230369020662,217.12295891837437,540.7520769425835,836.0133917474529,367.97833906188924
242.99946306435854,173.84867096061095,403.86908013469287,344.24349690931035,266.091641651743
172.19172265795714,130.65502335047879,408.8178155280657,507.82015353522814,339.09517226657556
200.16434710067617,159.53659695015128,457.5950500085486,532.0287241063396,353.4420061398902
212.21750395698157,108.14025740433206,414.2701636016577,406.6785720373668,321.03818115107117
232.79469485339317,159.76838274235328,411.2857162356926,514.1688521329856,403.3329186993763
219.05382278032386,162.6043086607025,495.97769761013507,589.340402144269,435.5722679618208
242.8857919673428,109.95054031937552,438.75496444134325,662.7562993018788,391.51682813910594
200.44592349900083,158.7465251246965,396.1560792731557,520.4698647958027,330.6542089997923
200.88289257648435,123.92180215852555,361.1166167126732,331.85808825964085,306.9813775270348
227.81514617795384,108.7786593294995,399.15197338325225,552.3091844296205,393.9273332377981
164.0380202040399,120.95386164960465,328.24896105643626,340.9046096652406,314.5190521758255
191.94212502289477,150.21111421405186,504.5742601061275,630.353799939265,375.20204722729466
226.86375535169844,210.92226647895197,535.9652580688993,346.2869767516758,401.8004398347784
185.18705416674914,148.88589269886796,447.70041683978343,685.3418040319643,360.9801581384794
196.609348337674,167.4680276302315,381.938089478792,462.6682233009573,323.2770220846403
213.00340657987422,130.6105284226815,407.1304377180248,460.86301091040366,368.0320747366739
204.51570460932447,161.35172462716153,438.30963895607726,671.3769751176853,316.034313714024
189.21138031880915,106.4706738587195,372.10515218702164,379.9851364290724,327.3225264738025
216.0816063406997,138.41428169829788,353.9329329338479,355.0383963259017,317.13475525016236
220.2044300248287,163.5083701960795,428.08085282180457,870.2671498744229,427.13729013769176
167.06570929121818,173.93516207777026,516.0366206072682,633.2708369044275,360.49788427917997
174.00187567472733,190.47362641006862,431.70836345522173,741.959359844246,291.02686786659257
236.75309900505937,158.436748537354,430.7497209435085,449.69818184516186,269.9192830385232
231.46880342383403,151.27404046243768,529.2120058778763,524.0681293774985,363.86966314285877
190.25430787931057,130.16821901921543,348.0190149955169,628.6066023778252,293.86506001551845
206.04332827089144,138.81578989858914,450.6512563564496,603.9015018373298,372.0418476350839
171.6136167442169,136.418267680253,417.04808521577985,507.85110298087744,363.63328218534656
176.90655240781263,167.91272752557342,488.37490486544226,552.3477760322686,277.3648554589903
219.27677084224746,100.43203402259701,331.01165124945265,429.87420806494777,309.41681548284
233.6543619154331,210.13510480982865,465.3221130832097,666.0050221053361,392.59616805371616
209.67388951035292,190.02066868582702,465.23341306468774,733.3142611589286,332.32719711741083
242.1487610775225,165.0242768357445,470.37221473837326,653.6707553609428,351.8824916005157
202.84801218414398,163.87714539991023,436.00577620476395,611.542951560471,377.8587469287129
208.5018679984045,96.29634555679075,425.57773299515776,535.0629655951371,348.8083205549848
169.65986940100905,143.1249236721021,381.18248069190287,419.10364401178543,304.20821331474355
193.16157581396925,106.62640142493507,357.46781277473457,379.0823792007953,401.05121207466703
213.15972351790532,185.95815786674612,502.06334343639486,846.9889224496236,303.1371918900689
222.7026193891522,120.68443658026865,437.65354269580564,635.1659641221037,294.96041318668983
220.64668620128492,115.76864283201695,410.27394662537927,476.0302175630157,306.7429852504914
154.23271168833037,114.62386667653662,388.7098157814169,393.5027681354415,332.79960629791555
183.60999484001744,121.91148860460787,408.5170169125888,590.7048676074647,340.1583220420899
210.98211660837413,119.38026717354678,422.7866905902811,414.220966698321,323.1111326448001
154.73257378571878,96.57745562537531,343.2464316507455,377.56925582105004,307.71519258668206
190.73998928197727,116.89561324731451,413.2445793202719,489.1702270879506,302.3024518431406
215.72046912572884,151.5665809788349,430.98553056667544,574.0276659424022,302.7011359998763
234.02777022738536,168.22000811666456,422.4519144868379,474.78264071855165,337.2380632410368
163.69707837105176,170.1491706891042,437.94536657222847,660.2326372812165,315.3436015119024
224.46407567278425,119.98861162453733,494.0947914805365,421.753915432776,409.5814111949932
211.45137080746423,185.68922569424566,500.370435040452,841.9538680949939,354.93683517265913
174.82010376824124,101.34201142493262,337.2452270544285,378.48984443203983,331.77893661976384
175.56680825613105,136.0355418063452,415.58883323907224,683.375490990109,324.27104850632884
211.81318986618587,145.80231303059796,401.22517012505205,434.7008297815534,342.27430259141425
174.92890718586258,128.6154463426707,352.58539885310495,351.72622610079475,352.4617390885996
246.97888140442672,165.00238755559607,395.6771202866942,483.4158781029262,344.7587545488505
200.01268642893496,156.34912655694083,418.97918838511526,379.91275814821034,289.0107526074866
207.04869679709725,107.7864085202037,400.9503360814589,568.2370547528097,357.23054940702275
165.11007344771144,139.44115233143123,427.759310539159,475.21599497062937,293.04238780088593
170.30008147437965,163.33663735972894,436.8622133583654,536.7018304303871,336.9117801459734
205.57540712241465,161.09517792532932,468.2019878411208,662.9721126144589,312.3251127526084
219.7577470797539,162.98687636782097,493.47348032760533,485.5874884040068,406.0583540418611
151.58219306414335,146.36814344405894,382.5173782198209,364.28782798498787,341.0801800269107
167.45044232271738,146.07423852685477,398.88372445878105,612.9636563233387,294.62411334524796
182.1507772941383,129.30514244467136,505.40809796744054,833.1641917063436,326.06244057652907
231.62451253945554,154.84960750384815,441.67787057479615,517.1767389365742,301.9000655999118
224.8262609296092,150.99357840780482,474.5834212305584,825.8990314236434,371.5664031447038
216.51406823593933,158.96055386303604,433.54151360465784,749.921795556552,340.3530527214851
189.3586945607614,130.5178118943153,409.23760409213656,403.6963767644139,342.96584195067004
236.28642410187038,160.76676446425577,420.18665734664506,488.299857951927,351.06621162204345
170.02854074380494,133.22952398983875,383.11686279275125,418.9692629702949,333.00688934166834
232.3389984693742,101.51603026767226,328.8734308452761,464.0990652521113,330.31844405002516
156.8367500280299,137.7521986814342,353.05824474957075,394.5482561738265,283.7552217734682
215.52006441452863,162.96296139326208,456.4301159935754,463.28678409175933,371.40476196576145
221.62749765795627,155.80579083059823,451.16277434461006,713.5804345747179,385.3225439890668
191.74710036110903,153.6346709959486,415.7944507173809,638.6585190464308,327.02597920903236
250.33127996529666,176.053786594135,482.9105598553581,746.4776338196522,348.75761573294216
230.2156002776508,169.51503106800914,337.7887992879652,388.8840947245037,316.58560499243424
231.23301482095926,134.5028194645138,468.26583234194374,506.8393945123488,370.9120378074852
152.05103860960787,144.2412994981502,477.9973612796144,806.5770141754116,288.9233763441516
197.4299843658928,154.424638889897,385.76731602538746,491.43457666903265,328.01434963902045
272.0135936752624,161.9944485417676,428.300903063734,484.2584716299881,324.24427710919747
237.06698042562746,155.6406802361835,522.5211962959404,379.1857385991003,397.1832842597932
176.48005248420395,166.5638385951402,406.41968228981096,641.2022235122906,322.51628637259597
203.28833719927846,155.0185980625652,409.0743692357211,562.2983647362038,378.5302396918779
151.74225525837934,133.3572818141189,369.69210464034296,514.021972159948,356.56327404623187
189.27809337204346,108.62275331661178,343.4433572104596,477.6611624858862,274.02964105267745
214.23098971715706,152.76983574746728,465.12054831220854,765.6803933929208,368.82751227731677
200.69825334651838,166.5262992009596,437.1910825167457,616.5432974660276,390.2404579330585
271.22126950789635,214.68185358524815,488.198176146067,747.4359506041228,338.0403702487242
160.18282926215082,167.85474031993323,333.65395066373844,343.94301304032354,278.3172101683815
243.9585759973603,174.41161491250065,476.4057158297209,626.0890009569391,346.36852681749355
247.86702315168824,176.47878286957567,448.0918977804694,595.2264526916866,390.85715952403444
229.47996051936738,202.96885651752183,516.2206767677093,776.7711290759866,414.82626725989684
194.04084419609657,171.66030281570434,414.1294379407107,617.499096405985,370.54202504384085
220.4269687603489,166.42750346740914,463.69986027238156,439.12006257945967,359.2139777850374
267.1373166089892,147.6809925555144,475.41920232324026,764.7930903129457,323.7045383822252
192.8761618904435,160.0797618140183,451.8769392282963,515.3094170117529,371.1365240064768
230.4099119209062,151.7044170019152,426.4847485687048,541.7362859142329,312.5227922763728
170.10652999955659,148.33534267986042,405.9384326819033,655.7887253968792,343.49020090404207
191.5574368939532,145.98966042996847,477.92354566212515,740.4455433306463,354.38845510706386
212.263530749023,137.33318707666288,423.1607537352832,652.2901111703623,324.48008941234156
221.5810033319721,125.01645228109243,382.09857044041195,723.3080332871418,323.6821603032678
180.0504627840902,159.17595837344578,426.44080223811176,582.478373765638,321.7386380691512
219.94294812924318,138.30523027085454,462.4944006266515,588.1221733012045,345.1963530135765
200.3364034467565,134.01938008112768,428.72848356351386,526.4719750345474,372.9935980082796
200.60149126612166,107.16336929362375,408.41097048860235,426.51357377408164,358.43307867286694
196.975256551271,157.69935720440185,437.4466107035506,603.0979348072447,444.1618136850092
159.87153334402402,172.25115280320165,360.52982962386085,500.3972408746553,295.6785870802123
180.85848537184023,146.82902082208628,409.9496903736692,526.129351965467,321.68318080536875
211.6321163573314,149.86841743657365,448.9560820272071,412.0470808199455,328.47871617285807
186.59638538892656,182.2357796887805,463.71365411653176,644.4504741793966,349.9160124125513
184.28987617500778,103.13789188204716,376.01004020822757,485.18054212890655,346.9625713874604
198.25791986578943,173.5101938023634,420.31545905938117,488.07363958583284,383.2090465789271
210.48223698715935,149.60854084579677,404.0422685692563,581.8686878496937,332.7442885005102
195.08555986815253,135.1303447032242,423.4735116865276,490.28868508783665,361.1500027742729
221.7971511726135,147.47722779430947,459.98560704170285,721.4197785083138,329.4521358434913
178.44095848051018,121.31953070305045,440.52946741647634,385.1784162293506,364.4656134417245
190.51449395959037,150.13715924076647,397.44447454035196,527.3169744222964,322.5500912663752
178.50100834432473,122.73402583120622,345.2327231174033,348.0360895796716,319.74179327503634
195.7917562165417,126.92186844047883,480.367288197524,671.6504564585548,314.33900331330153
194.566082753971,154.556723319036,493.06857811258243,617.0948173606475,380.5535613906917
180.3115325880206,115.92283401805857,342.66049462859746,408.674669247552,328.15826891101955
210.46864485429307,146.20610293245332,449.9203647327112,521.6915545986627,393.143031092325
200.17195818411645,167.55170166856956,449.13550220389203,683.6022298430323,333.78897607596923
228.57074953287082,117.1336022816701,428.1544667193884,646.0263193268319,343.28768020109203
202.06896127286186,140.22156520136832,421.58427070478973,568.3749452295887,341.38137109659067
212.00572322847802,125.49542687161681,364.32255238078403,532.6815458697235,334.98323242814627
249.05162356168918,142.43206655130794,438.2217548990814,450.06991131963963,361.1345545188366
209.74918540509464,117.90134433364861,499.0513305104114,609.5486180641213,314.24544631297573
218.0529681288324,150.19430772832024,409.58006725805404,672.5031380187679,390.15181370199304
203.8635120145206,144.35000720485942,398.52050795391034,621.17734144763,388.1072173501484
215.19500491455898,99.39629351971278,345.8919046476277,495.3938758402759,325.8682235923359
193.9803322067417,148.82547638023922,439.6914556923962,636.5384494781451,352.040048275256
260.15586775742037,159.47091996457058,516.3766546747066,752.4794050520466,286.96939798988257
176.9943592828517,162.8072580853174,345.74211566470893,335.51986354311106,267.3653972595024
245.78710675275906,109.68524427532972,331.287948003939,334.37921753341266,344.02122880609824
192.42794356664604,132.73927246174839,392.1280946229035,421.14757972373565,315.9965991678972
204.83785853264268,189.590464353615,417.710121219043,758.406632621485,336.4390502458661
179.2994943883083,146.3865408553674,393.5709794959564,451.1725526921303,308.12349910449166
202.68761158349614,164.4449827968305,436.1691586050164,462.7901414334008,355.356077933135
190.35748900945296,140.49529697963672,468.3139335492171,644.6349803938974,342.6304125921148
230.62668874520907,122.98844655873685,396.0592803463839,501.9547204018987,321.42738750681144
199.51065077905838,145.85871357900393,440.72650165946334,625.7649476595703,310.23539995819135
237.4111417566816,110.9357530720061,383.26397017618723,366.42123186060314,284.8284456475134
195.90757063944258,99.8897567495097,422.9156958059727,367.1478904004314,297.6179907066397
171.30816252177775,108.78342686061166,394.74107625649816,531.4637624927647,357.40838159876057
159.07345960965662,110.48291643394217,494.111846809421,772.9406460434461,357.08739060362404
166.3489038178999,156.07343258707704,500.90238779774455,636.0783761160325,320.25628974913764
185.37439877624814,110.98663638086104,347.3639812813215,398.92896683999214,312.319551638743
155.59382366335413,173.83376531106478,437.11924620742997,428.90697407929486,331.58605128340736
153.4763898511822,106.54339947663564,398.44981805034666,449.42889282670234,362.2155308543308
167.0670015415901,114.60558452951305,506.97757590504256,673.8287634353549,321.1343683457171
238.35503777660549,177.76267954862868,426.1502414038967,639.4951293413772,339.1618561825298
215.2736643075883,151.3105176726444,531.5838809633663,478.60321882684025,396.93249037071257
182.96546723018278,180.68137680464537,448.37247449151465,608.9484868053761,347.5241657388734
228.9950351612063,176.6646686372983,441.19873203310937,640.7282920517366,311.0062738836651
181.01106057054992,178.29493982118922,415.3883489160876,590.8068989965118,354.83546911473724
216.14677262082117,115.0340193780083,459.046367720638,593.8553242360623,315.09554386439754
202.12234817918113,158.08922417964206,445.6487743159721,518.407102777001,327.4222746943401
177.5886469076866,165.66723653180915,395.2995440140066,509.6790059481781,344.88082648293033
175.82729329280582,113.96908898815396,351.88331586978643,732.2068288814952,275.8308002908943
220.3487748781907,184.76638940977568,521.3724483846552,406.77197747650854,414.43376684589634
219.99670673401343,173.41730091948622,504.56527848654696,723.3587792839013,353.7661124462898
180.36657725270987,166.73914136215203,437.7896595184403,606.3693908915131,346.068682372407
193.19527147821603,147.33718691085187,436.63744906004325,448.75880264159764,282.71048516513395
241.25401372802665,147.85319662610792,459.0954657757469,622.7197886023546,314.9626219891271
220.61663038434983,143.2004590833878,412.55462268074206,483.6629354846106,359.6643730950115
204.57409292258998,147.9180712151995,375.4682277854181,499.1462931615585,313.75524036788715
205.2340082768306,115.05635425683802,421.8750699494157,455.8131025122592,309.955164448916
175.0349625449289,179.2411908157212,408.47835625780795,766.3079360392124,397.95507839198643
188.53119931879633,146.22489096020433,362.84851822468954,455.94073911924437,377.0103957430697
197.1657262665858,141.971980316108,465.35894035565235,656.18657509188,310.7818468953064
212.57325985932152,118.97569142716311,399.9569215304448,665.7914962420832,332.9057099005535
195.2249717417488,144.36308137724964,429.0104196400535,659.1623327241798,337.8506831704626
188.16824061004945,156.92064753612885,520.3858013623739,432.7947903479887,327.2285442774867
203.968718980325,192.3497829018277,433.99506281446634,793.5723545890398,299.9161336637125
204.13529293672755,198.0232967701566,431.331170891703,594.6336051189566,365.4208686186323
185.2553310820363,200.01233215889002,434.2431566188587,655.0747133265462,330.24513626296476
200.53658613626735,176.7868890383093,397.784462305356,402.1350041978282,356.69462475337974
246.03792068164884,154.48312145733428,427.09073967009357,575.3252947744334,369.74156930754805
226.75788496574788,164.706812301918,452.689032252564,378.74065260328706,389.82129966937924
251.70060313893435,176.00857489894096,472.7379415681925,709.5869968528459,370.1021630963554
192.26442433850764,174.1974126752063,395.10490032818916,630.7782729444939,275.99903819078094
221.74099617830007,227.17768683473767,542.8054764779544,868.5394996529438,321.8778721906728
189.80022153654045,113.73511655802861,374.7481043385755,575.7467255165966,283.56532654736696
185.86026058752338,129.79702981117805,439.7098227133306,503.75146745506925,400.60666363921257
250.124218600682,117.64954302430479,408.74934502577395,709.8323631150055,367.86122800500704
185.62217353139198,145.74831061595725,418.9855383630393,511.79926551036976,291.80704729176773
215.0696144739106,171.40324712231234,465.3942612567695,566.8052295850897,417.19612697325357
227.1447009600623,167.64273589395216,535.2541260981678,486.4120533743208,355.5827876843032
205.56446597334485,124.30742318081414,435.040812696121,569.2592216115905,337.85665784218116
230.54595378009083,144.7950315352152,422.1809799248839,540.3219290701411,344.9844886832357
165.10767939674784,117.12942300392763,414.04127472798325,364.0214835369899,323.58044594319233
225.97189882535372,157.9776840822109,450.63117503335957,582.8289343646511,342.3382413027342
167.04444256353062,158.4110171954191,331.4618819842224,406.88397164307423,319.8493414534889
226.76020702204406,205.43052287134688,500.74099157231853,439.20991665427874,322.93946728900784
197.4601512410772,105.43741326950531,396.28021287028713,360.53627117185715,290.16765308779725
229.10311600898117,144.22683423315738,407.2874789407229,428.678236940907,338.2308546249381
203.21931468676817,130.0791969215434,351.0957289372276,563.8238160949423,369.64434204151013
184.57604052422485,147.8067452757579,435.39069448993484,577.2371009526703,359.1205720768883
158.51414410395253,136.24356839779216,433.14511402681313,552.3351127166779,298.715862232758
226.4584773269309,140.0983028385919,434.71469917911685,485.29207133855306,371.5974659936125
193.96573757054077,169.83443869344663,507.58501530379306,595.0037288884981,353.217740603296
237.95679797946605,99.6596439810073,362.8241543320161,625.4991976009111,428.79155710932014
192.30265074902147,125.72444541982986,401.81425858822615,496.16480538423787,337.370706880606
220.40003012437182,138.16096968950515,360.9707665993233,616.4417784628421,327.631853595525
208.53251559888088,159.27658978809936,407.45999541497036,762.8565198613443,338.9281801213893
242.51353937644623,143.14695027675918,389.72563425450164,689.7598715413104,311.4625926025006
187.31186283459397,145.25050879483783,362.49489486223297,619.8467212904861,295.3187784963682
185.38319710606416,182.74765668022548,455.8630517342316,649.9294220022805,378.04582361109306
182.60949331624414,151.3783252589043,501.2944892164343,573.845795068203,411.4703948283314
171.908600776762,127.7988175583774,368.93777190697665,408.9646749658044,286.5089533598595
209.72153583615474,157.79987005416376,394.0205298425405,422.2732081010137,341.41710994615687
201.5740830136366,206.66313749613175,465.35920549175944,555.206297717047,288.48283483126914
240.41662646164133,116.64515759155296,484.97653297829623,448.863786037503,371.1417052484821
228.49456696633433,140.94973837792023,372.27158055424525,352.72815306638194,355.7328892393394
205.7736594870354,128.6010960344423,410.0863215726618,575.7223269757193,311.0979986432909
217.073243365043,107.85050096782909,394.0502026008578,534.0997637079428,363.83940362617585
196.59853875649483,204.87226266213722,518.3763925175318,714.2755670244734,317.29373826194626
201.19781668557795,148.87768371653598,459.0087565610678,629.4882299107184,335.94384385475837
200.49768870048567,151.8689399733224,424.52226081149433,547.8164688121676,342.25596824916863
204.00431395779503,167.83445033952046,459.65755802594924,524.1342801095008,318.8676731675634
161.7493453608765,152.9579824362836,406.48787485223403,364.280224729178,298.1152117962317
196.80097713656,130.72460531129786,371.5333435223534,497.51938547897964,335.5028334312292
220.29147850601555,107.83709434084561,442.3934558411587,614.7529527606245,328.73009894131724
203.9161571172848,172.34446791586265,484.96269143516196,721.9800116692401,368.35160378784116
236.3969265670067,114.68378310872647,422.1187429669151,644.726129549344,405.5305725539936
190.376495992715,175.94685700809893,434.8466708435981,701.1556733606761,361.4747510749818
223.33412879181216,199.37936030308438,497.0683557773882,515.617660065311,406.53309773996307
193.3452071727844,150.1307360803176,489.54343354008006,558.637620184721,403.2119902013829
190.30222108996642,124.91979886553393,367.96902446973587,387.85259268107893,312.1560139110039
158.04574004979614,155.52427748181645,363.6287617506101,648.4809341187319,331.2965665177904
227.6214893196801,156.68874250491197,500.55694189378346,493.50436696371844,365.5831444744225
227.95191984930798,165.2967652489103,408.0205235134957,535.3428909601603,383.74755177413573
190.35747576983215,150.17097931517918,473.1283809021038,621.0706557732633,353.76139891475435
267.62358830145087,97.81226835311095,543.8123212496307,505.55927898843373,355.999191741243
206.2981913190358,160.14537973497545,424.16627233345827,517.6845184140303,331.37277919464094
165.67446137698153,164.40555902975245,375.9396708729755,832.4863698997544,370.61573378338954
231.69064306255865,148.5246049135186,435.86386905885746,481.90909763406177,354.5412338690877
196.1327838531071,142.0294968739348,387.16261537175893,518.4151175674447,306.67071790117626
175.44693418313383,157.81485183173479,437.5138763296302,389.53305971808567,300.38429197841344
217.6424679567888,145.5181959620382,439.10347006809104,569.8691016073641,362.15520411104416
264.58425502139977,184.86540263790803,521.4553322436968,334.15736731705874,323.42199792976845
182.62880585021122,133.94439378176847,423.54688399432564,604.0533824088868,377.32382832641974
188.03951073342708,132.63152044814052,414.4871647904913,415.4159722839348,360.6901447494028
170.57151960835787,135.84310043684,354.2131116747534,364.1852938613011,294.63393615989924
223.01604208246076,190.90764572982278,501.82626433046096,432.2488126303276,424.63947549194876
180.44958081581444,127.96128765701181,436.4601051790863,606.472152690639,350.01018943972593
236.26911752276052,171.74382792897262,443.1013749404441,565.6798360643529,402.25591817327006
200.3333616571411,153.78262055011962,444.39108268573256,586.6721155216047,328.5520387987463
196.22778320024167,145.4758639359484,392.0296344835889,453.0786553158481,284.4200282538746
156.47522056817044,161.9154454101088,397.3592313699728,378.0365145639872,297.01354201943354
253.45614537430862,125.7903847770065,379.73827282331644,547.151990660905,264.9993861572192
242.82773703010295,149.48501946650885,523.0949138132004,813.8115649603697,396.1231168205551
168.19642435541022,178.54785708475546,462.55114770396585,768.4544439732418,358.3053676324101
161.0258822671238,107.9521841275073,419.97892370319835,356.20885441825556,311.22144398327816
217.0383395033318,154.47626114016836,478.73500252399015,542.3936387219685,387.5375211254721
240.94757888873568,146.2680409694837,392.8254850437701,529.2595399429708,426.9869476015698
156.0830160044918,129.7173098412262,392.0607689329041,388.69675827312307,316.47319198144265
173.94019145132702,177.37843083969824,439.20238907124184,542.547550002685,341.79522864224253
160.0494432198653,108.9280585460116,467.9595183815795,556.9783905554782,342.1009350641148
219.95464506973167,176.21066971248317,390.71306985136835,715.0525093384616,322.53382859804316
265.97190295321593,184.34720521355086,482.79653720887546,756.8992296148358,405.6812088185391
205.1806049039096,114.56608000757404,384.2576200045869,372.5723911943245,361.1380530285646
232.28057731383606,165.25259705873341,391.1407511459116,637.5160379171936,360.5149075225399
206.91684573027567,170.61754117492058,469.9545987099684,677.9515732649993,384.5305482402249
149.55483139702295,187.67563864666067,379.4947396650668,354.38257196772406,290.3282896378155
216.92557619919043,148.97626927181588,406.39181928836064,541.0866841101531,388.9047356043238
169.90843226604522,145.5747235271622,386.2752327217403,360.007283405504,327.1944256668079
230.8786487426949,148.38134350442706,503.09771671964523,831.765944098455,426.90289975460644
220.56692820052925,139.70357107570004,457.359526048956,389.0895681598374,325.8521250738165
213.43924226369816,145.9035493028878,453.94992805297545,486.3806269625714,370.5460377773306
220.01311874573446,157.05024739576882,427.78971972565387,483.8479287163406,360.9301038960105
237.66833359786844,197.2121566407402,457.7991737747373,765.8157093632983,406.065928933385
167.64018770189216,197.70162245186884,397.8895553938743,609.9885726695727,323.02892350194224
206.08449322689307,177.23668459326714,494.80707837485556,663.4667053401915,354.7228612055629
170.58371142811822,105.19623255433793,364.898076234655,367.47699997442317,328.4882449662342
232.66358701004677,190.17617248066833,456.2434884363878,677.0707040909176,371.5481388065495
154.04568232700797,118.65702340071488,461.6150034223411,843.2679046269972,365.173145477226
209.70903032629468,199.1658993548877,530.8627915835648,872.489951378693,371.3951361939328
177.06778133315737,158.00804026788913,435.7421287908416,432.8075681179191,381.65563590873205
235.7226838616638,132.2730028903699,450.876707023902,582.7740454006035,379.94733046932186
253.15761596938628,158.4007379944515,518.7868983250527,667.4866289042562,412.42207974085466
203.7500525792349,118.33708068844005,431.27055330230127,434.3364318520738,355.2959388617055
224.65763889426648,135.8903120618629,469.3515609771155,612.8709150566946,334.47672327123155
171.63757524645922,154.51850600255116,411.184877608642,477.1459229842064,386.03378772648716
228.97095046188025,138.25648124045856,390.0420649551481,467.32262138834113,367.50307264294264
194.2007767358819,190.60091508081388,425.0348415053455,570.1501362926667,373.10560226954203
150.68496969912493,188.57853860329908,401.1002331538707,368.41784717540446,285.5882962496692
217.91128627794197,147.10556181814232,417.6049225699315,581.05779469254,331.05154943753644
198.12621784369483,148.70670012343118,401.77571593738696,471.8369779184391,359.2465873407565
181.04547898280984,116.48739311524359,433.19303280869775,608.0907889671835,290.09302827452626
231.05853527786925,158.2015517846699,458.3897856761,690.7396554163053,402.79969439334775
158.25379694532842,99.05661969412564,342.83897294602775,355.066141893857,273.2713198453884
166.6203268611953,103.51568340530304,342.59055811705946,413.3254099051358,267.3794822449693
226.0551305000086,137.2513052329127,439.6211886526645,609.0449164954733,358.7931212748026
186.54737862364547,175.59371830094184,406.0085677145047,582.2709021360627,323.6846442909257
223.19286343454408,141.46257396772708,420.81688176003917,682.2541939260011,410.7509982210083
224.16734758078405,176.98277697747625,492.33975103592314,799.6534221568933,422.92010254719656
206.11734587385558,119.45381701056642,381.19694823250745,479.40404502538286,364.34643438769024
172.5268065454458,149.83906209450365,380.44352577521096,646.5439350006824,368.45190078183845
215.93607167311896,181.92040972480828,488.03836499591284,562.4375768623197,376.1435760882346
177.23669373687204,155.66635186865338,465.1523918888763,674.9011054372872,331.638180297183
249.50307280882527,122.17903904639869,460.05506257412867,591.3646266968467,316.9255327782921
244.30667925201791,115.09301697250464,426.66604471540865,415.91992208499346,396.21821306085076
228.2411859208471,105.09499872620601,437.6177872876155,552.3961875570111,398.1416617645124
213.0942853318482,150.66804726897976,453.5004336032852,477.84247167812214,353.35164792765596
244.71141583974563,170.80409491699166,433.00765232598945,639.5897481794674,349.1808611326884
158.02848304191716,110.24484276103989,396.7998232436325,340.2369406951214,292.5744215474181
208.55396535474682,201.14083748870942,364.8593662815867,608.1041612536142,300.32918264914025
188.54049535107896,177.03488736740346,514.7568358718917,637.0665893709009,357.00911866483733
210.66096000167335,156.21261853726406,376.0114477776843,582.2113822540509,294.9260866662413
222.73446419798373,148.77700117162223,430.83034346448005,596.1105911432669,382.9242029552347
246.13579388041845,113.17829311105213,450.71576829933974,589.7255991924654,362.454911229323
191.73929660909067,147.5390688979707,415.0233201290926,641.7722165313531,362.42939557591393
209.2036915055413,172.03172687967486,437.7039679776143,750.4358974610822,360.9667695971973
214.7850895461594,172.75725682038788,541.8617390431024,853.6727529807229,410.23955675729803
183.80056964397963,151.9482151687477,439.0912023243475,562.1251480736242,371.3829335278697
221.13394939957786,127.02754770675426,433.1217284093938,408.2430441107756,374.099089486052
180.5083808186881,100.26279420574637,498.6526411156071,526.9482150583491,275.8691134000826
182.48948656839883,199.32198649950126,399.3220037543517,594.6135687640578,368.1865131579013
172.84110165250914,147.4833489365911,406.79930674814693,494.5418514955938,340.76191649371515
194.76050407901275,102.74230015657177,353.371655480465,468.657905819444,302.5508176865601
221.07638456436447,152.83411761084037,525.9734218422587,715.5057904479684,382.6858356979464
238.27294179894875,111.4899966256945,387.00428253091764,437.7287121483834,324.73891956243875
181.95465258087555,150.32954445981522,402.9321706934463,541.7229154874389,328.70739440200583
245.20981497881388,169.92693104202505,517.0326265457454,554.0924934378666,431.65008380771627
234.44445889990692,134.64069071425067,440.5836385505228,478.9368292502988,358.7604126757764
185.93846678753033,134.03693436248156,475.3861134432921,709.8793987316476,342.68848638690304
170.79281881862707,172.85917694168936,507.5403797416097,824.3923040025418,352.1057272500494
230.09152208857452,177.4946063902025,457.04545987668183,608.0844271413713,336.3574478756733
201.71571761442277,139.52738530691516,455.5913465148188,571.5508036736127,279.6490912686341
260.7671232337983,184.4073450833678,480.0144567717901,560.6621081069072,289.4669264730953
195.32367184930035,180.3483803740952,451.5482266082088,831.8229469833794,395.3461203876725
179.03895583743576,97.83801998398184,339.46677039139814,422.9939137347808,288.21910235787647
180.22829464201138,110.5052052098459,389.78878391882967,491.098066977856,357.8800700388224
188.87054571265853,141.65767800905368,425.32747487008555,474.88943481490827,330.5296931354709
224.54649335360384,142.988816812584,368.38732656304063,453.32687784621845,309.59662308542886
219.7870759105296,123.69835355195477,396.05823419788624,383.3102344627651,313.55857642576984
248.06972052178972,222.05111776977972,452.18130071532335,708.5013987775363,326.16867491511624
172.01418922529442,156.90583205856785,498.3809239077305,694.2481171635867,311.6918394691362
233.6289213127015,124.49288009127055,386.0445768088855,524.8408436026048,369.3021354175168
194.82562375745346,134.67775135632175,381.1137826626993,391.6537020685543,401.2730007427372
201.81630436020464,138.82598961198522,412.99504608661294,493.18272735530945,343.42966950997396
240.4500502025291,121.67690357269714,472.5084380563476,799.0426161101414,384.76147785180876
238.3318608648311,130.41578547604536,440.9566806868328,387.570940948292,318.0147394199711
173.3045952223131,178.5393504099416,461.44927501317954,615.942940457985,317.7550501293239
225.52935928542834,114.90696132157052,443.31010689702873,392.57832381355183,350.77470003772453
250.51007294310352,187.31820034899923,437.3491053652863,480.88648065035716,334.36501982629625
213.7778387773064,105.10427422616183,394.1431353715309,347.812625625874,356.4591727812271
185.54145654015232,148.38117279150433,405.66263346227356,482.57628673749144,317.86051615438066
201.26754422939484,154.2312366345243,474.76439970232957,479.0094862353886,367.092084750303
220.76859094161773,106.05412345905889,360.4267575131592,410.38112361302456,363.2175841850731
260.4748001593999,207.02047155415747,512.642854641669,632.5376164626218,380.39896458389927
205.60772431017867,134.26941672771142,415.5260387258903,488.81764919770956,329.3103934358515
237.2142393904793,156.20939862729705,425.4446479434756,770.8402473571371,377.1018637965131
204.76637808506237,158.1829762487918,386.89799115048527,422.2695405227628,397.7894540253264
215.7780534843405,127.84786117881434,387.0485569154244,454.5719290000932,291.5846762108816
230.2735041650051,116.90101313035493,336.3094922284729,383.94970607523544,356.18680942948413
175.20736550969445,139.22477988329064,402.8329531970867,577.3884462838823,362.0289929784853
206.8520042363544,160.4128458059759,437.4162541676504,657.201021177709,344.2487444358608
210.94152889373797,133.37250740904892,422.3823200151836,451.8649305820876,316.4687346321505
155.75417253249302,131.13934636282244,393.03813829512546,367.59434406080453,270.3122130623415
190.41801045322,160.13806280835456,431.3826659455095,531.9314014210283,342.66704569500763
231.3939560096285,128.23124058790486,432.7505002858742,574.2638555022868,376.4129304328588
266.97232472682947,221.2074566179563,541.545082683397,652.3512129458729,440.3073892217705
225.25654031290162,208.4824813894772,541.8931750417903,823.7919776208295,414.9654641218939
187.02646635624595,152.9812426429,422.5050861754406,548.7678221068692,308.28327939239557
225.61498202064143,169.4371237102888,505.52038544254697,692.2786621957213,373.22177429080637
212.7701405811932,126.21241731049636,367.65278820879445,404.7692042031301,312.1353765436505
198.6188109487173,153.21186549153364,429.5401506598718,390.15421071535826,332.98491769584757
220.01544454317127,146.2641385228475,408.54622094258076,439.75776984291804,386.9147910371991
201.74726364422966,155.94392492987032,426.03387136221284,537.0680319826942,429.7984918779834
245.6069312422361,154.2228148763952,357.0185931827297,550.274088188941,379.2837639578644
200.80820070024353,198.62931701060322,414.0063176927661,633.113510319107,365.780821628501
204.34966087130513,132.5371124365447,499.1752466757075,380.5825804505981,353.71080476219424
188.30456017622646,145.23158154860326,372.8906890884418,571.0954821721261,315.35429577605817
244.1763414331644,123.23471292803008,501.91230314832995,543.3022024817722,360.6637704530322
216.30607061432028,191.3058376892498,419.0832117382005,617.1014580565638,336.7562652231119
216.22865205268835,190.5208751294179,459.66371654592473,429.6839889132008,344.5178860608836
177.3631335550262,171.03975778817139,340.82782437569045,407.256610856877,265.54445557923884
187.12267805366164,127.94998803101862,442.9635872617678,521.2872556329431,295.31162752297234
194.08247200249284,141.42060484744943,401.4902368430506,448.9674130590314,339.22688596456254
205.23738454844687,196.32058547725134,414.92871846354126,630.925039700908,338.2698748261212
218.51646436965547,138.30450320321222,411.24987829709966,440.09561652130463,380.7054918077461
197.67272774423446,140.85930733409836,416.791522941603,520.7966911120585,335.0388480174646
188.17919407377525,122.47557808935869,511.3724583113056,598.2225091591027,425.2859112806214
203.00537558381544,144.17185480838828,420.0528604348956,515.6736341377501,389.58406676408055
176.21139777398957,169.81099277936434,339.6875484131543,657.2755704657037,299.91011293173045
264.54542407273055,192.5051117050554,482.7132629083223,573.8961059816513,377.7273527465875
186.7811277319146,160.96267136185625,432.34477490872354,772.3212590143937,367.41424180542
162.58335923527153,156.2532260668438,421.083166621168,627.4893392580651,314.0608017045581
226.0017537557976,141.5470829071165,443.23557136800133,505.21570273176917,396.63977398390006
184.80796124560658,144.22370572511792,403.90914793722607,582.8822439667082,310.0740919752598
201.85401872412314,113.68598846167737,393.32843172897276,495.8389104085695,309.9331623323772
231.83588484038333,106.3871138888022,362.8636325795253,430.5200639549336,436.69269241215045
212.37647367106916,142.021200536464,388.0017095533648,353.0283387067861,356.84768184345614
172.3637816373128,149.44658581623798,504.15109930390344,473.2943178885974,378.09965867386546
186.32964460711077,145.45271922026544,391.49652831737717,575.2972829976804,379.34294657843094
192.64087056894593,181.81547004855332,481.0538744065861,813.3723214304232,279.2825341507377
209.51838094427626,123.5411433743517,393.2316236070165,473.147198002368,332.7869274379093
205.26265794303617,126.09506181951183,440.69474845236266,502.6981112228528,379.468427199833
172.3363841941812,146.33220408242963,406.82055228523114,559.6747198475135,331.0231406229717
187.72190881739505,136.468319319232,444.387916574191,500.2807060174432,302.1275808004225
230.22214843278618,154.56762737671824,535.9078362187308,507.6766008647227,433.20543638119074
158.95926983144224,133.48784530660626,493.5502860633845,635.2117907967081,423.4047159429977
240.80247555395445,135.48969740282732,404.9134173565585,379.2483601648888,363.85056034178945
207.08718440455817,125.89841241686091,388.70212363072176,529.1309601293314,315.2666359953468
205.96676851547267,150.92871760869326,434.0604315077501,466.71925707460497,332.96594541169685
201.34367762487187,171.71304344857882,460.17940688130517,509.1915697507067,433.18530815995325
166.7369910444877,137.17089719923356,400.7457028459876,601.5021224658473,386.2269763641332
187.459591940548,136.93803921862386,451.9146114514305,535.5967381484732,354.59098806201297
223.28718608328055,153.5683694724062,395.91556129644357,564.8887119593671,341.40433772595213
177.13036298494987,194.18230100829805,395.26955568983317,774.8105112863117,358.89591601799634
178.70198191252132,192.16810306010228,412.76819224649654,790.5919292556499,306.579598371514
161.7150301889979,140.53227546632948,346.291353399304,356.0170586579113,264.1048053674599
187.19158989134866,160.38009547650475,382.42438299810567,542.6393240888418,309.44839571452565
200.4797227958715,137.7324738153208,399.8928795816888,574.754640327263,325.99024617383844
193.03750988140308,124.35387319507673,369.20630259716995,460.58337178381214,337.0610136793761
217.91209096927363,150.9115771613569,467.4825028001694,603.9546976278357,400.96350876174694
187.43295118934662,153.57950786388636,527.3504485850713,576.1846304716977,370.7129952159964
221.7174133793234,173.49062209176975,446.36147130561363,594.2519259815904,400.48495526034475
171.0123180701655,127.44039526919839,359.70780322249584,743.1546114553707,269.9329339213963
170.95802079619676,117.80522087596209,430.92620956662813,621.5840361025915,318.191798751225
171.21738670655338,128.98605841159053,453.00644080627313,363.20401788572684,329.089367145798
194.48392509856382,137.10132631422317,400.26602492453645,625.9425796054329,336.39027501444616
239.7747434391472,121.6836883830912,371.8319608064273,490.5361074700209,289.81982628583125
214.40104386242794,123.43315443248099,407.1327541673748,563.2266651298933,356.8124802918103
244.2010239319517,141.7278225129114,426.6182566672516,837.1357711142094,345.608073208744
187.70649850218683,155.8265349045558,439.60434526284564,594.8901158063378,347.59003562090106
236.540458033593,123.59876942565143,471.319733517809,576.176210958157,380.74273474527615
196.20507199159607,146.77604768166853,441.43221286545315,472.37989260293324,294.9579483233237
182.76382140130573,128.5321064728823,404.1479331563954,605.8996349159731,311.79712207473204
246.52115074972386,159.60857614090867,487.52753034612704,649.8489945074786,344.501330316885
162.5027185341791,118.72862522851993,364.7276355824534,447.2768735948324,331.6314750430699
217.10796025659744,170.26384918184337,458.82846283684637,612.445096219553,343.027228597185
179.46518389819764,106.5139879190093,398.2838735769129,480.60814147365994,326.62972139443366
208.83466615904877,137.69488134962498,429.61948932279716,605.1605698987877,386.32807812456736
245.15611130184246,112.67282524043917,415.5893082610134,561.9908342362562,267.3074771270603
207.39465260286863,124.52164224911655,404.3685428472623,433.53939305738595,395.223776815504
239.38794415484676,158.19697227879143,405.861819478236,516.6743082079793,337.7464251577179
174.6935397618837,127.1301946588762,474.2822277704847,587.7759134058686,332.4755390978889
160.155485294767,210.067023553841,477.8186489769014,452.16099125055564,286.6216205558887
213.37243995718237,126.12679733279724,413.19581648826164,611.3163318064919,313.8023595093336
209.21419968135703,130.21370354611668,374.2399921466297,479.1609454709877,291.14215156938235
151.37432499078844,96.47745335099029,379.7499610049771,486.0217192738599,332.5643260676721
191.1459139145326,157.1483404074337,399.0087893342741,831.6975602523728,354.6191638430691
180.55368203185344,113.09079926453636,341.84010015460876,341.9978299594407,312.9286289089681
210.91664736985354,142.72362371406092,440.11418649739915,552.1042248962423,342.6739675828321
251.89066074738489,161.60277472064118,505.73693622681066,742.8232117704326,360.11212246974503
230.3337082487339,113.63109925190369,411.7631540776937,597.6272431929215,334.9789681953838
246.73458365671985,167.87511840004424,482.753462862758,785.0022378057711,274.59217212933623
218.80651294832185,152.39821273062248,494.3647529501542,581.8851524024324,341.6725883153861
209.88368394414917,124.18929908022196,438.4870066313361,571.742595056218,325.5962752252252
244.62686458588786,183.72882847486125,506.0636960630897,640.4203677031562,360.62012474272984
173.95878789919036,119.68021422335502,377.6911476354154,635.1414237849897,336.86355531350546
210.66069451440987,100.3049358014178,379.1943639742278,393.8683052944276,301.2640370948066
203.46746588067316,137.87139355211352,433.43365453221935,404.66327414755347,350.2578644542424
272.898854096262,217.1363453955796,389.19936501571584,802.7061711714383,405.08711671086553
220.36012872181894,125.31737980812443,413.9872383668344,573.1043201862254,369.33957578271344
196.75318931617866,183.78682841247962,447.5907796556163,747.9266866201972,391.52290726135124
210.0283028342531,174.69992449202852,390.7062140881682,419.73638988683956,325.89809105448546
191.38646902656703,134.57851310347039,366.3775488046164,414.71959921717274,353.0647742964984
176.93546594744984,153.8349083324849,337.29686868778725,335.28923758458194,334.3952337527733
197.32376651741356,150.940642549263,451.86297146167044,410.4636443213506,380.2909554206579
161.7532393854458,154.17039489757744,423.42366850284833,706.8059896981204,324.3958534565834
228.1083539740777,135.0928168309518,417.29215045437576,785.928224371291,431.6233210179296
233.56028187910223,198.72073357749514,474.04515797795557,650.4394286262384,392.1844478437267
180.56175476417528,200.1388652913531,355.211778221418,609.1954682023443,281.64825938159663
220.91597859198416,143.68399357132887,386.09270856364566,666.8824574930774,328.78140724038565
172.80764425135027,179.40131069081207,420.9026983944363,421.8226383409561,314.320664985345
186.880760635967,125.73114172377282,429.09661904562745,564.9779099184865,319.8688141215258
208.3427716110617,168.87428782680504,443.13607691345226,625.3158070223744,404.90189933684786
175.0493546727148,167.04215123501154,390.5330185828641,583.340465289009,316.4925180271363
184.44211946427498,157.32266974640237,465.9125501757257,611.0716346883025,432.52031876137954
214.17140505048212,215.4584897849268,405.8909343891885,875.5527677230187,355.0929553682186
173.090135637233,148.1015575507945,368.6401356656719,533.6082813397481,359.57664310325157
250.1115814746443,209.67550334992515,450.9409275623995,675.7265606307535,332.36475414381397
154.48005826932175,115.77550478127235,381.201960934286,342.93583630061056,334.3456476396504
196.42033873461168,186.77848540788005,528.0065665490064,576.5570353300269,301.46848023149323
188.3656647660912,148.21022944999223,393.91653454222387,714.6403066392176,345.22005988290124
159.01230021539791,127.28609464909817,403.34247583375173,524.3515120790902,298.89723852608813
236.78042423105055,203.78163216678485,400.91196870591057,497.45070868066364,294.02616027550283
198.4810341908082,137.00268196796821,384.83881127300106,510.2233392383451,377.5018058589857
241.47096602556365,192.18824193839825,446.29330076229513,564.8380931093284,328.4129348435855
202.8602775106031,115.11449503131455,381.76485073661456,463.8556404419975,346.47234560645285
192.23838499021346,162.6191399325319,431.70897627197286,521.4195186927682,345.03245049469353
229.66399190050225,119.53452876205469,457.73784176485657,587.279411403297,327.8690569978843
193.69721766617974,107.96047592097966,398.2155291063675,450.65691884232734,267.16423157307474
202.43052040077558,182.67460767935626,419.6993181770733,543.5568642459465,318.4108222728788
181.87648999605406,115.25104103749116,342.2894582773203,389.74721371184273,303.4722542914672
204.70911307579252,151.52820682683102,368.40191648777943,480.108687084498,345.19604728005044
214.50114105207453,154.08293153560373,455.91384811978065,383.9603117391618,276.7987305421867
173.48126161452137,189.32571174186998,447.5680139827497,580.5373961207347,358.8160559900298
193.53506358358086,123.72081715222713,428.9071001055099,382.8357537662149,272.71239827128556
191.73630930989256,186.89063723825254,442.315859619431,452.9391144714465,338.54269118182515
214.90114974623447,114.87586468205737,425.1840440088538,668.9773532750028,329.9963465518269
201.82930487027267,136.4930347576709,493.7424105881335,517.8351145936657,352.3750576240203
151.8757075741107,126.44770591977418,345.0526619003711,572.5877688170178,269.43797118729697
204.81971190004538,160.03581878766622,390.86616772917495,435.6930929670178,325.90472143582537
163.686528121621,103.51112366901889,360.0782053994715,331.11847274251596,298.3015697719469
238.22838057102683,160.77390478403754,450.94612843649895,666.574612747914,393.76480858007403
226.00546380732277,128.8624436678574,390.95444976020457,407.9890313686837,367.6080561243113
180.971469500558,182.08943040996905,454.5316528024354,724.0847717119736,288.9654437093388
207.1136365809238,128.60670722198233,465.08643204190776,529.8171545936552,367.71403831375494
230.01362384081196,111.82498263874334,431.5191032778835,494.6526191731498,403.4830272378911
184.52327048403646,135.4159518252473,410.1944936128098,732.1098939730032,382.6783231515205
206.36042449516157,140.1892392040751,508.7646079873111,736.4649957557435,335.6345231698758
191.68757267559127,139.86568086503985,418.32381222655414,428.2414964338363,403.3953704207626
199.88168620465234,149.52655609349145,447.07991939583303,613.7029152372577,389.3391267151311
231.864184090809,139.41647361327105,464.0691496388705,577.4917113508648,302.9193020046567
265.0295200910421,177.65691440424993,543.0310239236228,519.9959497318109,396.1435547033832
208.16449451492608,189.55285339094905,470.4155076258257,446.2003680213149,351.63290386491906
204.7915695378323,157.06529187992956,482.8125856687128,617.8870733619164,360.09003834523105
194.67624250884833,162.5043470208118,432.0770076712186,714.4450905066237,371.40233366596675
197.70606391303065,145.2327907294683,400.838875340412,462.7440302771375,366.6172159284131
236.56779936757127,211.47751675082546,492.672970304807,576.0096127558937,378.62054999098666
234.28425014220724,132.96006633787593,443.7973167456274,499.8166011876878,341.32755232803515
182.04789373247985,118.65066388031589,386.13715979731705,338.21741866844366,325.8149010554684
229.49787077905214,112.22201901392029,353.04238872973315,448.1945826458503,323.2335017122377
206.99174666024211,159.95113908483546,435.5256495062093,649.7290464395055,333.14220093033293
265.0621223502216,99.22110653265048,460.29643639281545,493.48018458996535,434.46462336431836
256.30110484843544,166.7787112610826,441.66783704436375,849.3816181261898,434.9603614259261
239.3306174613211,139.02298229312203,448.51619855271736,519.2848457065897,355.55856557741083
211.17513220687118,164.30963795803848,451.5521277183025,671.6857661662993,422.2021862969982
147.83050245490205,141.9515141137918,445.85523250947836,549.7197798569714,269.15730968270327
200.25538645418865,129.23348778367793,421.41164007836915,402.01051112925114,373.1530781658391
201.17399670010496,164.58994667913962,538.0670864020167,774.7137527674184,351.6632863068676
211.28908648319185,169.88631308869694,379.8876947268645,737.1284078908227,358.0319531889971
245.32024885677524,135.19720024617195,349.2350906204834,570.8891177810784,328.52534889515135
185.732379025159,167.59462534218082,451.8678733940979,783.5469812754884,342.56419639653683
196.92369433382154,142.01398629007764,431.34902914473645,514.7669845535381,370.36063415884126
252.89587510209157,220.99686431038714,526.7339192901977,606.4057911154565,392.2987367893669
229.30368593081332,158.03145438708418,376.30398647209046,536.1839886965882,362.1334219112589
148.39480664224936,118.87548554077148,392.5329949909733,592.84494335272,330.8904089832563
237.70232985886108,130.65897538177308,443.5062891603028,726.8178179182825,419.8460356219565
178.27232376414918,150.82655934914152,359.2704100368729,422.385574969834,305.4122059814788
251.12472831426678,154.91195779149663,454.81023305998025,599.2751819401525,376.9662817482674
193.6006347334169,120.77082868610509,409.4441802429605,603.1597461135007,276.84131668490613
208.61887006359595,141.14019692128136,438.23467223758564,796.88681057541,309.6105033197652
175.52364263076223,154.10747598419636,503.0100951694514,530.0669256917481,351.72394305800265
249.28199739703186,195.3886126373046,513.7524908921101,775.5196632536691,356.22864941308393
193.60523299042632,136.26613744387882,443.5358054975516,560.7812730147913,389.73234238976966
221.99940822122264,132.90215876458305,380.2483909742757,521.2789953616717,344.7568583285545
230.420347773384,147.33671559959907,425.2117359845089,461.95375066602156,333.96738944903893
151.61317232080745,168.1605032285754,399.1009923768053,463.8286760890437,327.51046918796817
166.9416357779511,105.71034165075912,328.8303644207685,330.27464967083563,265.41722194653767
155.32320637697399,94.57786070415233,377.15326520261783,488.50555327696446,301.6140828170688
226.50776752619262,164.81873611608034,449.44766534774243,579.4235041074257,273.55794404883096
207.35266032206198,97.69182810505339,428.24564045652704,571.4880578210339,327.1411695444105
148.30369074118192,106.96424942781712,407.2049098718605,335.59082124261073,263.7397776639483
214.45184593713358,137.15899122981745,400.26864763948436,705.218174248718,315.0583740534655
264.4264474235481,212.64311563323204,496.3879712924992,843.6108307979874,379.63131005123057
203.87231283463433,176.53369622090315,384.53411064310006,501.91347448282403,323.51233332476545
212.25695265388512,129.02102199822176,420.50501651204735,461.8260859202166,387.3660608902085
161.29554398901232,170.88200551821942,396.31362079131833,564.1164920879468,325.3750699964788
200.61098970440727,153.1106393659164,416.21034884391094,456.7353020889432,306.1785535532535
196.76908504235956,188.73377667877585,509.8139001277197,872.0788851059212,351.94212329244874
192.64798570424054,202.6312161488027,428.90785640276334,640.9590730553678,357.76977751762627
166.71018949230677,157.49628947405395,516.8276209107889,566.9865256267128,274.7330598859037
177.23168899527292,165.55628950111918,381.9088132825264,369.3434577813688,338.36537932208813
170.0887088151313,139.92679381748712,410.8960530438251,428.4702449860167,345.48741435488955
159.83738182683018,155.37575020329746,434.8822841675742,382.8030571144608,357.7150359557236
198.81601837120348,147.64674218143347,479.38614215562905,591.8429768265953,327.42391019633544
195.69822262814623,146.70875776023942,400.4775197211503,663.6164997298591,352.9805857523687
230.19834345185444,146.39109887464795,442.2348120002959,540.5066116803057,353.7429035135829
250.91577622154315,138.2578716524605,466.4273160182648,424.1528558115069,385.26437770245286
217.76973756177628,172.794998216354,430.9354783202566,783.985962095534,340.6053389989373
215.2713321962365,132.46903479548263,395.50518926727966,670.7005268648605,355.30094129883156
227.56605813940894,148.71049309603654,374.51020640716746,514.5278712930193,322.1649909656024
185.36966193712595,143.03780344996858,358.8639419758661,349.8385528661643,366.1560557853933
218.66161309372924,190.18155578995723,480.10504008730743,782.7007829064705,327.17370785927613
187.23635869041073,161.15227437843728,467.26102225794773,569.6575951763003,331.91911619655656
237.41136619914752,170.36498267622,424.5778445244317,509.4159115411534,290.5833342681415
235.29897975003232,143.3626610614181,406.43080751676536,562.578413918366,357.78430261194086
248.05829212876418,157.19301500079715,438.2986314742557,480.0292218570077,331.99613659319755
216.97999018574507,169.28687669590408,450.3964830513875,574.2835792654994,380.81312472608
190.05998174954792,160.83824382824665,438.2540621957741,368.29809048560577,340.6642663035743
252.4996039538793,118.02007343502616,410.1347157099632,515.8564472552602,419.42235553266954
195.56040383253122,159.4227579150207,395.946087252352,401.3122920453296,311.3600280285725
250.83804905928804,114.41927559309002,328.5317614095836,341.18304962389243,267.600642848463
193.34990872182985,142.8254355419128,420.5636058749365,435.54671459329603,336.8942078828647
205.01642362634132,183.5919775124056,377.53498194761283,855.9946921642115,335.1573943014841
244.52195996032313,149.98023520191998,429.89091732732896,641.4054071712605,317.93421326997685
147.7640327587208,164.33588009015037,378.0633756704803,660.0150327585222,278.8069172395551
231.52201162426616,158.5725150151358,545.6138290546446,484.60204461455527,364.26497002930086
203.51555903120286,175.6337489983039,457.3947824688915,491.0645390615062,360.28849038554836
180.5730944401078,100.24113399739714,375.5317485926241,333.46570405311655,328.91560305045493
201.1592203506504,134.8320121057463,399.3456100934069,354.91915722973675,345.2552750682424
187.2274025869148,156.12891682802677,408.4400922763827,723.4577722039064,379.98715813672925
150.68794888528276,113.82170544938238,422.36141540993503,330.622972061339,341.2750253529061
164.9282201725583,106.60782281630759,424.07119710882057,451.13719899172077,343.60438428556563
254.19210497235431,129.1618249064268,448.106295600783,513.6510449532,428.47774400513293
207.13272279699166,153.39096235117944,463.80063339893366,760.7070683178275,335.7020685124
222.80615711252696,108.92785127710799,433.40483557998454,469.1708188984981,305.92526551284107
214.7749518377047,163.49156094398958,444.69961351327885,701.9512681341187,356.15314179259815
193.7310967708806,155.8533050936892,412.0143331683187,478.2467877965557,316.4637646336429
216.15836641612162,148.98025359119777,433.67092043233754,611.9333507338263,349.48852251251117
218.02841231372187,104.79292109986687,433.15960995429435,406.54000060306254,278.4980754721208
203.433222727232,135.86600599706523,436.0154248444715,516.0446359086209,317.3309493258482
194.50914635324372,214.84106564509386,443.56590637596827,805.2088202610996,408.25294938725597
194.99601504787356,155.79568220084636,447.16132026357866,581.5176310554705,393.747282644431
169.16488973663576,94.77917957128874,350.43791983796035,336.6495622616558,299.7566657198995
176.38512463877024,157.27774964989084,436.9695483213858,562.497570718707,392.4926255650761
223.19999640438854,150.6262820266454,457.1196596245022,494.0809850159134,399.9859852700383
203.05919852806767,164.32985803360876,472.695208008479,834.4876341364698,274.6060559593977
193.848649409012,144.01167568988416,421.0964580865151,482.6588287534833,337.11859051506434
218.9843359281058,164.52201118466502,451.9655907667429,552.0804958827158,331.2001328196956
210.32186382293133,130.8988819291197,458.9379178897951,364.07698989331135,335.86515367006916
163.40167361214753,161.6087707216209,436.0567905353177,427.03985265557463,375.1604465102978
209.49523636903615,118.13199035722096,456.89770062002634,534.0830861908267,316.9187161226655
195.2186649822732,144.209171521827,387.8390080954831,514.3056837297405,374.79625996942434
251.63287260028847,95.87915793470847,475.18528222293025,478.4278852277251,350.5680512883775
200.41973853995543,114.61679988311576,348.2007782962978,583.0069452372135,365.02658377995516
222.49670090378663,130.75945041756592,393.8622775051687,572.0931798250182,352.09855490517094
183.62181459090766,194.89455772035666,454.45871220636894,440.66639068849577,356.19366564066365
262.9778218684331,155.41809081060597,383.10641513439305,411.3521304530604,288.3940680689287
182.38521239921405,134.73188441365693,344.9622731608157,331.98081110264724,353.5328761048642
189.81082766255324,134.51388492891982,395.630027563449,631.8158725505147,305.58173107452393
205.01639022125826,152.5928763194838,431.48134641447695,595.3869833087534,309.8632283698304
194.06907614636384,119.30771410714466,404.62805327143747,454.11695081622844,354.2948321673697
202.18470518346643,170.6502339806927,412.65249344352486,489.83028191832534,373.1334640735166
191.7320512576809,178.8457391664539,507.384311333171,585.7356908689569,392.8236641842608
206.04406506940956,106.57614058186724,381.53246191379804,468.8897821204423,365.51934599013816
240.9762397893076,148.35752044078356,473.5687018452274,554.3529046022426,367.09164609266077
198.36354425652544,136.95213690051452,390.11612380269713,678.1920168671039,302.831563063757
166.1066052456259,133.47524275790786,389.0371123683617,362.51615649815756,318.67750268055363
160.1639575517698,98.38871497399586,371.09003209280877,331.83072132092434,304.95640245939654
239.4802929804405,160.25106492899948,443.76813882848523,556.0950738046232,358.366206158922
188.0640736948683,156.68818154140743,429.54776499903136,485.5930823950936,371.2148642155076
183.10297330093738,117.85890596951191,470.49525077246307,698.3734560420041,321.51197073618937
216.31927397041366,127.9576569928313,395.7299867195324,534.2190603074232,391.2616063722044
186.12463208120897,122.40235744825995,387.85389501502493,377.4582810727952,357.4981525644943
242.15785504644379,179.83578130485708,482.63969099314795,754.1014728176918,357.10543204921237
191.70534986608274,151.71364286305013,466.6022750846676,708.25692739024,318.600225744454
195.50935995191082,125.72741455002067,478.6564990292644,751.475966857369,341.2870821016579
215.32594233238265,191.16277830913984,455.6147440897516,635.1406318751008,340.8704279708999
241.8581054462478,130.7680932097831,436.06768199529563,656.352405392254,349.37253016483135
198.00810357610197,113.71459687760736,371.20653605378493,506.02278429185014,290.7370805252842
245.84243070858508,176.4251669136017,391.51565453909416,637.2690843305134,407.7188006573506
179.3031896200111,140.03769249568094,384.6199120349186,376.74871014392505,356.4520465512564
227.78059796623992,181.05499654189396,414.56326355051937,355.1795381824729,334.24353748765554
169.05905922948324,156.7497152776393,425.75880956543625,572.7843614280634,374.018619383612
193.91480131964772,158.88899191981164,374.8660949450565,508.6651542569866,332.0625474245609
214.82774619607386,152.81517487753746,404.9156033785034,563.7961461599435,350.52638498533037
154.85962404709375,97.79913232056995,361.82988383952295,333.751099324461,290.74388813559557
233.8441824235672,160.2578898776674,439.72113917250675,387.4942875677829,317.69984581608736
170.47947550925673,155.63801158675454,393.8042400608598,537.6093178094544,345.14859488520597
209.89143443393175,103.05982680106683,433.5853813736395,646.6060978774743,350.13606423705744
237.67661123594226,145.52378275340405,364.1911379384235,508.89654688206747,323.3616210324312
207.50768021263391,155.02877676697668,481.5987389661232,633.7088920400299,346.2919432696595
218.0742553667923,195.92815958516883,480.667231867374,728.3674807738646,388.70420758663823
222.36045518435492,186.91806576442323,431.5296319688244,715.9061762305369,273.7088235276324
181.83965984826395,154.36183294817894,435.771900405358,549.6820299639326,309.80850893672164
196.5803223057363,145.36783973525323,353.26743133448264,772.6594296740763,267.1791498272881
255.87816104812092,188.06531662514385,478.1036541193995,735.804748620185,345.54910883297424
211.22521056471027,131.24804148596968,432.7987725210873,507.32177566342637,343.33782175664123
223.24608949764178,96.09009589066349,337.9417890525104,514.6407794073909,286.2829159831264
199.3643226733404,130.03268224156383,384.5358430657695,378.6132876117249,340.63692815833565
205.11441333286945,148.08673126578927,428.8105844245825,519.280281778554,349.9865734384229
174.51647491162413,140.26124786450504,364.06469575016206,511.7706357812006,291.93922524255163
175.9123623525102,142.5887761195159,421.42146000099706,645.509220753369,343.05483963206495
182.17032436824206,160.5278825418627,396.347032031987,574.8933526185624,289.5130730896878
253.89106252120618,150.95988889687467,389.3788594105959,472.50416067362556,394.71161087969375
205.20315858418462,137.54603693127265,463.6469127978192,590.4701944760385,365.1213430350182
219.54545083258623,159.54712029565042,476.3503212908511,567.4828742593972,396.5883492900939
223.6021997398827,160.8619829351672,398.43598227010835,408.68201546444635,312.6237154811049
188.0086044739809,182.71061557853452,438.01604994259725,527.4047992813742,344.5315161729655
175.82292292519958,140.51221082103703,416.5281937330091,625.6132604446873,372.8864673839242
181.82658698715508,141.19279473691404,361.0618893254078,382.2277541203173,327.99133768014457
176.09750970516345,118.99323821204716,408.23163688253135,662.9473880772376,304.5822217711555
200.09451895889248,143.03526372844433,439.2226764437398,654.2697181507151,340.05640748248993
235.05773720383127,132.16710016581874,448.5795931025394,706.9283336417658,302.87400251669175
195.2469679415122,180.0747127282768,420.3173217878355,560.9872584728231,325.9436432987449
218.7161733996517,162.44105775972704,488.19351841607715,675.7851608173938,362.1934280296648
220.80585748914808,152.81619674226252,399.2523426806489,624.2925721881636,352.79356597929865
261.9182853662328,183.47962333476386,479.16658582879876,681.0200412158421,272.5957877363611
225.31051530510243,171.48038537069203,453.2417381153433,572.2703167814149,376.22829163606355
247.48696804474466,150.67400793616318,488.46178965681435,545.6691742380445,372.4641256196581
249.3849716055678,184.73388405323612,467.3348841665509,811.2724578197669,359.7468996006524
232.943343298947,154.90949323138844,445.4896056269546,437.71011032277966,352.81179170511314
200.84938294667865,126.08363906533208,370.00838829183243,547.0543508170427,366.38611254916145
191.99123572103528,192.45695925412417,400.24032259517253,500.49472617250785,324.1796576291704
228.00204016978265,175.0104698595206,396.48796353253584,567.1338368084264,374.9607942818027
217.21563576592942,213.29464231223682,485.01127648490785,608.8615070110849,354.4904948605602
180.21682554873087,193.9052371315555,484.28595699552227,448.98068228317834,330.9630915333688
179.98858863565084,152.41002367126345,390.98706870353516,461.3379857895684,349.7396248310515
232.2999713665616,122.87818654302687,473.08867189141597,505.86308522093606,427.41194973719155
199.06596771270333,135.14859951041234,426.1179657914988,709.1480371629068,366.1560240971005
235.03773933453144,140.32476923190012,396.1531803149463,410.27187701146266,371.2494781225792
201.9513151369955,175.0527706275901,387.59069774471027,526.8557862831411,362.61004488590174
153.7557609311176,99.6895837578888,377.1719666272577,559.392771202227,276.0073963088372
217.24614831320847,138.7250449811102,377.2590545733753,569.1627540379646,388.97178885367794
253.66112101516106,171.4900580084192,507.1535944345633,474.61457130806014,399.7023711801087
230.94912459879018,144.88394456158122,473.66465880318026,671.1255470091891,446.3566974592534
178.8457975913465,137.76509930360734,335.73666530773346,363.14764885992736,287.86969669660965
209.86989563596043,147.75320403362525,372.14856344846817,466.85232938687795,353.8397731772126
208.76661532989135,127.14928020696986,410.2393328031209,527.7834578853948,340.6811791618229
189.39843125580518,141.7078305589827,432.4933768225436,554.1080242405056,296.266261430003
184.06981549011672,123.67921465721857,421.4567662348645,522.507682081967,328.6707423700693
206.75477982653686,150.4681438467236,423.6396907822218,475.9485644564253,393.2579474713713
208.20959795465743,179.51393101715485,477.7801346465101,613.8025292945662,339.6845873598244
234.69156932388725,136.2411903098238,380.77702438776214,465.29781716428386,318.04988977426996
173.3200049593969,143.85297388234116,395.4904528943588,406.8600271946831,358.5289390880928
187.16195029771316,167.72879750408575,433.7589337055862,588.7144589401491,371.2872835246477
164.48675825981053,124.72006672733872,395.8622969051898,492.40289868626616,304.62411564461496
209.90651372234043,184.73633255775823,481.36602047203877,820.0145682087094,276.3570127482157
209.67608936425253,143.1190404717925,432.1370803421251,446.16450484176244,366.9530177118756
264.3738285646182,208.64236976043927,447.3100456643289,863.5181210397362,382.5162274609839
229.92455970766989,161.33385064320478,522.8979530865074,553.7382138594296,438.8979312886077
229.3804127893521,164.894074130669,470.51468558293146,517.1954356752196,365.5465878107154
183.05463643194466,140.48741711197286,404.0255947427041,612.4102280394058,299.3589968551615
232.24296969843718,102.80942153660737,511.3711311669446,667.0573346395399,323.6803055739366
198.93860243432337,132.27616044677146,401.65012086245446,444.7154638749044,337.39781104971377
252.94627249504873,172.39216141312386,430.1719860313937,729.1783272529794,334.21529924036713
230.18922761989813,188.94931658884926,480.1381794901688,569.1420313478719,324.70527303182035
225.14956042335484,194.1664678004771,445.22150280854817,420.20475577659903,299.37200087683004
158.76963604249957,111.13530699747608,438.0752974140616,486.2864967071728,307.17995318593825
204.099618372332,199.4677958608337,508.3351947779203,716.6179962938675,413.5318480987243
238.6809259651343,156.86074520406308,422.0725175546835,596.0239149825832,367.01268356710665
223.52516716348765,160.53133935602077,446.2828285917081,553.6193594602271,333.4295693379623
180.6802711961339,152.2874635597306,447.3902584846011,529.8482556331097,321.76785152609426
199.97638397609185,121.04323789839114,485.4949835456366,434.04930281511685,400.7069934452006
216.14160266966095,124.75118942170832,407.4551381734701,662.7649831762482,376.40824904905827
206.85516260265507,156.69821446844088,453.50311837421106,612.7107763924242,345.6227361843247
231.8991058018849,117.51468665032355,445.22129215300686,479.65401516173506,346.2201909298586
264.6818061829633,222.6342945377885,540.2242391470098,632.8224526951445,369.61773367222423
172.04763064050127,121.31352036938122,363.05387840634353,377.8765129479168,281.87042387651996
232.2409718524154,113.25559857029799,449.563039009519,732.685648565737,270.7925072396683
239.8521005319799,161.6401677801471,365.1503106081226,492.2986214043385,353.1150856891425
190.87731217031623,120.04752643828851,418.5741907222894,338.7077767137991,332.661182980377
223.71458514109878,170.30028929613385,487.59019091397124,698.3530724110652,367.3721046970932
152.99016003757188,132.30670962762605,345.06527049598697,469.88388471913413,309.8665426409441
199.36314422129857,153.22462059111888,430.11750290516534,395.37798471838255,353.6381094415681
223.3518381735763,190.40362261779111,477.1164982755031,569.7284541462378,393.4043426305986
154.49242675306124,126.61278112334676,367.63799365176374,362.9762041654139,362.0873514729268
258.9127224827087,157.05513333575894,501.62130815186384,794.9593054840524,377.97958764498895
160.3049360037823,100.17787005262738,393.45896790709895,423.97742059361667,356.4122390498772
193.011681003622,154.04765190700277,397.6041990579986,512.9860978898183,390.610244772846
177.48336785695938,101.53578915908791,371.0374304137983,416.6612591228673,386.4480696517647
183.6880402793945,170.59203098749845,435.8795727617685,815.244777147737,337.9193028690248
175.78670413480737,141.5674287614639,444.87284746740227,427.90482885877594,345.21057906948687
189.05495702125774,155.62598024664896,420.5883036372021,609.236337177359,348.96910054893925
228.7744587107535,201.7634144477503,412.2691705091891,593.5066459433572,292.3499264583792
195.0363196381844,137.2659953621423,516.722055346648,487.818408846356,349.7867577574833
153.15936070050253,94.5344056577193,330.7560577027965,481.2414197873791,412.69762460296175
181.73198748990825,143.92823530835358,391.9780700272864,416.2851708543698,292.63042218549515
178.13778738449273,146.14209350932697,453.76236386161327,645.8150380875342,386.4300217225871
206.94706912911582,160.7192123084013,452.4666476984281,418.2945661613903,323.0795847365925
233.86517462880659,125.41875453752803,402.2156196632945,526.3455715760413,373.71865558818325
227.91914656050966,145.43523352827114,401.1613404912935,356.18412602624176,349.2850152857317
166.865121482503,202.04391288298132,501.4058420124165,662.4749878312823,340.52536455655127
191.52049249513,157.5731643864949,411.09360478559654,589.8655652541453,281.31486723952673
209.37494803608823,163.4991704461116,443.96654294727756,625.3265550246027,312.2944529926696
203.95800789123965,158.2293285439274,444.1525566724501,464.65838876540147,310.12251720597385
186.7831464468673,185.0113501232209,392.0784550337084,663.8572708192669,372.98116170418706
208.98073153359408,206.09062750878934,422.24571547247945,624.58304186466,431.17479063205303
234.14670296615765,184.29395838822032,475.4150297766568,600.6407847136188,359.1453237649125
239.83039177240943,134.4575323391493,372.63190510519127,483.1804668112698,322.79186335340205
171.03584470979206,164.86678235503547,338.88174108569166,591.6060526635077,290.8646091909681
175.25252729641414,113.43402679821136,352.1537624773463,357.894164866297,282.6449526794768
210.97067813697137,148.27995866820413,443.31422795850375,527.7421273284781,374.45114000631094
181.7380773250126,192.76704403970004,416.4381930132227,565.2755439115592,293.3820223252049
174.26232525877717,146.96728179448525,345.0079403046514,461.758736031711,323.47628757608504
191.50881804923785,148.68843260416585,428.3963128933786,625.4458139413476,362.6778426385837
231.04938345194176,186.3836252305749,438.1756872330997,526.3903613055411,355.3311887712079
223.85739390052706,151.19926800526642,444.16563242798935,627.5638754237757,363.9046654933617
173.22494592306833,105.04238896871938,403.1406795459187,441.3406282423774,297.7741740045971
179.11718173540285,146.68569050906643,473.4448785145975,643.3352203072623,326.26552831272767
187.99819154869908,145.33349527342085,423.14166187992447,702.9230395649057,348.73133036377027
199.84907888661257,140.17202245069996,500.6567132806788,674.605908790978,402.0571331679989
188.35723024315394,159.28137604320105,392.11591919646116,444.53094585337976,344.2655110417412
219.5476295585065,154.61172940592564,413.3968099917004,543.0893818678059,296.7526091445493
224.34856265292657,118.93526110269146,398.924822815108,390.1921103096705,328.92715993190006
248.2411709752203,141.86125757424588,416.0884668268656,502.26285954240086,393.99704717663167
214.90041104760022,109.58298895314545,403.6880633565192,484.62087588101946,375.4770440435302
209.85263608073163,126.66227975534322,394.02459121349466,503.99216731477685,370.7438751008968
154.22859509551702,114.62522814529567,501.48348292090327,639.7271817740847,333.1524876358817
181.26296515090394,148.84721479701676,368.80449502848177,466.5902072038227,330.71827779912746
201.3312107390484,152.13756462167515,401.1092960357526,500.93746847646923,367.81250087265295
201.65467805395673,163.60452217100146,465.2432764939884,710.5587945863309,382.8798968366809
233.80671794924683,173.49785130580756,443.9516629030654,482.49723677125235,355.6915332810219
198.66504074182257,151.23072745909946,396.01068386246493,549.1929776778132,332.0861115343236
218.6443884676857,111.50701371101961,380.38332138856526,443.6725001738487,332.0650927069139
220.6105983266553,130.57594958525198,519.837609661177,638.1916213005625,368.6819288671547
194.33207960054312,136.86700154971092,391.46642813961637,543.9637926338861,343.98073958726843
196.5245751579277,137.05385842015139,462.2660285284489,469.44780590054125,384.9245995074827
190.4630827680251,141.68776201242466,343.53519486772376,386.4102844509139,351.9399014858059
235.18965276969394,222.7960689915692,520.6234945445316,722.298592284707,439.2986015457361
165.02792491481873,97.22448035539092,350.2266296165164,405.5092838975989,309.17559887699815
165.609076846981,123.17025486535425,402.5445149963439,467.55401236287355,365.51569326002306
205.53322298139958,202.5522228535738,481.45188946493954,680.0338345806784,359.06956151956405
201.72346821543746,132.72537556175433,433.41681414370163,513.7392700378955,374.39675119062156
230.4240558445767,189.53403002265702,453.5457087408548,624.1018934768164,269.35953100061744
228.44121904321182,127.22578581462326,474.45341411595615,614.3618144189894,350.2464375611579
186.4863798490023,113.13083108879526,451.0580286010753,427.81759540437355,326.54948162773826
222.8020422248602,161.1546797941182,432.11882127655997,409.9602080577,377.5574541997596
173.90146104655645,101.08536543528619,362.886610129793,648.9490632290783,335.93186050366097
174.64557761913952,151.38386938443855,397.14184079081224,499.0942766586467,290.68479228553247
242.9951878932788,98.27977617411602,387.6351780820157,556.784482514118,309.29458028499874
225.22113946067356,134.0371972233271,410.42343480618734,576.7483195201304,301.26974000711857
243.03926915752444,164.2714465136299,381.88047048099486,352.35150119639115,323.0549714924714
173.90646325316087,145.47225731311718,407.8181201208524,527.763719440513,315.4071679531911
226.1093250222881,158.80499057629072,489.75489308805555,528.3413437051262,419.73631720480955
171.51948559052929,123.0156124968127,391.72343216689023,449.20141808256534,282.01435105259446
259.98742611087084,116.92876714806586,408.9209051142386,537.1731153581251,375.9248860121048
216.12541135901463,150.30984682223274,415.39414473055086,456.49841855470174,404.6609300420577
245.14546430646112,179.81005354049074,465.3942857836276,589.6427785864862,360.1698463776188
176.78827975074208,195.19992964791535,427.08841328326247,469.09790987119976,293.07081654558823
270.57961544624123,146.71222902492434,428.03711440509176,521.0597786150508,415.73509247086105
228.50421455752516,139.92624563173442,415.68479086174295,513.3866314177284,333.5511027922182
230.8198667223738,131.78627026406997,413.66591263857265,614.2735907417492,389.5061241607992
177.95597182283447,133.03166899842324,413.6296255744599,344.74973194260485,305.08093853102815
200.13441526106942,118.67582451782314,401.4134734093853,616.7120130059228,304.58636521553404
182.90261790327583,107.38558324097826,533.2049449612985,805.9882817369913,416.57876774178925
219.19719357362086,169.3264326564284,421.35932584546305,628.3209741982155,325.7653098269103
235.47669815969255,154.3100818304729,438.6261251290209,599.882707601066,369.71889914866046
208.06357791013633,176.0271558295343,419.1274426842091,566.9863247304559,395.64503460377466
218.39890514236814,136.06381790868215,427.4639777387111,583.5893675892369,325.8623203491815
274.48895994777666,127.42198729410985,487.867429670591,342.87020800378355,292.47217505553306
190.9726373926917,127.08629224743378,414.7807632999246,441.44322016451525,309.80470083472375
148.31597753644834,114.71143977865479,328.5337671537941,389.11792290362246,312.58725016892987
202.40688426485497,151.54481344846195,413.20418568990453,613.0359737824936,344.99449662999143
193.8901340722164,180.92018098826196,358.88587670446105,369.18531825815825,329.9319906235835
221.82503952378596,128.10853922140453,424.49464787368976,381.11983402496554,313.6129749382652
212.27169927889793,209.49419026761416,527.8030978427911,535.0275508947714,415.44371938901156
207.86714831345193,104.72231080597466,411.587911729049,628.2259927329645,348.3474063697595
221.72133603225603,194.95398595630405,467.49471496467015,850.1232669236518,415.7256842807427
168.76180419165416,136.31834790357112,425.25665819798445,506.28845366397263,321.2354754506935
239.60787167119497,146.1895269751565,416.02681955922293,652.2844312210543,346.2527373806415
201.70265544985392,189.25024953255954,427.69816942730915,654.3883367185146,324.71055554530074
207.34309137894334,174.42844399331224,461.2904477951429,637.8112943986445,333.02581397771723
202.64590685822745,141.6931179377413,454.12392806677485,674.7198639772747,321.2169118558994
212.47923965299384,161.09719056127088,489.09629688691314,675.8661847957887,361.0505659509025
193.80630233265913,184.29205378333197,463.93275918511017,560.6869350643639,336.83729334976135
225.09313850012182,200.007623660853,518.9383324425853,811.3447221196047,354.1343303306719
175.08157415322154,144.1776377356701,457.08596456848176,630.5603283734483,373.0063651657611
168.23029775611482,146.21185289331015,376.3883448441945,528.893128021363,287.08478124014886
196.21770793097298,167.06766157017856,451.9671771247943,503.48751650455404,357.1059981902671
220.15991428767956,114.12764706573358,340.06092006952565,356.20952209387116,329.48525891736034
208.20015644391344,141.8853176783522,463.2656279172194,433.9576495869688,347.51336780111905
155.3566899012553,162.5952170430198,379.489342438683,463.50264699635585,295.6980267740627
183.21578472547884,149.62810544661895,442.2853182743165,600.9566058175324,358.9366831349849
191.8663163258256,141.44052705145054,450.3255529898001,444.8423535021045,422.8086525211724
245.3869307269378,174.91337440095393,519.6466297599136,671.294787476902,426.49190303029883
173.19621360796305,153.0459896271457,366.278939598483,416.85623500184835,315.9674326634742
149.23815758432045,105.48445033043907,411.9736804244229,351.5970405364977,317.62112512512766
225.20726839422647,164.55989409730407,445.43676149017836,515.621763957493,359.950860063775
183.23250630396083,206.02045202363735,527.7409601106515,487.1653350115407,428.7934068449265
237.25350263153447,154.0625679039401,462.09252275728426,596.4302956855163,331.32686660307945
240.27194591068567,137.29532255448328,413.50886328385076,581.2030911346385,330.7920901866455
204.34095435019526,150.78025310752142,399.7672246578856,611.4800875227735,317.69743234516284
193.92908657005074,206.23149984325354,432.8738746228086,557.4330676910527,320.6129861898742
215.857182608315,147.45890466271132,356.87773379222773,355.9761490198913,379.6189890852211
230.02709232226223,121.5095977071939,347.4325885124326,459.36705002695265,364.10564919779
179.07657530665742,160.77942551541378,446.9307455397125,483.1947961978978,322.2639100924003
171.28342623422256,141.70033515562457,446.65860736526867,500.09360963518446,267.4914416182601
182.45615504837215,165.55683844595828,423.61013074280766,432.8596933613404,329.90347998858925
268.74374580868107,166.94423693025914,541.3372102790171,832.9055534619458,407.1295654287656
227.41979149652246,167.07234873678794,382.9673774811276,765.1003813129051,360.77476582848846
202.9325675120295,175.20469755018144,405.73398194565345,586.4526701857383,344.9064846809967
157.63619526221993,142.2379306479354,420.86774069046464,382.55338337996767,327.1583135667189
167.00406898635333,116.01876826183712,423.9977939302209,647.1524158065197,375.3759005429597
192.72358883916903,175.36951782436927,370.02746363937604,551.1109293139862,320.379089734655
227.0389501839242,145.40543531914435,441.29372020375405,644.9881411068252,372.8398718569968
152.3299094049469,136.7221559537007,364.0347916132422,347.4084502451117,271.37154229211546
214.40618261771056,159.29230363428906,448.26134193713557,639.9479964328273,371.86170122574407
202.38602659061027,172.67951083301585,450.9691892760386,679.03632864887,337.7726350065478
167.46302044666896,173.5135270982637,412.02907221580693,674.1506000261745,414.4538734328204
229.6110020880288,116.33592314081208,428.55406404128786,680.7629232140133,374.66399923512387
207.9906641374706,122.17432866132468,383.0473468607211,634.7106183190416,401.7881502612469
206.26682189388742,205.42525927789646,486.11384850299225,771.9672211887898,346.4805729264139
196.300144899335,137.60009313173083,435.59144961859073,381.8039903544063,329.7898206934903
205.94691326882258,153.51750610848805,417.36075492572286,485.68940041924645,367.2648622123275
204.0545091690404,165.67223508726946,453.80503140237056,465.38374033277995,262.70862804038177
185.19492516033745,146.2957842527061,498.2827228300719,641.0825295856698,367.57284535064764
215.72062075283867,145.5603662937434,410.9898633036008,534.5142802291631,356.4660573330715
201.47725528980575,161.3899233184937,488.8066304306874,704.5801187979501,281.12902733900535
215.12262548734913,140.86341482447565,491.9059823105774,462.0591489202404,361.9605220358611
195.75794937899602,172.09417548445114,447.2960444992183,670.1701036463239,355.52939910747284
212.26410407202385,171.21908624481844,409.7246075770213,369.02829740424704,331.7501682571735
223.7327041102981,151.95046954746368,375.8467321449593,379.1775956912637,264.5476695253266
203.94712234134346,216.56940415383968,418.8277183624251,589.6603590804181,327.27574224437865
164.96244606792018,96.8167546438009,338.9429050395146,350.60911476832723,314.4746982457371
189.3288031294148,115.20447272670437,437.84179774432187,700.0994640014344,339.2275478358533
223.84361305153348,124.5093307071395,425.05026167311047,478.9296146653659,384.59844901729235
252.7929798204618,164.62385157176212,534.8437297831304,456.35418056748307,411.24030369010336
229.63253380004883,136.363262097678,442.4627809651723,396.02759485926975,413.9025807667127
157.56717835017656,165.74993905214782,347.35403520732035,375.10277665833013,385.4203170734753
209.17694627092538,129.99243871725272,436.22475650759327,690.7175202093993,324.01661615402793
210.96353888032655,125.69244365471684,451.3176147478389,513.2265424622949,340.3458631484448
156.6185288323921,144.64834547762925,404.08382242157484,826.5015823661768,369.5898963352185
186.40457194889362,147.62953220488347,415.68816977058066,407.3905327203704,311.2864594677463
188.53156659939629,112.05961530934785,455.6328859322861,639.8547750225439,361.77501585185877
219.09678240935918,158.86338763685438,478.42808720282187,493.7744104169635,357.0564891245073
230.88970575856473,178.36156874586612,418.4832160903666,495.22941237024935,336.62980379881685
167.47557846812427,144.03961727337628,484.5188546739459,770.9648944102536,411.0559521044412
243.06514172735618,109.90293110553655,416.5559513982603,483.64579418300383,359.812397141977
208.0581980870593,136.16089460687883,510.4311587309592,479.020269240759,375.68786955512115
190.61020811536068,167.44007603615452,397.6404172840467,568.6539972681106,354.3955476051458
237.59815220761888,144.54737850702043,421.97274894067954,634.929514590215,316.98916686017105
193.32869709899256,138.41978510267248,411.91943434169735,529.4381559403636,385.5577494209673
240.7623720089946,148.83596127708677,476.2828125184482,577.5018845310667,340.85950627185036
218.64941208515995,137.30664381337826,364.5778420658512,405.57989363379517,373.22228759910524
178.02787286774986,149.04153752947005,419.01205172845994,468.04887394395047,378.22081388867497
219.7100510523584,158.95369945244366,436.51806717471317,647.3345110774665,345.79433022156184
216.20102666683755,128.14271630331427,418.57212319167843,490.2456761648955,379.55536802078166
212.66144548869474,119.0593841560194,400.752710711709,536.9235108862522,340.03607174319853
160.8457662046695,143.43430805570398,389.96281901836085,424.30267789111775,262.9282406926708
207.55811732958466,126.90635922855242,402.93883847081617,636.8510525024739,348.09064856795845
189.8824534200799,112.8385489359437,364.24014401647185,484.4349898864946,338.8270662519202
239.70833606827387,165.40229336182273,411.5256446279468,841.9264532334124,380.8639753008181
258.83664523513,172.009079810608,517.8373498975418,598.8279201995416,434.52580316439054
192.49406339999638,201.7432899690681,421.4299628840262,651.1806022589169,355.8066676273612
201.84606132348082,147.78460195900954,435.05580770823957,498.426668337121,366.12070765809085
237.68717153468788,155.86910624572494,443.7709369724385,514.6510270234071,378.18995389446167
186.88353598125735,112.20881433208618,410.9439187692195,535.9469919567264,323.50016794299336
201.03471996929738,135.34935760248095,447.83588046729335,495.7241958395396,363.09546158841516
205.69272380642366,125.54708612911492,379.44562508307325,610.4462306040145,327.95564492053114
180.13319551031685,138.6837245713437,353.92448471213646,337.996730567242,261.4080089226806
189.7308648243585,134.47263069849396,360.7727661666256,513.5198145336667,304.96205540412535
202.40254991665657,219.25503459759378,416.0007789034735,641.8114457616332,327.5735076052959
245.0560446664548,168.65524040245342,447.8044082310779,716.2481321377628,347.70854196281175
209.57832143789236,166.73052679278413,452.56164806138054,538.0754724401138,322.2366934695317
150.73177086895254,119.64072217185091,452.9709458818678,577.3610707776352,264.50819056567565
216.0908716536734,142.32926732281416,400.56756759610784,638.0953946401446,325.21111369943907
219.525665540114,169.51553647530233,421.9094445734768,404.607760786567,283.97263881550555
238.916140912013,150.59373472077965,460.5400676845583,515.0162119323887,331.8989839693001
245.96657724201884,152.92393103746966,468.23395776406534,392.84078088833127,408.36704939555653
215.24214989944088,143.6253190082524,428.00884495180935,568.1682967682967,354.9850798490093
233.41024565674832,146.914595477342,409.3341628604582,413.30511395524536,366.3860567987903
221.91351095555046,154.94586279876754,438.3924801746293,480.79732005262866,353.45892516046155
171.30317419994387,111.29408070749551,376.9655090087222,705.0074648531642,407.5241783445087
200.13742137563986,119.66072683976773,445.6324516345294,491.7493174858838,366.66935147253565
180.7295223849815,139.81381560820122,355.02379329539133,408.5565395778624,315.99316814297885
171.43308327036775,132.88300988586062,484.3151174323104,393.3826405419521,352.48227096757637
223.41369277211393,173.80305497600463,482.5827870935803,503.2484943678558,407.8445567275261
206.71432028585755,169.69507394921513,468.8994025995507,788.5459015340851,356.4960524943715
177.55848303544903,144.17814871395342,424.1043907997517,495.67420748413207,304.72730423447996
179.9258875912084,207.06048818807957,499.3619268084371,755.3317172543539,329.73340078656554
268.4626039456101,140.5789128796251,439.47856455115635,766.6025436882419,438.74833536753636
224.7612499818019,149.02186296887388,394.6062541206779,358.3513251485292,269.20189476995756
196.69075103235,132.9342374285636,386.0028806110653,390.205904108409,355.34415537543174
221.10067029432494,126.34912780103886,439.4223107029968,462.5861109117767,364.8650231887641
166.2178587805969,191.0556014629513,499.223907199452,586.2912028797705,382.176162211942
242.66473939754883,152.42968473155506,468.40851139133105,442.7097676528626,379.15338771411825
216.19936417013463,166.65891617337064,415.08681427703596,565.0943490399742,307.46453453417973
204.53533746180742,160.48731983442912,399.4061780203628,553.1523659731452,320.6071286056848
225.33466981704575,173.83923043200326,501.4342914605397,647.2878120054462,350.645341972911
184.78237219144813,107.4952406145291,399.82444883213645,382.469664987704,364.89524371430593
212.72422338515105,141.75649393580957,438.97352039009803,457.3950904452236,306.82090038585767
230.90088219035846,148.0747986794933,402.9167958034828,478.8647372629952,327.07686731369466
227.4817364266094,140.00936637639649,419.234781106191,605.2105505611587,322.20392327203325
178.08908406946782,170.10930396541227,405.95533333968467,464.25035536407376,305.97953994111185
217.14992456355245,191.31059467591308,417.34682203632383,705.5189588629187,402.0671720095436
167.15473501105876,128.05793340740823,407.9654280279902,588.7842818791108,341.59009216010844
200.01075086592132,179.21672298226628,544.9724097184871,695.7073927748246,334.33912932064175
207.83279154809208,121.95763051907166,385.429295759292,761.7777622010424,307.7898168286459
187.0599725982895,141.97498250345353,469.2875783761282,556.4981835625715,377.87628570812313
241.71212643290272,133.16722165058036,475.2583533184698,667.6157901668057,440.44421293714805
181.1954951340088,142.95530693061824,458.5524260532143,390.5855940451617,343.6530495359371
206.70388865371615,95.83930442084798,377.9298920951245,355.89245826598835,363.4234353840213
222.02966330705902,132.82666955153084,435.02157295429214,565.5061049875889,332.3367660282904
250.33663123354592,179.01085978072143,529.8227500914159,583.2254305751944,351.9950446575794
200.97548444552243,160.44065939100523,446.2321805576449,728.0015967865249,400.7872695251297
202.03306969425876,191.14605820506978,464.27504337561214,490.39366438154997,345.3823098424976
204.70167888976687,174.87610975717837,493.5048354008931,590.2414043419438,337.80736934308476
213.0086948369775,142.7225829184486,472.8720235645619,728.1451067160649,368.7057445017744
225.9576701753094,96.33008560104479,428.55278399485115,332.71595738699295,331.6844417947925
184.82292972530786,127.85585294351739,412.3180532748882,395.5003412036562,346.71071470708483
212.79004109332564,146.5750339968525,463.80477978382896,700.6780126885518,336.8346341073499
177.4055606388437,117.06546421627577,339.7865672244581,345.7058943650234,278.45086318751567
215.44899517005481,153.73045497945603,360.367545561105,675.7372732009962,319.2217398094806
175.83230515267755,126.8046763191206,409.4864848539042,585.0893808951323,314.52146778985536
148.11003922365302,141.96687628665958,366.40478126048316,554.8503432608651,326.7223261823546
204.7512088667651,169.6507870170906,357.9808511785007,692.0189624449694,281.5828826820912
189.7991900303668,118.84111841778092,413.85671187367404,645.1842339095549,330.9936610363076
201.18929860950456,158.10748545111812,418.66975322652485,444.2337506316366,384.73862819342406
188.61448281933195,144.4282222752743,384.9124273722092,405.8767075673489,372.99200752727927
221.59358246095778,161.61563401318833,429.16527398192204,753.4916880364176,281.70295272296096
208.31937931928317,132.9710449255104,363.3086436454707,493.177445068033,281.81339418968713
194.87648300496022,150.1968528189106,429.92415021372767,371.7536321721165,320.2598934116235
148.66450862537502,158.7450287305981,416.2935122919253,606.1643445274942,352.40152316758684
220.3701289196611,139.17525051602246,421.6349150639207,398.13830121414344,369.3231302459319
202.3575258506423,132.81252684302044,411.42354221718915,526.8960621458135,328.5332054601111
259.639332854449,159.82178281494504,460.4472561952976,433.3707595784074,363.021065811717
201.26939318200613,141.58343401692673,386.91297349170884,407.2285434535054,357.3803954858361
230.9973255005828,101.62219247852602,439.87137002801364,461.78584809586306,328.35268189467587
171.40608705986608,135.07410090633164,429.72100785148365,575.003420725057,368.1530378695646
170.77379801288393,126.7961525711183,395.881047365227,605.5626311135492,296.1135378125115
186.51040663540337,129.2612105836972,430.38145474826916,598.8169399356893,403.5835769402629
188.85064468129104,109.51089067966049,443.9799843027184,615.8300562911966,279.93329705437907
215.30656308773933,159.4079657632718,452.0597250096095,731.4485753451203,392.81241823370885
179.80470655072463,180.6662984431235,427.2526913277132,524.4613294407627,338.67489838514365
190.74255194808026,153.80241482736494,439.2707803758134,415.4529131952834,344.2654576050864
263.05787947607223,165.6577559876401,397.9066862686826,771.1570965593428,434.02981947776664
241.3075023611258,182.63614355064695,495.28355417330107,633.7232668884899,422.11245843704114
174.97877246080787,157.71681056517656,462.1137731064483,561.1203987959262,330.2023281529746
196.0926149382182,168.2938897583251,460.6722833624011,674.8329072153506,371.4395760952131
168.65912701618672,144.320855865545,403.4205107270975,449.68636093849864,365.658906091256
190.0504383701172,123.15072028525572,424.50317364940304,387.99100347478975,282.69234802146804
190.02621239943042,180.61636257474586,479.2739204002399,805.1131219637502,317.0545658419127
237.53748034673316,141.84351664706483,425.6176144907714,790.2936898296988,352.21656907094115
206.02864553811568,156.21640247121297,451.03997440613546,600.5403328160816,359.88038705969393
183.98179825130126,126.6855308600079,354.4950522586148,435.9442538400076,391.3583497868979
151.12469356572467,98.00004699955538,345.23277300386127,455.65710487554986,307.2851256363611
173.17375934702793,129.52268036916186,427.4096637980507,696.596706190884,382.0615208970875
221.7059774114338,102.89982906154641,334.4240379061657,563.461901266014,319.2619827267145
180.79455341908994,129.74411666296152,392.276915276741,507.48572660861964,327.5713406547563
199.3695311461678,156.59541519364595,447.34189208368747,480.20714691600097,299.08003322103167
196.32356160471275,135.7521031379076,470.8188055539568,579.6019988505474,326.39865576255335
213.52874334446759,135.57798900488734,383.3265517211248,349.74136376994517,316.4485439501189
176.27474980207163,155.74544851242837,379.07844322946636,448.20649986421984,346.08451267456076
258.00503567883266,158.6208643612239,415.1107641004801,750.284318500508,398.108956984242
261.40888784749285,180.38874041026838,480.55438365377677,772.9658748949911,437.5304321788864
165.19812659939555,123.97749220810496,391.8401159694586,385.4361535950023,265.2714936459099
244.9698681451555,221.03357351037795,369.4278079246873,641.7261618004827,437.36523570583427
183.78147437365942,151.26423360365155,485.7141083090357,572.1418652600562,385.6639562657326
176.2120786987209,128.11281403413142,393.8040459682027,445.3662008022114,348.96355454673875
226.3087333728068,127.01838426705345,460.1707395037337,477.86812886112455,384.2107245527282
203.90947047903026,199.8601263348958,444.4456598739279,681.4463173687553,335.2889751441938
183.9303511367305,175.0507929205941,528.0733706909523,771.931177354995,344.86935227832555
201.85716495591507,157.67071984411405,403.0287111258079,647.9917246150452,325.9000610943303
249.78883954413524,206.08938217684232,531.7283108932526,826.957740211147,330.79219733857445
209.2404662805072,168.8733952621002,481.3096514543544,563.1928072849853,366.33913571303515
192.81351867574864,114.68245323108034,343.9977668322011,428.91468269684924,326.03755017844753
199.73814948122066,137.52813527373522,401.97348746730415,419.39687943448365,355.66417109590276
186.62491088062274,112.8479832373343,406.0203977712195,365.94640986843234,332.4443193453607
186.74809941221332,163.13748878042733,453.5765165618783,466.4459036225505,332.15905065984884
243.85240376522668,169.46896422538168,366.5484011645922,726.0889211666952,282.2181776128855
157.7194103266155,97.77300870724653,335.95902447179,693.2621838770399,354.83007555998057
232.3175522028308,175.14478724383133,418.49301250475105,611.2106032520861,373.2427658347402
253.56117260091412,106.41766072355331,376.7505533142484,379.230916855522,318.4818141293395
192.20688837592598,117.955081012269,405.5704457818561,781.5611021936816,378.4292811463693
197.21856878992577,128.34017310758858,369.42731653545974,466.51817967049044,348.5885364929163
176.67479192657086,113.09603061277717,402.8068358416931,408.9965707901673,345.05202691338343
191.8309435556167,139.82984754689502,381.01000321576595,344.71029644699644,315.760006429462
190.98848701881914,147.14357495017222,511.1047764108791,660.5626276068531,330.5742231579013
209.2167654944383,154.11511641661113,457.63459795662305,396.22871248163756,336.3741511744852
212.41018324005347,120.33106735465512,437.54598345490604,769.9589994727178,346.75889646838397
167.77900547390885,113.51805030363283,355.7741087816729,358.6989529748471,399.0889629026939
209.2468623557624,150.04614528031047,407.0260078064357,464.7750676688648,337.3224320839104
156.16404678141924,141.1149947089509,380.69208795033154,394.3181635396593,262.12686685982953
182.96998038922942,146.9104813202847,425.7674977796132,391.523234894924,349.6336434109915
198.4098533146631,149.5399640490192,460.63842422420265,654.8834768631656,344.00558042291857
212.95765790312853,117.91052462353761,499.4756350711105,399.9332318774974,385.2368747219507
203.55551921056,142.2519626919982,408.3923728217136,559.6181913981234,341.6078781449638
189.64343042578923,128.92599916336184,403.5675706135175,674.0950349317739,360.8700235185709
223.88668852066468,154.90214736492328,456.6090416296688,546.5180456375946,361.75407394291096
195.9043521379768,150.5326994927326,424.793807555408,650.215950000092,349.3337295889563
191.93608010080032,189.6155120209991,397.2662873270897,662.5879768832135,311.51538868377594
182.9142830953049,106.0307036778171,355.37323355333365,609.725253302655,363.8908834700147
180.67226233012855,151.8360380844596,442.4570395886346,469.08499131664325,348.5191990729487
254.29275761728755,164.9924787480026,440.7490607650387,750.5447646533627,367.04989989867187
211.7144676432621,149.974854021155,516.3488666744992,839.6061218501113,362.2135530148786
167.21784931035015,225.42370186265984,470.3105532788296,825.0921623836126,389.87421469034007
150.52498294474896,111.92163689793085,336.24361403746286,389.68315866065234,280.6236832155057
205.7495737501038,222.35076685231547,441.06372471860965,595.660691090943,383.8447363011769
184.27862169830507,155.32862016837282,414.2285321948708,551.6005117164116,338.7861674918987
184.75121960384067,145.53638532137984,453.565344162956,523.9159551060649,338.9317614325979
171.49368437479131,146.35356421453895,409.82438887705433,500.7446838745535,303.30775474463996
231.18498533103025,139.7548578852037,436.8795160637212,636.3633532145042,351.99327191028243
214.33237912821437,159.1662061982251,454.8765957109372,643.988658478068,363.3958969419979
155.8429128751226,153.4511874705511,382.69038062451835,351.01371894139515,294.0109941800259
221.0606362276563,124.78431512203605,392.1199393178879,421.17485006222194,343.92224255448554
248.8792483235641,163.0908531967962,480.89689765524184,687.1159370418902,387.3768598315447
250.37836126925046,213.43667943174333,342.11843667700236,330.0067945972446,375.22821346753864
200.06730427943972,136.79031155218266,421.62195389340684,549.9058897155829,300.3309579299102
174.4969243092756,203.09897999301666,393.33922760906864,739.5812232072893,358.26367068313067
248.70001101753854,186.81150997940014,501.60223819613054,553.7084327481216,431.8955628897849
160.16927587053803,122.0816933200415,494.51770554870194,563.5113553333223,331.6288479301612
188.7663302686113,135.6810106903421,401.00357218390303,579.9173525285896,335.3060733406408
205.98874989594185,106.47719942017379,387.79044457654004,495.75703676816204,379.97574378275755
220.87385175384387,183.11654390537666,433.0583258500745,611.9387077117854,330.94920857164925
218.16767763045564,139.9849154266583,383.16083222962374,404.9226224971337,337.3871420207368
176.44273456851758,152.79251057058457,433.0242759491957,664.8090224145244,351.99692715880263
214.06456905186167,161.7875242872528,418.16478416626416,655.5902170341942,373.47021910378766
207.2679069543308,139.5166690783898,448.86949193701366,640.7751997530463,364.22590339095177
184.47933862602198,116.60505576862086,354.63731051629304,423.0032434466058,287.1786949919717
199.88827133594498,145.74962287497596,390.4426457266126,521.2291601544167,357.1506230040669
247.38723156757288,113.47893068538195,468.2539196470972,375.5307362401832,392.56599849771493
190.13496206504527,141.9352280989314,386.3818691954251,730.5712380663765,342.3397275354646
193.88061154108715,138.3699236782397,379.5791420178628,372.17125919365833,291.4137455042018
234.68034172058918,151.78186619449752,500.528844562382,687.8472688617854,375.84244685594257
205.48610564616766,125.66940925096736,432.90483700979183,598.8093627487243,343.1374758985408
154.81671603066687,140.63270047036764,450.1887325704965,639.9482618087854,414.623666063936
249.13572232667494,175.10118402673606,509.7374877946286,704.7083237290901,425.56850086487634
178.1322156948104,128.5335413176499,451.4147194868215,528.216075864341,348.38724830465753
202.49312308285,177.06316385504113,444.84355550390296,518.6094264222511,370.8437073805911
215.7945132156242,122.96247183529783,445.82959092390416,523.99585745315,364.88862649091993
211.55772989739057,199.95456287765995,463.9616008809452,664.793069951755,389.9724017836831
224.8056960316438,144.51384625648942,462.63804907748715,596.2202062740562,339.16481273692085
169.46636261465483,161.37127342509845,470.1190571276114,486.3025010724615,386.61683202207
200.63551906626097,124.87906882103803,433.8620407776954,451.45444979106367,313.56423713759756
223.54863172833612,99.88423208152051,382.84676122082556,343.3062616422459,325.53439435454686
195.59209976952732,144.74035959713575,402.08383610997123,637.8425073560429,334.54348599310566
233.53687375764125,167.54153040479954,407.57770453327817,474.0661189163149,360.0028408430203
238.01380130918778,159.06148957104915,444.4900293245251,552.0117924976691,367.59228932256696
232.27352851008908,175.9482442036473,442.969037818963,687.3910358461172,410.10168320849925
208.16917116755246,148.94668289962945,443.6842306829145,544.517952849968,348.41908039156516
200.19733398121235,216.5260260889045,429.3693108600942,580.5859612445524,309.9525075118587
257.5942937868649,129.10640253317214,421.36775594421874,569.5230065024444,373.00038263976126
209.8945141492159,174.36607631863183,463.2655894084137,680.1747466820037,376.27289906675577
246.42387292508124,132.46057993295034,397.3697697292025,512.6664870965717,326.5400175471759
188.11331081315532,104.34973284882695,402.7957731944768,560.2022810071617,369.32980714205524
238.31368013919186,144.19916042498502,444.93436542359683,544.5844773965541,368.2194863485858
163.04204495853995,142.4235435082535,499.96745886304166,548.3595671781644,369.80289131153444
205.80178631926032,138.45586722733682,376.30498398511065,403.3119281809488,333.56077580021145
236.80118827872118,152.9365141050356,483.156512192559,520.667800087019,381.5062226332477
256.196714382749,187.2928121018305,497.0359395078955,611.4986005947105,434.9427407056972
219.69259202859206,119.97909368957666,502.4769464857904,775.2460682503939,444.9584632869689
183.7451764178304,128.1507333760393,398.787553167635,479.84139011042913,330.7792973516209
229.99469556306286,147.9812129896391,449.77098653134425,499.6984405458141,335.3011767318462
246.2202300927877,193.40737289080298,534.3162127504175,552.9405836539684,406.3514441695421
229.42256003524278,127.87059024060467,411.4527198900764,471.56854933877423,316.12305191098955
216.36529503601108,157.2641629667791,432.56111831629573,497.1821798202867,314.51864985815894
192.96860213665684,165.610525200091,415.08326556680726,481.31942069147794,348.1160980783127
185.75032755950716,96.80750004252444,338.48776398840374,437.73622601445703,291.63198044498654
175.35413377829076,169.57776444382603,383.703198028755,460.77222611884724,306.6497140548342
244.11951400392587,114.59019614727683,386.716034451742,417.36018030288284,347.31715220038916
271.5801068416223,183.00604576948646,486.90903746333834,546.5994095020147,353.32345929794724
218.2970612954651,159.27535406015787,413.53993063482517,616.2123956018846,325.70168672121486
226.7886589476676,173.04518821550494,434.9171117920634,561.0343675159667,312.9953491123813
225.84625002702907,156.6241964498878,497.17821147235884,726.5792075814361,349.7510127734444
230.19726327491574,145.05600083656853,395.8244114587974,585.0130535069374,310.5578225012887
197.04388893592588,136.36063295757484,483.4178625967977,590.680959177272,383.91485608725543
223.7836600992092,176.20132220632615,487.1964993883515,435.60512715103755,349.35683183722074
211.05336216558746,148.59826002070747,387.42262874375,699.7036865337147,337.2746483237655
222.33744250141527,153.76253004145565,434.84250720384404,723.7804661841778,355.1291176882857
172.4839596972091,101.89735165254176,363.7017547440277,513.2517870765437,388.4431710661637
185.1208636955043,188.65470780692883,380.0719676430448,451.9172831069875,300.40628290416447
183.49248136552617,146.1499221186552,423.5448321133532,691.2880826520186,344.1695457029567
194.28946502137924,146.1468801428726,471.6467197044924,742.2934511676509,363.59428942846773
178.68988523054864,112.23958885926304,413.42281012598255,521.8221720875757,326.6688210325558
195.6494919649023,149.43005764701405,501.6385774682823,577.4866391423409,411.93328252868355
259.25930766752634,210.77662112054284,478.9346669504879,852.986744024846,336.5477915425607
225.41313459573504,150.2223789507711,399.6896896190446,351.4114227537686,290.01576561092764
199.7717767095384,107.06803326902337,386.9096184819693,590.6338180186353,343.65844633428236
229.88159165239833,121.63291213968537,422.0688335333845,514.6037207282517,396.9680717389275
216.23651753776548,134.22825504800133,413.6368377674306,530.0709939231986,379.738628795024
191.58805699748916,202.11290993037673,470.7805674884425,652.1764613527772,272.0916321546322
209.97891258635784,108.57046818055349,338.3840051620361,335.99871997149404,385.17198453069295
160.30785623581266,135.44052149619304,357.11156130895904,656.4429610666806,340.9660100249168
213.09903985634588,170.06901199191574,422.46168960577216,455.97109444709696,345.0895831260285
209.77881060608917,143.0701106994776,395.98699207638055,629.8612559494578,318.2921666030232
267.87511877758783,154.07204490758423,496.0904391835879,550.0772263896973,402.8071260725863
213.39626732665403,171.5088601503981,507.2642583434199,666.3593263537814,390.75224339824223
181.2027209927551,182.15296169045433,397.8608655970785,517.1479166670689,316.01734778773493
253.80951177525012,123.05760433286031,411.6779871279755,437.59445248287074,325.14446884938957
234.04213466368665,166.64249634198237,426.10640219850166,758.7958924129425,380.4651031341841
183.63846619830747,148.11183614852052,383.8107851014018,625.8301582758218,356.6370845319433
203.00813319673068,113.86693662287266,383.77112341250614,340.23137771586886,361.1964277960093
205.72960976038954,137.87735978247994,434.0436864858921,471.72000123499726,366.48731677980646
186.20098465752832,98.56156356272622,386.53858518349153,538.468524641344,315.4371805462825
214.08640017518923,143.90027848310635,397.94902823771724,544.8089181186627,321.0754788250467
150.87042855068188,182.91313225804618,354.5339204291369,370.1131671490562,273.14955819488415
209.2924117844106,119.54020431236573,409.2934993941068,760.6052798368095,321.08181820670495
183.68359418654086,181.41012801426461,436.49044572355405,775.5343994739106,356.6927501362855
198.7115172859766,160.7388334829774,460.93361292355263,584.1118609699631,341.7973930810906
189.95426784645682,144.05894332380322,378.13500973567596,420.5364111875323,315.27962528752926
222.87699185267985,166.48784988149765,427.0565148224088,676.2603415432249,370.20570821789545
235.97918670585278,133.9890698185444,447.495325397267,580.0670057605582,369.3046684040563
176.68128755709077,154.85421911576753,421.6063638601103,428.00558365352487,320.86046391580527
219.77950284157328,185.31403386779246,427.88449374292793,403.29999117293625,354.5335168790256
186.31483690592344,170.9721036814337,430.98166980936486,515.3976375751939,331.673935336508
167.6552753267985,120.95985759836161,429.1615320916803,615.3831340085685,363.47332599266605
236.71053587996698,166.25694134728082,464.60914058681806,609.32465229127,355.5853135880799
194.84506566446152,172.31031304847053,424.538041952335,678.7018503484722,319.95978476556417
195.65393451074635,153.15707039068351,409.1750946424827,517.6924417746808,372.1042960399031
235.5545205363058,139.1266658265892,395.35190842386874,528.2416681743226,410.04524073993036
173.96375626298885,163.72633085016025,433.479182034331,667.6254689017029,364.18206416924073
257.6322164062561,131.06660108958516,365.9345082221045,508.41600619256445,324.8697402748156
183.12592464226208,120.92338837461573,371.6558589824287,353.69383413280474,318.04459536338015
225.36076475642486,145.36202497099976,420.11908758079886,645.6223419267625,323.5114395874278
228.6503119947471,180.39869123708007,480.90115954106847,652.4310343902933,361.5909609821471
173.17608230469696,156.99181117215156,430.4144452243682,386.8710576452342,349.93017815770855
186.8070932357381,195.0128833248213,443.315232908257,663.5827945231498,307.5593062412226
234.14798783164477,163.92882803540954,420.54692650155897,512.2339024204119,269.4409003008965
198.49209063733645,116.63252286509297,368.3622509457582,384.43132059824137,326.25658831001107
173.66114562659402,138.5710518361793,418.2057903959717,700.906517845556,306.36756496593694
170.9474083059461,131.53976625598912,378.3641967510395,619.5644323382808,318.572288238555
167.95642592960343,114.47178434955099,413.47730803016,428.7441326516652,333.05714366105906
219.74450862589143,118.81913671817658,376.0036746267615,651.7258261728474,351.01783749532035
185.73863110088388,119.31526417838005,411.0110138354121,732.0117556432195,334.6375001550237
174.18128657767966,124.13496461408778,359.9564772311917,492.81405866559555,420.4230794065544
237.29584723891045,150.81691672433024,438.2315533619623,836.8701506161228,325.91178762319515
206.65533580925617,104.60666795466707,329.93733579595164,382.1191514744799,313.66539216618366
216.61955564640007,138.75108512915747,390.3805352796533,345.91716807666916,346.7216034341886
205.62762892659737,216.59302681148043,517.9464134782203,848.7934565876928,300.4250416271368
259.53151475132483,165.8079832314913,419.1869872159476,650.6395722126023,336.05833161950653
192.03790169122033,148.90929161827293,380.99647092150195,442.09413563234074,286.41274594504637
205.64790132642364,144.24709319843657,417.711808330456,630.1723460848435,305.4197413055999
199.23396122301213,162.43263175001732,451.6494318217378,507.0040999616127,327.77453118708854
216.18134529646667,203.67715566172873,481.14457751214434,799.7815885145252,364.25144221312905
256.8928485795253,184.94358088371717,347.3348844601894,588.8954248198102,361.2855324777982
244.337749999691,161.46301886014479,415.405657268492,576.647068674207,426.0257179710181
210.9330573186389,156.40047186140163,433.65472443009855,634.2782132693343,375.677148664123
192.78494102273356,150.6481500800642,466.68297819442665,441.98006911508963,364.495577661363
188.60051691043375,192.63389274131242,478.68952959909933,682.9761047303056,417.18657593420346
227.4525892331041,164.2882894333347,450.92729690355714,498.99647684402726,326.1483924820294
201.526281826532,135.00367917998884,429.08836147718085,444.1709597819634,340.46425825397523
155.9309747188966,139.81908086456855,395.62892740037904,609.6369698229439,360.1220001520166
237.47881159632317,174.2896725639363,385.3568959120424,565.5345166639399,269.04769819502934
179.10277477415335,147.36720272441912,397.09545947029494,641.8097054968873,295.7752312112123
237.9762617716207,166.9054163898152,475.4559887866736,689.3541097159454,405.55853050033903
215.6983392221479,220.41355854171462,468.13981602890664,556.1865898892942,336.5219091431632
265.39256624236884,108.9244705433888,407.01271361880794,371.3187762437601,337.25244743346894
197.7548908122808,162.73436909919042,487.6206061845354,593.878541918447,316.85864830915284
165.40656056511978,134.46142083147728,334.9601149586789,485.484850063584,285.28448302204976
227.7032021358147,148.0321587687853,372.019896002002,480.85103759768367,341.46849212671026
207.21792146909985,148.56851223528852,430.8345841971028,572.7917171085868,354.30182264749664
212.77682118926936,129.2936072101873,399.2581853969806,450.7887935048884,387.8716238331224
205.73122123568615,153.66543467340347,443.7187457319978,527.0375416488188,336.5676696070209
185.24535894587606,123.19814035903588,386.09880233324856,480.6869420644249,407.64076030474195
239.11706356339312,167.9461514899637,448.3676831092728,623.1828417775106,282.6071117465373
224.11594956354608,155.9358422252248,393.0211764278386,511.99839838664167,358.36875694179
225.16489773680914,138.9626175258216,437.6430948462345,717.816723896383,393.49045691111377
200.2259890094599,136.1148089059405,363.6734547878643,522.6967666799883,300.67866481454763
197.73765792747906,152.81402700236714,436.1219269433015,393.3043829062736,332.2104795476004
225.4982205273552,143.15711094337092,444.7547339059634,589.496771653956,355.18300911859905
253.79310852004554,152.1878682766012,479.3247346997311,516.7368664548653,376.51463690510946
232.7486530483451,140.06493742876938,453.13916050564774,694.8913289507838,317.5719801399322
212.00612787905246,117.13764294300461,461.78836201994085,522.9215023356589,440.3378607409672
231.32521190181745,218.34864614090645,426.2562429956746,838.1545837678129,417.8707719246866
163.53449758620997,126.23292178479379,339.4237700200323,592.7501236229815,352.5451343571465
244.31038672178886,173.3190173427663,386.4808511678493,818.2042600989312,432.11749715372713
210.78633390895584,137.96346594098011,430.7153544452726,493.1903107078358,334.3863595942393
156.56312716461682,154.54033230009892,467.05330619640046,353.99752679834,329.90914745227855
202.5537504165647,149.83594506370108,441.832029632977,543.9080836679791,363.98598798918016
217.83651787954486,116.49414249161394,439.78034118643865,643.5851934365776,294.9384185960008
191.18056382071757,96.85100049198279,464.3868784602442,378.81888213978226,404.8928650022837
172.60259813530416,134.36018294819587,479.0968995601009,710.6822146771548,359.60190117772396
232.50952454390625,149.37821472078306,492.72666472448856,491.0159421220487,283.7155293489806
211.25446890354354,135.56314092469475,411.9103543452668,609.5704537700925,313.64563738656034
230.31070692680865,125.12710952977395,433.92002923234185,575.7990119782887,346.3184873639819
194.54724748631688,105.7609114803365,378.7921138735986,502.305001703504,317.5310008232751
234.04490931148624,166.17196860884187,440.7781934251933,646.1876063907913,356.237069420086
180.98712082697142,147.46483922154135,348.3728964099495,375.5856071527331,293.5428170989939
213.86469721121838,149.74342625061456,429.4200256117325,583.4173668996253,334.4123403399197
229.81968795944232,156.71494909753142,515.6775971596738,486.23571647882665,384.1883076047707
198.0496152048456,110.78778248775957,442.0399270420787,438.7063251975074,342.9570917135414
221.88526089233352,212.569534129741,444.1103514871966,851.987250384824,432.53122846340455
248.0069187633005,135.94154756026379,429.45750235305667,797.0929705926125,316.9357589592717
213.29220092147955,136.48530018748457,452.43607132506355,686.382746598487,404.7913847021305
232.51246177697809,174.67978692165534,475.8673794972989,455.0790441327151,301.65527924969507
158.44824500521494,156.06642308232426,416.2609329647885,573.7911791242084,291.14637890532623
203.3028620966603,190.71603893210494,512.7035146270654,529.8642931641284,436.7341005402295
218.17343235828315,162.9615211052874,462.3756763835457,773.4197801869622,327.8730329691029
221.30304094729215,164.36910454920826,437.11311105741805,596.6665665548711,378.1639440115504
197.1815845539596,154.75678185966132,425.2035649815241,451.7729333184261,356.0552586468859
211.86613513174177,144.29241206262606,462.49918130006665,456.965110315765,412.1221439450527
190.28105986918942,136.1892181712543,382.927538182729,453.18802751041153,360.8201397082428
182.36504348894402,175.91950276303555,419.0779498709097,364.73824266084137,316.72058608054596
186.93460415871476,109.1920541448747,393.11514531778175,483.54109542337056,338.5104403146307
207.1144321049892,151.52853372919535,423.52501463257886,592.9834485090729,381.76149275736435
250.48782868083475,175.6602073834129,432.85011448672907,617.5420384101863,354.1639655508894
272.62208583127324,209.13225331150582,444.9616864813018,647.0464051981788,372.8940974830018
167.78564984007534,130.21483182104183,350.62358794841754,426.07754399779924,317.62406692461957
218.6831089780813,157.02764282925816,386.6725911847605,552.9786146402128,308.26127999907084
238.71194553124786,170.34064675786394,539.5554735836116,865.0395250542983,379.55603788265927
193.41320254316327,110.80216688532809,369.05076558483586,523.97690245995,314.829356918964
236.29880217513062,146.05123676860552,427.07181190629905,587.2827628936884,287.8168647702762
219.88550014611857,172.40096643365416,422.6091489193298,526.5535977360108,377.3994772592988
225.3025680298814,194.4812779060818,436.9515038784585,376.4657936491084,284.8248770975638
235.4729521473472,104.16474508734238,384.1090040327292,456.42949751657204,347.40424572368863
223.93748337018718,151.44155667267165,475.3145927959816,750.1922408771479,384.390347319659
223.83943711435478,158.66249429642482,517.0216012927655,473.0703026296128,356.46037119937324
166.99614319684204,123.33564732766023,455.41838228389236,480.85695417845324,335.05659050024843
191.24540682409435,99.8982223808719,395.6859442495636,531.0481648990229,348.37370616869237
217.1197740797826,136.6913512269159,389.69168985806334,465.33031481704626,330.7189092717788
200.37346713289958,153.76590278562003,389.75298840931674,544.2242419302615,351.1497169634438
174.664986329006,146.22641684177464,402.8154055668448,474.8328134327156,340.7319677852
218.66402166363363,133.7989298839182,456.9671024242106,733.9667045302173,387.83117912723884
192.39790452268718,161.84243808867532,412.46044489837567,621.9834861952958,344.78995353513847
239.6835404949702,195.21944770245435,417.0043916098719,491.05875350153633,328.8809254770602
181.3489020955765,117.77247362903007,395.7797331326032,463.9682245061153,309.16374831769156
219.20039464428734,204.2568908612615,488.1736631039412,764.780136656822,385.19416029155246
214.38197504481596,154.91343337196017,475.7929464502958,335.9912198611839,330.3076957415541
221.6011787661339,126.69391959283313,377.13487594374925,455.8319559242922,398.7257802472613
233.39270282894097,163.17412101036172,462.7532601295715,687.4951907304279,369.33112430479144
272.7363338505364,181.85287669829353,457.7055369776643,746.7779964911102,446.4416949147464
170.69798430728991,162.2480524282349,519.1396377071529,526.6081346113248,379.40943895842986
207.38794281861217,140.67767158113617,412.07375093012286,532.0096105072618,367.55185989532276
229.80070122607316,173.5103286936837,355.33900486706784,672.2367023297551,387.0612731115467
206.4085505700567,207.35814125751583,494.0573269919316,575.9235867229756,406.18770953317534
187.82448421189,120.12627371465861,434.25225611875345,520.3430276441496,350.7251473477407
188.51617084767062,163.35054311524527,435.4807629202782,546.5331017056781,320.0671865900067
255.69203323596517,215.99918341217082,485.5787900367985,651.2995489602223,423.71449366342665
212.78614707038216,164.55834644787967,390.9148757458763,690.0502185224439,389.38271475924756
213.7472487148665,133.83412048297768,390.2096706827836,681.8778934144408,289.6245041970813
186.44179207678292,143.13444994033338,485.58540550411453,707.6413271432032,307.15479198189195
208.79992352737324,174.00222511742612,436.06634555802367,566.0655348553496,348.88573889576577
196.9568852583444,160.48424857227153,367.1081196047876,428.1744790299017,350.7427120341815
225.79320324624217,155.2952815282112,381.15876812453615,518.4035191831629,372.57965410067015
207.92922741351256,120.38925520612786,409.90921926834466,378.35340067685536,363.82282981297027
226.35911078871553,190.55550293181327,430.2627859926654,751.8807705885469,349.7601278945772
215.23167360292027,201.9043256207263,397.73665649233175,478.7473916791697,323.8149265110298
174.89187700896503,124.3350689206644,455.6500597198084,667.7301734047121,322.9704050262308
206.04802327932205,137.2284676508813,354.30991508816834,568.5854436414228,347.89699758544356
189.44633931693406,114.18959987102645,347.94189675016884,367.84535237471323,327.4515318025645
221.24963735483087,139.44841093015268,490.46302807158577,523.9739595520715,355.6776408444404
224.27277337871132,155.02064365275064,437.1048702320481,406.29421484683456,372.8790048956199
149.40686461675844,95.19737251075297,366.47974856165155,330.48310445017535,278.91286482234534
246.44596490044398,182.54232406494754,516.4133005088391,851.2546004537721,381.9754058045614
201.12063024595673,115.87585911593605,383.89460265410537,514.5899185376221,267.38754549019257
248.5973319713054,208.91327179950667,482.01915753931223,869.0602493363108,391.0911772660401
170.28155835582058,116.24031644053989,361.9375687411193,348.41183772969333,342.9018498272034
182.621135290896,140.5674598901695,421.8556875962256,449.6457689643778,317.1288675086295
205.33455441912727,163.43642940053047,417.08793376191664,735.3019391035398,349.47221181631244
202.49939835264246,127.71742216959164,451.1118392046954,690.2267713831233,373.0312429144963
203.68512170681765,138.73977243890604,400.5966425068124,479.97185054332294,300.40849181077016
205.2970009585874,128.17328283285312,469.59747702648764,523.261026813493,337.3722656345241
232.1623976182196,186.9598689743045,500.7605299794282,870.1290152677542,311.4030765211704
230.0623692704394,144.79705423431705,410.2165319626355,592.0571355081171,314.6447591788535
198.09382617032546,95.27489634860427,329.3403078328468,346.28154210752,322.1553492103173
164.7386639137489,139.96460146661985,426.81723640989816,598.892626295097,316.50724787156236
206.9353319585425,170.60343817260298,439.3530014386726,520.803192890927,367.16085053905357
171.1198438608502,175.83265806515908,386.6371015262019,382.6627649625712,307.4094709911644
228.7920437117305,187.48317126646333,463.98912213134616,830.5186081187499,374.87870661617717
215.12942604988697,152.70524244621612,356.9175815711796,651.9033520057884,359.3031703567735
209.62402810056312,180.28435223803007,495.6188160008963,748.433911261438,375.95622803518347
225.34789181595335,157.68649829737416,354.12625185996853,361.4156302922428,357.82220010140776
192.6837918519823,155.16145706881775,471.7971788988663,455.0860407720837,348.37632093730303
244.76255541212134,142.32944291237692,400.06732072824184,605.7845581119564,355.2802317908574
183.80099062924427,145.8731700451874,416.0006562811086,526.4537012990161,341.8611265886403
199.9421898638955,138.97531487592747,399.01705238206404,422.30036657993486,364.58750379845543
223.14836190637598,152.28473688515743,428.2611325087334,585.4678791612238,381.12127196062596
196.32648038848077,195.38497867771372,473.0787277130697,515.5812722210956,305.6111006153222
242.68517513446963,142.86690907820616,465.62751189217374,752.4078271742862,422.4159245216239
185.20573711184835,165.63646439763272,395.5143881622834,751.7244043353626,364.4552255252026
228.99914563677544,148.21238369068394,452.6248205943336,659.1254277017052,335.34753815136736
211.16712075213988,115.93332388688019,332.3429766362979,421.7092562752085,342.8274368533454
210.95630250580496,183.78849994620182,500.49768623897097,850.4989322857164,353.56420027099506
186.38278630598347,125.0290247140663,382.4202465325053,459.46195716437035,331.9462116352163
222.84965071962645,141.35425540843278,444.2426687294961,575.8383222537504,338.75020387077
183.94754879232,171.546951707203,459.6382726137412,641.5753645523632,333.7014007770738
212.57725059287287,144.18823241018237,415.07762866752927,507.56426453563364,312.8208744559857
249.70188222772916,207.36704165704253,453.76217070215046,806.3707024393675,364.54123766077066
167.09006982484047,142.68030785029586,412.5675403365063,711.6820951694432,335.8579702296749
189.76361036200151,110.27839086433978,427.3036627063479,457.42929377764267,388.06237820309246
204.51604852388033,137.51060006852737,391.4917412357003,332.94378976996813,402.3024284929246
202.14681370502183,140.90133308784792,466.9362222820971,759.7604425626893,361.1625545275955
270.9761080879533,211.35415106566998,509.18746093374887,659.0797482421641,341.97966142819547
192.2498465347598,123.2777689883324,384.7300005536648,461.9362977140544,294.0982115834789
182.69421546115908,99.53265699361219,393.1580673108289,420.2551571962461,300.3978539141334
254.8722587024594,169.99409151621015,534.4239933138147,791.8045347384569,380.27120857988325
212.48872823191132,139.29786779699563,394.51930545860546,539.0830335606552,358.894220026858
176.98767503856084,156.63678314124985,454.9919577047787,386.61205990190524,367.7018269129646
231.34499254040466,163.96423804677357,510.34361855312756,628.0177012260605,377.5757869592398
210.24780851722346,108.35004390786159,388.1024639133835,639.161534779758,358.24981533489586
201.4977849377899,168.41028112519274,426.7040103018043,801.0661670311928,419.96681441181516
241.75987810058626,156.1035100083013,403.2310344901497,448.5689240896492,412.11786161114054
197.86109468902532,144.97770972104956,427.6824636997308,579.3869818504011,309.47580841121885
237.84292731264043,118.81098741691984,381.25568481914974,407.60647078042064,356.6005560254131
190.82160251163643,125.48922415306622,443.06316740176123,646.9336179132022,337.2584005223523
236.54119348327959,181.56897236187655,418.0607219952249,596.2934677195357,419.1268466468424
208.0559063337101,129.6258096631859,359.92971479701583,416.64121571836364,392.9802801517347
189.77270004837152,104.22987062799875,418.6762260613359,401.3631377206771,327.26595307692827
224.38017148190133,172.04411336219576,520.2579299019375,679.450124643386,392.125543230407
244.2922019380888,148.48997075609327,383.9646269703377,464.710804352001,360.43518192594075
191.74607848378164,140.97195327908304,462.2997258631947,502.85074626920385,349.42916290834296
204.37397221130684,155.90463078168258,377.40346881833767,599.1665796816205,322.6452969597959
192.67695696835636,166.01307717008478,424.6059103072793,636.4594434711825,351.1841748458341
175.06242444107664,158.19719781014254,400.1525735986195,398.9855725567966,277.99862771306726
198.4527067111632,204.62191139105627,468.44303957123367,666.9120006280873,309.92333133027626
209.58424269410577,124.64057051782873,430.707441158589,629.9202051462656,325.516108699246
245.5199105280776,100.73412560260613,376.29802833892103,592.0415422289983,335.188371179218
179.5734558899276,131.0760286401944,407.1525871195733,569.3779395093825,349.07849538554865
198.83837999330905,158.59586149602572,451.9352429176245,853.5244001755351,320.3984730171196
189.67510322946367,155.45480214787594,473.00278124241385,536.5575643353618,274.091889248311
185.6212968595629,147.57384616444998,396.09621029198723,375.4865258660464,308.2081883623597
154.92954366054605,119.7656418373846,342.41923633987085,368.49139254698076,283.75003612624783
225.64674839887633,215.9825628747834,463.6812652237954,647.4449901117264,288.3242075454315
192.55156208847265,139.18860518802694,446.8441401747771,415.20565919726545,340.78076756571267
204.44290379445135,160.45162385253462,436.0963175469076,567.6936461074383,359.04974712430334
192.0116267372384,130.8646284163273,350.92546963103285,431.86653582372094,321.59210330446905
193.00614808862827,163.73546363645798,481.1159042651878,555.3655187239854,393.4577720908016
201.24271050958606,133.97708724402068,429.6810501101353,530.725169518326,394.94271773568056
202.6039239280054,133.52944091407213,466.27443637950927,521.1917832059971,350.7384387656957
227.57757974214218,140.13484045643003,440.29606168018654,439.93782422078766,337.150330980364
189.57563168690064,166.22738709074065,425.52662283851015,619.484099954145,370.9330127102533
248.70991846434356,96.77937608642524,371.97450490962626,709.0293835376077,364.52784835131837
189.27246904315194,185.4354995733717,465.94810049110396,758.5770613670273,415.13760420231046
242.16906387192628,105.53644075279136,440.21181193047727,555.2845503797834,399.9586486178801
212.6662975278961,133.4326530411927,402.537374326696,524.7040865918398,310.22985766309426
225.77293288048728,168.87109096373948,534.2201085361568,567.8955014083305,303.90663601429264
228.8455664393904,150.97297351900508,454.96261186878286,610.4923952669752,357.6517812494394
232.6321702952684,127.69987611588994,381.3549138310027,362.5989161808078,416.3718778208356
258.4171005312693,214.52207902990838,445.13022468261426,556.485016349727,327.6725706023835
157.57328592818118,147.11238834812727,511.98442884814455,549.4401681397921,345.6456345846198
240.13684245920453,219.47808919431068,502.632201543554,625.282907544222,393.6888418629825
230.71688843329298,97.78106590051127,404.9770474131349,588.6003428164931,401.2685987731394
189.25781583336112,131.07141524510118,389.3179761611543,419.6696473461662,342.2118160287728
161.74917460157627,120.93707968990758,406.99266669962265,380.4530275455089,299.70550624061707
197.1505301821711,125.12143893711492,397.3820172281064,397.0139038768601,297.36493900978917
189.40890711087908,154.4480070527978,421.50599224074375,663.7968708964171,367.8995164174794
215.7479072920608,133.5930544120653,407.25871526021774,469.32867105857275,363.02265594282045
185.20271380729372,149.96725433763058,443.94368725351,636.7417706156189,373.349909529916
166.5946807218409,111.36972436693797,329.1915222348847,430.7736944802059,333.27508538295393
185.88122034360848,136.8148575455878,425.74954189652163,474.51711959118757,370.97734982955575
163.21623106687267,115.6482092329995,340.28698091889595,438.9719034402816,338.40815254210605
217.51276784146455,140.38297425316122,486.7606241213441,561.8970450239495,400.6858881177734
238.312107760675,184.66809706123468,476.0803055077053,790.3041877095468,380.066823240497
223.83954393306763,181.77908580431975,477.34806706932534,728.5742151963846,344.87718914878405
203.68089099933042,175.63092867879692,372.6842498415432,494.06215817545495,347.684216401514
161.0010656153489,154.45076909815018,406.5316847020486,393.7850274644201,342.1969017770217
159.9760092275807,142.77521362638464,398.61227432589516,389.5550887098544,332.3939160020958
201.6386961259505,135.0139830174116,415.5420938961408,628.6146805433929,374.441988348776
239.59721329101967,153.60442462463223,459.27611039149707,416.0587279897783,384.7226245832785
217.48358345300733,124.38330032760494,477.30510984668547,527.8376143167978,346.9837676626483
239.23798972736697,170.35651824784597,495.7955515176443,681.8685726193255,387.61350315552977
173.93716404917492,159.07839429417697,385.4499694192713,547.9920893704453,349.41680930150096
201.70381240333163,176.63491030429932,447.879886348925,636.5835687442307,373.71005300499587
198.41005605204103,122.27224484966666,454.3891523119109,443.554061810224,369.08832382980273
220.3605947996865,147.46081404295256,396.43491251608395,375.07825201995445,320.70118747788166
198.89479055392343,153.8919441521319,389.6950699900344,594.8197150058373,356.0723374098357
190.28575740554606,189.03330488318105,422.76234552684525,462.32352712792346,379.3451162111733
209.669876379182,119.0746593295383,424.05565446416534,574.0352494073414,324.5359953669968
182.92595218515282,185.8913956222737,389.6321757170927,515.6695237292537,348.6301938827348
202.24319559754355,167.88760099417513,467.2558684253994,534.924960336669,382.7836531695191
246.46467999054778,159.29075893814556,435.10670302919937,477.08130424180086,381.02802594676444
203.44393715226477,129.73627840463547,426.7027350897578,516.3838551024642,343.6376549728355
216.50594332749054,165.87539891675158,439.6955911971306,839.1270169151134,322.26594976926054
195.9341296448892,163.7537551094405,450.2190512313803,444.16651454267543,352.5945789959317
204.23404735125635,107.32495916884842,439.43882678452076,517.407102226332,295.3718535726619
218.32204546150197,106.9186554075111,428.8951815460552,641.7970139635532,343.57304212480335
192.68177933285475,147.46091786848373,382.43117075335044,674.1890837726089,410.0700196944456
227.15233691420337,95.02895080106207,435.2283775549851,707.9197421835311,379.6487195575477
194.35216534998858,148.866037378239,421.49722639790684,394.14659139033256,303.7898378085088
214.7754453006785,164.39463106266598,476.0221964393391,412.5358138450004,415.0592390267695
216.9038920178279,119.73842238343784,428.08642159009213,425.08892530946895,322.9305681528551
223.5445055932673,146.0720972049204,446.21863146661263,398.8191238408774,432.90542112810294
218.73490837398933,139.47838276674264,468.9720705025028,373.19490725418734,432.9347285639854
192.58778889666928,104.45108730413415,417.10563188163,573.4320369277716,325.4212575510894
233.33872685097947,165.27933889709826,470.9968252263598,710.1182364659603,373.68971025579344
198.89978954777837,182.30966212900452,406.3746684857505,575.1629654007961,388.48307678432684
184.05136746909926,111.43839834931902,385.88609192294007,584.288307259585,385.8793948439902
223.69102484636232,128.86305198504544,387.7117279109905,469.8597832365469,327.80403851926144
180.93010615434468,157.31783130785726,458.99585116338295,515.8089477120301,331.50956084653006
220.21563037688034,227.22987491601555,544.5605306969833,813.0083503252431,358.2018448460187
177.1133115129001,110.7509093374965,348.5046725926043,362.0857298158663,317.23259454129965
170.90343712513763,212.61039016994718,443.74135777303326,560.6597845871721,396.37660055256094
217.97637339875766,137.00927744327964,407.2546960885618,366.5078356347425,405.51321494141735
222.01608927671433,153.18960073080734,411.01572046193013,413.704159577725,267.3432864678144
205.63682466222906,115.91658294700433,436.6606640510983,498.58104132970993,310.2386530581086
183.7830897857666,154.43640329547205,417.36411737235403,413.4953470378283,377.58202085177726
193.15081218881383,139.8299562417782,404.1071207731003,550.1441623063403,351.75196004312124
243.66963926121772,132.47313974059048,399.7740053735723,606.4173763412936,357.31831783508454
164.88333386967545,136.34628857534798,389.18752521172433,576.7221627106319,377.8242505046513
162.92619420238395,125.16812721017585,385.4146287056165,401.44863033911747,333.49637335531156
271.22767798677586,161.94669784740134,446.81010445813746,689.7002109992969,339.7942392487599
210.31452541913106,167.21007009378636,472.6646778788621,626.1565745454303,339.3368926811576
196.24368387073625,137.16069087110822,393.2255043306128,535.6770862599645,328.30264361797003
208.66230683252402,148.20763693124442,417.315573255828,427.2175069339439,374.6284093757258
244.12498500660695,145.35657394977878,412.1004481908651,556.1980486818404,278.82243240012696
248.03596498991715,148.81170546132466,402.94061883026205,347.93639290564636,411.1345989417869
238.66122094489478,139.44558984308554,408.7456222242521,426.7592547126345,393.70423182080543
223.11163984179555,144.41758574708908,421.9026911027449,516.3008275017759,334.58927983393653
246.34737453921122,167.29635098229105,441.2427304552358,749.2818514443201,325.97793231999964
205.55401548898607,179.1155085484476,466.3498650317781,608.4632965368877,318.8040409034181
206.59817872787463,130.55232738171856,427.125282114136,671.9071724190225,375.5146992116583
198.76246503479393,187.95068085769842,485.51590332837003,481.22828671689535,373.8091931864144
249.4784510067118,182.32836348712027,453.27727810108496,531.9261054484525,392.2742310520832
206.22444727769468,147.72608703923984,385.8946419772151,621.8524299788635,350.09080444444464
222.86787894165457,149.9616740052721,444.9356671463346,598.1160633135181,362.3857241313189
187.92467662558514,125.41141078482534,405.47611720214985,663.9164632042157,361.25329495528405
160.13377283583958,117.25438367427341,411.50242630644743,334.10557977939203,354.8699721728897
189.61618309970194,121.46719043989069,398.2336293721562,443.59677733140074,285.40723313341533
200.34973674985162,102.73796131442879,366.3532593780443,443.37946036098907,349.7394682515712
221.42816713607093,191.6856442434665,509.63749095311033,398.5188010678337,352.28238726386786
267.95046134239186,213.8812146851866,540.9038844496419,772.2250693478253,430.0373032224288
180.11526310511798,187.0239356248653,429.7306671506929,610.602692105181,278.3185328184677
219.2696354326788,144.32289794812843,464.0211542312756,331.77654885176713,407.8998006860427
205.15932736027017,132.70278520946448,407.6180669113818,383.540559815735,267.35670328668255
182.1436735515216,127.5288806113816,361.8850868537624,425.0393466079327,330.9977312777405
222.71339412971005,140.74913306515865,358.4034786931432,724.82793359941,354.15145897360617
254.7776232191728,154.05812389499172,516.1541062314408,519.9820698916924,367.8163509013271
224.45877252080462,170.41884393729077,449.6458584909654,721.5551569254703,314.47030979074026
205.04433714800123,113.9386328127171,362.7969874614859,582.5387155457071,358.35053279612197
191.9722899450371,133.62579715158643,421.27474299298365,407.90938647517856,361.8230559086502
190.587010999395,111.0880549657362,510.5372302182719,530.6594417187086,382.83472495355977
185.81464063980465,123.6451382855956,399.36770606669506,492.6175893167172,314.2958481009994
255.1332948303601,126.86908452538765,416.80656476966436,566.7765989964606,354.2798154676542
212.06848311443957,162.5878836863297,454.52241622782554,578.9496500201196,344.6377814371716
227.8395337575818,193.42659592335974,456.2415900389046,669.1715765052118,349.05345691438123
195.78446794774095,111.17818987372148,393.2982149273304,398.93516570040396,347.2740104888184
208.60589388136017,161.5506563007797,487.1388804560731,773.9451974991811,370.4219884612987
205.32564835044354,172.74254168793288,444.804650934672,630.1463386116317,365.72165915007736
192.65082089196136,141.5029341482955,467.73707895444954,624.5048209881212,378.74308717744844
178.3501385411411,117.99396051230237,393.6860010948694,536.0493951010419,320.50039624735
258.44828183826445,112.53906161591364,396.595943671012,515.2236480428448,421.7970119745952
220.63356526146927,135.87138466954855,447.96745814486076,695.9340623434956,407.5320710032759
237.39351852182423,114.77185930534142,360.9274314618483,489.0841456917578,333.9203370119189
213.68841255413523,116.0774324466254,420.7611759892797,665.933761898697,315.1287531038965
203.8558185159061,147.545376125238,446.5526246038113,645.928211652486,355.27589294790204
221.07863392961013,170.48277280960718,443.7293369524439,734.6643319173477,328.9814638131529
204.7362534229446,99.38598343154169,389.0623264585047,423.91579470475006,304.8776258102001
169.0015236836727,160.29561383830023,359.3844492323622,579.5780552643724,271.67350514109154
200.19893366046762,166.3166262107176,421.6862520073607,693.5425071855084,332.39973895153423
238.12567245829746,166.66924063362143,464.87896201576143,575.8434618345669,397.4004888477212
220.75575463935257,142.24151071291976,389.3192234262821,679.2763021236893,362.388066473991
171.50876777059133,138.8345524762286,400.60715125857104,403.6939188033579,309.7178243530351
176.57828368486665,132.28185161985542,420.64570260909824,430.9122862735116,298.92279308455517
206.08333301963586,121.09553112380306,390.2923539459962,501.48710152458455,359.92873591394454
192.8996541815851,129.0713517471637,396.79599287548604,634.1530416696678,372.4179402563782
183.98733085225697,141.00842983318591,429.90436507568273,690.094032666241,387.65522042280276
205.3316161259902,181.42482700205,461.0016087715316,625.6453851561747,411.9456002477905
259.3472288385588,123.652858796492,454.7167286395425,346.4553616872631,437.2996249442687
195.3812075734333,148.81912567713866,463.4763201725254,585.5251176106007,309.1208662114711
179.19519392023773,155.62082774637412,390.8991247651599,543.3324630344611,326.23472312045874
173.2484071685879,178.7173804443093,452.64305556752913,539.9604248703861,309.54895183606504
151.18086349216645,153.24271154006166,458.58922035045504,349.7851960918729,326.9942283041856
224.40645261303501,129.09105256146884,411.33228035837556,404.8619847128508,365.6866538456747
219.0093431478513,170.89527708165903,432.99214107395335,460.84239171820695,402.1766906359904
152.96468118421944,167.39335017195344,407.734114729929,423.77931586596765,335.5210070754858
184.92028206202372,186.90323836335284,462.5631504268229,755.0772571443529,363.1054533709425
161.4973160907753,112.90461264716366,381.01552496801935,673.5451720591974,354.83821409914066
232.75952431573492,152.0068761342015,470.4440810435503,578.6203784806193,356.270970519403
198.80885794182015,136.48291455535937,388.5543055608623,664.1697606715466,325.40254576042133
186.40619571861563,184.2852297966148,454.2037474554176,771.3751548904293,330.4447306004819
229.78026542579036,145.50691937177916,425.00586486822243,570.2302006903718,353.9917365711712
198.50058536196335,130.65109983163353,396.2916489190193,464.5368519549976,330.5498892232606
203.86845647232855,163.6949635529505,402.91703569616107,392.81575319267,316.4552008893544
196.45031364032877,204.19794992577167,402.446257962951,649.557414219872,320.9648431507611
217.84346396621675,169.4200653883879,417.1571752272771,414.54951843101264,398.6967513703734
198.7645239804661,144.72156615491417,442.42917964900613,701.3837622194031,358.70832596085125
232.0116557185254,155.89362910897694,404.1322018664985,564.926102636461,357.1475796312466
208.16359655572649,122.30600884131567,421.74659233131325,466.6555317819883,271.4365095006227
193.9370904605971,159.6541083584353,447.55606479125686,646.6754918552376,342.73065423891285
170.03823285611497,148.95991058520167,362.8990188133166,362.07032577701034,323.1841719239314
211.2718685869296,134.06522961624097,402.45911197128225,350.79746517968726,297.74866135605214
194.89026268593364,129.83945395532348,502.96128807590037,510.4667496386799,372.3171042011771
168.1572257410059,174.82067540095704,407.4829749791,529.6234434042121,282.6730777988762
193.15228468698652,150.1546069758539,408.6678076259691,453.27029789800844,321.7257162632405
205.98350821508683,153.31586412360122,426.2205040820685,529.5484163354731,373.60960602154233
232.83508064678603,198.9219331674332,424.6307666807431,450.5593784373495,291.6792713337078
228.071951402841,127.4367367148885,473.33962655610964,731.9707738241167,410.5962349602716
229.18449252866318,154.49311836041056,469.8389499790793,553.6438445801792,348.9034322654781
225.15635278112086,180.02312417506732,429.45158109488057,530.6916709678321,325.03270962934243
178.41792103020177,158.69142053039354,343.60673372999014,536.8462200276508,298.33436297658676
204.7474352071841,168.08246536945,471.5594836377718,777.3273888989658,295.17714275296527
215.13724110797443,140.43379965200495,374.95100234987433,531.3655542363995,380.32926021110427
218.69689299857382,135.60363446985528,404.69985080645915,531.5734169055243,288.9188257288293
240.22519709822538,158.7977469495519,457.10358359807503,536.9698387053737,363.8071070421243
193.5940866430185,100.25753303303976,426.9194253762852,524.2402247327235,404.5856716068116
174.14264489497108,184.45171881493033,476.1463950734275,608.2628226463868,336.2528027223469
198.31803220220502,166.63969785267415,466.47970313556914,622.8254296549387,348.44812946452504
230.71980325968082,181.8652762093592,484.45212762089074,753.0996578751542,350.03811667318695
229.55998522436803,127.41143753014043,365.190967135896,586.1608836975305,317.6253791813449
234.13745752536732,146.76467124346073,486.3583541703915,445.3792813555847,368.39547198382974
238.31596784583772,111.5212982698293,396.11349480235293,553.812071537798,305.0970314196049
211.9628906590176,163.02254680038666,476.51679147751116,716.4099896112399,400.90612193363086
191.71952577846713,118.34856746526572,399.6312370185703,457.47034637988037,283.75028246998164
185.779511465167,164.55326653003402,425.9608719138569,446.8791166154974,337.685468697723
187.81386496614792,137.32510452452834,411.07932170034974,500.08879312409897,311.2319094941893
194.40763946920973,153.1842606184608,407.75462250266895,584.2025454472658,346.8024706353383
202.09999262945425,154.8022392650862,353.8160443048525,616.4019500999104,273.9122067473118
227.26596413564175,115.75106667340748,411.0361768064384,352.8639000629229,281.23807916037885
202.0406942920613,144.88257456883537,405.5575459348568,481.07785558337696,341.56230604536
194.2485902779772,134.83188992582097,408.79462430963144,342.81570293590687,344.6315919575101
230.86366204764573,175.49465434863706,484.522262947141,604.391723200123,386.65814155679885
243.5689954723129,190.50703263378972,518.1812624282423,392.0737580648966,377.348539284299
223.20259433163395,160.22606494588757,500.5864822579063,637.9796931122644,375.50666083394924
200.16170978312428,147.88464572380445,429.7366574339227,520.5118295293414,390.5753218192038
202.5670422555098,155.79796318937858,449.9355430888388,731.258193445821,337.9670083318004
193.05326563025469,122.80836693259793,389.22510890065575,552.0987414624979,337.8703635407539
243.72623647036912,205.60242874367086,409.00697960409036,765.6742890115675,360.3335088565632
188.9542120654252,173.57214441988808,422.4478205926849,479.96241824421975,316.6872054867179
191.6480484007898,221.7456689881321,463.64383108445986,759.355125219199,326.89157787543627
201.84415335686035,155.7020738771166,454.8264560427569,748.2216590074964,350.590483622922
220.1841595303854,175.88953299792604,399.79891100302257,593.3248957132303,341.7575829331015
217.30795004861199,129.7094160897875,399.5060150239847,490.6660253390478,320.85006344957253
187.20014747559,153.0830412087854,405.69090090606375,607.258207764276,349.37789967891416
172.2819708502692,169.73707655837697,420.6894823391147,499.89622593842927,345.47363688563235
191.32231857348748,129.08488644044323,479.5097848872419,409.93585306231046,361.7078730928558
236.67932216846611,177.96854730680928,428.88745588165614,682.8435322861961,390.48145650392905
249.59920533777063,174.16813806939234,504.51226598674606,673.3647633650427,360.93572557076584
218.95051214531708,150.41058476775686,488.4526180511198,661.680934420978,385.04531527274116
243.48524819725708,138.9715936880892,382.23904206813853,513.1137796099982,337.44330950211656
209.7864390790295,148.84900760793528,409.2865582774059,472.0051835180553,372.54192098443554
217.65034523360546,124.87098638257515,352.35831816461183,355.7943165708813,264.28625902704283
221.02960876904405,147.8213725659988,415.5162685140416,622.9329722184816,338.3315332621925
232.6561122868826,124.44594250420978,382.6426083040376,385.5789165408298,339.2014731696262
179.87380055918467,165.468719400774,357.10101062421364,439.43803425606905,367.5125174845858
148.50555871847976,127.68370793664752,335.8988684861648,402.2108636850794,296.0217655850483
180.8532039635168,109.35024873272346,342.37247066864137,589.7575538921242,279.9935543205929
174.69072061285678,192.6639169281494,403.58318582570047,516.5806937876864,337.1332400325166
224.64787137115772,134.4777006784844,533.2077936955237,744.7186639729701,349.40300762936045
175.53349921691358,129.31907022912193,406.15540115176384,425.7076041432668,324.6837217848069
192.1901939731739,116.59291327301132,406.74153801495555,573.0971617248101,407.1517792211809
234.12468434957032,111.11403832597178,403.1309405671588,560.5402598683565,343.9554676447543
182.9105516125462,145.54196219218792,397.7326705672313,509.1883506376276,298.2927572214221
213.05812847981522,150.5219755474675,457.184316154721,376.7908863168313,336.5405940236468
224.40559699948028,99.42460620749232,359.0076243911504,488.55525760530014,334.5425270465242
215.8555584187442,138.29095828379485,538.5741591841867,595.2326654346401,362.72111180951697
253.96172987050255,128.14802009935218,450.570893846677,694.0062464164997,436.50068798741574
177.52993817696415,135.2251401597166,372.0177450602544,375.2020375961137,367.6206147849427
196.32485000625567,124.80152610321124,382.060416059376,626.4313886614642,316.04730908282284
247.93066447822926,132.84215788137075,460.57537810366523,623.3878721752171,381.03001354983206
197.7204300945248,154.4248523162276,419.22118440384776,491.4029271309819,342.69075386960685
193.3605424285346,121.46841739182443,355.8049053870321,430.11103661846875,369.81418834983674
216.30142616046308,158.88627240041654,413.8116547008046,711.9213736063842,311.96370205850315
202.89461699277163,116.62219468663451,482.5477113206171,714.4113592951201,363.41965437779925
210.1274064680317,152.1351156828497,457.05235602018905,716.835455936319,281.0159436352001
194.22474654799316,132.9422481129214,383.3202137434752,348.5766466531359,307.9455926571286
206.48995480758956,177.24935021312632,375.32480820975275,413.5245740309965,285.0427738076093
201.37951358142084,96.57743681924347,373.27144850784936,696.2034029502929,340.15958149849837
217.00379710029247,184.84789147124437,439.7479936436145,594.3068347978183,359.59494852207257
183.6911579396656,155.3108354136215,474.2283907798553,478.27045450147193,310.1864388846749
195.85776019782475,151.8776875012975,399.5592312985962,467.08971206801783,372.5553532901702
207.13393700821655,162.8347531186003,456.06594428898285,470.413006459504,330.24736211123445
197.8934486389195,179.80875625346133,401.7315132457651,626.0067225351007,349.19416179609794
179.69695096293873,164.3458449785038,378.53568977784346,529.2056599887709,361.57345493599314
237.72796625167317,173.78403214782844,446.36024535698834,668.0190871357061,364.62164109018573
182.88433063688362,201.09057796363845,440.8596910148508,758.0662051405565,391.4877175943844
182.77029074479418,141.03677756723425,488.7136680513211,546.7819615466685,375.2617977148005
223.84348421878144,138.6677690419547,394.59360686138524,698.2539222323097,325.5360570218729
220.4601058327373,170.36050288967684,430.94965758674624,460.15204260320206,389.59297172907264
246.71077500328502,199.71788171155194,444.6635667317163,524.618298426919,394.36506718060843
189.27409105728324,139.76645380852946,438.20520157993406,422.2085476101899,358.5159323367178
154.70792250120184,156.80196720461913,386.4304786250277,441.4458221633039,358.9050224130432
224.78398092802496,133.5711303686871,412.7958397540025,431.40617999080155,358.1688996057124
215.94137259705354,207.12722013844382,506.2115774578468,734.0702457150654,370.7954397351434
216.64584386502904,120.12449230368769,420.7239753843906,370.9679733894314,341.5929662028637
215.97462680049964,192.55822357021398,422.2407572047789,496.6168873207132,314.4445200728866
194.39874150071338,124.96590661036225,375.101445000514,434.59791986222217,302.3569157444294
194.02063781303738,99.79564885535467,425.1749453386251,342.8137686234084,314.12387861391863
226.77149219590012,120.9164854385737,455.7917224116985,610.58228237975,345.26218544410597
249.42416453753256,162.4153712591914,457.7369114191698,752.2493444226826,353.6147617765173
269.38128520549765,207.43977609006078,435.7182633334183,563.6423716516201,359.61059832264095
177.45113187037379,104.1597807216268,329.89115630597314,345.2828616835386,299.2860742174377
221.99534477816488,120.96329840404715,450.34788131113515,558.9413628256309,399.05335904646546
176.83121713335925,96.74703831030034,365.81415388939126,394.9260681657746,290.02412417668256
256.7236705222915,123.95548080522549,367.3154896170724,460.2157812364859,362.15470974477745
201.35503850075884,135.68720352861345,382.65686803654097,390.5828729002161,303.7180803335514
183.1673127813937,151.75858111814983,438.9029320102953,553.0039054813649,342.9907964655136
181.66997049011832,132.2461856634983,424.1800864316041,390.25684996743223,309.2222067594061
223.33562211146904,155.13478856680862,536.1931344741396,874.4677784220364,266.73247424060594
160.129296072185,136.5496325208216,363.0589822521892,339.12464913654975,321.66867424566317
182.1241594836274,153.6744134744601,437.7214963506794,743.3394143791405,377.7807538291081
180.76625586168817,132.12873971486636,382.02774456673797,370.39151594335686,337.12433997143904
191.35574910194862,136.34339826275965,416.6370827081104,362.50286943224705,271.5029941794156
192.80706420949664,224.80423949409047,444.9843607581364,385.96131756050414,372.7142596903033
150.0031424914666,119.45059264425097,438.09439395768845,371.49698276286495,302.60738335162665
230.19931246440373,173.1231635389987,479.60917813619386,609.4310201251825,354.38512531287984
215.2661403673085,158.19900607528737,415.26605513067415,804.8044432361471,269.86022459466903
267.89412931197194,211.39661833434405,477.75235825043166,639.3286426309595,376.5731170499997
238.02499198396256,119.74240125486924,425.5634452029799,693.0743023046329,390.0893555246082
163.74421935591047,134.6441283977153,412.24321563444636,646.4076606161697,346.81580585989235
193.85552846045255,185.30821570256967,455.86101181168146,563.6491728479922,330.61199849392654
164.49715900644753,169.11856643605336,397.32481967634857,424.4236991308859,262.53863900017984
235.9234369680107,186.54142055297436,509.0623362705903,694.0882800878449,411.4565287258937
158.17372251633827,99.85333579120494,352.7434394718251,344.12949787263904,319.0134238321843
224.6824358250868,138.85567788202474,420.118211132055,659.9732428401205,332.69185357710523
168.49419785153543,160.01928510028043,474.01341031272045,664.5234132818579,352.53891281956436
213.06892478177178,100.08115306854242,404.04446709092394,668.607682982342,336.06458107712933
225.7069246285107,193.33860944451214,431.78801115743465,454.69681802516993,340.7786292527469
225.74500234578176,118.63492071971318,452.70564676436186,582.2706438170048,438.1453418739828
197.2773094707512,167.11527786623958,385.2582055111826,584.7364307406166,302.5966884607729
207.42865384009352,106.02590863072255,420.62179015801837,495.83897065672727,353.5036478940883
205.7846541896232,149.1404026867798,422.9323448457557,716.0314379100195,331.57702353577866
169.14187040076862,141.13715754771533,544.8470469380745,562.9898257933519,352.0163194884557
210.45819365106036,189.20662598824902,471.8835530482429,789.6505746734655,324.77337962536944
188.5924843683605,113.24965137515244,415.7479746275915,674.3818739122878,333.4296460767863
200.43633789986453,135.9215224387046,451.4686220573071,516.2341954794412,379.6710877317387
202.98513549085473,176.13130188225608,453.02154137626104,648.274105799958,323.65102403095267
248.858801023283,160.27233199414104,449.6357045529248,412.73844564278943,371.4079812935903
209.7468777866772,129.4344043376584,434.83497761838447,644.680748125911,364.48491601925406
194.41457890578147,179.08321397407883,396.1624420184238,582.912813136169,294.58432747563836
216.6878350960738,133.9895983340422,459.4957306605748,760.6555060808847,372.2514205897943
177.61924073423395,191.76593799097088,480.95036857647665,480.3065852633891,337.6429142698209
239.38271590927135,205.27431695553426,524.9888265208285,866.9898689405837,398.4288026771165
207.2068480310464,167.24414990403264,442.28523801771036,526.3181294933507,325.679471266669
215.4014027372941,188.0266526976188,496.13387175848504,420.5097353960602,352.22309417474895
197.31702104072434,146.07627852393418,384.14222411658386,483.1675252692704,288.3596604614866
192.54665717893135,128.3246108579457,472.33960523045096,754.9934637588256,323.96016708880273
170.74443842914843,192.3001367787251,464.76006978075344,809.3593366196578,332.65801717209956
226.55799378869102,163.30063883885413,506.299892806809,506.3715439462538,365.2402337760426
215.70915577439976,149.04140619899468,460.6272906545179,727.4235506084663,361.92972067168563
193.71952686130263,131.76401525105095,476.6988862873502,524.161205621497,346.6880923275039
189.37229376175947,187.03681300762523,436.0572294344079,489.27732988280917,374.34639652624253
202.00896159891118,200.7647133785921,477.63257399603697,508.02825341787,341.9596166420389
203.7856498278227,183.31077434719177,461.88964896611697,847.7083232315972,346.72843663932974
221.31135988677943,140.1575275168157,427.7334358758234,535.6321248122858,410.6480723221957
225.13879422880234,141.7549942143692,433.2410017326018,457.07675817773696,351.3632192111208
201.163713152523,134.13901287753615,475.1524537551838,394.67715613007437,349.5113178846031
214.08669295751997,138.0855305000447,435.75435785075547,551.3722089495689,339.2539404102542
215.66075800443738,118.906799490856,395.8310575100114,573.1371613897103,333.2728248838075
206.62017893049997,139.7088726929379,462.06009057882096,486.7400986674378,364.20054071577727
158.2749290547361,109.04403517986131,364.66818309213073,530.580630823097,361.3465694200763
174.1491342266559,194.61390276335985,368.5138366349292,477.16506428263483,352.0029888989152
214.00416953624,160.4340975528553,468.3473475221657,749.7125197808409,409.3273848216959
274.1208514833742,103.71580111948106,438.1283878214754,835.1155415718453,397.5075826386096
260.8152798364869,146.28612645063427,444.1048607237936,573.3133625281677,422.8418764955867
190.74438384009696,138.09159867043212,431.33358319784264,610.9722277378178,284.66154556674246
209.17945402192316,109.87132220272282,500.8024291639075,599.0921458553272,366.96063412690967
225.49788532219424,163.30485959127415,410.525631701105,467.9005778971442,297.291642784422
264.67844545804485,153.23332735609196,408.18173811820077,673.9972523295983,434.5828395501738
175.423527602809,112.74595725901925,375.7835571639235,496.7267699549509,319.79756989777655
222.27525915638833,137.6528987030074,382.997765297498,538.3069324636028,336.29993071995654
214.81654119836026,169.29522411321352,464.5764058346715,645.7628029825199,339.7674622335101
184.65408221868924,181.51728881378958,537.706681632127,825.8370242706245,410.0171033566746
167.119247081002,105.20716894720547,391.0285892220851,416.06346835766254,298.002087592626
258.00006647370105,163.4881819017193,472.2565360262523,683.1819004658512,374.7211088065136
222.73304586322985,150.19857724805019,379.0501571365003,700.1724581484444,329.2568930411433
219.32380510541452,157.88056019502787,387.9142737351174,546.359780309146,374.0321254451098
199.6866404983675,148.47841736231615,413.4149926149266,578.9687646727338,338.168272129586
206.63483633469914,154.3190599949512,429.573046210056,508.599548193842,382.8851954566625
228.6773388712433,162.48560698935464,448.8664280291097,653.3909580033768,322.1150382344637
225.58990686672027,157.02487324981132,400.4205272637111,463.5732743512131,375.87369997924856
199.78377711044035,104.09485318824878,403.0124618053232,749.7467277891204,313.38792214279505
198.02069008135467,131.7886398215667,448.42818218002236,433.6105658161045,305.88655277392786
239.3444371415528,146.28109664658825,447.00357726972743,468.49794344865813,349.6952277888822
189.10335647251267,135.78843529991732,423.43723648720385,436.40585891514314,323.18555009610725
190.73391787683616,135.94313436502352,401.3829847444887,505.39331423911034,318.93918056973456
174.98721452067062,110.51593492876403,361.5358542345868,331.80752298726685,375.8419143991612
209.28260964688235,165.73434224048825,451.52069846600085,660.6702714970509,370.7673043791387
177.9060693002535,190.02189177050613,522.3507829190701,747.1407030739264,358.9426249204769
201.0656422086232,129.45886615479878,424.6638822050508,430.90597475578056,327.24658297924793
202.80950646348361,97.7446518242712,391.6661751069904,369.44618515753837,358.0006528403774
176.67749065404055,176.25207876268954,440.48059286358557,634.6892775003565,295.2728519309456
223.67587070894814,171.74734323808613,490.0011539402477,569.3125454072443,366.7734301578142
232.82429940342763,181.2594781052486,453.2980286329925,803.5130290468994,339.0987324271259
186.46893774378492,183.79473078875662,512.8502696274572,532.3454913335574,345.78603391554617
212.52211819269044,141.09747255073452,424.0581282881743,614.2262964561722,308.2007965738463
206.45884942662445,134.71862320611294,421.3629588275074,542.5429366892782,275.065778539343
190.21224634161044,152.63368615020497,457.87889426729436,589.8144885535418,368.45427435691823
218.0511296729338,161.6946879245001,468.15135973619294,795.9119628673142,334.97269451760917
198.76405710580812,123.50664762902912,389.15157574099726,382.1678274577862,388.83215396517124
180.0119373953521,134.48656516830715,410.33317940780864,400.9765294208731,280.3268373857041
215.44294706557938,147.22714611052257,442.4697008453262,421.0630726823939,356.3981771204876
194.35322323151053,161.7396598020688,439.7938211473992,481.2241633596249,342.1589285850435
237.3575292379054,120.10739886858613,391.3157994786311,504.2322096206708,388.50266347003316
195.71796548588583,116.32365192385893,386.3813611825048,365.41430449480526,327.6818330960982
186.52041904732098,218.01177697448904,545.2376414919883,869.6996028830538,438.27237471982306
169.54180243354483,198.29817682288532,460.2777494185695,547.0503628723602,346.4639684221428
245.62091944334634,126.68834435327764,392.26913256827095,495.1965165485292,354.8474578893816
169.87668840755074,147.8558359108931,423.32503377161436,859.7399253056175,338.60557657220164
209.44310819958562,143.00502622147349,396.95642552011435,389.1836083263382,306.36967857795827
208.7926886308,115.46483204993088,393.8693885806046,640.1029443003149,326.5921705083655
165.87713457929974,143.39748717751394,413.3851992764798,524.879407018452,296.3128362626796
181.3607348317104,149.8782169296959,408.7489115492337,441.0590579088265,330.3437394653697
187.52166177086758,149.0129069083681,395.22799279077435,366.67453498707766,289.9047939958863
179.12809915103617,193.9703776481161,483.64718640427975,799.5256448873935,326.4462904248352
204.0772685202892,147.29201916966713,464.9444562117098,615.248343480859,355.0131370873658
177.47552780148433,116.67632707723565,377.7296918726314,367.8607384766179,304.1527659383475
239.7046148938994,146.12539272321274,393.56450227309244,411.2392062406719,317.86153714174094
192.72693072858885,170.09481816289215,531.56045127862,597.5732366711861,429.04373416520974
239.14677036539172,185.38506979187582,505.5155794271352,614.0962928916588,391.04462089725035
186.61500866917257,178.19913726537476,463.1800834670327,619.2468584797764,320.2500908927526
204.14724574438782,157.41672176105814,391.08423803895545,518.8211451028252,333.64417567288615
202.07805149815582,162.3605277119353,332.76747545629297,335.2999732169683,341.5372563688141
189.3340540478955,138.40863553120766,438.59262570491114,534.9491892909014,346.00297929402103
212.0772539466484,139.21397500461364,385.26568328369166,558.4391138004395,312.62787175334984
221.72753645598638,160.01270759600055,482.6965250026331,418.9817663551315,336.85596243361846
174.18040523245304,103.71614308990428,432.7957303588263,579.6970792102512,371.50388176770747
193.6988471643083,140.9084687549887,444.3976713938205,475.65767845989683,274.1914282168146
213.87088514437144,129.9361765166836,481.6590387985805,748.9008426749342,390.8964222212372
205.7125325652116,159.25366826372064,445.6315851073069,603.8860883967436,319.05851399381277
205.39114594184184,151.42566831193105,442.9394568149155,533.3316763276117,384.8210210439657
193.68180044646545,176.35225480312266,383.4469800364544,515.0413109866455,317.3114620074342
155.8284825405267,104.51955647809397,388.77301068470473,392.6497976292782,326.4832340430731
183.29484126198506,124.64765849273363,395.20714802696654,455.411778777493,359.7017823200553
252.82245157243779,95.66941400736917,340.54757673315845,792.8646130631008,426.01991692938793
250.34931033821152,160.79397128872722,482.8627908518724,712.8949834801276,378.52057803712995
258.2895983721743,202.35641225435646,467.49938563977247,849.8177749161665,354.7303038132727
190.99245841049745,133.26053363443023,410.766964531325,412.90482612115886,358.45699538217275
222.94085194098767,152.70647189567336,448.74861518650755,420.4781856097732,385.66381676639605
202.3316872313637,142.62453340459817,346.84389081099795,651.9732069189408,379.8149793100848
181.27394967983122,157.28408605800757,411.573915994283,552.7718937967561,381.8712205948052
231.94815071323762,217.07001186614804,499.7349696960052,714.2275671966117,391.21566267683846
197.37181533501226,144.24128233082217,439.3002113237934,400.01561339165505,388.41024683669707
195.75361350854794,141.69686106408216,338.46359886589045,476.1737769907664,303.67944186173594
152.6772591508096,106.39433080228333,342.25330881507176,446.0036287853447,279.7536165765927
217.29102327457414,156.43071445278648,430.0670479723439,628.4283981859451,347.9272047447078
177.29071135764522,152.6102205512555,350.27640380588605,396.72623330434885,321.59487153367496
193.32267179523396,145.0014183199356,462.33124264609904,523.9699190940698,314.70188951515047
222.74585018243994,158.30996059159497,413.29158248763315,544.60051989892,320.78498422799777
181.74072790730673,173.5342212734255,385.4546023219939,365.6113572272495,407.97414697843965
168.9699740101068,124.65263649177886,386.350106690746,360.29137635997694,335.70301591792963
180.95092595581065,136.22637610420904,381.3474764116185,673.5731011344469,284.3915771463844
197.08115573167325,140.72223667804155,435.21947314553375,549.3846413529619,349.8978545669965
215.2851594983765,160.10296650532857,457.83625641000634,637.9601892260891,350.5306475304771
215.2389061141583,130.11238838946133,451.57274733554215,577.8662633634244,314.2693620097678
203.6917812256664,142.46129013110888,506.19486667502076,793.5612936091662,343.7915270414583
237.17827739083975,163.23805351031064,464.94197463578644,692.3107904367654,346.24769426239754
229.63173666686475,182.02647292066905,515.9138691152875,818.1043380047118,330.86122751185053
190.38945369156613,155.77691287381418,453.05994442721163,542.4822666791642,399.84950950595646
264.2758239821926,151.34568225081057,437.2869738649724,652.4521947667977,345.5873114957019
218.96311546246412,156.47462963577328,460.04784021197935,556.6625866508093,376.2912240850882
161.790566942849,157.5436396480993,400.12123880245866,519.4096710881012,337.58559301803723
238.71490610794177,193.64528677732775,531.0739937131628,662.1948557013674,351.77237740885863
220.8598066323271,151.08239298695614,443.42045024708403,477.7681388186014,299.69562057188784
177.22245563992522,116.47853867097605,434.4151899473167,572.8989000524859,350.3950518025659
180.91619585121975,155.82667421824596,467.9340334049998,546.172138668553,331.5692059583543
228.02898691660303,145.62470811924385,442.21951212980576,545.9782072404174,355.16858401356507
210.3131780483891,126.69959304075012,378.81410559273684,459.94782185994137,326.663602742812
212.6573087753552,143.61076344991915,434.2247841266647,420.57005723076196,394.01020938855
203.05723344518768,166.77674180467264,369.6489038721114,340.35283839704306,378.4477332109757
236.23198396368466,221.76204150432417,537.2490729881655,823.0730363888098,359.8323473274002
204.7376892442786,182.78791960381406,417.7510680567623,818.8238167293409,310.0357816526618
199.06070876399508,148.40235297503972,409.658719257764,534.6567676852151,373.22220355723755
179.7144130173018,125.03215050669716,384.12517351772595,580.2680589529372,356.6837539724592
193.95037571224435,166.332811580465,380.9265897344532,558.3877032586557,308.0019123970135
236.7547383823217,177.1229749571088,509.4640799395157,430.2854702321539,390.40008699627833
213.56791399977996,173.1972928258351,409.070412665415,632.1753714713128,300.02004798385735
200.43449817772313,119.73842723842131,339.9726202682035,577.8408153235532,319.13970523895836
191.14780825333096,186.302679220106,467.5948667283258,812.0313186121039,368.49079950693044
169.99747732225796,137.4373390044016,423.49042894865977,505.0695392031332,263.0687378911625
178.96755302777015,131.3999851679519,488.1663984758414,639.6499624637629,390.5805292737132
241.24230152185123,170.86703088058655,464.01934352491287,539.5137736507176,399.3948587439803
223.14615528259935,136.40517696725604,463.98169078781274,790.8034993198862,404.87592256457117
182.83948050647186,157.50481820102243,447.84767652017365,746.2143119507768,306.45830061238746
190.9444045470231,143.8769790806913,431.08039510111513,695.5018221006493,338.5150562527258
200.50649645676236,136.9490862954504,405.41126603745926,516.8547104262242,344.6775679764603
174.90078777837522,175.4151105379005,423.4963528775978,609.4558239621002,331.49881751891513
168.18583826035248,163.0555956356159,467.4475934524541,685.2942504051574,369.4025379814727
213.0994345796451,175.54736576877193,465.06453805119446,743.1161213038561,321.97620001096453
226.26105874254063,137.76629443984996,450.0543350253331,510.745764324886,359.6888052703308
214.36802357613328,189.22787404513008,425.5794318030687,384.5023086064619,401.36616156518045
226.28920520014213,99.86128780274889,483.9099633185921,380.9419021895509,333.27376547197866
185.29386295567585,222.2522351029532,453.23398053109827,524.0857862983079,321.636694170084
210.12752997681906,189.2198996925272,511.44337877878036,823.6158555455442,345.03633064510257
180.7865647567416,128.04928488194116,423.1098143667645,475.9785122097407,340.75283829496965
191.04287598208853,154.60253677924987,414.8257454263684,436.343016948374,348.01666262263933
233.6859024231814,109.6838178766389,380.3835750211088,488.76090131077365,382.57617446764516
242.11721235588124,129.5776225041047,477.85368458172064,472.8986047447648,432.60465094306596
224.52271358903735,157.48046803257944,465.0339982939135,664.442402603166,392.21956311451146
196.98012354959025,128.72110974966034,403.9934850774074,444.9700764625274,381.5083089407448
181.86527225900434,107.7354686640613,359.29462159506187,462.1463958149168,281.4501840142395
189.90260515723122,159.59145276106213,454.6240683883145,466.8892145549617,323.62916269831993
216.9802531567027,107.52085918699996,347.6559123270934,428.28567652225445,341.6332918599006
208.77995776088318,126.85497903491186,339.4567306968808,493.58232128997616,325.12398884711064
242.609804969729,139.9050536805555,433.14275151041267,562.4371267482076,383.9771014341109
164.56887120955545,117.32992646595869,340.12195912932793,334.54745010516166,331.1535947932405
236.6599115847436,195.05971199933762,524.6629345001289,801.7453880384162,349.1972710140032
240.1837155529778,168.0669793574592,469.60519782424836,478.68222535518896,375.1046077672557
194.4100499051631,122.19387484005172,433.65698133135305,436.37618210797854,370.51161953627764
160.01993802491225,135.7778871138685,391.564650397515,367.0945806950524,351.046073902714
211.34946467586576,157.13768517731933,405.12800852000646,545.8487073782187,273.8233791174715
184.73752349240266,132.750640594402,384.26866286129285,537.5338649483244,342.96869636121954
168.7527521963636,106.11523716812393,352.95213673306654,343.21212671681474,266.8961393213753
249.4237732821829,141.644784953594,445.1857809941979,512.520371595302,300.1562792433554
228.4554059521166,192.53300362034676,397.35198485294995,823.8028525941038,350.3314363914026
188.42065925789166,154.94423481939504,443.07273913083014,745.3492711925401,309.55278669415895
180.2511547556912,133.02392341778364,439.470799264868,681.1424431234009,359.3117673498521
171.42927206638288,192.05464620719863,425.5437598078915,345.87656818192636,317.6492781405109
214.51457092203063,181.95060599850908,437.88972857640937,413.97179214367463,309.76928070559876
222.59876802237983,141.0264922313944,420.170294266353,604.8203193168534,352.3309831229279
229.2134454506057,154.19662153733373,415.7379651111814,758.7232283639481,348.657434083052
205.77114097395992,161.0901654735969,442.8914131157895,726.4962432640401,382.1573616223242
170.6734144146741,169.2857175705945,429.08548089855776,497.354168832019,322.8393604367738
199.07984967285577,183.44473568078658,399.2298103121281,471.11431354512223,364.4009710796205
224.46271159182572,102.21497445990722,378.4777623917462,384.6618844427686,323.94170151409793
180.2074461398916,172.23413844589828,380.71162530738644,579.3854368308828,370.27460237825636
168.7147723676623,113.9433297299141,409.4193768495895,457.60160856932794,349.45690193853204
172.88662959705567,133.37913835994482,390.4726761113233,406.4870873388762,303.2382049140425
201.1694079847715,189.4134243636967,534.5814399068855,741.6116823575389,442.02854568170824
257.7834123326196,199.1041531786744,489.76909840861276,847.6044305547814,416.4850787066587
186.83459294294835,149.581979545546,409.2061349657707,546.5978079869873,310.5085288987748
190.46545568554876,126.1909184654188,331.01454490126156,461.11183047306116,322.503701022122
235.6802857425064,154.60158622423103,418.67536277213765,727.6632507496242,389.07198916917804
166.49763907093853,128.25952209609756,419.97054798204715,689.924663448346,353.3124537908432
245.6287615653762,204.14922883335282,458.7630609049738,712.840747853664,359.0666848708231
255.02192290427567,193.14966457550054,459.1223196385735,850.2486301965703,283.2869532677985
205.88508708727164,122.98566761402084,415.39848308526274,634.4081148024844,330.59768596810886
220.68443895923056,167.7768345768982,456.4781940712303,632.7159622455695,404.82551122889026
213.0488428589755,186.835850250504,420.36281865286475,576.1234463985561,370.0015802831668
187.64904506263628,133.7430041506846,468.1267862301442,431.9187071014583,375.03886194323945
218.20610356257447,118.86622304110223,443.16918001553756,701.8209243733035,322.7523102565959
233.8360262934936,139.1842665028939,460.66044594292975,394.9536286921949,396.9450283830296
179.70092195840812,158.5688339410978,369.8264531851943,514.1184814116508,299.1505415643519
170.8823525686437,137.07045467434855,511.7079916576239,607.0936051733506,358.1475833689859
180.4376162942818,144.31245361511398,416.6857294041286,532.3259462745486,334.711360735175
190.54984123956154,131.25652082796,417.48208382992084,553.2500907873106,319.2779549803476
154.30913597541132,123.78087657640965,369.4164234690754,412.3130894359642,295.3317429670263
214.7727436204177,152.21453924150424,444.42583654317536,578.1205647405619,339.9082765627147
191.63500887611303,124.31913492506114,408.4571054276929,630.3941151805664,325.024367851488
247.06697995351925,140.77699740109227,359.3036452843584,602.9816601821183,314.8442069319534
182.40053941707325,118.45893926809389,346.43792860723624,519.6704461693804,290.0361897398163
188.156115969003,180.78001190229142,537.8091447829664,810.9854002682839,373.6476303184839
259.44661599652244,139.89332402180304,477.10027827148997,740.5503809543208,387.1488255891344
200.34933913915393,129.11435229950612,392.23247032019253,558.901932919569,359.99041886431036
182.4033844128641,136.04838892555037,450.66598865493575,546.1632987331634,384.949746940991
171.8961458886472,155.8142462125007,370.39414707460645,438.2205218665522,359.6199743105233
225.38341328455988,145.67455723524117,425.68410356508366,572.938724732398,348.03678712686207
213.87915332411376,183.14151557934485,477.9412386823587,799.4935131628596,369.7241168613983
211.30530998134782,155.1837336811623,452.2421443546246,513.1946291402326,301.21706083471594
229.24267596351245,199.9538356563288,449.0756569857774,717.0489942788198,325.6659751145292
274.2758262070339,103.66809034680699,524.9240221763494,611.2809514498016,411.3882264884909
227.16235328460237,135.48653983000284,406.4700990222443,568.1730508908711,389.26146822743317
159.44423501531432,104.7505998837098,342.38739001384863,471.5766944719165,322.96860824428325
247.953144061904,182.66100016352726,530.8986950802149,729.9141578422661,395.5965458121713
162.59425154950767,117.12381250454223,425.06353131408036,554.7184126360459,267.48620236730824
219.57985158525983,165.47866491462872,419.6127052403039,757.4228250112936,334.05941995324713
210.96337962904104,198.11015136700655,503.6659653996175,582.6683576160264,337.1898582850083
200.1956335994167,132.9000978783095,435.71004191123836,583.0743532273397,373.04744389506953
228.12555964264038,126.27562225017431,427.4408207390343,526.4826706740699,356.77117301672087
216.74635136979256,163.84646327607737,523.9633358329987,445.8925654220582,358.8277718217886
213.8298930122626,105.93402122130857,433.8832031237132,620.6247961985903,414.07120938079373
206.41299650342933,118.26034535559673,448.3479341132077,652.2449905501074,370.8928225489263
174.9246555230598,161.14830569687228,478.8292104631701,436.7421388538776,316.2128020912448
173.45876357441674,146.97798593234202,386.0944308657228,569.9714899439459,324.184136928507
220.91729666230444,127.5497668917779,396.4416455666448,465.53726166204103,362.33245780415064
169.52360632389585,145.49660023002218,344.6372343524812,395.9535851402933,396.2358390338338
193.6786976985182,188.2911934903216,491.42419718599575,639.6548613415138,299.3888152310559
228.8766810696472,149.03398605213476,460.4028847847736,483.249919345574,317.767505044803
206.26169977381403,139.974642218609,459.88102063688154,655.0113373116943,315.1114413528438
240.03229783699496,182.49542683349674,431.93963283138083,584.6834202490141,344.4058915275159
182.99808387779174,105.73449007797556,411.7343440456541,545.468046802471,359.5406363746239
200.07802595552624,172.0842999987155,502.3493703980147,541.9976574680355,346.3979050252324
191.36893284399585,130.95068644805008,451.574672846921,609.8816105529107,374.48729352576987
217.44877026596183,148.9833213918363,422.10861712768656,669.2280418881686,373.86642462173864
220.62299286123852,151.19096445487295,412.37329139673295,654.8364796927682,365.03670125249107
199.0600772002153,146.65641431507626,388.66817912092944,673.9849079895046,332.97943827090796
183.65935441851593,137.7094125120791,338.5682331530771,547.8422113207248,322.1430870971522
176.14562371041967,178.28499118626056,406.54072678469777,483.48952885139465,347.22637371635324
260.7452942826694,133.58126694142942,456.53726913558575,602.1436629187144,344.3640902655119
166.64533672844567,169.9003282401816,404.5240830446327,465.85664372957575,284.0187982128104
226.10186197450113,184.26023117734653,410.69809520530634,384.46339391848767,306.42135585919675
204.94576137742737,161.50792393560513,389.55654543405916,346.5203518705007,386.8454139799805
174.22383048168794,147.01160086668898,411.83951145004755,541.7109265373969,365.3747453785687
189.32352096788313,130.9068706176776,426.43924712454117,704.771455467954,317.75251587258873
222.25049924996503,178.94522560618216,514.3177920469132,711.7294167101865,316.82369762789756
237.17766977372366,136.73137902219406,447.44148450718006,716.4743025251212,372.52628468616246
208.31615405354796,153.64690319081424,498.17862616597336,617.3978196771799,345.9202379837302
186.86703390346352,137.52887359395473,394.13917667836654,503.1239530888601,350.06062911918235
232.6304341101658,140.7443374774242,444.2737232674896,415.1837045234593,309.9204393287101
179.60199818864842,151.4746934668616,400.93772855477005,382.1908797499745,328.6601975649208
235.09835739384712,130.7833647911969,444.0851558658959,537.214305518663,403.40956039404915
172.99595108482453,160.2821607908861,403.9043000258472,654.078486854813,355.43273910247945
198.94149337881274,208.4321679865022,461.29793208916743,673.3557182963689,366.77132807726866
219.47569692419327,177.80829180838631,449.3798165834304,586.9855456310245,334.803050849358
227.70967488030578,143.29218920017033,472.766358934678,476.3326232507793,390.4759773876766
267.7584233521029,214.2778897600168,539.9826455380955,874.8070031287144,434.7989301409467
235.6200774510826,172.5627246928858,459.7201435928553,666.2201589318809,315.8420439584356
182.5461960345375,115.63757789340704,394.8330116935875,417.9887808028173,308.65085129457896
180.45465002935,110.18262977556999,454.2616807897671,448.073643087496,346.8788783016878
222.87333206604296,113.10072169273565,398.98756698910006,467.8698527280523,315.38193924903356
194.38640090641346,101.63842697434566,376.60023111918196,407.6089807621919,308.5031967084947
207.5145196637595,126.1154235941799,457.58386739946116,732.9116457872288,321.7794880446712
182.80908805004037,102.82551802576045,416.06843777041973,354.4052033064846,363.39611901381113
233.7250437576022,146.08004473481708,453.0003730490114,518.4141460372956,344.44325485322776
192.31953382460364,128.2967529012224,427.6297542872903,400.0590215070384,315.7257389413868
190.45392828393315,206.56529001443897,451.8747072942345,780.8116209267741,392.24412721710024
224.0447185164243,170.06278884758942,467.9996800427857,763.8168370008166,360.00462639832637
164.22313114651513,113.35307767016907,331.34230455070355,362.3720095653172,355.13550187542995
186.21168857426247,131.77424159714465,396.4320429120787,598.0136909723202,377.3033538193953
200.4464706274386,136.5380925838693,414.42220625869953,470.5870770687876,364.79890280179166
173.17269317290788,145.6068448698055,430.8293732193582,393.1095830852093,313.4159722382412
195.0417361809181,139.9508657601756,439.116456927648,402.06461280504055,367.5851869551609
204.5860722509717,193.99494955161532,507.8761428493561,735.6293627491572,424.5750264259076
217.43575949755385,159.68841339967474,452.1332813201878,693.6758869384846,377.2523764658368
258.27844853072304,194.1404179793684,522.9183318439482,740.840227941816,398.847755915568
207.99722321545303,154.93987820651745,458.6222772676476,542.1838400637554,336.9874737659677
220.6502939771732,146.9421240508253,386.44566127102115,548.2666905463227,320.9150046010537
193.2264965385172,174.21694971902622,416.7870206360793,617.434235916472,348.5888622658793
183.12499840982184,143.95593876622843,417.64358237148855,557.2192028272792,322.31166682271714
240.5795239867836,162.91725153431847,479.23700524944337,650.0894642881346,283.40495362966396
191.36819073346902,150.60093849709895,485.82695422406056,555.1334789728112,335.5716182123381
162.82075230921208,198.21446300439484,401.4317481485257,518.4322194209434,378.44969036507047
189.4629386007381,188.44394794830336,479.30537267815134,480.80407750333114,341.3701633786756
194.6196105453898,144.15385701528692,433.7940177438223,702.4439692940743,397.7032013349846
203.14809904408182,157.79720068652216,414.78281002040075,735.1154673464439,355.0387372484286
225.51060225977176,186.17943007997195,511.2220154484455,855.0686949587736,424.2748059369438
184.48425094482752,142.34929708373096,499.5792567429671,594.8402236396145,349.02508463528335
202.20556227741665,180.1382039524216,470.8638035479181,426.23392316297804,410.73941451341574
233.09017917459857,141.69146310976637,439.0532451542239,655.4081746713548,341.2777466948274
206.86514263643616,135.01983253383895,376.61673199981914,469.92033807694867,333.73253078016734
190.13090338241446,165.2585077466889,407.0481702669425,450.77891043948273,345.64617811164675
207.29371317879279,155.75090715651447,443.0223687104912,493.89477111199784,364.51441916374085
209.71254774706543,156.4723489087686,448.0266919378112,658.5365996212187,302.06178213651856
198.2686264988062,130.05133527667607,418.2783616241368,522.8782701494704,322.4577202333077
223.63512836804824,144.34722765861042,401.8372669865041,614.3506850551026,344.8968176686473
183.74278683100948,146.96742599541486,382.85022229882225,543.4855046223892,356.0811408250703
217.21371086046423,100.80849314915363,426.11253753665096,392.46720719781115,332.0491370380141
201.34244099661268,154.80355438290297,414.55263432368633,420.88270806750086,421.62570572564255
211.6535522797606,181.48353019377805,478.35323116131684,619.055355124345,334.7690331755703
192.2658565497432,132.41261729661468,416.05260350563145,403.50994379748977,335.4938282775219
212.17645195790627,194.37881117149144,388.0992385174179,617.4940636918358,312.3173330772511
206.82925134918813,125.06608231797998,458.5480574934059,484.08366828416365,356.4888117810659
268.4254642535251,223.4426992190183,518.472691725681,685.6237334090215,383.6218997279622
270.09379082936465,177.01275252868453,482.6296111998454,543.6182787334163,311.6669512972902
229.5546277175362,111.9806779356408,422.2268267644238,697.1177132687708,377.4314890086132
176.15032321560716,124.54645818515208,417.6573087544423,521.591357294147,349.1435754421229
249.31140356679873,131.30675982594303,444.026654774781,742.7624022684307,359.41753922036406
149.45711910758632,123.34494883486661,388.012141115266,336.438012105435,329.5515410401215
150.21642276699444,97.54606794706449,350.58083738920106,363.67882976016597,299.4522833916468
211.4484383381335,155.68818073954597,409.2775489398597,517.7027054985803,312.7790081681283
224.30316090627065,134.76907236631692,387.43569043430796,569.3843808107479,332.2737549223642
163.49117379437828,176.61533310977782,414.72782975086477,606.0534847453188,359.20639802798377
224.72376539537595,151.9092132100948,428.58725581491314,582.4319487183691,372.2459049258649
155.79196096275527,101.64016573430524,354.2867588014124,347.4847778707663,276.8283699362613
200.2555547246301,122.87137671329079,407.0075936943158,411.33899418780646,345.59271124920525
246.01516385787156,188.891342367012,457.32142452297035,596.2985448250462,387.6738900480743
162.50002449503222,143.33240464062962,450.315391308713,804.8929630283667,359.6202895909239
197.98303392797996,147.63455726938471,390.24578492514183,475.9110568542741,317.718187479296
210.4774159351534,116.32827067194722,357.1887796848375,363.9857058358631,338.43719136892724
196.84956885392342,173.686614260161,428.51885784841573,693.9578420718494,367.79073565293703
226.84671865429945,216.1074525934186,525.7848991907387,700.5702502233805,280.8308559567697
221.81412929663216,150.32344858413657,425.7186705095987,530.074549519974,329.6438275851554
197.64985967000283,152.03107383116387,389.2861880771629,378.1059005100219,289.935687925726
177.1267579653267,168.82398087253233,432.27912492738193,583.1262006690847,357.43314918415234
205.88150334546572,124.9942354317049,430.29119008402927,454.1827767930672,349.98412828207836
199.02639293096448,102.15002684551985,377.01810024535325,761.7450446319315,341.2370686387513
231.5118419844801,159.2633727118233,434.18488029742207,704.7832110615773,358.6090294841956
190.30908550392226,189.73344326198657,482.2569587927471,689.9548385739533,378.1515811053859
179.26154995537476,130.48561048094373,396.60258848859417,672.6256690822753,368.7579587526873
271.3419388691983,173.22863761155287,485.3081491098661,639.8520580572516,342.9250398090099
217.6420039394921,155.4291892365829,519.8363662352283,503.64881141962024,332.5461062738208
236.41658115773984,119.88009834632427,496.7731023020311,503.7949229515993,336.5667463682795
160.3103036840882,123.34244388309934,338.71405501584576,372.7412491883003,266.2658247114075
176.62614856974187,150.25001526078583,445.3076173536636,576.326314046973,371.97721508287185
157.64072131491216,158.69835408027728,460.4579140820478,853.166676629826,349.5432123641599
208.33139987328067,122.53709786279475,412.3469871305922,330.38473831372147,317.5866799315185
204.14916606380106,147.2450663469769,386.4016920139532,391.37316051227293,330.2847378519057
207.13248351715387,179.77755879652858,456.8366524102274,684.6286399718662,337.8780799392321
199.26887963901547,139.066411612671,428.40820617469126,535.6774076558637,282.00208513606333
228.88525117125695,157.588644304961,371.71926083974205,619.6119669256004,326.3021154376359
196.09344668483286,136.38742286561677,390.959062183418,540.4251508873543,314.05603405845267
203.7528966984161,136.5807775699775,434.0879449219806,733.518421217792,362.19590640318256
220.64743829448287,134.93354409695812,412.5332072908212,474.11836694656483,358.6643482114174
204.0517037021072,119.8914759187105,440.0380655705412,541.9208050622983,343.5672230815836
175.33197569242716,137.76491480972973,346.9603637970353,411.83118713621707,338.53094755473296
240.93195188635104,138.108035676595,435.6951281367711,527.7653391652881,346.0863535343272
211.8592197509149,177.3651877816878,424.13849459706023,575.3562976982602,284.7415719518964
198.09407679218612,172.0189772339387,458.4633052240849,523.0425183913387,352.125207090304
205.1627009350606,184.7106886254519,389.10191034228836,572.181580209628,326.0215227796444
192.1455721116402,176.84378635488892,415.1436723829375,682.0985440982519,391.3529710391019
207.6034660786414,146.59612298220003,400.147099679327,461.8178748212451,308.2029999340281
252.40015513010607,156.29685720272272,461.7272879182926,637.6426572106838,309.29974484576394
230.8223617851456,178.49369831165345,445.10959017020696,597.8950812391898,371.72082673239737
183.6896296272402,136.96849890625475,442.74250686039414,552.7990646018532,311.66300094924355
211.2023829957016,162.029849215488,446.7322198963291,664.3365059584419,388.8775464198043
235.5817723791853,182.47592346875024,489.1477178486023,723.8410213981441,288.12672025642297
267.778152734255,147.94908676407024,405.0159538721345,514.964748180754,315.4858364402268
187.04675325265526,126.84543717525835,410.51561048763097,627.8763542772159,309.75444271882736
182.92241124273121,188.94980214416879,491.4888721290638,529.7702384563984,340.5167520482768
199.8346201442843,146.44109596428893,414.22839651307555,546.5097753674273,319.6478302534848
219.9555122579136,166.85136153114783,466.69986839914566,567.7953025403402,335.9073570004565
179.84733888242178,140.57964876221465,440.37919013989045,406.95277913171003,333.9814667477199
184.03652944539004,161.067918693874,420.0698408591923,553.3590898105618,381.4059448733313
173.8330681771126,102.4693216359337,345.36337556936246,522.3643506027869,347.46655662331807
220.24447411640134,182.7817948070827,435.0506811719232,481.07711178849945,321.70340369936883
190.8976134204073,125.13714290809067,373.60916148026587,523.6093002794629,303.11036839491555
202.35577859453463,185.97017457179822,502.2543972874258,581.4966735061299,358.0811303549871
181.00931950200035,156.5467630402268,425.05702141269876,419.50056044092963,351.3632667401664
184.4434889273632,111.74278921494165,409.0526614898904,499.68267108973544,296.06771914051814
183.3634125481292,173.84434660345474,519.1996108498674,805.1249869569866,323.91794956337947
249.4222466534288,148.3283899441829,423.8594109618656,555.4791818476997,348.0649101790156
226.60005593880118,171.1945310494558,399.6139238702732,352.85181310651575,339.8444060308966
176.35206936729261,154.71007767161373,404.23615949751945,652.9849292612319,371.943161299156
212.42295815823377,135.3612771324347,420.8618287768987,515.7086133057645,367.9647671844232
199.70893707863453,156.91447881935775,394.3645942358714,495.45584275569144,371.41710130744144
209.89676516094005,142.1381539626148,374.8172901406954,501.5281148996526,336.9919520858366
232.94648031707746,173.35931817890213,405.4173792934017,483.52554871499825,276.2588300420746
200.2249840465504,158.3903974703121,439.8163525209642,833.3667603672836,346.82385942120965
219.37542956697993,120.69163923931245,395.0720796066303,520.4047341763775,377.69733720652266
158.06263517694603,151.05870379812785,432.9033163087027,593.4067943507624,302.5213116709729
201.00945426498095,149.41806567296246,461.0393692337454,557.5605223910205,324.0760379474552
230.7092928848365,173.61674544349955,437.5418341339853,568.8856009850977,365.7036798747611
185.80528074244077,179.82781602203485,457.6346328605002,458.8192738251577,286.1548275249964
196.3800901085192,217.84452292868315,530.3873473735837,797.4982754798787,394.8569783321999
237.5065754314365,136.29303728912868,412.07702644056087,518.0930388997283,332.80250532290887
194.23895675263992,144.31517954420633,419.8642018777617,795.4392915046897,288.04360484104615
164.37337726460262,158.1605541325204,480.43846424504585,510.337198891124,306.0375999432899
173.5060372763794,124.88203397740124,394.6316939973492,434.78889680696926,315.014160575199
162.94918570586964,189.6389957886696,431.11566683016184,641.7322254729823,401.1906170838959
206.68345575353268,116.58828178178616,364.953923326512,522.5534301330914,421.0644077085828
203.41901338704258,160.6565943209116,389.09792513100433,491.51414691060705,398.2694567409717
230.72113755298895,144.39045007550658,444.0867668296816,519.5904267079379,389.05329605491914
205.6320921394851,135.7769896179973,353.0734670304355,630.4097654858255,367.67764952663987
162.81119108917002,109.47177761288405,338.46368812232896,418.16964133579233,338.965988598263
157.01723823276575,126.09090345384453,343.0795956963369,433.79378400950117,346.57283980130563
234.7208063234251,137.75738077511096,427.36703015185543,502.5321133535654,313.511344902514
174.9937218764518,157.65572922834966,416.0530154983358,482.8739795296912,333.1752506812035
221.18521590379692,100.32943675849756,439.4099720015449,453.623971602662,337.16243293481574
216.5284927196912,145.89968123973037,376.28288034753035,400.5128086765937,344.7329567047559
216.46362398540995,125.4110077495678,418.0192686412986,615.2505847407764,320.428394610484
215.21431388028853,150.9138320996896,386.0679281061395,533.2311846637829,320.2232548559217
227.85833046152362,162.69737559757186,435.41655956966247,703.0713874405506,366.4473356699371
194.66021430149382,132.59123292868682,457.8251554563352,525.2163752309508,344.77793109269135
166.5953821653206,133.62245209973563,344.59493514987656,335.734795433393,333.87905545407614
164.5675479300004,122.75299145486551,361.7584583759639,374.536428663149,265.52707616786967
177.7623185039513,188.7487269095631,425.57228124512596,474.5364168677119,317.4257245120869
196.24299778563673,134.25706783363475,411.6001999334738,528.9624142765477,371.25264205971763
163.70973538192285,127.728411130871,370.58035109186915,425.19247414280704,299.97143502090887
199.68686579069197,141.86369258940576,413.46733218068124,602.7572050066584,354.36660741748085
253.02665460393322,211.22884039146257,517.7593131151484,872.6243010983212,275.979768341471
189.36680943919694,183.30176562139863,489.5204630418622,440.8091030616624,327.39201881954307
183.33745122711338,167.83134783711566,376.6638293102526,387.2090465518466,333.75172164047007
197.0936186956867,149.7026516490037,452.9675700871414,707.0871335866992,381.79412979838185
224.53798247153816,141.11800517405086,492.827564816306,561.1734691554866,397.79279433392037
218.58212106401447,114.20353128910881,341.19290039905263,340.875749571289,400.200902578197
177.3738082190647,184.24048653890358,421.23515896172427,554.4297185641293,321.17393511662186
178.35966888379718,126.73637380634203,373.0884326468517,379.79489597723955,364.18881245051006
181.19149488640306,184.01036490774868,488.2335270991145,647.5606196667342,379.78879577648723
161.65685307673033,162.8078225520745,379.43120407884385,366.3701353307732,324.55596747825814
181.46061589197032,120.80824110436717,337.30100710595093,539.9712076623047,310.06644388449183
232.99096784115332,123.60179952612562,406.13879946522565,666.9956094408951,353.92690175531305
189.19082545759923,123.53262696684149,421.10448086415494,855.2859299733537,348.49199806121646
188.58264840895762,160.9031591795126,464.77933016287676,579.6551892156087,421.26534824590703
188.85444264527897,152.6010865396115,381.77952039863976,385.49205866421977,284.5120887822383
218.67288968160392,140.7467387648706,455.48000888964276,489.9159759454492,362.54219827983167
184.49265479165254,162.76353793510359,362.41905773993494,642.7772977401909,347.39650552354
204.49781170172463,135.1755835811095,495.3234414641676,437.9404441967918,423.3940139908614
197.06885020066844,167.49197616789132,431.86170875344794,448.04109559675396,370.03863437207957
191.27757056985783,132.8356078084503,405.6653990170892,867.6878643880818,364.96321734296794
210.00490687462585,142.55675918484926,377.50607079176933,475.5922959728598,396.4271783623994
215.54955575890457,159.30316150398403,436.4632889100427,559.8078939404849,335.03280943737656
198.95740788231535,139.23004948629887,486.4979253136455,419.8699868098063,441.6559492437261
239.811537413469,169.75628593496037,460.33909761705996,561.7681275846923,357.27684311343
245.83273070934507,113.92525957047928,420.93039900581647,503.50296579141843,403.0705590578146
266.12040149797656,198.51608841964662,516.5004437055646,845.2366886843895,385.50532666050606
214.23230059073776,121.84203721566634,363.117539191339,704.0049454733987,354.91647113213554
210.87748323088175,141.83860677320013,479.7314033429628,575.5315603261294,347.55750339188324
263.59144419832376,149.15398155515177,452.58839808484464,380.7643895321581,414.8961785210371
183.6876545055732,157.36131485336006,396.9862578359687,600.3209481707354,310.742382035515
170.63323576222382,137.97475916882135,389.47006170090293,524.3721997864283,291.19780026760833
182.4900459115663,205.16279990404763,492.89605951862393,802.3824722741066,359.20209268487656
163.3118861462825,115.44219464054328,345.1878943845771,358.2974985669358,279.1160821650108
149.09274952729183,97.60031520335936,345.251609732536,446.66984987611283,342.62974687241245
218.84913737233833,156.19433590199262,410.7910291278317,411.5183055054479,345.5081589987357
228.60767426408572,142.2768422411861,467.0862840345016,726.0194577235799,305.50124329253543
173.66173917990497,208.90469681710553,462.5790146878563,616.1626164877057,265.0531581140532
202.28529916550872,143.3205645804651,394.40652399047224,552.9602360968668,355.1931255108901
214.39596634073297,199.828444479484,418.73297220922063,621.9979629537132,426.7271632164521
226.43284312635737,150.2030022190327,430.54350422971976,466.9385181237067,355.35351007518545
170.2739878340366,153.31042801168033,408.63310474505255,499.7610053294064,354.15781278353535
165.08507197393538,147.9748377193374,397.4733848146629,454.82312394909854,337.742110304715
199.74278128361075,118.44508248560733,413.0094580284015,496.7476678357636,350.807761979004
261.739690473838,125.24609877941954,344.6326756435637,519.7713399948434,344.0669812115484
221.39792988179718,114.65221385391013,392.36493669856776,718.1352390399455,424.20555660689485
258.0978405068674,147.1071015930325,483.56484172014007,668.4559503364219,298.7618204539963
174.60348125902414,135.49208763937477,358.0807080664591,409.8093858731922,268.6120313104006
210.01607836272885,122.0594322453594,362.76397102946356,419.62672378089684,308.70321867516805
218.21506033729878,190.13653287135878,437.8530815913713,688.6421199075311,369.24151915208273
173.49615775277277,122.75204416991447,425.93524596336033,566.5061265578937,297.90075160870856
205.2134849849034,100.38493338074143,392.9514371172018,419.51032290783724,385.0951578239188
230.79003601788207,163.4290275849357,451.07895553254787,619.9607763509255,427.84460138518887
244.5812527883379,100.13716881907786,402.7244506828233,562.5465735713497,360.8630631744457
222.56539900706377,112.92267073090574,466.3694510553005,653.7057971084987,276.62453100509185
243.44866506262773,156.12941086061838,407.96855362580925,415.9355300243219,336.5793034877204
193.44365961332102,202.90882970125867,501.3683954527761,677.5616747236686,325.16976328332004
190.374490435934,177.90090064018307,399.94998579164405,669.1853956770622,322.7636003092017
185.87607674340438,124.22585134085254,449.48738265935435,536.9327980839769,295.1165684726126
241.1386992051367,146.12139056994633,444.0867081756626,658.2333927995979,318.60317725034747
214.50806970432555,212.60919471052955,476.9813033973199,663.8861674288372,362.22143133203457
215.06410059041085,187.03984878107448,444.37552922019444,819.6278600637725,381.93423714977035
188.66396394529477,165.87336880258636,477.07323148091086,709.8452930404018,338.33207037464854
217.03812640386204,144.54257787872007,493.29237328473863,598.2706862693738,343.1923023851403
218.59230400047974,190.8027058993042,482.88385498805076,853.6977138808052,369.31543554479157
183.6430038998599,218.5795674038638,388.9201373195402,678.2356059277428,286.34675939330145
167.3902347115138,120.57985724817993,335.83889713430955,680.956524328512,322.86513599636044
226.1646864786734,170.39877876376966,432.43480561101615,555.0538754560158,328.0205872698229
152.56426801118494,94.3668402249143,327.3820767328172,329.81537023918355,287.4017312046964
204.50477538755672,146.51126470065955,425.870153426833,636.5560900614374,316.0197645686276
248.20957767482025,195.3321059200226,459.82714816381775,793.7008617108764,304.09268544764376
200.4471586096278,118.56671592406275,434.14508951708984,694.777382584667,404.4611543840065
158.44682156824436,126.25850128684819,355.9650371643424,459.8927132901851,270.4335717740258
154.62459724112293,144.89117017570518,423.3839077711679,546.5509242193888,309.4523120002699
203.4303730194348,133.92333375463085,404.7400381225168,667.7440281598131,367.2518457084841
196.1671643797524,144.1362013530574,417.85048502263595,575.003507751006,359.2153960030203
221.68403560671175,171.212857831669,392.40469219458197,760.0741555198666,326.75484753043463
171.23393982369103,132.31595317660611,467.547780663904,420.3401600454637,288.2838023689318
189.7156962671509,150.21247302803317,387.7085931585331,410.1944196249804,351.1325049311161
220.51282536091844,186.72172409312182,469.04964387515986,825.0495814514577,381.2060340472339
149.16957654826388,107.74181268508481,358.94547458475915,364.34011916687183,305.62720822922057
183.36957710063643,130.59703060991856,447.39705640664425,512.440294479232,304.2504070826209
208.90766532239374,185.30973380360277,475.86727245547814,663.6053787519161,393.52402258880335
171.2612596450255,124.60749794278024,400.46782487804387,425.8472094680754,357.25019668278475
188.0143607994196,210.61611902180314,512.7824768169847,682.1078939184989,339.98944575032226
241.72374651272347,221.9850421906419,517.4451773959125,800.8054643240611,351.1988440633505
186.45298718999257,129.94544581496115,468.2527539559074,668.0425639884514,322.4413547061979
250.45546733391922,167.5492840581652,391.9070653401696,434.5790082129353,370.81044976986186
207.05139641032537,141.0867040787954,442.2810039247067,571.895514735286,389.7079533444457
238.9170453927717,106.2078442474287,458.1205440334603,526.7138140976612,425.5252473707511
184.79345951797134,175.9865272858877,392.2394368002633,546.9305336108899,292.7667043783941
207.45535084703303,162.81338440220637,493.94187827101644,552.775530190661,388.6261512239749
198.2680634082134,102.5851235724949,355.1157604456373,339.45950284913044,340.4837411917082
209.45725267871504,131.27503748425443,421.8035732932663,522.3058746003712,419.5462940639916
223.76515401237344,161.4528549979615,444.98857190887173,496.5345646221233,387.7843917310322
257.6681725710569,215.87794940939727,394.1579310026042,701.8884532752788,398.40503841369986
177.47127359128598,156.05652111470152,433.8227242010457,559.7289735672953,334.858498400438
176.30293291359442,166.25101715512594,424.3701082203575,497.9576945409845,329.61138233114605
198.48048361262332,142.8911742273352,401.3371451408976,593.0182523404172,344.8264462794015
211.6599621326245,147.49948341207642,507.6466641035096,733.990828195641,367.2366740270741
181.93762432343453,143.7265396955987,449.58674283159377,665.6198670187636,369.86380017001585
171.36338328611558,135.3258240482183,392.8016518035411,594.1374369879086,295.57016381127147
205.5716100336628,163.6314292743343,497.5096317250486,680.1108539545776,383.2677181537728
202.864883998987,161.03539492593038,437.949426375468,597.0026800452237,376.1428744317896
245.03113097074393,127.6069085311342,462.55681405746316,562.8004670196208,388.02624922542714
196.60459751923372,109.18194699095542,390.1751409236293,566.5342720385515,276.3030484266072
203.92614649202048,117.90545212408283,379.4980209510618,570.0589977459991,364.49902241967396
164.44802198162822,136.0161551763086,422.7085931420535,443.8054124674266,374.52970938898153
184.49010888143548,182.76304250932318,468.71853702178004,763.5814511971531,362.2960963010793
246.3597285435699,94.77137727015625,395.8873461098898,340.52907215573316,304.2952679987555
222.136499131921,188.99991723150237,435.0297466745262,839.9415882834442,354.99848534820694
258.8009301554481,165.9623500481411,375.84498199029144,474.2200570216823,415.81532744712297
179.76668941252672,142.1494801133294,365.29783419183156,544.4540021731435,351.4433303103186
219.25779652920698,127.31093942902797,453.1388159823945,528.0414321322564,302.11960653336683
166.61456017266715,155.27865757008433,473.6102459643307,805.3180280932603,345.1241465660454
240.20254110169273,160.3810530851729,499.3121527673942,440.4065402345796,388.35607092835255
198.96831235874322,150.9980642280376,382.9185787487184,380.4996888697274,292.45663767103315
241.83032330361155,165.27910910468285,467.5360931374883,430.65253895020476,378.22041854879643
222.52495755462039,124.24482506541935,487.5764349947803,705.1396109104079,418.6430609267286
195.86819850508363,154.2231540949362,407.2262447159257,605.4683749125448,326.87657728406526
220.13277191164846,114.40554535943294,369.3412429511478,373.053986255704,311.35744889852947
183.16070797029263,155.1622862472454,404.9127531406195,443.7233166918815,295.6635194700144
234.29713109012684,113.77267071697837,434.42291483086797,623.6145242517765,314.71496499336365
204.12947315701615,156.21934282898246,508.2260993696428,489.87155821584247,292.1115031324525
157.36799100568157,188.53504199105146,374.2942322650369,707.8737313882382,363.1803338293844
185.25346978823774,115.78261025803724,427.03171030109223,484.1082748228111,407.19236682785726
216.77977841980834,210.3350177213883,516.4746416106419,795.4534573799447,366.8424848350852
230.77398413398691,155.9175039619801,479.97849035067645,721.2974721166788,420.089354830949
197.6676608305736,145.87287057414946,450.8918337114437,809.7438060461121,322.0440688589134
266.0141699153466,224.25198638912434,491.1563224445583,805.1580692281351,411.0546423384718
217.99576303099786,174.97163334233096,509.4766395465051,628.316222396748,413.35399570239275
